ticker,signal_date,fold_id,business_state,business_month_end,common_return_63d,residual_return_63d,systematic_fraction,group,FORWARD_TOTAL_RETURN,FORWARD_TROUGH_RETURN,outcome_end,confirmation_date,confirmation_wait_sessions,confirmed,immediate_entry_date,immediate_entry_price,fixed_wait_entry_date,fixed_wait_entry_price,confirmed_entry_date,confirmed_entry_price,strategy_terminal_base,uplift_vs_immediate_base,uplift_vs_fixed_wait_base,strategy_terminal_stress,uplift_vs_immediate_stress,uplift_vs_fixed_wait_stress,confirmed_entry_trough,immediate_entry_trough,entry_drawdown_improvement
AAPL,2018-11-30,F01,PASS,2018-10-31,-0.118215915671789,-0.1209858634111553,0.4942100185249755,EXCLUDED_UNKNOWN_OR_MIDDLE,0.0305121656944022,-0.2037742611072986,2019-06-05,2019-02-04,42.0,True,2018-12-03,43.76627212819843,2019-01-04,34.2922066637957,2019-02-05,41.01397314387749,0.05315076235715574,0.0033424548662263423,-0.01041831505058291,0.053070916444751405,0.0033374336521058215,-0.010402664101583546,-0.015638927533975,-0.22915546059808478,0.21351653306410978
AAPL,2020-02-28,F02,PASS,2020-01-31,0.0234666189629963,0.0126465263069022,,EXCLUDED_UNKNOWN_OR_MIDDLE,0.8374948696994442,-0.1792141696754248,2020-08-27,2020-04-24,39.0,True,2020-03-02,68.14338895177796,2020-03-31,61.7027392006283,2020-04-27,68.02751680004795,0.08898937502218562,0.00015131901309203832,-0.009121766926693309,0.08885569043276823,0.0001510916935931611,-0.009108063721495474,-0.011426753858041816,-0.2051508974945575,0.1937241436365157
AAPL,2020-09-30,F02,PASS,2020-08-31,0.1200297603008959,0.1225609873965768,,EXCLUDED_UNKNOWN_OR_MIDDLE,0.0655066567935138,-0.0607891491087306,2021-04-01,2020-10-16,12.0,True,2020-10-01,114.10770982136417,2020-10-30,107.72527836112087,2020-10-19,116.3580262606219,0.05135513400949865,-0.0010127738299434488,-0.004115430769767198,0.05127798558584892,-0.0010112523870341728,-0.004109248349982872,-0.0932809769075219,-0.07539958461030571,-0.017881392297216192
AAPL,2021-05-28,F02,PASS,2021-04-30,-0.0070485364680572,-0.016453569644303,0.2999108434945859,HEALTHY_FIRM_SPECIFIC,0.262130924566867,-0.0085868477220587,2021-11-26,2021-06-22,16.0,True,2021-06-01,121.9219705515792,2021-06-30,132.73195198602727,2021-06-23,130.39255013793897,0.058697114448838385,-0.004078006426398877,0.0010345371703229245,0.05860893651025726,-0.004071880227460863,0.0010329830333620019,-0.004933664057175324,-0.012312057004886912,0.007378392947711587
AAPL,2022-04-29,F03,PASS,2022-03-31,-0.104418429432692,0.0283312389017923,1.0,HEALTHY_SYSTEMATIC,-0.0092897957321982,-0.1737957019416341,2022-10-28,2022-07-05,44.0,True,2022-05-02,153.4007100602187,2022-06-01,146.9500774683954,2022-07-06,138.568341296973,0.05508397157593919,0.005326088640904891,0.003141878690897257,0.055001221493451546,0.005318087506241534,0.003137158793014086,-0.020926695591732103,-0.16884000048012415,0.14791330488839205
AAPL,2024-04-30,F04,PASS,2024-03-31,-0.0204769661893776,-0.07716468087001,0.209715493399278,HEALTHY_FIRM_SPECIFIC,0.3753170387894906,-0.0060472001366875,2024-10-29,2024-05-15,11.0,True,2024-05-01,167.89590092981888,2024-05-31,189.79591187539916,2024-05-16,188.83425023580023,0.06131924390353397,-0.00764714171650651,0.000310693544705809,0.061227126862116545,-0.007635653772015007,0.00031022680427810617,-0.01884825094682674,-0.0016511304223844059,-0.017197120524442333
AAPL,2025-03-31,F04,PASS,2025-02-28,-0.0756482576710552,-0.076895184162904,0.4959128806953036,EXCLUDED_UNKNOWN_OR_MIDDLE,0.149116587247208,-0.2237878910000843,2025-09-30,,,False,2025-04-01,218.65466734224302,2025-05-01,207.98108658091093,,,0.05,-0.007975162954746838,-0.010950445919758883,0.05,-0.007888069570237959,-0.010858882906359148,,-0.21559523295451577,
ABBV,2018-03-29,F01,PASS,2018-02-28,-0.0270117786686661,-0.001540298526826,0.946053013366425,HEALTHY_SYSTEMATIC,0.0151771022352984,-0.0514527875271951,2018-09-27,2018-04-26,19.0,True,2018-04-02,65.6948367270856,2018-05-01,72.09491324096089,2018-04-27,68.80439759535847,0.04872678847512238,-0.0023064052249387665,0.0022239607848817677,0.04865358849243566,-0.0023029404198937967,0.0022206198322755333,-0.07822218758472987,-0.04489347342984773,-0.033328714154882144
ABBV,2019-01-31,F01,PASS,2018-12-31,0.0550894666017318,-0.0561377033308604,0.0,HEALTHY_FIRM_SPECIFIC,-0.1569421639155171,-0.1708666071520495,2019-08-01,2019-04-02,42.0,True,2019-02-01,58.566907704130436,2019-03-05,57.931970346596515,2019-04-03,61.02635127770198,0.04041352123730674,-0.0016971149577269112,-0.002158649683885551,0.04035280988842746,-0.0016945654610452943,-0.002155406845101543,-0.20388527688772728,-0.1704534411234826,-0.03343183576424469
ABBV,2020-02-28,F02,PASS,2020-01-31,-0.0560918157629887,0.0463317562968562,1.0,HEALTHY_SYSTEMATIC,0.1302586537488936,-0.2474625701390589,2020-08-27,2020-04-23,38.0,True,2020-03-02,66.39170354903872,2020-03-31,58.20853864816042,2020-04-24,64.92948431876098,0.057504384888867985,0.0012664838061835354,-0.006639641805740476,0.05741799873229984,0.0012645812266048953,-0.006629667381395345,-0.012187666005108455,-0.24999994550191118,0.23781227949680273
ABBV,2020-09-30,F02,PASS,2020-08-31,0.041268792824327,-0.1530037549638704,0.0,HEALTHY_FIRM_SPECIFIC,0.270514250984837,-0.0685453442339695,2021-04-01,2020-11-11,30.0,True,2020-10-01,69.92525515152342,2020-10-30,66.88224665401334,2020-11-12,78.37762935776406,0.05621771344164828,-0.006795443935075356,-0.009662416606376949,0.05613326019161076,-0.006785235456454805,-0.009647901208370377,0.001025625333333391,-0.07467276537223555,0.07569839070556894
ABBV,2022-04-29,F03,PASS,2022-03-31,0.0182578991088785,0.0531473012521456,,EXCLUDED_UNKNOWN_OR_MIDDLE,0.0246920460399588,-0.0777138760389347,2022-10-28,2022-05-16,11.0,True,2022-05-02,125.8853975944698,2022-06-01,126.86396788472221,2022-05-17,133.37929206795414,0.048359186529935955,-0.0028787980782832776,-0.002483571834724703,0.04828653877851392,-0.002874473394139633,-0.0024798408805413383,-0.1281671622551771,-0.07626739143644379,-0.051899770818733315
ABBV,2023-01-31,F03,PASS,2022-12-31,-0.012421768516293,0.0228309767296588,1.0,HEALTHY_SYSTEMATIC,0.0316444601339398,-0.0948969738492493,2023-08-02,2023-02-23,16.0,True,2023-02-01,129.55832073122872,2023-03-03,136.3618035356146,2023-02-24,133.68456390352745,0.05029639327961022,-0.0016018666202981952,0.0009874869204413647,0.050220835352800586,-0.0015994602107534325,0.000986003464877358,-0.116133372845732,-0.08798351249763536,-0.028149860348096634
AMZN,2018-10-31,F01,PASS,2018-09-30,-0.0816270827133825,-0.0562931290918053,0.5918427882686308,EXCLUDED_UNKNOWN_OR_MIDDLE,0.2206118793345024,-0.1589789775656745,2019-05-06,2018-12-06,24.0,True,2018-11-01,81.17649841,2018-12-03,88.47299957,2018-12-07,85.25350189,0.057112730231972185,-0.0028684262621429812,0.00207830980495715,0.05702693243993617,-0.0028641171590951947,0.00207518765702782,-0.2117860667271647,-0.17219885846022165,-0.039587208266943064
AMZN,2020-03-31,F02,PASS,2020-02-29,-0.1748658046333271,0.2290484594874313,1.0,HEALTHY_SYSTEMATIC,0.6129906161215002,-0.0221211432274657,2020-09-29,2020-04-20,13.0,True,2020-04-01,96.64849854,2020-05-01,116.8399963,2020-04-21,120.8304977,0.06497040907870481,-0.016255962601590318,-0.002218970528905642,0.06487280706206179,-0.01623154202682578,-0.0022156370729283226,-0.054030197874455954,-0.013647395147624586,-0.04038280272683137
AMZN,2020-09-30,F02,PASS,2020-08-31,0.0985627318265633,-0.0089023666646169,0.0,HEALTHY_FIRM_SPECIFIC,0.0038968741535019,-0.0624949719011429,2021-04-01,2020-10-27,19.0,True,2020-10-01,160.3999939,2020-10-30,157.8874969,2020-10-28,162.4649963,0.04856828599680029,-0.0006252720134753004,-0.001408099465597272,0.04849532412499739,-0.0006243326964795945,-0.0014059841434156048,-0.09151197450893611,-0.07981602672617061,-0.011695947782765503
AMZN,2024-08-30,F04,PASS,2024-07-31,0.091508031680503,-0.0799003192999061,0.0,HEALTHY_FIRM_SPECIFIC,0.1672829165266107,-0.0398319361344537,2025-03-05,2024-09-20,14.0,True,2024-09-03,177.5500031,2024-10-02,184.4400024,2024-09-23,191.6399994,0.05428080287269611,-0.004307610804188816,-0.0021189634176723635,0.05419925935310769,-0.004301139681298201,-0.0021157801977159246,-0.056564372437584165,-0.03469447250040636,-0.021869899937177806
AMZN,2025-03-31,F04,PASS,2025-02-28,-0.1554748674255374,-0.021303874901303,0.8794884802273623,HEALTHY_SYSTEMATIC,0.1540524211462646,-0.120571785257778,2025-09-30,2025-05-12,29.0,True,2025-04-01,187.8600006,2025-05-01,190.6300049,2025-05-13,211.0800018,0.05193307049920871,-0.006419067153517886,-0.005571164577545994,0.05185505386851385,-0.006409424088189612,-0.005562795276728455,-0.0478017633786092,-0.10933670411156182,0.061534940732952625
APD,2020-02-28,F02,PASS,2020-01-31,-0.1115989167699823,0.0513644647551768,1.0,HEALTHY_SYSTEMATIC,0.3493279092228516,-0.1952553856400594,2020-08-27,2020-04-07,27.0,True,2020-03-02,188.7680775393694,2020-03-31,174.196716209329,2020-04-08,174.8584872262376,0.07223711898283353,0.005322874203889744,-0.0002744278579303039,0.07212860052667504,0.005314877898125264,-0.0002740155977531411,0.019265559980533142,-0.20064244724572255,0.2199080072262557
APD,2022-03-31,F03,PASS,2022-02-28,-0.0215837319973224,-0.1626132666133305,0.1171774358981011,HEALTHY_FIRM_SPECIFIC,-0.0558989246143282,-0.1058022850331124,2022-09-30,2022-05-26,39.0,True,2022-04-01,225.201361395259,2022-05-03,211.15430188202473,2022-05-27,220.61771013394699,0.047893148216262234,0.0009747964571332063,-0.002146451244424752,0.04782120057247216,0.0009733320658606021,-0.0021432267307876576,-0.09140493037346631,-0.10989808206274909,0.018493151689282783
APD,2024-12-31,F04,PASS,2024-11-30,-0.1798553834308665,0.1750745726202432,1.0,HEALTHY_SYSTEMATIC,0.0151665851149345,-0.1323129321264338,2025-07-07,2025-01-22,13.0,True,2025-01-02,275.6667412381593,2025-02-04,324.4779249376616,2025-01-23,307.3930522910425,0.0457224552796181,-0.005262168485713231,0.0024074436672173877,0.04565376856662919,-0.0052542633753190696,0.0024038270768309833,-0.21722439818783212,-0.12713524881799532,-0.09008914936983681
AVGO,2018-01-31,F01,PASS,2017-12-31,0.0948029625553735,-0.1400469547417996,0.0,HEALTHY_FIRM_SPECIFIC,-0.101210974729843,-0.1606604606664468,2018-08-01,2018-02-26,17.0,True,2018-02-01,19.059262696623637,2018-03-05,19.704244177248793,2018-02-27,19.876924434562508,0.04414935632011498,-0.0018940522512438315,-0.00038690761954700975,0.044083032800355165,-0.001891206904847377,-0.0003863263862677671,-0.17417842664544536,-0.1387498419386447,-0.03542858470680066
AVGO,2019-05-31,F01,PASS,2019-04-30,0.0074005205691821,-0.0790635091800511,0.0,HEALTHY_FIRM_SPECIFIC,0.2893471341997191,0.006119720494359,2019-11-27,2019-06-24,16.0,True,2019-06-03,21.03326721760604,2019-07-02,25.13045166754382,2019-06-25,23.472353209807107,0.05747386845345561,-0.0066648564872075,0.003792105844476916,0.0573875281403057,-0.006654844184021909,0.0037864091406544648,-0.045565388789405414,0.0024946201582054517,-0.048060008947610866
BA,2018-03-29,F01,PASS,2018-02-28,-0.0168921692709643,0.1253892459306366,1.0,HEALTHY_SYSTEMATIC,0.131655139468434,-0.0165916174103716,2018-09-27,2018-04-18,13.0,True,2018-04-02,311.4431191711167,2018-05-01,318.4342931413744,2018-04-19,325.7990050862538,0.05445347712259951,-0.002510018225270416,-0.001259393796593955,0.05437167420253551,-0.0025062475419074665,-0.001257501868006189,-0.04703260214744087,-0.00848711468775265,-0.03854548745968822
BA,2018-11-30,F01,PASS,2018-10-31,-0.0722171329655469,0.0883391948722482,1.0,HEALTHY_SYSTEMATIC,0.0165985373082815,-0.1516898827040047,2019-06-05,2019-01-09,25.0,True,2018-12-03,353.99889058598103,2019-01-04,307.7266270451202,2019-01-10,336.70267794881636,0.05079029748099341,0.0024815890910899405,-0.004782498867110865,0.050713997584927825,0.002477861115489907,-0.004775314342022566,-0.015864423714587628,-0.19255580115843585,0.17669137744384822
BA,2024-04-30,F04,PASS,2024-03-31,0.079034171763087,-0.2565380112250871,0.0,HEALTHY_FIRM_SPECIFIC,-0.0885367071471986,-0.1264299432065704,2024-10-29,2024-05-14,10.0,True,2024-05-01,167.5,2024-05-31,173.1199951,2024-05-15,180.1399994,0.04239772571755932,-0.003199446135112319,-0.0017192249611349825,0.04233403359079283,-0.0031946397563414955,-0.0017166422496260186,-0.18607751977154707,-0.12465674567164176,-0.06142077409990532
CAT,2018-10-31,F01,PASS,2018-09-30,-0.1112193670165483,-0.0113221150483437,0.9076058583790584,HEALTHY_SYSTEMATIC,0.1413954990382366,-0.0360206237221293,2019-05-06,2018-11-28,19.0,True,2018-11-01,104.59006275215127,2018-12-03,121.04770633911954,2018-11-29,111.59457403188419,0.052854138542029735,-0.0035396996603350717,0.0041276053857889974,0.05277473823375428,-0.0035343821345559037,0.004121404676646595,-0.10588678844285104,-0.04600704546429102,-0.059879742978560024
CAT,2021-06-30,F02,PASS,2021-05-31,0.0148698485702776,-0.0737400951852032,0.0,HEALTHY_FIRM_SPECIFIC,-0.0369272044817461,-0.1271702313177989,2021-12-29,2021-08-11,29.0,True,2021-07-01,200.0269095010183,2021-08-02,190.85998254346885,2021-08-12,203.9265156803598,0.04683272670653885,-0.0009130231073199713,-0.0032062319573071194,0.046762372084546054,-0.0009116515152709226,-0.00320141538451197,-0.14983777307436563,-0.13326351373179923,-0.0165742593425664
CAT,2022-04-29,F03,PASS,2022-03-31,-0.0206946598448815,0.0710538692203578,1.0,HEALTHY_SYSTEMATIC,0.0560729311901877,-0.2230862611737786,2022-10-28,2022-06-06,25.0,True,2022-05-02,195.63307245663495,2022-06-01,203.51424572592921,2022-06-07,206.812077451547,0.05000271363368652,-0.002857290837642211,-0.0008102653197566423,0.04992759688811763,-0.002852998462823525,-0.0008090480959412893,-0.26319190118043,-0.2210886856373554,-0.04210321554307461
CAT,2023-03-31,F03,PASS,2023-02-28,0.0093909601443906,-0.0530821194092016,0.0,HEALTHY_FIRM_SPECIFIC,0.1997370945600149,-0.0960196614267919,2023-10-02,2023-06-14,51.0,True,2023-04-03,218.24610511351176,2023-05-03,205.7217102,2023-06-15,232.77730548148403,0.05587213128406551,-0.003720062423346056,-0.007348051744592299,0.055788197185992316,-0.003714473946996512,-0.007337013109022045,-0.03918026829385002,-0.1006179881289998,0.061437719835149784
CAT,2024-05-31,F04,PASS,2024-04-30,0.028540287809912,-0.0195107846574279,0.0,HEALTHY_FIRM_SPECIFIC,0.2088766356001457,-0.0603504046774441,2024-11-29,2024-07-15,29.0,True,2024-06-03,331.2157931180783,2024-07-03,318.9629191014389,2024-07-16,337.00692582536306,0.05890711162729148,-0.0010299596454172305,-0.0033324259800612197,0.058818618219739216,-0.0010284123850585677,-0.003327419831868836,-0.08286429294285247,-0.06682866088510242,-0.01603563205775005
COP,2018-02-28,F01,PASS,2018-01-31,-0.0100423114317811,0.115037575936073,1.0,HEALTHY_SYSTEMATIC,0.3375892473084771,-0.0136253291957111,2018-08-28,2018-03-22,16.0,True,2018-03-01,41.64219924364971,2018-04-02,45.286853748121594,2018-03-23,43.582958558424274,0.06358301121867872,-0.0029633238283610502,0.002392278950631925,0.06348749342516043,-0.002958872165123652,0.002388685141492264,0.012272102887616931,-0.017064068098134322,0.029336170985751253
COP,2018-10-31,F01,PASS,2018-09-30,-0.1361584500190888,0.1168870541747743,1.0,HEALTHY_SYSTEMATIC,-0.1107159764954838,-0.1844064929446051,2019-05-06,2019-01-09,46.0,True,2018-11-01,54.30830511515349,2018-12-03,52.68370442137739,2019-01-10,50.95852642361774,0.04711379652244082,0.002906015780341248,0.001542786067231433,0.047043019662367055,0.002901650208312692,0.0015404684116472125,-0.06530619323551234,-0.1878917737078536,0.12258558047234125
COP,2020-01-31,F02,PASS,2019-12-31,-0.0854894333114421,0.1622284339765997,1.0,HEALTHY_SYSTEMATIC,-0.3535391149647807,-0.6158430650592011,2020-07-31,2020-04-07,46.0,True,2020-02-03,46.98808847200517,2020-03-04,38.829870945281,2020-04-08,27.12117257029506,0.05593529346862771,0.02364986121835485,0.0168666406505293,0.055851264484949245,0.02361433313440138,0.01684130268260161,-0.08751829273395006,-0.6157136513276544,0.5281953585937044
COP,2022-04-29,F03,PASS,2022-03-31,0.1535812759067498,-0.0773495724483126,0.0,HEALTHY_FIRM_SPECIFIC,0.3732264805335952,-0.1351284652204677,2022-10-28,2022-05-13,10.0,True,2022-05-02,80.82133614708574,2022-06-01,98.48552741964534,2022-05-16,88.77131025418097,0.06324620966037921,-0.006221200405012867,0.006238352290235685,0.06315119782814028,-0.0062118545856763435,0.006228980704421606,-0.20214152255723672,-0.12366033752395622,-0.0784811850332805
COP,2022-12-30,F03,PASS,2022-11-30,0.2320665071430443,-0.0796482623467197,0.0,HEALTHY_FIRM_SPECIFIC,-0.0990919496821319,-0.1965231804225653,2023-07-05,2023-01-19,12.0,True,2023-01-03,104.1145830853439,2023-02-02,101.3723696025878,2023-01-20,107.33019743982119,0.04416931423916654,-0.0013641843119945804,-0.002595906270685601,0.04410296073755538,-0.0013621349615008452,-0.002592006561716112,-0.2109664551070718,-0.18659688537021735,-0.024369569736854446
COST,2018-12-31,F01,PASS,2018-11-30,-0.1097272212923382,-0.0302759890201262,0.7837478944050271,HEALTHY_SYSTEMATIC,0.3102248770449105,-0.0161502856383519,2019-07-02,2019-01-17,12.0,True,2019-01-02,181.01577001629582,2019-02-01,193.20383999250245,2019-01-18,191.90377404370585,0.06268949336948737,-0.0037707402853454502,0.0004218367278835816,0.06259531786617817,-0.0037650756780064215,0.00042120302223327966,-0.019988679028439704,-0.0003989283159655521,-0.019589750712474152
COST,2020-02-28,F02,PASS,2020-01-31,-0.0538371389913409,-0.0131114455236972,0.8041564938426427,HEALTHY_SYSTEMATIC,0.2374550706961704,-0.0045881634823364,2020-08-27,2020-04-06,26.0,True,2020-03-02,269.00379744614713,2020-03-31,262.5902249639804,2020-04-07,280.0219016116414,0.056668221419748414,-0.0023210689678129087,-0.0037618388579491527,0.05658309139257804,-0.002317582134110638,-0.0037561876228095203,-0.030220139078184105,-0.04955178504056479,0.019331645962380684
COST,2021-02-26,F02,PASS,2021-01-31,-0.0390524875519148,-0.0822153261399657,0.3220350591224485,HEALTHY_FIRM_SPECIFIC,0.362889941798844,-0.0591539504222735,2021-08-26,2021-04-01,24.0,True,2021-03-01,316.90029758419274,2021-03-30,334.2668432845199,2021-04-05,337.97272648910564,0.0629985917471031,-0.004189119908755437,-0.00069844026638749,0.06290395189971136,-0.004182826789212987,-0.0006973910321365212,0.0036645448399348357,-0.07097039117868786,0.0746349360186227
COST,2022-01-31,F03,PASS,2021-12-31,0.02975073613211,-0.0024781475429602,0.0,HEALTHY_FIRM_SPECIFIC,0.0811279376653397,-0.1730057770200994,2022-08-02,2022-03-09,26.0,True,2022-02-01,480.11102497018,2022-03-03,508.91773751914525,2022-03-10,498.0823082912055,0.05204123174786668,-0.00194798217802674,0.001108016172294654,0.05196305263157044,-0.0019450558152154795,0.0011063516512546528,-0.20263920322220286,-0.17279278011858334,-0.029846423103619513
COST,2022-08-31,F03,PASS,2022-07-31,-0.0143432145067583,0.1492655815344541,1.0,HEALTHY_SYSTEMATIC,-0.0864839654998951,-0.1361755615623587,2023-03-03,2022-11-11,51.0,True,2022-09-01,496.51498190961405,2022-10-03,453.3141076651975,2022-11-14,493.6309542842637,0.04608383347259164,0.0002676798357742066,-0.004098603626748999,0.04601460387799085,0.0002672777128361406,-0.004092446485597145,-0.12714955664656247,-0.13221954422629056,0.005069987579728097
COST,2025-03-31,F04,PASS,2025-02-28,-0.0252332203101604,0.0154431506467265,1.0,HEALTHY_SYSTEMATIC,-0.01867239121017,-0.0398084460100398,2025-09-30,2025-04-22,15.0,True,2025-04-01,935.9252129070355,2025-05-01,983.2766375054385,2025-04-23,987.6661867903598,0.04659171501896824,-0.002575740750148138,-0.0002079950052140192,0.04652172245759774,-0.0025718713349000416,-0.00020768254401439673,-0.0765253189804731,-0.03638505666629377,-0.04014026231417933
CRM,2018-10-31,F01,PASS,2018-09-30,-0.0369814188105326,0.0089603064128638,1.0,HEALTHY_SYSTEMATIC,0.1840570581485092,-0.1207374581016712,2019-05-06,2018-12-06,24.0,True,2018-11-01,136.0463148995865,2018-12-03,143.81196201427935,2018-12-07,139.48679453547152,0.05717275119487742,-0.0014458435449624524,0.0017194795250585829,0.057086863236147006,-0.001443671521609985,0.0017168964311300924,-0.14496112340103662,-0.12810684076558887,-0.016854282635447748
CRM,2020-03-31,F02,PASS,2020-02-29,-0.0977832246863935,-0.0228512272412554,0.8105746171503263,HEALTHY_SYSTEMATIC,0.718641581394402,-0.0688984544734324,2020-09-29,2020-04-16,11.0,True,2020-04-01,135.96769889355116,2020-05-01,155.79468081929983,2020-04-17,157.27900746935885,0.0772121299590212,-0.012102076748686602,-0.0007356350140023393,0.07709613777580786,-0.012083896362985014,-0.0007345299038160474,-0.0590002182660434,-0.030798217721030974,-0.02820200054501243
CRM,2020-09-30,F02,PASS,2020-08-31,0.1120976592467289,0.1577069581420011,,EXCLUDED_UNKNOWN_OR_MIDDLE,-0.1297150919146673,-0.1829938668504597,2021-04-01,2020-11-20,37.0,True,2020-10-01,248.87432758331155,2020-10-30,231.80957681327945,2020-11-23,256.78748921352917,0.04180069223046079,-0.0013290870018077272,-0.004504102216808997,0.04173789699926831,-0.0013270903763668504,-0.004497335914029614,-0.21398784022471018,-0.18899594441924117,-0.02499189580546901
CRM,2024-04-30,F04,PASS,2024-03-31,0.0013819726253992,-0.0676108016657286,0.0,HEALTHY_FIRM_SPECIFIC,0.1148406423165402,-0.1893731108225689,2024-10-29,2024-07-01,42.0,True,2024-05-01,264.7904357249058,2024-05-31,215.66509468054605,2024-07-02,251.04003349731235,0.058689575722790994,0.0030477130737213975,-0.009626686012639128,0.05860140910928655,0.0030431346364549194,-0.009612224291037759,-0.06374765719382236,-0.1896142437601771,0.12586658656635474
CRM,2025-02-28,F04,PASS,2025-01-31,-0.0122984255749594,-0.1162956907381318,0.0956375449170328,HEALTHY_FIRM_SPECIFIC,-0.1369494136433594,-0.2197685838431525,2025-08-29,,,False,2025-03-03,297.53374771303146,2025-04-01,265.7638445954992,,,0.05,0.007363119628885119,0.0022662278350226786,0.05,0.007427171026538268,0.0023379360556010087,,-0.2279338200601072,
CVX,2018-02-28,F01,PASS,2018-01-31,0.00522126639773,-0.0275806542725563,0.0,HEALTHY_FIRM_SPECIFIC,0.0906390301460979,-0.0025020292135775,2018-08-28,2018-04-05,25.0,True,2018-03-01,78.26058557312325,2018-04-02,79.91660259794803,2018-04-06,81.66386580388003,0.052363471942891156,-0.00227710497655962,-0.0011448530704058699,0.05228480874017274,-0.002273684187911802,-0.0011431332110111644,-0.013919876590339109,0.0009864254951763574,-0.014906302085515466
CVX,2018-10-31,F01,PASS,2018-09-30,-0.1082750592961023,0.0148411406057687,1.0,HEALTHY_SYSTEMATIC,0.0815851573717869,-0.0866365731930011,2019-05-06,2018-11-15,11.0,True,2018-11-01,79.87140409710574,2018-12-03,87.14628493208984,2018-11-16,84.7866918693353,0.050813109971435504,-0.0031270397826974397,0.0013758275740499495,0.050736775805229034,-0.003122342176614272,0.0013737607324264337,-0.14051044859369033,-0.08761744476906386,-0.05289300382462647
CVX,2020-01-31,F02,PASS,2019-12-31,-0.0329086640370726,-0.0398385600515981,0.4523700312875258,EXCLUDED_UNKNOWN_OR_MIDDLE,-0.1957458592408925,-0.4880182777666768,2020-07-31,2020-04-07,46.0,True,2020-02-03,80.30944901559725,2020-03-04,73.21065029213224,2020-04-08,62.51431107214182,0.05167368234450215,0.011449964065724384,0.0075497107715518305,0.051596055380539456,0.011432763318504971,0.007538369193026716,-0.027949872152081667,-0.4871087475397782,0.4591588753876965
CVX,2022-06-30,F03,PASS,2022-05-31,-0.0495376904769372,-0.0759043163720007,0.3949051176819292,EXCLUDED_UNKNOWN_OR_MIDDLE,0.2524670524499364,-0.0610581814470991,2022-12-29,2022-07-29,20.0,True,2022-07-01,124.72015509143864,2022-08-02,136.8774107513968,2022-08-01,137.12410962820772,0.05616707303219678,-0.005586056398374228,-0.0001012318523175848,0.056082695856885516,-0.005577664726268514,-0.00010107977642527521,-0.11750319161155909,-0.07271492554503067,-0.044788266066528415
CVX,2023-02-28,F03,PASS,2023-01-31,-0.0726267084889751,-0.0519011726336633,0.5832164478688139,EXCLUDED_UNKNOWN_OR_MIDDLE,0.0143606238847497,-0.0539594531833028,2023-08-29,2023-04-03,24.0,True,2023-03-01,140.44618416127415,2023-03-30,141.60695390519226,2023-04-04,149.36587301704637,0.04757337744379901,-0.003021368840677302,-0.0026066374375319917,0.047501910176732706,-0.003016829979123954,-0.0026027216076308438,-0.11128342559983151,-0.05484134159479648,-0.05644208400503503
DIS,2018-03-29,F01,PASS,2018-02-28,,,,EXCLUDED_UNKNOWN_OR_MIDDLE,0.1646032355383258,-0.0177219859769179,2018-09-27,,,False,2018-04-02,94.4602359454819,2018-05-01,94.46021993194931,,,0.05,-0.008293716022745937,-0.008293725905089228,0.05,-0.008206144090813924,-0.008206153958311438,,-0.015172655574448135,
DIS,2020-03-31,F02,PASS,2020-02-29,-0.2233309283326217,-0.1743052017587136,0.5616464687988074,EXCLUDED_UNKNOWN_OR_MIDDLE,0.2981368957593704,-0.028157220925583,2020-09-29,2020-05-18,33.0,True,2020-04-01,90.65415921999696,2020-05-01,103.12274243292275,2020-05-19,111.59672356829087,0.05439266063311418,-0.012565576749981405,-0.004469648200127158,0.05431094907482708,-0.012546700069836221,-0.0044629336560107966,-0.052128668138997414,0.004064142485828537,-0.05619281062482595
DUK,2018-01-31,F01,PASS,2017-12-31,-0.0748557882131082,-0.0307575154436572,0.7087723385340109,HEALTHY_SYSTEMATIC,0.057179176911869,-0.0593000327492891,2018-08-01,2018-02-23,16.0,True,2018-02-01,55.508552044440655,2018-03-05,53.94756472354395,2018-02-26,56.73746908014259,0.05175516501777613,-0.001145819907624121,-0.002676524160071289,0.05167741564619208,-0.0011440985957949443,-0.0026725033426049857,-0.07755994568468916,-0.057137825931784625,-0.020422119752904533
DUK,2020-02-28,F02,PASS,2020-01-31,-0.0052488642308673,0.0538619947327046,1.0,HEALTHY_SYSTEMATIC,-0.1122085808902818,-0.3004360412658975,2020-08-27,2020-04-21,36.0,True,2020-03-02,71.65294974807782,2020-03-31,64.39776693823981,2020-04-22,67.82206310355416,0.04685207856849655,0.0025049213282533622,-0.002491319196408992,0.04678169487510372,0.002501158301721186,-0.0024875766037253527,-0.07952158319512292,-0.3000545482589093,0.2205329650637864
DUK,2022-09-30,F03,PASS,2022-08-31,-0.078111293003355,-0.0769207829505008,0.5038395604442807,EXCLUDED_UNKNOWN_OR_MIDDLE,0.0434162673794402,-0.07579010369674,2023-04-03,2022-11-03,24.0,True,2022-10-03,81.62343158144687,2022-11-01,80.85439294078196,2022-11-04,81.78762509468697,0.05119544540583258,-0.00010298464399512847,-0.0005909046379360475,0.05111853687492748,-0.00010282993496558979,-0.0005900169494464091,-0.02556789810519644,-0.08987925892488946,0.06431136081969302
EOG,2018-02-28,F01,PASS,2018-01-31,-0.0097766388977977,0.027131104244233,1.0,HEALTHY_SYSTEMATIC,0.1668568077546175,-0.0290865997526176,2018-08-28,2018-04-03,23.0,True,2018-03-01,74.4549243635381,2018-04-02,76.75900857770105,2018-04-04,75.74230904673766,0.05705700100923831,-0.0009865607922713501,0.0007557396485332185,0.05697128693661552,-0.0009850787279865117,0.0007546043360917576,-0.015644610015869365,-0.03261597354771251,0.016971363531843142
EOG,2018-10-31,F01,PASS,2018-09-30,-0.1344233727121207,-0.0423130384627361,0.7605867507354042,HEALTHY_SYSTEMATIC,-0.1300980361568998,-0.2134042989253161,2019-05-06,2018-12-04,23.0,True,2018-11-01,77.90440849150697,2018-12-03,78.73503751764824,2018-12-06,74.57446682348626,0.045095131178341644,0.0019275437583482907,0.0023829477592862483,0.045027386865104276,0.001924648099222076,0.0023793679679603233,-0.18324305067887614,-0.21815446392048232,0.03491141324160618
EOG,2022-06-30,F03,PASS,2022-05-31,-0.0682478653185946,-0.0041207707266866,0.9430586100295122,HEALTHY_SYSTEMATIC,0.2093305089811314,-0.1321691720269342,2022-12-29,2022-08-10,28.0,True,2022-07-01,94.10389789367852,2022-08-02,91.47144086818611,2022-08-11,95.25166855121672,0.05888584131073841,-0.0007182214798081912,-0.002433567082234765,0.05879737985659109,-0.0007171425291625094,-0.0024299112478598436,-0.052504989962748994,-0.14326234720808684,0.09075735724533784
EOG,2022-12-30,F03,PASS,2022-11-30,0.2372640999011825,-0.0717688480016715,0.0,HEALTHY_FIRM_SPECIFIC,-0.0976782710711765,-0.2042175367924383,2023-07-05,2023-02-10,28.0,True,2023-01-03,111.79775661368457,2023-02-02,111.45450460379196,2023-02-13,117.0448259458726,0.04353987811203377,-0.0020434824999063794,-0.0021838678544807005,0.043474470182972125,-0.002040412671413777,-0.002180587131614675,-0.23086586918732122,-0.19476764832523719,-0.03609822086208403
EOG,2024-12-31,F04,PASS,2024-11-30,-0.0483933156982236,0.0204557868514842,1.0,HEALTHY_SYSTEMATIC,-0.0082922276886266,-0.1405278634502534,2025-07-07,2025-01-16,10.0,True,2025-01-02,116.94082531670871,2025-02-04,118.72239321916739,2025-01-17,129.97728495945978,0.04403504113665085,-0.004908987388194945,-0.00417452518715157,0.04396888934726178,-0.004901612845298317,-0.004168253992578988,-0.2355863780275954,-0.15037022441978798,-0.08521615360780743
FCX,2018-06-29,F01,PASS,2018-05-31,0.0601124198485878,-0.0503505357054276,0.0,HEALTHY_FIRM_SPECIFIC,-0.398672249464126,-0.429584286555088,2018-12-31,,,False,2018-07-02,15.371563918066224,2018-08-01,14.600664834798682,,,0.05,0.019555371621422627,0.017947928647214395,0.05,0.019601107167309322,0.01799607897974237,,-0.4215406597926301,
FCX,2021-01-29,F02,PASS,2020-12-31,0.2106970436577482,0.2562638944575828,,EXCLUDED_UNKNOWN_OR_MIDDLE,0.4219708625785585,0.0457078875641416,2021-07-30,2021-02-17,12.0,True,2021-02-01,26.30807883422728,2021-03-03,32.65510479449562,2021-02-18,31.93024921649072,0.05559930735047716,-0.011881855038898964,0.0012341552207480733,0.05551578310308035,-0.01186400548200528,0.001232301206896172,-0.09458663996054617,-0.0060050733929587485,-0.08858156656758742
FCX,2022-01-31,F03,PASS,2021-12-31,0.0013276094637438,-0.0113443510297878,0.0,HEALTHY_FIRM_SPECIFIC,-0.2050020287683766,-0.3199284941322383,2022-08-02,2022-02-14,10.0,True,2022-02-01,35.84656594825155,2022-03-03,45.74659382207192,2022-02-15,39.88164064995197,0.034759337079740216,-0.003912690601962053,0.00445632925282952,0.034707119748123176,-0.003906812749280092,0.004449634717146746,-0.4044174428910159,-0.33737559256611127,-0.06704185032490462
FCX,2022-08-31,F03,PASS,2022-07-31,-0.2339161868144265,-0.052458761638248,0.8168179098008036,HEALTHY_SYSTEMATIC,0.490020644474985,-0.1047297713975879,2023-03-03,2022-09-19,12.0,True,2022-09-01,26.971601608575583,2022-10-03,26.55504936580626,2022-09-20,28.32538508786673,0.07359367882440307,-0.003693881736005558,-0.0049062427542856946,0.07348312247163732,-0.0036883325896820696,-0.004898872334524629,-0.11430478871948768,-0.06984915860452967,-0.04445563011495801
FCX,2024-06-28,F04,PASS,2024-05-31,-0.081146539904198,0.1171577538949553,1.0,HEALTHY_SYSTEMATIC,-0.1955963103243554,-0.2084303534248639,2024-12-27,2024-09-23,59.0,True,2024-07-01,47.75184202154192,2024-07-31,44.85967868968042,2024-09-24,46.97543390690826,0.04039144344703893,0.000656733711757139,-0.001905016034457127,0.04033076526459471,0.0006557471313188429,-0.0019021542176802728,-0.20386562039823752,-0.2168101512580689,0.012944530859831382
GE,2020-03-31,F02,PASS,2020-02-29,-0.4091676933556062,0.0769317270917605,1.0,HEALTHY_SYSTEMATIC,-0.2267874247232181,-0.3085641063350853,2020-09-29,2020-06-03,44.0,True,2020-04-01,36.39154723831663,2020-05-01,32.278153128279456,2020-06-04,35.375293384026776,0.0419295325202377,0.0011709051212694319,-0.004023205496206675,0.04186654373828441,0.001169146125093265,-0.00401716162215128,-0.18482628209039953,-0.2699468339167833,0.08512055182638378
GE,2024-10-31,F04,PASS,2024-09-30,0.1191724206088613,-0.0484001406224097,0.0,HEALTHY_FIRM_SPECIFIC,0.2185853111340303,-0.0688671703591214,2025-05-06,2025-01-07,45.0,True,2024-11-01,171.0390472426686,2024-12-03,179.19694836079935,2025-01-08,170.56405557255152,0.06066122685162664,0.00016846198524904377,0.0029223816175668396,0.06057009831854958,0.00016820891266228905,0.0029179914599039847,-0.02837005813627147,-0.07414908202028825,0.04577902388401678
GOOGL,2018-03-29,F01,PASS,2018-02-28,,,,EXCLUDED_UNKNOWN_OR_MIDDLE,0.1641245105908451,-0.0262163697976118,2018-09-27,,,False,2018-04-02,50.92939799451739,2018-05-01,50.368376461124875,,,0.05,-0.00865733743382055,-0.009310684468288553,0.05,-0.008569219250394687,-0.009221584792071802,,-0.017195110859383522,
GOOGL,2018-10-31,F01,PASS,2018-09-30,,,,EXCLUDED_UNKNOWN_OR_MIDDLE,0.0943350856941591,-0.0971133004060167,2019-05-06,2019-01-09,46.0,True,2018-11-01,54.09036864581363,2018-12-03,56.110457583042624,2019-01-10,53.274605320652974,0.0554295868167927,0.0008359607299043212,0.002801440693030996,0.055346317532641284,0.0008347049050722172,0.0027972322192808194,-0.021796538776098773,-0.0977917388666758,0.07599520009057703
GOOGL,2019-05-31,F01,PASS,2019-04-30,0.0168473423786274,-0.054119637242492,0.0,HEALTHY_FIRM_SPECIFIC,0.1858379920172215,-0.0612380174605881,2019-11-27,2019-07-05,24.0,True,2019-06-03,52.877630166163954,2019-07-02,54.75596667534398,2019-07-08,55.79872502274437,0.058184402074422534,-0.003214254441787759,-0.0011080485769037682,0.05809699435973888,-0.003209425817188173,-0.0011063840071838318,-0.008064848839484107,-0.026421604405750254,0.018356755566266147
GOOGL,2020-02-28,F02,PASS,2020-01-31,-0.0223612626318538,0.0421565425579674,1.0,HEALTHY_SYSTEMATIC,0.215993945662551,-0.2128953567550092,2020-08-27,2020-04-06,26.0,True,2020-03-02,66.97561656891546,2020-03-31,56.9316748800496,2020-04-07,60.31566330650341,0.06680624670390191,0.006643111381100061,-0.003970927715320802,0.06670588679398116,0.0066331317445736115,-0.003964962375738443,-0.028307078839988842,-0.21996615087158455,0.1916590720315957
GOOGL,2022-04-29,F03,PASS,2022-03-31,-0.1675661033567646,0.0117399906630157,1.0,HEALTHY_SYSTEMATIC,-0.1561613437030731,-0.1918289542035915,2022-10-28,2022-06-21,35.0,True,2022-05-02,112.40825744972986,2022-06-01,113.845517032335,2022-06-22,109.58478953227495,0.043482550048960976,0.0010921936503399052,0.0016273569798424675,0.04341722824117586,0.0010905528987369961,0.001624912277318924,-0.16585643764841962,-0.1868084356624845,0.020951998014064888
GOOGL,2024-07-31,F04,PASS,2024-06-30,0.1196617420818139,-0.0660980580833769,0.0,HEALTHY_FIRM_SPECIFIC,0.1922868758561966,-0.1322299057148943,2025-01-31,2024-10-02,44.0,True,2024-08-01,168.9473074966924,2024-08-30,161.37567317869295,2024-10-03,163.36848437121853,0.062024042185122606,0.002048101067751565,-0.0007659283647748136,0.0619308663581044,0.002045024300999815,-0.0007647777462999397,-0.015510085564978904,-0.12565483351729656,0.11014474795231766
GOOGL,2025-02-28,F04,PASS,2025-01-31,0.0701806819406743,-0.0534693559806137,0.0,HEALTHY_FIRM_SPECIFIC,0.2533077099598102,-0.1492446146353545,2025-08-29,2025-04-25,39.0,True,2025-03-03,171.0366458285756,2025-04-01,152.9977840733587,2025-04-28,161.77210855382276,0.06551991476385151,0.003549015414958022,-0.0037575249573205127,0.06542148725043562,0.0035436838945549845,-0.003751880202752675,-0.06802932626770597,-0.15740918443617846,0.08937985816847249
HD,2018-02-28,F01,PASS,2018-01-31,0.0880250495093473,-0.0374567104209257,0.0,HEALTHY_FIRM_SPECIFIC,0.1206398609032708,-0.0520672217733848,2018-08-28,2018-04-26,40.0,True,2018-03-01,148.3615156939819,2018-04-02,144.63539424995173,2018-04-27,151.44471430269843,0.05466497019604131,-0.0011360288364916094,-0.002573583593898414,0.054582849559792875,-0.0011343222333321315,-0.0025697174192455888,-0.012400080196559027,-0.05455694595812355,0.04215686576156452
HD,2018-10-31,F01,PASS,2018-09-30,-0.0474210505769249,-0.054042372112799,0.4673708940604039,EXCLUDED_UNKNOWN_OR_MIDDLE,0.1503267321399515,-0.0954859057230069,2019-05-06,2019-01-09,46.0,True,2018-11-01,145.93490523468762,2018-12-03,152.1624449716818,2019-01-10,147.79577078622154,0.05639915129793819,-0.0007191647373005344,0.0016185118351667374,0.056314425482267776,-0.0007180843696431016,0.0016160804202916684,-0.017750013902739448,-0.1003958553378711,0.08264584143513165
HD,2020-02-28,F02,PASS,2020-01-31,-0.0430164441980324,0.0360764430540975,1.0,HEALTHY_SYSTEMATIC,0.3417926269487907,-0.2968786720286733,2020-08-27,2020-04-17,34.0,True,2020-03-02,187.59551028795775,2020-03-31,167.23383050628328,2020-04-20,176.9605111310089,0.07032405657396594,0.00398674936958425,-0.004090198953520974,0.07021841202227747,0.003980760261868305,-0.004084054438317886,-0.026779205715000365,-0.3037188539347213,0.27693964821972095
HD,2021-02-26,F02,PASS,2021-01-31,0.0314737487773635,-0.0823662628094392,0.0,HEALTHY_FIRM_SPECIFIC,0.2587708808366247,-0.0286829188343265,2021-08-26,2021-03-18,14.0,True,2021-03-01,225.916267501253,2021-03-30,264.9614841398561,2021-03-19,249.14204267768844,0.056882128058475735,-0.005847881307777185,0.0033961294336259593,0.05679667668933431,-0.005839096308316326,0.0033910275867051337,0.01868571386939366,-0.030446860145716848,0.04913257401511051
HD,2022-01-31,F03,PASS,2021-12-31,-0.0371373404321326,0.0283770346395408,1.0,HEALTHY_SYSTEMATIC,-0.1704308821711898,-0.2579643234785744,2022-08-02,,,False,2022-02-01,329.2493390685974,2022-03-03,293.3542685323851,,,0.05,0.008862878623643648,0.0038293064828720663,0.05,0.008924677003277634,0.0038986665632683506,,-0.26296513126958376,
HD,2023-02-28,F03,PASS,2023-01-31,-0.0013744034279118,-0.0884742885407278,0.015296866295967,HEALTHY_FIRM_SPECIFIC,0.1268419487170791,-0.0461538078381074,2023-08-29,2023-04-21,37.0,True,2023-03-01,266.68628785870783,2023-03-30,262.5811462,2023-04-24,276.05254482042454,0.055208948322118076,-0.001938986817518945,-0.0028324263223955468,0.05512601049289106,-0.001936073968018412,-0.0028281713003789274,-0.05890007292271682,-0.031057927369314342,-0.027842145553402475
HD,2025-03-31,F04,PASS,2025-02-28,-0.0929830717328676,0.0240401589813915,1.0,HEALTHY_SYSTEMATIC,0.1187785516165584,-0.0852683712297732,2025-09-30,2025-04-23,16.0,True,2025-04-01,352.5184377658968,2025-05-01,348.8106365608716,2025-04-24,345.12224774820703,0.057420210001444205,0.001204733535975687,0.0006071720239907846,0.0573339502968852,0.001202923720949177,0.0006062598977654571,-0.020514326139218886,-0.07936520127346203,0.05885087513424314
HON,2018-03-29,F01,PASS,2018-02-28,-0.0127098640868102,-0.0457215147966206,0.2175177846164835,HEALTHY_FIRM_SPECIFIC,0.1557086067509594,-0.014393356100762,2018-09-27,2018-04-20,15.0,True,2018-04-02,114.83927115244516,2018-05-01,115.26239519938315,2018-04-23,120.32416780755463,0.05532509479751448,-0.0026424099034526166,-0.0024296133088864344,0.05524198248685222,-0.0026384403342436247,-0.0024259634140808978,-0.05129057711352947,-0.009802541771192552,-0.041488035342336915
HON,2018-10-31,F01,PASS,2018-09-30,-0.0641762707472703,0.037767404382597,1.0,HEALTHY_SYSTEMATIC,0.2049471033387229,-0.1332158023327233,2019-05-06,,,False,2018-11-01,122.3605173609992,2018-12-03,126.90221829670031,,,0.05,-0.009900532759668353,-0.007756753798708653,0.05,-0.009810546981862144,-0.007669988520092673,,-0.13691093436271162,
HON,2020-02-28,F02,PASS,2020-01-31,-0.0965183499472042,0.0058611867047072,1.0,HEALTHY_SYSTEMATIC,0.0369318687114792,-0.3595608713379056,2020-08-27,2020-04-22,37.0,True,2020-03-02,141.54610909455843,2020-03-31,114.42416650601282,2020-04-23,116.9497598362162,0.06230317244538809,0.010826370284369773,-0.001375168214752212,0.06220957729399292,0.010810106333016191,-0.0013731023636534348,-0.08742090150962545,-0.3631735074414325,0.27575260593180706
HON,2023-02-28,F03,PASS,2023-01-31,0.0031492892602213,-0.1369379570208619,0.0,HEALTHY_FIRM_SPECIFIC,0.0004019427764805,-0.0357217192154614,2023-08-29,2023-04-18,34.0,True,2023-03-01,175.74250405293145,2023-03-30,174.8021755989848,2023-04-19,182.7674331598835,0.048239496976232636,-0.001928270273826277,-0.002198142080939401,0.04816702902884721,-0.001925373523289732,-0.002194839914568432,-0.055989405130681624,-0.03142209497179027,-0.024567310158891353
HON,2025-04-30,F04,PASS,2025-03-31,-0.0439280343321473,0.0003623901305955,1.0,HEALTHY_SYSTEMATIC,0.0218130512754,-0.0356876205476046,2025-10-29,2025-05-22,16.0,True,2025-05-01,202.49617263200864,2025-06-02,217.65417008232606,2025-05-23,213.6106222004075,0.04838267448937418,-0.002655589923537184,0.0008988463711908923,0.04830999145308569,-0.0026516005545984683,0.0008974960761916062,-0.08542759256272925,-0.035229266505558576,-0.05019832605717067
JNJ,2018-02-28,F01,PASS,2018-01-31,0.0260014131071735,-0.0809859170062259,0.0,HEALTHY_FIRM_SPECIFIC,0.0487990542707674,-0.0738716232938719,2018-08-28,2018-03-16,12.0,True,2018-03-01,102.77986585297518,2018-04-02,101.75291607558506,2018-03-19,106.15514976267626,0.05099876031674598,-0.0016747958725500875,-0.0022064081239646927,0.05092214725668077,-0.001672279904789624,-0.0022030935399026536,-0.09797110433103928,-0.06834853582144296,-0.029622568509596325
JNJ,2018-12-31,F01,PASS,2018-11-30,-0.0504709073049258,-0.0114662167859356,0.8148732774690225,HEALTHY_SYSTEMATIC,0.099753843613592,-0.0258039864271775,2019-07-02,2019-02-15,32.0,True,2019-01-02,104.09972918377193,2019-02-01,108.88508299964552,2019-02-19,110.6074765277834,0.052045811232787606,-0.0032536202781005483,-0.0008232841998598792,0.05196762523694466,-0.003248732516040312,-0.0008220474183878793,-0.02362904940812849,-0.018809233214385435,-0.004819816193743054
JNJ,2020-03-31,F02,PASS,2020-02-29,-0.0973293796253525,0.001074574084252,1.0,HEALTHY_SYSTEMATIC,0.136772444361428,-0.0176925132935327,2020-09-29,2020-04-21,14.0,True,2020-04-01,107.35523224461257,2020-05-01,125.7829964934799,2020-04-22,128.4647593278921,0.048701467827598335,-0.00957629109086805,-0.00103834214514157,0.048628305882939954,-0.009561905075208266,-0.0010367822921443642,-0.09190953293078363,0.008692253147580153,-0.10060178607836379
JNJ,2020-10-30,F02,PASS,2020-09-30,-0.0502477569153054,-0.0151457730129551,0.7683903433631634,HEALTHY_SYSTEMATIC,0.2398017102465728,0.0101379542888089,2021-05-04,2020-12-04,24.0,True,2020-11-02,118.43110683729311,2020-12-02,126.86505821907504,2020-12-07,128.15220308821756,0.05643217656708322,-0.004632082184382949,-0.0005725484033392014,0.056347401139090605,-0.004625123623264699,-0.0005716882905650311,-0.002544391593432893,-0.003453715398058832,0.0009093238046259389
JNJ,2022-08-31,F03,PASS,2022-07-31,-0.026246265612123,-0.0636964329375774,0.2918109644844591,HEALTHY_FIRM_SPECIFIC,-0.0322976771263823,-0.0421619363563319,2023-03-03,2022-11-03,45.0,True,2022-09-01,144.85877592617615,2022-10-03,147.37039624628335,2022-11-04,153.8916938122606,0.045434507744647,-0.002833146801276429,-0.002010525535070029,0.045366253601815794,-0.0028288906969179684,-0.00200750521628925,-0.09922139677589337,-0.04305179914922386,-0.05616959762666951
JNJ,2023-03-31,F03,PASS,2023-02-28,-0.0588338098411063,-0.0698829490376719,0.457079640239499,EXCLUDED_UNKNOWN_OR_MIDDLE,0.0158423259825526,0.0033196881476114,2023-10-02,2023-04-17,10.0,True,2023-04-03,140.89557247143736,2023-05-03,150.53412174368214,2023-04-18,149.35202616102194,0.04785978361452576,-0.0028725107299721747,0.00037582734161849957,0.04778788609282141,-0.002868195491018785,0.00037526275372423007,-0.05318378374363786,0.0036434631660744454,-0.0568272469097123
JNJ,2024-12-31,F04,PASS,2024-11-30,-0.1087424292947802,0.0033090771757621,1.0,HEALTHY_SYSTEMATIC,0.0915133545578379,-0.0177015302764353,2025-07-07,2025-02-05,23.0,True,2025-01-02,139.36975408666245,2025-02-04,145.252406861487,2025-02-06,148.543976962909,0.05091346044938215,-0.0033514548161802035,-0.0011537517883261489,0.050836975531331,-0.0033464200818544426,-0.0011520185608023745,-0.046892049784342804,-0.021827453930720275,-0.02506459585362253
KO,2020-02-28,F02,PASS,2020-01-31,-0.0570595278498941,0.0568660747906992,1.0,HEALTHY_SYSTEMATIC,-0.0821653064128329,-0.2916543376947653,2020-08-27,,,False,2020-03-02,44.27111656997678,2020-03-31,37.322420104751465,,,0.05,0.00455096033686269,-0.003910751962842171,0.05,0.004619236310317583,-0.0038297643534838666,,-0.2974335505896568,
KO,2022-09-30,F03,PASS,2022-08-31,-0.0870709172432871,-0.0447589885068985,0.660479249740831,EXCLUDED_UNKNOWN_OR_MIDDLE,0.1303925610087364,-0.0290967512993886,2023-04-03,2022-10-26,18.0,True,2022-10-03,50.46003818286932,2022-11-01,53.74585183113047,2022-10-27,53.51307237323061,0.052894090337077954,-0.0032003040838360086,0.00022909038102992413,0.052814630011083344,-0.0031954964162088165,0.000228746229230678,-0.01673058569663577,-0.03495391375799839,0.01822332806136262
LIN,2020-02-28,F02,PASS,2020-01-31,-0.1271624348626188,0.0600477053852504,1.0,HEALTHY_SYSTEMATIC,0.3261079097113297,-0.2110041708447838,2020-08-27,2020-04-06,26.0,True,2020-03-02,174.40710930217114,2020-03-31,158.1907775635648,2020-04-07,166.2881250531698,0.06933316929497263,0.0032275915339204514,-0.0035489727845317287,0.06922901330704827,0.003222742873629114,-0.0035436413281704077,-0.015203313840729482,-0.21220018639292026,0.19699687255219078
LIN,2022-02-28,F03,PASS,2022-01-31,-0.0338033635685544,-0.0519702895575601,0.3940996137689589,EXCLUDED_UNKNOWN_OR_MIDDLE,-0.0119895808445374,-0.0758766544914317,2022-08-29,2022-03-21,15.0,True,2022-03-01,274.7077157265661,2022-03-30,306.60239121658145,2022-03-22,294.60650310416554,0.04619005826602914,-0.003345833028255772,0.001807196508372473,0.04612066909487336,-0.0033408067392799307,0.0018044816413093148,-0.1343428919156331,-0.07195224340273088,-0.062390648512902214
LIN,2024-12-31,F04,PASS,2024-11-30,-0.0916232423581068,-0.0316222042742684,0.7434209121851513,HEALTHY_SYSTEMATIC,0.1289539589228787,-0.0137578184948128,2025-07-07,2025-01-22,13.0,True,2025-01-02,412.4657204672824,2025-02-04,446.96290551706744,2025-01-23,434.00319229783645,0.05330119952391954,-0.0027831963392754636,0.0015454711152637982,0.053221127616772945,-0.0027790152731673942,0.001543149426057093,-0.06327081409804958,-0.018633305232190756,-0.04463750886585882
LLY,2018-02-28,F01,PASS,2018-01-31,0.0269226347846458,-0.1158556499980532,0.0,HEALTHY_FIRM_SPECIFIC,0.3826340282772837,-0.0293434522138393,2018-08-28,2018-03-16,12.0,True,2018-03-01,68.66528317190918,2018-04-02,68.50489971071822,2018-03-19,71.39195817105067,0.06635720284598519,-0.0026350219158075006,-0.0027965463009140823,0.06625751751371782,-0.002631063445227927,-0.002792345179781011,-0.06689966634067435,-0.029846570016732854,-0.03705309632394149
LLY,2019-04-30,F01,PASS,2019-03-31,-0.0412991377344942,0.058133420122483,1.0,HEALTHY_SYSTEMATIC,-0.0237454184459565,-0.0824583709433816,2019-10-28,,,False,2019-05-01,106.7053283777993,2019-05-31,105.73631457177252,,,0.05,0.001264650242789954,0.0008180181944956594,0.05,0.0013378630866916208,0.0008919019929015254,,-0.0825366889516238,
LLY,2020-02-28,F02,PASS,2020-01-31,-0.0522783855291694,0.1318183903212381,1.0,HEALTHY_SYSTEMATIC,0.1924277846971149,-0.0561323941069749,2020-08-27,2020-04-06,26.0,True,2020-03-02,119.05152168349066,2020-03-31,127.64436812879131,2020-04-07,133.39473034113055,0.05246115214590111,-0.006320467315397607,-0.0023633680932259246,0.05238234220276756,-0.006310972372009428,-0.0023598177155195257,-0.008733319061040579,-0.06802885228987188,0.0592955332288313
LLY,2020-08-31,F02,PASS,2020-07-31,0.0240019775087957,-0.0553384507462081,0.0,HEALTHY_FIRM_SPECIFIC,0.3739862974022583,-0.1208301528094469,2021-03-03,2020-11-20,58.0,True,2020-09-01,139.8323231529438,2020-10-01,139.56884013310452,2020-11-23,137.64729771261298,0.06958200969714616,0.0010872912496155407,0.0009579844842774882,0.06947747988788655,0.0010856578626606966,0.0009565453488479259,-0.014841201727607833,-0.12213164429989842,0.10729044257229059
LLY,2021-03-31,F02,PASS,2021-02-28,0.0209855552702283,0.0978516934136514,,EXCLUDED_UNKNOWN_OR_MIDDLE,0.2425065736604172,-0.0335616502048358,2021-09-29,2021-05-12,29.0,True,2021-04-01,177.42649136757512,2021-05-03,173.7891373256583,2021-05-13,183.3903690184832,0.060014860440971325,-0.0020172933711729082,-0.0033156075746354832,0.05992470291401945,-0.0020142628853874675,-0.0033106266919495017,0.012379635820940926,-0.033561445766510545,0.04594108158745147
LLY,2023-02-28,F03,PASS,2023-01-31,-0.1024041858495534,-0.0544476694634719,0.6528720087192333,EXCLUDED_UNKNOWN_OR_MIDDLE,0.7882245068003602,-0.0018957288700347,2023-08-29,2023-03-21,15.0,True,2023-03-01,302.676034169848,2023-03-30,328.1301463305376,2023-03-22,323.93163058310444,0.08374725191178184,-0.005881198332198467,0.0010715691925534815,0.0836214423195258,-0.005872363282125051,0.0010699594241119909,-0.002411272346878879,0.0020322174890359257,-0.0044434898359148045
LLY,2024-07-31,F04,PASS,2024-06-30,0.090114749526628,-0.0591799076283842,0.0,HEALTHY_FIRM_SPECIFIC,0.0115489360941773,-0.0949089448871064,2025-01-31,2024-08-21,15.0,True,2024-08-01,822.1374940702473,2024-08-30,933.2857372413367,2024-08-22,940.1791251263343,0.04260618359649538,-0.0061173507364398125,-0.000314695637263461,0.04254217831317566,-0.006108160925618923,-0.00031422288467868736,-0.23641052059783563,-0.12677515150688612,-0.10963536909094951
LLY,2025-01-31,F04,PASS,2024-12-31,0.0004176368837543,-0.1067608016131781,0.0,HEALTHY_FIRM_SPECIFIC,-0.0483006588861562,-0.116726389446397,2025-08-04,2025-02-18,11.0,True,2025-02-03,795.6157224052174,2025-03-05,896.6065236240383,2025-02-19,849.4178078419961,0.04488090914512162,-0.0030349909388496243,0.002362097988232864,0.044813486647657746,-0.0030304316134532605,0.0023585495185459854,-0.16566769644199908,-0.10924747168451299,-0.05642022475748609
MA,2018-10-31,F01,PASS,2018-09-30,-0.0406064417544743,0.0200454246246019,1.0,HEALTHY_SYSTEMATIC,0.2617881533580313,-0.1164567119663632,2019-05-06,2018-12-10,26.0,True,2018-11-01,190.30302728799327,2018-12-03,197.11562384167482,2018-12-11,192.39850719335033,0.06192647491800182,-0.0006818897505182081,0.0014819444553131125,0.06183344566174043,-0.0006808653793356628,0.0014797181992460412,-0.13144030565651066,-0.1218763517245246,-0.009563953931986058
MA,2020-02-28,F02,PASS,2020-01-31,-0.0344757485549742,0.0388110546520092,1.0,HEALTHY_SYSTEMATIC,0.23006574261814,-0.29956915386512,2020-08-27,2020-04-06,26.0,True,2020-03-02,287.9607495927661,2020-03-31,243.22850316848715,2020-04-07,271.312543901721,0.06329517120873734,0.0036593564609870774,-0.007308288885911701,0.06320008582384691,0.0036538591803746898,-0.00729730998423031,-0.12741202122317996,-0.319816608072476,0.19240458684929607
MA,2022-06-30,F03,PASS,2022-05-31,-0.2392487726481235,0.1024239831587769,1.0,HEALTHY_SYSTEMATIC,0.1072217913980113,-0.0989213391249529,2022-12-29,2022-07-18,11.0,True,2022-07-01,306.15606592451184,2022-08-02,338.82052595211866,2022-07-19,323.88464661875906,0.05248184507535712,-0.0030390664401562587,0.0023135035961439343,0.05240300404620035,-0.003034500992324274,0.002310028127546826,-0.14450179688155784,-0.09496245856412455,-0.04953933831743329
MCD,2020-05-29,F02,PASS,2020-04-30,0.0735495821322957,-0.1081726104208831,0.0,HEALTHY_FIRM_SPECIFIC,0.1841090159798393,-0.0353156174177186,2020-11-25,2020-07-23,38.0,True,2020-06-01,162.59973046126964,2020-06-30,159.29912400252022,2020-07-24,171.46514837227008,0.055942991424409456,-0.0030501772466777766,-0.0042724892635022035,0.05585895087645091,-0.003045595107599143,-0.004266070902064795,-0.013256128104442655,-0.037330505063263075,0.02407437695882042
MCD,2024-05-31,F04,PASS,2024-04-30,0.0162248507542909,-0.1322166307082387,0.0,HEALTHY_FIRM_SPECIFIC,0.157501223143776,-0.0443200456975354,2024-11-29,2024-07-29,39.0,True,2024-06-03,246.0418926889836,2024-07-03,237.046522181,2024-07-30,248.97039765227083,0.056951323438966174,-0.0006778611216733468,-0.002864756176814018,0.05686576812083052,-0.0006768428025120954,-0.0028604525871643166,0.016858310013189826,-0.04695058537688135,0.06380889539007117
META,2018-03-29,F01,PASS,2018-02-28,,,,EXCLUDED_UNKNOWN_OR_MIDDLE,0.0566368586989982,-0.0293509090231824,2018-09-27,,,False,2018-04-02,156.43622404013922,2018-05-01,170.50273317898515,,,0.05,-0.00341447279535452,0.0009922317525060537,0.05,-0.0033342307230530277,0.0010658538380055524,,-0.017172343916009747,
META,2018-09-28,F01,PASS,2018-08-31,,,,EXCLUDED_UNKNOWN_OR_MIDDLE,0.0592243186698544,-0.2456524690550939,2019-04-02,2018-12-11,50.0,True,2018-10-01,161.61081565598926,2018-10-30,138.7218127259675,2018-12-12,141.834489394158,0.06078372374230227,0.0074381083175495966,-0.001363881245353596,0.060692411187857155,0.007426934394188234,-0.0013618323501427484,-0.13293279776092737,-0.23903586897438944,0.10610307121346207
META,2020-03-31,F02,PASS,2020-02-29,-0.1961375505729983,-0.007194603510739,0.9646164988358104,HEALTHY_SYSTEMATIC,0.5694839737989899,-0.0756597742654864,2020-09-29,2020-04-23,16.0,True,2020-04-01,160.2130674762158,2020-05-01,199.84505052579473,2020-04-24,181.6349521865289,0.07133037383762915,-0.009537493219272303,0.006499701237245123,0.0712232175424299,-0.009523165487846263,0.0064899370390920225,-0.001746377460452364,-0.04603403013496821,0.04428765267451584
META,2020-09-30,F02,PASS,2020-08-31,0.0780230726968135,0.0195614817097429,,EXCLUDED_UNKNOWN_OR_MIDDLE,0.1403587981242027,-0.0620848753180184,2021-04-01,2020-10-21,15.0,True,2020-10-01,263.0401340905493,2020-10-30,272.11047502000275,2020-10-22,277.43371024653874,0.053276876331629586,-0.0029153147274801894,-0.0010422433933404626,0.053196840964080824,-0.0029109351860768587,-0.0010406776796799619,-0.1223068639221433,-0.07427942871950999,-0.048027435202633306
META,2024-04-30,F04,PASS,2024-03-31,-0.0101589407437853,0.0837853114478536,1.0,HEALTHY_SYSTEMATIC,0.3818621210675339,0.0209684335427542,2024-10-29,2024-05-24,18.0,True,2024-05-01,425.31978785998723,2024-05-31,462.23502531240973,2024-05-28,472.9325752393673,0.06227118113571859,-0.00697100062566066,-0.0014411479717698558,0.062177634043376506,-0.00696052841640829,-0.0014389830023580769,-0.04767251870513689,0.024708343792065213,-0.0723808624972021
META,2025-03-31,F04,PASS,2025-02-28,-0.0279309209869122,-0.0169447678156407,0.6224065130187642,EXCLUDED_UNKNOWN_OR_MIDDLE,0.2760098702153106,-0.1591019646717596,2025-09-30,2025-05-05,24.0,True,2025-04-01,568.5377059415133,2025-05-01,589.6921415443944,2025-05-06,590.1402626928578,0.061966302628698074,-0.002354515021990723,-4.708967399035674e-05,0.061873213541123656,-0.00235097794384051,-4.701893336844787e-05,-0.008809733586273905,-0.1509704868199948,0.1421607532337209
MRK,2020-02-28,F02,PASS,2020-01-31,-0.046568968768264,-0.0783313038442598,0.3728492163722828,EXCLUDED_UNKNOWN_OR_MIDDLE,0.1391953511263239,-0.1255415634911996,2020-08-27,2020-04-06,26.0,True,2020-03-02,59.98327896493974,2020-03-31,59.78878559944203,2020-04-07,64.04654547821404,0.05287243273779109,-0.0035815778851367094,-0.0037652232027629573,0.05279300494699822,-0.003576197447652779,-0.0037595668834798854,-0.08657748886862626,-0.13200405732350584,0.04542656845487958
MRK,2020-10-30,F02,PASS,2020-09-30,-0.049208149366005,-0.0365440342097426,0.5738413567339412,EXCLUDED_UNKNOWN_OR_MIDDLE,0.0272975157036938,-0.0328423416239855,2021-05-04,2020-12-09,27.0,True,2020-11-02,60.861560388186284,2020-12-02,65.23213645700864,2020-12-10,66.60142329929874,0.046107540430954025,-0.0043484090705900175,-0.0009678427209581508,0.04603827522249491,-0.004341876658365794,-0.0009663887759592121,-0.13052936406826432,-0.04852945766338912,-0.0819999064048752
MRK,2022-08-31,F03,PASS,2022-07-31,-0.0275789859435439,-0.0297894806001693,0.480734236159676,EXCLUDED_UNKNOWN_OR_MIDDLE,0.2705658556959227,-0.0017402255893355,2023-03-03,2022-10-10,27.0,True,2022-09-01,75.90971564828871,2022-10-03,77.48667285601572,2022-10-11,80.8016625642502,0.059397742882619335,-0.003827844731443854,-0.00254111964149141,0.05930851242260538,-0.003822094338757666,-0.0025373022359208228,-0.0001108048271045714,-0.005004327641652484,0.004893522814547913
MRK,2024-07-31,F04,PASS,2024-06-30,0.0468985475217207,-0.1739127420028896,0.0,HEALTHY_FIRM_SPECIFIC,-0.1136084800651908,-0.1429827825680242,2025-01-31,2024-08-30,22.0,True,2024-08-01,105.89488220887738,2024-08-30,109.77009935871298,2024-09-03,110.69679455612169,0.04233344007274237,-0.001919653380280044,-0.0003573850787635738,0.04226984451930309,-0.0019167695745009594,-0.000356848195821019,-0.1801593611277591,-0.14298284414738283,-0.03717651698037627
MSFT,2018-12-31,F01,PASS,2018-11-30,-0.2125270378370452,0.0981474623811663,1.0,HEALTHY_SYSTEMATIC,0.3554297271635855,-0.0410557899387884,2019-07-02,2019-03-04,42.0,True,2019-01-02,92.7306781763817,2019-02-01,96.6709242665168,2019-03-05,105.00726722244877,0.06097102349649354,-0.008071937075245034,-0.0052577894139055475,0.0608794295703596,-0.00805981098049003,-0.005249890881986803,-0.01657008194264098,-0.02159724446932587,0.005027162526684892
MSFT,2020-02-28,F02,PASS,2020-01-31,0.0140372358120799,0.0522701434629253,,EXCLUDED_UNKNOWN_OR_MIDDLE,0.4058411403578739,-0.1641254187140866,2020-08-27,2020-03-30,21.0,True,2020-03-02,156.68969108082536,2020-03-31,151.08788362251246,2020-03-31,151.08788362251246,0.07133582697708829,0.0025503245609121844,0.0,0.07122866248989186,0.0025464933272202755,0.0,-0.04573414132781506,-0.18081175720878262,0.13507761588096756
MSFT,2020-10-30,F02,PASS,2020-09-30,-0.0239143883364189,-0.0408546699985846,0.3692255059928007,EXCLUDED_UNKNOWN_OR_MIDDLE,0.229865623165405,-0.0006913103484359,2021-05-04,2021-01-26,58.0,True,2020-11-02,194.64572208975616,2020-12-02,205.27177232255633,2021-01-27,227.35800119572264,0.05209833979834594,-0.008755678851524396,-0.005605524050769924,0.052020074891287835,-0.008742525603374886,-0.005597103133317592,-0.0451588536217119,-0.009594163024528313,-0.03556469059718359
MSFT,2022-02-28,F03,PASS,2022-01-31,-0.0691856829229726,-0.0271301135850884,0.7183212456451232,HEALTHY_SYSTEMATIC,-0.1083635317312191,-0.1873079541030108,2022-08-29,2022-03-22,16.0,True,2022-03-01,286.11049160018933,2022-03-30,302.8677894662072,2022-03-23,290.0778103383515,0.04426015869413454,-0.0006137284793688996,0.0018690878514723078,0.044193668721133846,-0.0006128065036863153,0.0018662800079297936,-0.19195959171575971,-0.18075499088113522,-0.01120460083462449
MSFT,2024-07-31,F04,PASS,2024-06-30,0.0932475005867281,-0.0195544138017875,0.0,HEALTHY_FIRM_SPECIFIC,-0.0040864273605293,-0.0554559570272811,2025-01-31,2024-09-12,30.0,True,2024-08-01,414.27933393243126,2024-08-30,409.90711195592587,2024-09-13,419.99690501075645,0.048759718577742896,-0.0006729448801635132,-0.0012002120858886287,0.048686469125698226,-0.0006719339464426807,-0.001198409063225797,-0.04574586569933026,-0.06093317157005096,0.015187305870720702
NEE,2020-03-31,F02,PASS,2020-02-29,-0.1409208354456921,0.1433490654776742,1.0,HEALTHY_SYSTEMATIC,0.1890748151383878,-0.0930514266986036,2020-09-29,2020-04-21,14.0,True,2020-04-01,49.34286261995189,2020-05-01,49.118536311816854,2020-04-22,50.83195718865587,0.06003572542606727,-0.001811789343247626,-0.0020942494020623204,0.059945536554621,-0.0018090675765827513,-0.002091103308819356,-0.06417844716362642,-0.05511781533429272,-0.009060631829333698
NEE,2021-02-26,F02,PASS,2021-01-31,-0.0787612961691009,0.0684652617052448,1.0,HEALTHY_SYSTEMATIC,0.1518575397921631,-0.0378337370218236,2021-08-26,2021-04-07,27.0,True,2021-03-01,65.10201715580398,2021-03-30,64.63974324261497,2021-04-08,67.77097352307122,0.054383252134685096,-0.002229524266662876,-0.002634392980100028,0.05430155471034656,-0.0022261749562973304,-0.0026304354543412387,-0.07927910495843993,-0.052786812236241154,-0.026492292722198774
NEE,2022-09-30,F03,PASS,2022-08-31,-0.1004107302905714,0.0781981523387219,1.0,HEALTHY_SYSTEMATIC,-0.010877085867073,-0.0990947739792623,2023-04-03,2022-11-10,29.0,True,2022-10-03,71.77064740779093,2022-11-01,70.2962213794111,2022-11-11,74.8633446850605,0.046499826417462815,-0.0020037423619392314,-0.0030210790391366205,0.046429971896054516,-0.002000732233203212,-0.0030165406129386146,-0.15121325667031738,-0.11511982762042128,-0.0360934290498961
NEE,2024-06-28,F04,PASS,2024-05-31,0.0609203711976716,0.0480604605320782,,EXCLUDED_UNKNOWN_OR_MIDDLE,0.0318240585278364,-0.012851239843415,2024-12-27,2024-07-24,17.0,True,2024-07-01,67.43689338178554,2024-07-31,70.65493986964606,2024-07-25,70.95691267912031,0.04851300116454597,-0.002532244468974147,-0.00020734017019493484,0.04844012234456919,-0.0025284403961614646,-0.00020702869272343216,-0.05981523404652345,-0.02183036062250121,-0.037984873424022236
NEE,2024-12-31,F04,PASS,2024-11-30,-0.0885738415259964,-0.0782179792238848,0.5310442749996749,EXCLUDED_UNKNOWN_OR_MIDDLE,0.0597816130887507,-0.0983645018587069,2025-07-07,2025-02-21,34.0,True,2025-01-02,69.29429173473528,2025-02-04,67.17159058594372,2025-02-24,68.17556877213032,0.053199003244757515,0.0008588722826612383,-0.0007951373239594509,0.05311908486231673,0.0008575820388715683,-0.0007939428262269052,-0.09343271390108676,-0.10806880606272906,0.0146360921616423
NEM,2018-07-31,F01,PASS,2018-06-30,0.0250947644003791,-0.0884117769084018,0.0,HEALTHY_FIRM_SPECIFIC,-0.0617630101790847,-0.192202816997416,2019-01-31,2018-10-02,44.0,True,2018-08-01,29.03759656535421,2018-08-30,25.083710606054535,2018-10-03,25.02694428722894,0.05461600470161091,0.007543523899631817,0.0001236001158107583,0.054533957623941996,0.007532191615355961,0.00012341443711900296,-0.05461540496281991,-0.1882191597039823,0.13360375474116237
NEM,2019-04-30,F01,PASS,2019-03-31,-0.02655740571076,-0.021564212119145,0.5518809821530141,EXCLUDED_UNKNOWN_OR_MIDDLE,0.2605474966968391,-0.0363808497489466,2019-10-28,2019-05-23,17.0,True,2019-05-01,25.52402110637775,2019-05-31,26.812606729360798,2019-05-24,26.05266929119104,0.061975063547535826,-0.001283614549272831,0.0017565308549858036,0.061881961298841485,-0.001281686234977479,0.0017538921005717037,0.0019025497255178436,-0.031391564951242845,0.03329411467676069
NEM,2020-02-28,F02,PASS,2020-01-31,-0.0364648461524592,0.1971686939911521,1.0,HEALTHY_SYSTEMATIC,0.4613872995012409,-0.1124464077411721,2020-08-27,2020-03-27,20.0,True,2020-03-02,38.13709032719725,2020-03-31,38.26988276836208,2020-03-30,38.87310404624638,0.06997899563730425,-0.0013505356699329701,-0.0011030297487164553,0.06987386945457422,-0.0013485068231579023,-0.001101372718548127,-0.024138421391048936,-0.13227810863168166,0.10813968724063272
NEM,2020-10-30,F02,PASS,2020-09-30,0.0408842964645469,-0.1181951880030804,0.0,HEALTHY_FIRM_SPECIFIC,0.0356456245918894,-0.1288179290976562,2021-05-04,2020-12-24,38.0,True,2020-11-02,53.42030381245604,2020-12-02,50.74297377266347,2020-12-28,52.1039470914726,0.05266726132519556,0.0012978006202399583,-0.0014125844842967014,0.052588141753850744,0.0012958509948715474,-0.0014104624244805353,-0.11259797268665594,-0.1344648948024354,0.021866922115779452
NEM,2021-06-30,F02,PASS,2021-05-31,0.047376593603376,0.0104027289364295,,EXCLUDED_UNKNOWN_OR_MIDDLE,-0.0249242510401344,-0.1515066352307917,2021-12-29,,,False,2021-07-01,55.36046304025004,2021-08-02,54.11485351657382,,,0.05,0.0017909311288891588,0.0006812602823252495,0.05,0.0018633533655508239,0.0007553495257669254,,-0.15972631070338128,
NEM,2024-10-31,F04,PASS,2024-09-30,0.0358517971092213,-0.0963732001573807,0.0,HEALTHY_FIRM_SPECIFIC,0.2161356689150106,-0.1808924853609541,2025-05-06,2025-01-15,50.0,True,2024-11-01,44.17640238825079,2024-12-03,40.28815814849289,2025-01-16,41.022447256170736,0.06545562297411062,0.004673175877662673,-0.0011929895332769141,0.06535729204325316,0.004666155583404788,-0.0011911973607181686,-0.013126482260020111,-0.1799902974979587,0.16686381523793858
NFLX,2018-03-29,F01,PASS,2018-02-28,,,,EXCLUDED_UNKNOWN_OR_MIDDLE,0.2890130131488726,-0.0509903682968868,2018-09-27,,,False,2018-04-02,29.19400024,2018-05-01,31.0359993,,,0.05,-0.015105659277193664,-0.011241612174019804,0.05,-0.015007854080482802,-0.011149611755130441,,-0.039905490868763493,
NFLX,2018-09-28,F01,PASS,2018-08-31,,,,EXCLUDED_UNKNOWN_OR_MIDDLE,-0.0171330519028009,-0.3748696545255761,2019-04-02,,,False,2018-10-01,37.58499908,2018-10-30,27.55699921,,,0.05,0.0011549258218579647,-0.01661981059903657,0.05,0.0012283034996418557,-0.016519730763384533,,-0.37773044931520594,
NFLX,2019-05-31,F01,PASS,2019-04-30,0.00942816813502,-0.0495134485534005,0.0,HEALTHY_FIRM_SPECIFIC,-0.079672534692046,-0.2583605135732013,2019-11-27,2019-06-19,13.0,True,2019-06-03,34.35599899,2019-07-02,37.48899841,2019-06-20,36.5909996,0.043105697103427855,-0.002804204859497131,0.0010325393140610817,0.04304094142425396,-0.0027999922332685376,0.0010309881783864827,-0.3042278180889052,-0.25896494415981475,-0.04526287392909045
NFLX,2020-07-31,F02,PASS,2020-06-30,0.1486357488195495,0.0145524003449701,,EXCLUDED_UNKNOWN_OR_MIDDLE,0.1026018407323903,-0.0448985370233947,2021-02-01,2020-09-01,22.0,True,2020-08-03,49.08599854,2020-09-01,53.25999832,2020-09-02,55.37799835,0.04859614371652799,-0.0062292086567610275,-0.0019325316766080347,0.048523139995371466,-0.006219850807001243,-0.0019296285243647557,-0.15135974971547517,-0.04875112702556017,-0.102608622689915
NFLX,2021-03-31,F02,PASS,2021-02-28,0.0845909366755527,-0.1020920989937314,0.0,HEALTHY_FIRM_SPECIFIC,0.1483724610877237,-0.0703139831304646,2021-09-29,2021-04-19,12.0,True,2021-04-01,52.99300003,2021-05-03,51.26499939,2021-04-20,55.44200134,0.05394478715318235,-0.002492986891306871,-0.004395347387346912,0.05386374841434432,-0.0024892417933229313,-0.004388744461877682,-0.12524800822783566,-0.08482250349018394,-0.04042550473765172
NFLX,2023-02-28,F03,PASS,2023-01-31,0.1335083416494196,-0.0129352661976594,0.0,HEALTHY_FIRM_SPECIFIC,0.3348337280432696,-0.0911744347323115,2023-08-29,2023-03-30,22.0,True,2023-03-01,32.15499878,2023-03-30,34.02700043,2023-03-31,34.00500107,0.06312968783737638,-0.0036320967655820158,4.081502077384058e-05,0.06303485105043992,-0.003626640435939174,4.075370627092123e-05,-0.06616679427147565,-0.08953505890943148,0.023368264637955827
NFLX,2024-04-30,F04,PASS,2024-03-31,0.0147134309324472,-0.036645367869905,0.0,HEALTHY_FIRM_SPECIFIC,0.3791951433048817,0.0019432342654628,2024-10-29,2024-05-20,14.0,True,2024-05-01,54.7840004,2024-05-31,64.40100098,2024-05-21,63.67599869,0.059543694484330674,-0.009664544861075007,0.0006703205571231274,0.059454244768029726,-0.009650026265890607,0.0006693135658004598,-0.060006897867470266,0.0070641250579430714,-0.06707102292541334
NFLX,2025-03-31,F04,PASS,2025-02-28,-0.0698693497154173,0.078907063489452,1.0,HEALTHY_SYSTEMATIC,0.2856637365161996,-0.0822171935021753,2025-09-30,2025-04-21,14.0,True,2025-04-01,92.75,2025-05-01,112.2519989,2025-04-22,100.5299988,0.05954051613027076,-0.004994341175686111,0.006217563543388142,0.05945107118866294,-0.004986838409773722,0.0062082231875392815,0.034855245616495445,-0.07723990792452828,0.11209515354102373
NKE,2018-10-31,F01,PASS,2018-09-30,-0.051971452274294,0.0074457128662524,1.0,HEALTHY_SYSTEMATIC,0.1198515599886969,-0.0974090493784584,2019-05-06,2019-01-07,44.0,True,2018-11-01,67.41002931420775,2018-12-03,69.29068694704829,2019-01-08,69.04804548611793,0.05444442369626598,-0.0013229610992917529,0.0001906529591093331,0.0543626343767423,-0.0013209736765086438,0.00019036655005709446,-0.010282396570669983,-0.09968865898106638,0.0894062624103964
NKE,2019-05-31,F01,PASS,2019-04-30,-0.003806436577784,-0.1155378403680776,0.0318945882885592,HEALTHY_FIRM_SPECIFIC,0.2235309236383664,0.0106298284240744,2019-11-27,2019-07-01,21.0,True,2019-06-03,69.78881735675063,2019-07-02,77.12549040459437,2019-07-02,77.12549040459437,0.055202453953471134,-0.005803255756935272,0.0,0.05511952588043136,-0.005794537796359002,0.0,-0.07485931906956722,0.009321611081670733,-0.08418093015123795
NKE,2020-02-28,F02,PASS,2020-01-31,-0.0591609547763862,0.0212924101035651,1.0,HEALTHY_SYSTEMATIC,0.243192100374135,-0.297381717213365,2020-08-27,2020-04-06,26.0,True,2020-03-02,81.60316876985704,2020-03-31,77.53213759672587,2020-04-07,80.7835024045251,0.06254217032368345,0.0006282073870655935,-0.002622749970489613,0.06244821613691778,0.0006272636603949916,-0.0026188099354813657,-0.05118369161341885,-0.29910698184643303,0.24792329023301418
NKE,2022-03-31,F03,PASS,2022-02-28,-0.0712719674350963,-0.1453621595209013,0.3289969518494793,HEALTHY_FIRM_SPECIFIC,-0.3789737931874375,-0.3789737931874375,2022-09-30,2022-06-03,44.0,True,2022-04-01,124.48560334366273,2022-05-03,115.7544838448785,2022-06-06,112.77407104564716,0.034252559780902275,0.003222460665240994,0.0008819249517301037,0.034201103757195365,0.003217619712814493,0.0008806000769903954,-0.3139196839078162,-0.3784657162611661,0.06454603235334988
NVDA,2018-10-31,F01,PASS,2018-09-30,-0.0643144844430717,-0.1080245835953986,0.3731857504806463,EXCLUDED_UNKNOWN_OR_MIDDLE,-0.1452092380952043,-0.3966362813585203,2019-05-06,2019-01-11,48.0,True,2018-11-01,5.2516746353261645,2018-12-03,4.273886277970615,2019-01-14,3.633051063840038,0.06126135620202488,0.01888142012888558,0.009185652534090205,0.061169326122602716,0.01885305545167644,0.009171853356522722,-0.10305336541136023,-0.40081408550463893,0.2977607200932787
NVDA,2020-02-28,F02,PASS,2020-01-31,0.0408416263353448,0.1792775363625678,,EXCLUDED_UNKNOWN_OR_MIDDLE,0.8712209387690735,-0.2727811623360038,2020-08-27,2020-03-30,21.0,True,2020-03-02,6.887436955912086,2020-03-31,6.6461653752288,2020-03-31,6.6461653752288,0.09442412194808587,0.0033077409351080084,0.0,0.0942822729917292,0.003302771870107829,0.0,-0.090307023425239,-0.2907188140855984,0.2004117906603594
NVDA,2020-10-30,F02,PASS,2020-09-30,-0.0309595923807115,0.1608768287418749,1.0,HEALTHY_SYSTEMATIC,0.1457191081857616,-0.0747825777381394,2021-05-04,2021-01-11,48.0,True,2020-11-02,12.603153940310465,2020-12-02,13.292916692423713,2021-01-12,13.697228089809604,0.052116585458052554,-0.0045242174442894564,-0.0015851547091644685,0.05203829314139048,-0.004517420923341606,-0.0015827734051446912,-0.15700785777303194,-0.08382808742272962,-0.07317977035030232
NVDA,2024-07-31,F04,PASS,2024-06-30,0.1691643872688392,0.1342516735343946,,EXCLUDED_UNKNOWN_OR_MIDDLE,0.0262224956907042,-0.1547598790799131,2025-01-31,2024-08-21,15.0,True,2024-08-01,117.33660561217461,2024-08-30,119.33330151212871,2024-08-22,129.80606527915972,0.046111523650474426,-0.004900310362166822,-0.004046775610915279,0.046042252458210316,-0.004892948854361867,-0.004040696328575399,-0.2091217241719897,-0.1584276906187051,-0.05069403355328461
ORCL,2018-12-31,F01,PASS,2018-11-30,-0.144756897187282,0.0160189784807878,1.0,HEALTHY_SYSTEMATIC,0.3057431700182005,-0.0081949012336386,2019-07-02,2019-01-17,12.0,True,2019-01-02,39.70461463261372,2019-02-01,45.274719425498034,2019-01-18,43.858752373211296,0.059903679586289185,-0.006267486499306363,0.0018734878466669588,0.059813689081152054,-0.006258071146528245,0.0018706733932167888,1.8851167959965665e-08,0.00674455223565662,-0.00674453338448866
ORCL,2024-04-30,F04,PASS,2024-03-31,-0.0393449575675173,0.0389690235744992,1.0,HEALTHY_SYSTEMATIC,0.5324019696482456,0.0077361395732185,2024-10-29,2024-06-07,27.0,True,2024-05-01,111.14622279401699,2024-05-31,113.76119324494891,2024-06-10,122.6794463209283,0.06921548376395743,-0.007182229190572126,-0.005426113979432282,0.06911150456951984,-0.007171439662494158,-0.005417962581366051,-0.014714287315954144,0.0063207231727970825,-0.021035010488751227
ORCL,2024-12-31,F04,PASS,2024-11-30,0.0481369934240505,-0.0490068253328587,0.0,HEALTHY_FIRM_SPECIFIC,0.4022278683948863,-0.2584963335931456,2025-07-07,2025-02-05,23.0,True,2025-01-02,165.26628554138574,2025-02-04,167.5206982310347,2025-02-06,170.07677016960662,0.0672672512732105,-0.001957979978629204,-0.0010263802334872785,0.0671661988176173,-0.0019550385965882017,-0.0010248383503122793,-0.2875074680736437,-0.26676860798898583,-0.020738860084657862
PEP,2018-04-30,F01,PASS,2018-03-31,-0.1249076891333702,-0.0379405301910331,0.7670190662910883,HEALTHY_SYSTEMATIC,0.1134118375325017,-0.0473549289516158,2018-10-26,2018-06-01,23.0,True,2018-05-01,77.62811540217638,2018-05-31,78.95875332158907,2018-06-04,78.66212385471111,0.055173429070474074,-0.0007349114649844515,0.0002072735974483625,0.055090544600162904,-0.0007338074417521309,0.00020696221998599967,-0.006450272123954659,-0.04184930556855049,0.03539903344459583
PEP,2020-02-28,F02,PASS,2020-01-31,-0.0555944181989959,0.0351569432972111,1.0,HEALTHY_SYSTEMATIC,0.0635159018481259,-0.2075152845198637,2020-08-27,2020-04-03,25.0,True,2020-03-02,107.82472023779259,2020-03-31,102.74687418873069,2020-04-06,105.80608296045227,0.05412134972833156,0.0010132312313970576,-0.0016114213608308808,0.054040045747768224,0.0010117091013549032,-0.0016090005976448565,0.0013391124175787805,-0.20733487857413302,0.2086739909917118
PEP,2021-02-26,F02,PASS,2021-01-31,-0.0550204495333332,-0.046617949336859,0.5413352644762016,EXCLUDED_UNKNOWN_OR_MIDDLE,0.2152904932035013,-0.0003872841871437,2021-08-26,2021-03-22,16.0,True,2021-03-01,109.79845223517476,2021-03-30,121.75031991414082,2021-03-23,117.31860004581652,0.05616685392562757,-0.0038468943321236584,0.002044477276601897,0.056082477079469895,-0.0038411153221104485,0.0020414059537026477,0.00260018065391443,-0.011254886658401131,0.013855067312315561
PEP,2024-12-31,F04,PASS,2024-11-30,-0.0589295529613085,-0.0521997489665351,0.5302791607525038,EXCLUDED_UNKNOWN_OR_MIDDLE,-0.0982045678385701,-0.147799044742558,2025-07-07,2025-01-27,16.0,True,2025-01-02,144.1867215105043,2025-02-04,137.7922447659047,2025-01-28,145.38451083215753,0.04441171844600194,-0.00036893745522201954,-0.002447057767833015,0.04434500079185172,-0.00036838321768287857,-0.0024433816670300576,-0.15935334376097188,-0.15236991576165193,-0.006983427999319947
PG,2020-02-28,F02,PASS,2020-01-31,-0.06565567131047,-0.0051494623426594,0.927272754432096,HEALTHY_SYSTEMATIC,0.2365072876220604,-0.1371544943213675,2020-08-27,2020-04-06,26.0,True,2020-03-02,96.63259190057799,2020-03-31,96.89723839731818,2020-04-07,99.63766892088735,0.05989192471035437,-0.0018625170153187959,-0.001693852800206369,0.059801951864019334,-0.0018597190428370977,-0.0016913082041119243,-0.03723395048345646,-0.13684957756471905,0.09961562708126259
PG,2021-01-29,F02,PASS,2020-12-31,0.0107708912249068,-0.0758747295229473,0.0,HEALTHY_FIRM_SPECIFIC,0.1234712753200169,-0.0472661748598558,2021-07-30,2021-03-23,36.0,True,2021-02-01,112.86009248327431,2021-03-03,108.28442851961712,2021-03-24,114.55736942212518,0.054919877739549317,-0.0008259273931187014,-0.0031815206686965913,0.05483737416758204,-0.0008246866409006987,-0.0031767412185182836,0.008242311102619082,-0.05310084239176449,0.06134315349438357
PG,2022-06-30,F03,PASS,2022-05-31,-0.021694906442971,-0.0438385606311393,0.3310507960525995,HEALTHY_FIRM_SPECIFIC,0.0756695172990025,-0.1337128556155737,2022-12-29,2022-08-19,35.0,True,2022-07-01,130.01137099296506,2022-08-02,129.83024002605475,2022-08-22,135.15555584286975,0.051497640472873626,-0.002037617016904851,-0.002112306033508142,0.05142027796840762,-0.0020345559998539153,-0.002109132814629558,-0.16928459285439568,-0.13641551702369725,-0.032869075830698424
SHW,2018-04-30,F01,PASS,2018-03-31,-0.0926449544060123,-0.0401722358044289,0.6975373764436792,HEALTHY_SYSTEMATIC,0.0118240395147324,0.0051591699718209,2018-10-26,2018-05-24,18.0,True,2018-05-01,112.74018153433634,2018-05-31,119.66142814989807,2018-05-25,119.81043779514526,0.048000386617070935,-0.0030102402655545965,-5.9772983593157913e-05,0.04792827787403077,-0.0030057181219408508,-5.9683189426520955e-05,-0.04488314869811083,0.015014935603488322,-0.05989808430159915
SHW,2018-10-31,F01,PASS,2018-09-30,-0.0908523281619606,-0.0152433508043241,0.8563244898110489,HEALTHY_SYSTEMATIC,0.1551268071431544,-0.0698181910475046,2019-05-06,2018-11-14,10.0,True,2018-11-01,122.10746747833804,2018-12-03,133.2299030427312,2018-11-15,127.93880737127999,0.05515189709103044,-0.0026338230111553895,0.0021903038079752885,0.055069044967208165,-0.002629866341634375,0.0021870134166763824,-0.11042911264820432,-0.06794694255541656,-0.04248217009278776
SHW,2020-02-28,F02,PASS,2020-01-31,-0.1069836050175635,-0.0182348527712551,0.8543756799655826,HEALTHY_SYSTEMATIC,0.3057717986580488,-0.2323172513199787,2020-08-27,2020-04-15,32.0,True,2020-03-02,164.60584122727036,2020-03-31,150.24908173335686,2020-04-16,157.5646063410639,0.06741632958795153,0.002883823613156422,-0.003282454790220893,0.06731505317895611,0.0028794913793860205,-0.003277523711417346,-0.029598439328239357,-0.24006761383826047,0.21046917451002112
SHW,2022-01-31,F03,PASS,2021-12-31,-0.0080984089351315,-0.0901469147995496,0.0824304773731713,HEALTHY_FIRM_SPECIFIC,-0.1457842796078154,-0.2322544485208595,2022-08-02,2022-04-07,47.0,True,2022-02-01,277.0174726068141,2022-03-03,252.74409885177818,2022-04-08,254.8404619050026,0.0460015129883987,0.003682713715647934,-0.00038155538609768724,0.04593240706002354,0.003677181346520772,-0.00038098219322923316,-0.1718599439728251,-0.23815782299210575,0.06629787901928064
SHW,2024-05-31,F04,PASS,2024-04-30,0.0435160900843048,-0.1397009031101951,0.0,HEALTHY_FIRM_SPECIFIC,0.3131434741895635,-0.0390058083315811,2024-11-29,2024-07-11,27.0,True,2024-06-03,299.68415633004025,2024-07-03,289.53354894929777,2024-07-12,308.99956626739845,0.06333628602913305,-0.001968750952657569,-0.004258246566525473,0.0632411388793647,-0.0019657933898844238,-0.004251849601227736,0.012434025649332936,-0.042723959407248824,0.05515798505658176
SHW,2024-12-31,F04,PASS,2024-11-30,-0.1067282079824023,-0.0043863486545197,0.9605240862468398,HEALTHY_SYSTEMATIC,0.0231725194630529,-0.0757061555686696,2025-07-07,2025-01-27,16.0,True,2025-01-02,335.5821739851309,2025-02-04,351.32550206232804,2025-01-28,358.5461702225449,0.04777226423484325,-0.003269071426273959,-0.0009818463654847412,0.047700498189422846,-0.0032641604526741502,-0.000980371383463484,-0.1355916653422058,-0.0764399246256372,-0.05915174071656859
SLB,2018-02-28,F01,PASS,2018-01-31,-0.0126907424024568,0.0949201804744469,1.0,HEALTHY_SYSTEMATIC,-0.0168010429589657,-0.0441161260306808,2018-08-28,2018-05-21,57.0,True,2018-03-01,51.84533920202348,2018-04-02,50.95868180968638,2018-05-22,59.37395713757635,0.042960240676167785,-0.006238386004380536,-0.007094419255045378,0.042895703509403395,-0.0062290143679192694,-0.007083761639739852,-0.1634105991132596,-0.04192693124358304,-0.12148366786967657
SLB,2020-01-31,F02,PASS,2019-12-31,-0.0858060576073997,0.1119634354717239,1.0,HEALTHY_SYSTEMATIC,-0.4469216920886368,-0.6350941975339217,2020-07-31,2020-04-29,61.0,True,2020-02-03,28.710840137830132,2020-03-04,23.706990208767735,2020-04-30,15.900496616774909,0.04996295337966841,0.022292715679771525,0.01645234051057093,0.04988789636407552,0.022259226372290646,0.01642762492642886,-0.1369863067344057,-0.6343303128853179,0.49734400615091223
SLB,2022-04-29,F03,PASS,2022-03-31,0.1990293053612234,-0.2129499409349487,0.0,HEALTHY_FIRM_SPECIFIC,0.3039639936475806,-0.1939465803392212,2022-10-28,2022-05-26,19.0,True,2022-05-02,34.76301190634464,2022-06-01,42.80670981976646,2022-05-27,41.94410832556555,0.05489766709010622,-0.011340370668296233,0.0011062473584036864,0.05481519688416214,-0.011323334558128548,0.0011045854945703273,-0.3202737514717312,-0.1798607244731717,-0.1404130269985595
SLB,2023-03-31,F03,PASS,2023-02-28,-0.0584873245931863,-0.0115259049829702,0.8353753275952936,HEALTHY_SYSTEMATIC,0.191412674714567,-0.1276985331254335,2023-10-02,2023-04-17,10.0,True,2023-04-03,48.17588804149765,2023-05-03,41.90850612867629,2023-04-18,47.66896697792495,0.056468110728989294,0.0005941743040423705,-0.007761725986763439,0.056383281318780495,0.0005932817036857704,-0.007750065907664638,-0.17188706001788046,-0.18060071137667755,0.008713651358797092
SO,2018-09-28,F01,PASS,2018-08-31,0.0144549090147489,-0.0620434833547597,0.0,HEALTHY_FIRM_SPECIFIC,0.2144704844968112,-0.0185781878663714,2019-04-02,2018-10-19,15.0,True,2018-10-01,32.05235950681331,2018-10-30,33.90224585049533,2018-10-22,33.202094045100345,0.0586808989048167,-0.002104913873634054,0.0012118824661820418,0.0585927453260914,-0.0021017517596526245,0.0012100619116509753,-0.0327604085339569,-0.016095615260512952,-0.016664793273443945
SO,2020-02-28,F02,PASS,2020-01-31,-0.0029270177368511,-0.0189492011690691,0.1337990696399087,HEALTHY_FIRM_SPECIFIC,-0.1146599365102011,-0.2837972052824465,2020-08-27,2020-04-09,29.0,True,2020-03-02,47.774296161325175,2020-03-31,44.89176581980009,2020-04-13,47.254505861911,0.044465795241717,0.00048379339685787615,-0.00234032039068445,0.044398996350517625,0.0004830666165921843,-0.002336804636467099,-0.14129576407850697,-0.28733929548580084,0.14604353140729387
SO,2022-09-30,F03,PASS,2022-08-31,-0.0811676951219622,0.0170674922284124,1.0,HEALTHY_SYSTEMATIC,0.0356946828447681,-0.0955882173844632,2023-04-03,2022-12-06,46.0,True,2022-10-03,60.475361078733485,2022-11-01,57.4197247689959,2022-12-07,60.30381392997342,0.050903449956989366,0.0001443950320660914,-0.0025567884358196347,0.050826980077234254,0.0001441781141411011,-0.0025529474917498005,-0.07871006609109699,-0.11216978927834698,0.03345972318724999
SO,2024-12-31,F04,PASS,2024-11-30,-0.066945003037071,-0.0237587779509964,0.7380618790949629,HEALTHY_SYSTEMATIC,0.1323526148764375,-0.0165209723658941,2025-07-07,2025-01-27,16.0,True,2025-01-02,78.90834959522375,2025-02-04,79.6986618610829,2025-01-28,82.02202193971135,0.0540256844503344,-0.0021318185011843446,-0.001574946373519702,0.053944524183258284,-0.0021286159696352405,-0.0015725804050066433,-0.03842586838480999,-0.023048214600268846,-0.015377653784541145
TMUS,2018-05-31,F01,PASS,2018-04-30,,,,EXCLUDED_UNKNOWN_OR_MIDDLE,0.2373424731032476,0.0210052772567941,2018-11-28,,,False,2018-06-01,53.552466583104255,2018-07-02,56.86123953986212,,,0.05,-0.011443394484454653,-0.00786798452704341,0.05,-0.011351090937407403,-0.007781052151689817,,0.015535695178571451,
TMUS,2020-02-28,F02,PASS,2020-01-31,-0.0343106102862445,0.1734350179593948,1.0,HEALTHY_SYSTEMATIC,0.2781719921267025,-0.1756876718095458,2020-08-27,2020-04-01,23.0,True,2020-03-02,86.33422972765617,2020-03-31,79.41065692301453,2020-04-02,81.33280699195953,0.06764675117430058,0.0039188396118947505,-0.0016374024906964796,0.06754512861369823,0.003912952521841831,-0.0016349426972702835,-0.03609636972507002,-0.1767834156371354,0.14068704591206538
TMUS,2021-02-26,F02,PASS,2021-01-31,0.0814525266163981,-0.1467096696123136,0.0,HEALTHY_FIRM_SPECIFIC,0.1467868571289319,-0.011336036852013,2021-08-26,2021-03-18,14.0,True,2021-03-01,115.0517300199427,2021-03-30,118.13098756803292,2021-03-19,119.27854568083411,0.05506840695436929,-0.0020231247708724018,-0.0005349502146769908,0.05498568025388702,-0.0020200855248470595,-0.0005341465839088233,-0.0190009633995587,-0.014130073660438724,-0.004870889739119977
TMUS,2024-12-31,F04,PASS,2024-11-30,0.0182075552085517,0.0539707131816872,,EXCLUDED_UNKNOWN_OR_MIDDLE,0.0841492496487923,-0.0427218392134591,2025-07-07,2025-01-29,18.0,True,2025-01-02,216.54500323320644,2025-02-04,230.3166719660704,2025-01-30,233.14311578030257,0.049944672855224755,-0.0038282448858270174,-0.0006129205082743422,0.049869643301611505,-0.0038224938920075405,-0.0006119997463690727,-0.06965832993158727,-0.048969147636191424,-0.020689182295395847
TSLA,2020-09-30,F02,PASS,2020-08-31,0.2061786121439158,0.4439859508291303,,EXCLUDED_UNKNOWN_OR_MIDDLE,0.5425048756068658,-0.0954989114155318,2021-04-01,2020-11-18,35.0,True,2020-10-01,146.9199982,2020-10-30,135.6333313,2020-11-19,164.0,0.06715013817307929,-0.00780645585977445,-0.014043935251444803,0.0670492616510366,-0.007794728585072741,-0.014022837702243843,-0.004857691463414637,-0.11961158463994592,0.11475389317653129
TSLA,2021-04-30,F02,PASS,2021-03-31,0.1816654523226409,-0.2936809275628441,0.0,HEALTHY_FIRM_SPECIFIC,0.5181552043642905,-0.205767884323418,2021-10-28,2021-06-14,30.0,True,2021-05-03,234.6000061,2021-06-02,206.7100067,2021-06-15,205.5633392,0.0871932752189161,0.010791994981332154,0.00048368096207936084,0.08706228882649909,0.010775782670393738,0.00048295435071919746,-0.02810166599979025,-0.1994032292567789,0.17130156325698864
TSLA,2024-12-31,F04,PASS,2024-11-30,0.3964534811688566,0.0515282109172566,,EXCLUDED_UNKNOWN_OR_MIDDLE,-0.2721374675785177,-0.450624002989572,2025-07-07,2025-04-02,62.0,True,2025-01-02,390.1000061,2025-02-04,382.6300049,2025-04-03,265.2900085,0.055316650268115934,0.017698207842205896,0.016963791287139554,0.055233550643276494,0.017671620649653753,0.016938307374339635,-0.16370766522856062,-0.43127403965452027,0.26756637442595965
UNH,2018-03-29,F01,PASS,2018-02-28,-0.016857668925488,-0.0093953861312512,0.6421221792684508,EXCLUDED_UNKNOWN_OR_MIDDLE,0.2452444101400519,0.0149531736517543,2018-09-27,2018-04-16,11.0,True,2018-04-02,190.27786863780895,2018-05-01,206.42616115600768,2018-04-17,208.43815179065965,0.05559370331423542,-0.005305910776328075,-0.0005418596644314252,0.055510187485521,-0.005297939953929992,-0.0005410456539190062,-0.04220455043899429,-0.005767690933610181,-0.03643685950538411
UNH,2018-12-31,F01,PASS,2018-11-30,-0.1104373666064563,0.0479157794654721,1.0,HEALTHY_SYSTEMATIC,-0.0125814686421062,-0.1262539001397318,2019-07-02,2019-01-22,14.0,True,2019-01-02,215.55812074799925,2019-02-01,236.20770084240453,2019-01-23,235.57424603341212,0.04586680533610832,-0.00425906348999245,0.00012300423868340238,0.04579790177275913,-0.004252665297468677,0.0001228194551500736,-0.18704895197738391,-0.11156058730031615,-0.07548836467706777
UNH,2020-02-28,F02,PASS,2020-01-31,-0.0735483489582015,-0.0212851265053739,0.7755526052237812,HEALTHY_SYSTEMATIC,0.2330098986949897,-0.2324128976343272,2020-08-27,2020-04-15,32.0,True,2020-03-02,230.24417713820893,2020-03-31,218.78718391241,2020-04-16,254.6946336784954,0.05513385715368386,-0.005854862411679207,-0.00904859311571466,0.055051032130418426,-0.005846066924831424,-0.009034999836121702,-0.03263487674808119,-0.2395116811362672,0.206876804388186
UNH,2023-02-28,F03,PASS,2023-01-31,-0.0889508119614285,-0.0298312522042135,0.7488572671829161,HEALTHY_SYSTEMATIC,0.0434414109385368,-0.0520039139743825,2023-08-29,2023-04-03,24.0,True,2023-03-01,442.3661607736735,2023-03-30,437.3426772507743,2023-04-04,462.14519020410603,0.050109607718528515,-0.0022404955299446805,-0.002841808630106607,0.05003433039095937,-0.0022371297379617863,-0.0028375395134865172,-0.08811220059679037,-0.04733996885532077,-0.0407722317414696
UNH,2024-02-29,F04,PASS,2024-01-31,0.0907174502408337,-0.1781365877183748,0.0,HEALTHY_FIRM_SPECIFIC,0.2083094062168391,-0.1067031033355612,2024-08-29,2024-04-26,40.0,True,2024-03-01,464.01541357400026,2024-04-02,437.46104421544544,2024-04-29,471.8315437381563,0.05983221998828822,-0.0010078467347384781,-0.004700906093794727,0.05974233683357372,-0.00100633269357462,-0.004693844141725925,-0.028363282225961295,-0.0990736752038277,0.07071039297786641
UNH,2024-12-31,F04,PASS,2024-11-30,-0.1745340514396355,0.0359205243228947,1.0,HEALTHY_SYSTEMATIC,-0.3927704484307617,-0.4553384630458954,2025-07-07,2025-01-23,14.0,True,2025-01-02,489.1717351008246,2025-02-04,524.9929694851168,2025-01-24,508.53649247521207,0.02903867569566762,-0.0011495490621595793,0.0009102489495287983,0.028995052246951047,-0.0011478221481953897,0.0009088815249676634,-0.478285939503285,-0.457632934688436,-0.020653004814848996
UNP,2018-10-31,F01,PASS,2018-09-30,-0.0791706273043953,0.0593661565791004,1.0,HEALTHY_SYSTEMATIC,0.2243429155403131,-0.1185304312038975,2019-05-06,2018-12-06,24.0,True,2018-11-01,124.06006060556471,2018-12-03,133.05586829839143,2018-12-07,128.69132699208907,0.05854917918760119,-0.0021856900940282684,0.001920548971514037,0.05846122348526629,-0.002182406633696725,0.0019176638203299984,-0.15568017177506177,-0.12416100258517682,-0.031519169189884955
UNP,2020-02-28,F02,PASS,2020-01-31,-0.1287475094821761,0.0317749995477986,1.0,HEALTHY_SYSTEMATIC,0.2235217663381699,-0.2864025139162446,2020-08-27,2020-04-06,26.0,True,2020-03-02,139.94607277623854,2020-03-31,120.0160126702662,2020-04-07,132.74789791844046,0.06408380492888593,0.0032961727634093774,-0.006798323260935157,0.06398753481632376,0.003291221076734248,-0.006788110456837609,-0.05474919928981303,-0.289868520648664,0.23511932135885094
UNP,2022-04-29,F03,PASS,2022-03-31,-0.0312568363925677,-0.0123442448892382,0.716882138553997,HEALTHY_SYSTEMATIC,-0.1423112451133318,-0.1949859233632666,2022-10-28,,,False,2022-05-02,213.40794690436644,2022-06-01,201.6237157145899,,,0.05,0.007396281717044748,0.004906237011683114,0.05,0.007460283296838871,0.004973979269552391,,-0.1990540878189635,
UNP,2024-06-28,F04,PASS,2024-05-31,-0.0556743711814847,-0.0220008088179512,0.7167588305799746,HEALTHY_SYSTEMATIC,0.0275218887872443,-0.0198001579538364,2024-12-27,2024-07-23,16.0,True,2024-07-01,216.18153283579264,2024-07-31,234.7080846704956,2024-07-24,227.71045696472484,0.04872761319035022,-0.002598635267713721,0.0014527735445311607,0.048654411968732256,-0.0025947314590992338,0.0014505911105634067,-0.052763669375913036,-0.0192800850337137,-0.033483584342199335
UNP,2024-12-31,F04,PASS,2024-11-30,-0.0452729462173789,-0.022953021656943,0.6635735282022752,EXCLUDED_UNKNOWN_OR_MIDDLE,0.0440172275930681,-0.0816740384769385,2025-07-07,2025-01-27,16.0,True,2025-01-02,222.2974433158473,2025-02-04,234.58285964758898,2025-01-28,245.51507670811614,0.04679538729502881,-0.004887497266990656,-0.0021807958693539076,0.046725088766293166,-0.0048801550077012396,-0.0021775197613879277,-0.17553130620711688,-0.08942050083591857,-0.0861108053711983
V,2018-12-31,F01,PASS,2018-11-30,-0.1844551042586466,0.0573610840535267,1.0,HEALTHY_SYSTEMATIC,0.3328483977977763,-0.0288769104521916,2019-07-02,2019-02-20,34.0,True,2019-01-02,123.29863233476931,2019-02-01,128.41077832659656,2019-02-21,137.1478353646756,0.06071573445954108,-0.006819739341122802,-0.004131092747780646,0.06062452404222579,-0.006809494364646396,-0.00412488679973691,-0.002424704435118108,-0.014384775412218054,0.011960070977099946
WMT,2018-02-28,F01,PASS,2018-01-31,-0.0301698453261955,-0.035438712718968,0.4598461881364202,EXCLUDED_UNKNOWN_OR_MIDDLE,0.086729052528321,-0.0732865636647844,2018-08-28,,,False,2018-03-01,26.340572895492112,2018-04-02,25.859932021478276,,,0.05,-0.004158679012241276,-0.005165289346493435,0.05,-0.004077318953635008,-0.005082417104110129,,-0.07493090614706766,
WMT,2020-02-28,F02,PASS,2020-01-31,-0.0476899058396533,-0.0493895522935628,0.4912461066089948,EXCLUDED_UNKNOWN_OR_MIDDLE,0.2853353053888146,-0.0337106767190984,2020-08-27,2020-03-26,19.0,True,2020-03-02,32.8299907710883,2020-03-31,35.03161411691014,2020-03-27,33.744478367107114,0.06247773685671559,-0.0017403329711901672,0.002295564469472919,0.06238387946534347,-0.001737718550101748,0.002292115949989487,-0.004813357176249644,-0.0329923303555163,0.028178973179266653
WMT,2021-02-26,F02,PASS,2021-01-31,-0.079898487500072,-0.0691947455845658,0.5358961359078915,EXCLUDED_UNKNOWN_OR_MIDDLE,0.1475748091140003,-0.0183961404578953,2021-08-26,2021-04-05,25.0,True,2021-03-01,40.816752526491655,2021-03-30,42.46678978997508,2021-04-06,43.33274956261231,0.053285302842067166,-0.0032845744877037578,-0.0010865650302796098,0.05320525481576461,-0.0032796402245775097,-0.0010849327342902088,-0.024506734821382326,-0.0307798947423914,0.006273159921009075
WMT,2022-02-28,F03,PASS,2022-01-31,0.0403199895829879,-0.1058863095792632,0.0,HEALTHY_FIRM_SPECIFIC,-0.0051650728356078,-0.1182362125171933,2022-08-29,2022-03-14,10.0,True,2022-03-01,42.81778485387178,2022-03-30,46.545551236019875,2022-03-15,45.5468723896101,0.04644716132058898,-0.0029604139836529736,0.000996567797670822,0.04637738591550046,-0.0029559666917396213,0.000995070700328296,-0.17540188448663951,-0.12284427444863855,-0.05255761003800097
WMT,2025-03-31,F04,PASS,2025-02-28,0.0073810726859275,-0.0600299889206205,0.0,HEALTHY_FIRM_SPECIFIC,0.1795245717465903,-0.0683448937174219,2025-09-30,2025-04-23,16.0,True,2025-04-01,86.60476984747923,2025-05-01,95.98349095007362,2025-04-24,93.69816846209194,0.054585124977594594,-0.004470816683381569,0.0012996465578176755,0.054503124289095456,-0.00446410038390728,0.0012976941593833002,-0.002450845260490331,-0.06568418226267947,0.06323333700218914
XOM,2018-12-31,F01,PASS,2018-11-30,-0.2313663032953432,0.0208636703185917,1.0,HEALTHY_SYSTEMATIC,0.1356245758343301,0.0063062614086,2019-07-02,2019-02-12,29.0,True,2019-01-02,47.99714333126558,2019-02-01,53.39190479626774,2019-02-13,54.46025074092774,0.05059079835633557,-0.006812358841043031,-0.0010122971725271962,0.05051479815850432,-0.006802124951947826,-0.0010107764456781312,-0.05290805039871649,0.018856682833973126,-0.07176473323268961
XOM,2022-06-30,F03,PASS,2022-05-31,-0.0426398403118507,0.0747892125661505,1.0,HEALTHY_SYSTEMATIC,0.2978589043581676,-0.0291919702505021,2022-12-29,2022-07-29,20.0,True,2022-07-01,75.84269866326161,2022-08-02,82.79393416548601,2022-08-01,82.88136543820809,0.05854093495707556,-0.005432957174772435,-6.181984829236459e-05,0.05845299163966384,-0.00542479549649285,-6.172697921630332e-05,-0.10543352491849378,-0.04150339503657963,-0.06393012988191416
XOM,2023-05-31,F03,PASS,2023-04-30,-0.0947004795815963,0.0215377300008363,1.0,HEALTHY_SYSTEMATIC,0.0190098147768664,-0.0123312170477474,2023-11-29,2023-08-14,51.0,True,2023-06-01,92.04317941942328,2023-07-03,97.23558727220437,2023-08-15,101.00584223812763,0.046555719773021115,-0.004533342081831898,-0.001805171733832274,0.0464857812856305,-0.004526531853366447,-0.0018024599084935158,-0.07060941822863642,-0.008157269491984143,-0.06245214873665228
