PRICE_EXTENSION,TREND_POSITION,RELATIVE_POSITION,PARTICIPATION,DOWNSIDE_RISK_CONTEXT,last_observed_session,HERD_STATE,HERD_STAGE,ticker,sector_etf,universe_role,signal_date
48.41269841269841,57.936507936507944,45.17195767195767,84.3915343915344,74.07407407407408,2026-07-17,58.97817460317461,CALM,A,XLV,INDEPENDENT_CURRENT_CONSTITUENTS,2026-07-17
24.007936507936506,13.293650793650794,38.888888888888886,54.1005291005291,59.39153439153439,2026-07-17,32.57275132275132,SCATTER,ABT,XLV,INDEPENDENT_CURRENT_CONSTITUENTS,2026-07-17
67.46031746031746,53.902116402116405,54.16666666666667,73.71031746031747,71.42857142857143,2026-07-17,62.3098544973545,DRIFT,ACGL,XLF,INDEPENDENT_CURRENT_CONSTITUENTS,2026-07-17
22.552910052910054,11.243386243386242,45.50264550264551,30.324074074074076,99.33862433862434,2026-07-17,27.40575396825397,SCATTER,ACN,XLK,INDEPENDENT_CURRENT_CONSTITUENTS,2026-07-17
46.95767195767196,37.43386243386243,49.66931216931217,48.31349206349206,71.42857142857143,2026-07-17,45.59358465608466,CALM,ADBE,XLK,INDEPENDENT_CURRENT_CONSTITUENTS,2026-07-17
43.25396825396825,70.76719576719577,78.17460317460318,43.02248677248677,89.81481481481481,2026-07-17,58.804563492063494,CALM,ADI,XLK,INDEPENDENT_CURRENT_CONSTITUENTS,2026-07-17
98.87566137566138,96.6931216931217,77.64550264550265,90.21164021164022,19.113756613756614,2026-07-17,90.85648148148148,RUSH,ADM,XLP,INDEPENDENT_CURRENT_CONSTITUENTS,2026-07-17
47.94973544973545,29.76190476190476,53.43915343915344,51.88492063492063,39.285714285714285,2026-07-17,45.75892857142857,CALM,ADP,XLI,INDEPENDENT_CURRENT_CONSTITUENTS,2026-07-17
12.3015873015873,11.243386243386244,47.61904761904762,46.52777777777778,94.51058201058201,2026-07-17,29.422949735449734,SCATTER,ADSK,XLK,INDEPENDENT_CURRENT_CONSTITUENTS,2026-07-17
41.20370370370371,48.87566137566138,65.2116402116402,25.992063492063494,70.1058201058201,2026-07-17,45.320767195767196,CALM,AEE,XLU,INDEPENDENT_CURRENT_CONSTITUENTS,2026-07-17
44.77513227513228,55.15873015873015,67.46031746031747,25.0,71.29629629629629,2026-07-17,48.098544973544975,CALM,AEP,XLU,INDEPENDENT_CURRENT_CONSTITUENTS,2026-07-17
77.44708994708994,97.15608465608466,62.5,56.74603174603175,1.3227513227513228,2026-07-17,73.46230158730158,DRIFT,AES,XLU,INDEPENDENT_CURRENT_CONSTITUENTS,2026-07-17
85.1521164021164,67.46031746031747,57.20899470899471,63.19444444444444,47.94701986754967,2026-07-17,68.25396825396825,DRIFT,AFL,XLF,INDEPENDENT_CURRENT_CONSTITUENTS,2026-07-17
42.39417989417989,38.55820105820106,60.78042328042328,59.09391534391534,24.867724867724867,2026-07-17,50.20667989417989,CALM,AIG,XLF,INDEPENDENT_CURRENT_CONSTITUENTS,2026-07-17
85.38359788359789,79.49735449735451,56.216931216931215,49.37169312169313,5.555555555555555,2026-07-17,67.61739417989419,DRIFT,AIZ,XLF,INDEPENDENT_CURRENT_CONSTITUENTS,2026-07-17
38.359788359788354,25.198412698412696,45.63492063492063,52.87698412698413,48.148148148148145,2026-07-17,40.517526455026456,CALM,AJG,XLF,INDEPENDENT_CURRENT_CONSTITUENTS,2026-07-17
58.994708994709,69.44444444444444,79.96031746031747,51.62037037037037,62.632275132275126,2026-07-17,65.00496031746032,DRIFT,AKAM,XLK,INDEPENDENT_CURRENT_CONSTITUENTS,2026-07-17
49.60317460317461,53.37301587301587,42.98941798941799,21.82539682539683,22.288359788359788,2026-07-17,41.94775132275132,CALM,ALB,XLB,INDEPENDENT_CURRENT_CONSTITUENTS,2026-07-17
80.48941798941799,66.73280423280423,67.26190476190476,71.56084656084657,29.232804232804234,2026-07-17,71.5112433862434,DRIFT,ALGN,XLV,INDEPENDENT_CURRENT_CONSTITUENTS,2026-07-17
68.05555555555554,72.02380952380952,66.86507936507937,73.57804232804233,52.64550264550265,2026-07-17,70.1306216931217,DRIFT,ALL,XLF,INDEPENDENT_CURRENT_CONSTITUENTS,2026-07-17
45.304232804232804,59.52380952380952,86.57407407407408,61.73941798941799,97.75132275132276,2026-07-17,63.285383597883595,DRIFT,AMAT,XLK,INDEPENDENT_CURRENT_CONSTITUENTS,2026-07-17
71.2962962962963,78.9021164021164,91.93121693121694,57.30820105820105,80.29100529100529,2026-07-17,74.85945767195767,DRIFT,AMD,XLK,INDEPENDENT_CURRENT_CONSTITUENTS,2026-07-17
68.45238095238095,66.00529100529101,68.25396825396825,54.33201058201058,66.005291005291,2026-07-17,64.2609126984127,DRIFT,AME,XLI,INDEPENDENT_CURRENT_CONSTITUENTS,2026-07-17
65.60846560846562,66.07142857142857,63.955026455026456,55.75396825396826,41.269841269841265,2026-07-17,62.84722222222222,DRIFT,AMGN,XLV,INDEPENDENT_CURRENT_CONSTITUENTS,2026-07-17
63.82275132275132,35.383597883597886,43.716931216931215,63.26058201058201,41.7989417989418,2026-07-17,51.54596560846561,CALM,AMP,XLF,INDEPENDENT_CURRENT_CONSTITUENTS,2026-07-17
80.22486772486772,56.48148148148148,60.71428571428571,62.533068783068785,45.10582010582011,2026-07-17,64.98842592592592,DRIFT,AON,XLF,INDEPENDENT_CURRENT_CONSTITUENTS,2026-07-17
18.32010582010582,20.8994708994709,36.111111111111114,63.52513227513227,68.91534391534393,2026-07-17,34.713955026455025,SCATTER,AOS,XLI,INDEPENDENT_CURRENT_CONSTITUENTS,2026-07-17
71.95767195767195,84.65608465608466,79.62962962962963,33.267195767195766,69.24603174603175,2026-07-17,67.37764550264549,DRIFT,APA,XLE,INDEPENDENT_CURRENT_CONSTITUENTS,2026-07-17
14.68253968253968,15.013227513227513,46.42857142857143,40.50925925925926,56.34920634920635,2026-07-17,29.158399470899468,SCATTER,APH,XLK,INDEPENDENT_CURRENT_CONSTITUENTS,2026-07-17
17.195767195767196,3.902116402116402,22.75132275132275,46.19708994708995,46.524064171122994,2026-07-17,22.511574074074076,SCATTER,APO,XLF,INDEPENDENT_CURRENT_CONSTITUENTS,2026-07-17
22.751322751322753,30.886243386243383,11.640211640211641,38.19444444444444,67.06349206349206,2026-07-17,25.868055555555557,SCATTER,APTV,XLY,INDEPENDENT_CURRENT_CONSTITUENTS,2026-07-17
62.764550264550266,58.664021164021165,67.26190476190476,76.02513227513228,82.47354497354497,2026-07-17,66.17890211640213,DRIFT,ARE,XLRE,INDEPENDENT_CURRENT_CONSTITUENTS,2026-07-17
20.436507936507937,37.169312169312164,45.43650793650794,20.105820105820104,52.91777188328912,2026-07-17,30.787037037037035,SCATTER,ATO,XLU,INDEPENDENT_CURRENT_CONSTITUENTS,2026-07-17
78.7037037037037,53.769841269841265,71.89153439153439,62.00396825396825,53.57142857142857,2026-07-17,66.5922619047619,DRIFT,AVB,XLRE,INDEPENDENT_CURRENT_CONSTITUENTS,2026-07-17
25.85978835978836,24.20634920634921,35.78042328042328,40.542328042328045,48.28042328042328,2026-07-17,31.59722222222222,SCATTER,AVY,XLB,INDEPENDENT_CURRENT_CONSTITUENTS,2026-07-17
68.51851851851852,59.98677248677248,66.07142857142857,49.140211640211646,12.632275132275133,2026-07-17,60.9292328042328,DRIFT,AWK,XLU,INDEPENDENT_CURRENT_CONSTITUENTS,2026-07-17
21.42857142857143,13.69047619047619,41.9973544973545,60.3505291005291,52.45033112582781,2026-07-17,34.36673280423281,SCATTER,AXON,XLI,INDEPENDENT_CURRENT_CONSTITUENTS,2026-07-17
35.11904761904762,29.82804232804233,31.547619047619047,54.39814814814815,51.32275132275132,2026-07-17,37.72321428571429,SCATTER,AXP,XLF,INDEPENDENT_CURRENT_CONSTITUENTS,2026-07-17
4.298941798941799,6.415343915343915,23.015873015873012,40.707671957671955,99.07407407407408,2026-07-17,18.60945767195767,SCATTER,AZO,XLY,INDEPENDENT_CURRENT_CONSTITUENTS,2026-07-17
76.71957671957672,67.79100529100529,74.2063492063492,53.24074074074075,83.33333333333334,2026-07-17,67.989417989418,DRIFT,BALL,XLB,INDEPENDENT_CURRENT_CONSTITUENTS,2026-07-17
93.12169312169313,81.6137566137566,79.1005291005291,83.06878306878308,55.952380952380956,2026-07-17,84.22619047619048,RUSH,BAX,XLV,INDEPENDENT_CURRENT_CONSTITUENTS,2026-07-17
96.0978835978836,86.44179894179894,51.05820105820106,62.070105820105816,70.96560846560847,2026-07-17,73.91699735449735,DRIFT,BBY,XLY,INDEPENDENT_CURRENT_CONSTITUENTS,2026-07-17
77.84391534391534,71.89153439153439,56.94444444444444,66.99735449735451,74.73544973544973,2026-07-17,68.41931216931218,DRIFT,BDX,XLV,INDEPENDENT_CURRENT_CONSTITUENTS,2026-07-17
85.44973544973546,83.99470899470899,65.74074074074075,83.63095238095238,35.978835978835974,2026-07-17,79.7040343915344,RUSH,BEN,XLF,INDEPENDENT_CURRENT_CONSTITUENTS,2026-07-17
82.73809523809524,85.51587301587301,68.18783068783068,59.65608465608466,80.02645502645503,2026-07-17,74.0244708994709,DRIFT,BF-B,XLP,INDEPENDENT_CURRENT_CONSTITUENTS,2026-07-17
65.87301587301587,73.34656084656085,59.58994708994709,53.968253968253975,40.145502645502646,2026-07-17,63.19444444444444,DRIFT,BG,XLP,INDEPENDENT_CURRENT_CONSTITUENTS,2026-07-17
83.99470899470899,83.39947089947091,75.72751322751323,72.22222222222223,99.60317460317461,2026-07-17,78.83597883597884,RUSH,BIIB,XLV,INDEPENDENT_CURRENT_CONSTITUENTS,2026-07-17
17.460317460317462,11.044973544973544,13.690476190476192,52.81084656084656,66.53439153439153,2026-07-17,23.751653439153436,SCATTER,BKNG,XLY,INDEPENDENT_CURRENT_CONSTITUENTS,2026-07-17
21.69312169312169,52.51322751322752,52.11640211640212,19.51058201058201,74.07407407407408,2026-07-17,36.458333333333336,SCATTER,BKR,XLE,INDEPENDENT_CURRENT_CONSTITUENTS,2026-07-17
20.072751322751323,9.656084656084655,33.0026455026455,42.9563492063492,71.56084656084656,2026-07-17,26.42195767195767,SCATTER,BLDR,XLI,INDEPENDENT_CURRENT_CONSTITUENTS,2026-07-17
25.264550264550266,16.402116402116402,33.33333333333333,47.652116402116405,65.73705179282868,2026-07-17,30.6630291005291,SCATTER,BLK,XLF,INDEPENDENT_CURRENT_CONSTITUENTS,2026-07-17
85.44973544973544,81.67989417989418,65.93915343915344,62.56613756613757,59.98677248677249,2026-07-17,73.90873015873015,DRIFT,BMY,XLV,INDEPENDENT_CURRENT_CONSTITUENTS,2026-07-17
55.35714285714286,58.597883597883595,62.764550264550266,48.0489417989418,40.64171122994652,2026-07-17,56.192129629629626,CALM,BNY,XLF,INDEPENDENT_CURRENT_CONSTITUENTS,2026-07-17
14.88095238095238,6.6798941798941796,38.22751322751323,64.6494708994709,74.3046357615894,2026-07-17,31.10945767195767,SCATTER,BR,XLI,INDEPENDENT_CURRENT_CONSTITUENTS,2026-07-17
23.082010582010582,16.6005291005291,34.1931216931217,46.66005291005291,11.375661375661375,2026-07-17,30.133928571428573,SCATTER,BRK-B,XLF,INDEPENDENT_CURRENT_CONSTITUENTS,2026-07-17
33.33333333333333,25.727513227513228,34.854497354497354,55.05952380952381,50.92592592592593,2026-07-17,37.24371693121693,SCATTER,BRO,XLF,INDEPENDENT_CURRENT_CONSTITUENTS,2026-07-17
7.076719576719576,1.7857142857142856,31.613756613756614,42.592592592592595,88.41544607190413,2026-07-17,20.767195767195766,SCATTER,BSX,XLV,INDEPENDENT_CURRENT_CONSTITUENTS,2026-07-17
24.272486772486772,9.126984126984127,26.38888888888889,57.638888888888886,65.07936507936508,2026-07-17,29.356812169312168,SCATTER,BX,XLF,INDEPENDENT_CURRENT_CONSTITUENTS,2026-07-17
84.1931216931217,57.01058201058201,65.87301587301587,83.16798941798942,10.052910052910052,2026-07-17,72.56117724867724,DRIFT,BXP,XLRE,INDEPENDENT_CURRENT_CONSTITUENTS,2026-07-17
30.09259259259259,48.28042328042328,45.37037037037037,43.220899470899475,64.15343915343915,2026-07-17,41.74107142857143,CALM,C,XLF,INDEPENDENT_CURRENT_CONSTITUENTS,2026-07-17
41.13756613756614,30.952380952380953,41.86507936507937,59.25925925925927,63.49206349206349,2026-07-17,43.30357142857143,CALM,CAH,XLV,INDEPENDENT_CURRENT_CONSTITUENTS,2026-07-17
29.034391534391535,27.91005291005291,77.11640211640211,54.8941798941799,74.27248677248677,2026-07-17,47.238756613756614,CALM,CASY,XLP,INDEPENDENT_CURRENT_CONSTITUENTS,2026-07-17
66.86507936507937,65.47619047619047,64.48412698412699,48.37962962962963,38.22751322751323,2026-07-17,61.30125661375661,DRIFT,CB,XLF,INDEPENDENT_CURRENT_CONSTITUENTS,2026-07-17
4.166666666666666,5.753968253968254,33.13492063492063,39.980158730158735,97.22222222222221,2026-07-17,20.758928571428573,SCATTER,CBOE,XLF,INDEPENDENT_CURRENT_CONSTITUENTS,2026-07-17
13.293650793650793,9.788359788359788,47.22222222222222,48.18121693121693,61.6710875331565,2026-07-17,29.621362433862437,SCATTER,CBRE,XLRE,INDEPENDENT_CURRENT_CONSTITUENTS,2026-07-17
25.0,33.333333333333336,52.31481481481482,65.4431216931217,81.81216931216932,2026-07-17,44.02281746031746,CALM,CCI,XLRE,INDEPENDENT_CURRENT_CONSTITUENTS,2026-07-17
9.193121693121693,4.232804232804233,9.788359788359788,36.14417989417989,28.968253968253972,2026-07-17,14.839616402116402,FLEE,CCL,XLY,INDEPENDENT_CURRENT_CONSTITUENTS,2026-07-17
21.626984126984127,28.902116402116402,54.56349206349207,52.480158730158735,89.68253968253968,2026-07-17,39.393187830687836,SCATTER,CDNS,XLK,INDEPENDENT_CURRENT_CONSTITUENTS,2026-07-17
78.17460317460318,87.6984126984127,81.15079365079364,35.84656084656085,83.5978835978836,2026-07-17,70.7175925925926,DRIFT,CF,XLB,INDEPENDENT_CURRENT_CONSTITUENTS,2026-07-17
62.764550264550266,53.17460317460318,68.3862433862434,59.25925925925927,80.21390374331551,2026-07-17,60.896164021164026,DRIFT,CHD,XLP,INDEPENDENT_CURRENT_CONSTITUENTS,2026-07-17
86.01190476190476,80.88624338624338,64.94708994708995,63.19444444444444,79.43121693121694,2026-07-17,73.75992063492063,DRIFT,CHRW,XLI,INDEPENDENT_CURRENT_CONSTITUENTS,2026-07-17
22.61904761904762,21.693121693121693,17.394179894179892,18.75,92.72486772486772,2026-07-17,20.114087301587304,SCATTER,CHTR,XLC,INDEPENDENT_CURRENT_CONSTITUENTS,2026-07-17
57.804232804232804,48.28042328042328,58.267195767195766,63.82275132275133,27.563249001331556,2026-07-17,57.0436507936508,CALM,CI,XLV,INDEPENDENT_CURRENT_CONSTITUENTS,2026-07-17
35.44973544973544,69.84126984126985,75.13227513227514,19.543650793650794,72.83783783783784,2026-07-17,49.991732804232804,CALM,CIEN,XLK,INDEPENDENT_CURRENT_CONSTITUENTS,2026-07-17
56.67989417989418,55.75396825396825,59.65608465608466,71.46164021164022,87.36772486772487,2026-07-17,60.88789682539682,DRIFT,CINF,XLF,INDEPENDENT_CURRENT_CONSTITUENTS,2026-07-17
67.26190476190476,60.25132275132276,67.26190476190476,86.83862433862436,67.54966887417218,2026-07-17,70.40343915343917,DRIFT,CL,XLP,INDEPENDENT_CURRENT_CONSTITUENTS,2026-07-17
42.195767195767196,40.542328042328045,44.047619047619044,64.0873015873016,99.86754966887416,2026-07-17,47.71825396825397,CALM,CLX,XLP,INDEPENDENT_CURRENT_CONSTITUENTS,2026-07-17
33.7962962962963,23.14814814814815,32.27513227513227,28.86904761904762,93.51851851851852,2026-07-17,29.522156084656082,SCATTER,CMCSA,XLC,INDEPENDENT_CURRENT_CONSTITUENTS,2026-07-17
3.8359788359788354,2.91005291005291,26.58730158730159,40.57539682539683,99.47089947089947,2026-07-17,18.47718253968254,SCATTER,CME,XLF,INDEPENDENT_CURRENT_CONSTITUENTS,2026-07-17
42.195767195767196,22.685185185185183,24.735449735449734,45.60185185185185,55.68783068783068,2026-07-17,33.804563492063494,SCATTER,CMG,XLY,INDEPENDENT_CURRENT_CONSTITUENTS,2026-07-17
33.730158730158735,52.57936507936508,56.01851851851852,54.66269841269841,81.67989417989418,2026-07-17,49.24768518518518,CALM,CMI,XLI,INDEPENDENT_CURRENT_CONSTITUENTS,2026-07-17
17.063492063492063,40.27777777777777,55.423280423280424,24.66931216931217,24.074074074074073,2026-07-17,34.35846560846561,SCATTER,CMS,XLU,INDEPENDENT_CURRENT_CONSTITUENTS,2026-07-17
95.8994708994709,92.3941798941799,76.78571428571429,79.82804232804233,23.346560846560845,2026-07-17,86.22685185185185,RUSH,CNC,XLV,INDEPENDENT_CURRENT_CONSTITUENTS,2026-07-17
42.12962962962963,60.317460317460316,63.35978835978836,52.57936507936508,54.4973544973545,2026-07-17,54.59656084656085,CALM,CNP,XLU,INDEPENDENT_CURRENT_CONSTITUENTS,2026-07-17
19.047619047619047,7.936507936507937,22.22222222222222,51.620370370370374,56.08465608465608,2026-07-17,25.206679894179892,SCATTER,COF,XLF,INDEPENDENT_CURRENT_CONSTITUENTS,2026-07-17
25.992063492063494,55.82010582010582,67.32804232804233,38.326719576719576,65.45092838196287,2026-07-17,46.866732804232804,CALM,COHR,XLK,INDEPENDENT_CURRENT_CONSTITUENTS,2026-07-17
53.604497354497354,45.7010582010582,42.26190476190476,71.42857142857143,73.67724867724867,2026-07-17,53.24900793650794,CALM,COO,XLV,INDEPENDENT_CURRENT_CONSTITUENTS,2026-07-17
9.920634920634921,7.142857142857142,33.92857142857143,51.38888888888889,99.33862433862434,2026-07-17,25.595238095238095,SCATTER,COR,XLV,INDEPENDENT_CURRENT_CONSTITUENTS,2026-07-17
74.14021164021165,43.65079365079365,54.2989417989418,70.99867724867725,54.1005291005291,2026-07-17,60.77215608465609,DRIFT,CPAY,XLF,INDEPENDENT_CURRENT_CONSTITUENTS,2026-07-17
11.97089947089947,12.5,35.648148148148145,61.54100529100529,85.84656084656085,2026-07-17,30.415013227513228,SCATTER,CPRT,XLI,INDEPENDENT_CURRENT_CONSTITUENTS,2026-07-17
74.80158730158729,67.3941798941799,65.34391534391534,56.97751322751323,45.5026455026455,2026-07-17,66.12929894179894,DRIFT,CPT,XLRE,INDEPENDENT_CURRENT_CONSTITUENTS,2026-07-17
1.3888888888888888,4.62962962962963,36.11111111111111,42.79100529100529,69.70899470899471,2026-07-17,21.230158730158728,SCATTER,CRH,XLB,INDEPENDENT_CURRENT_CONSTITUENTS,2026-07-17
87.43386243386243,78.24074074074073,63.69047619047619,78.24074074074075,60.84656084656085,2026-07-17,76.90145502645503,RUSH,CRL,XLV,INDEPENDENT_CURRENT_CONSTITUENTS,2026-07-17
48.544973544973544,63.2936507936508,90.8068783068783,46.26322751322752,74.7657295850067,2026-07-17,62.22718253968254,DRIFT,CSCO,XLK,INDEPENDENT_CURRENT_CONSTITUENTS,2026-07-17
10.912698412698413,3.7037037037037033,46.2962962962963,45.46957671957672,62.698412698412696,2026-07-17,26.595568783068785,SCATTER,CSGP,XLRE,INDEPENDENT_CURRENT_CONSTITUENTS,2026-07-17
93.12169312169311,94.97354497354496,82.87037037037038,55.257936507936506,42.37967914438502,2026-07-17,81.55588624338624,RUSH,CSX,XLI,INDEPENDENT_CURRENT_CONSTITUENTS,2026-07-17
43.98148148148148,31.216931216931215,50.52910052910053,70.07275132275132,63.75661375661375,2026-07-17,48.95006613756614,CALM,CTAS,XLI,INDEPENDENT_CURRENT_CONSTITUENTS,2026-07-17
9.722222222222223,4.232804232804233,45.50264550264551,24.305555555555557,93.38624338624338,2026-07-17,20.94080687830688,SCATTER,CTSH,XLK,INDEPENDENT_CURRENT_CONSTITUENTS,2026-07-17
97.94973544973544,95.56878306878306,78.83597883597884,83.39947089947091,1.268357810413885,2026-07-17,88.93849206349205,RUSH,CVS,XLV,INDEPENDENT_CURRENT_CONSTITUENTS,2026-07-17
82.14285714285714,80.35714285714286,77.31481481481481,60.51587301587301,33.86666666666667,2026-07-17,75.08267195767195,RUSH,D,XLU,INDEPENDENT_CURRENT_CONSTITUENTS,2026-07-17
63.16137566137566,68.05555555555556,70.7010582010582,61.342592592592595,46.82539682539682,2026-07-17,65.8151455026455,DRIFT,DAL,XLI,INDEPENDENT_CURRENT_CONSTITUENTS,2026-07-17
36.441798941798936,60.58201058201058,55.68783068783068,21.95767195767196,73.47883597883597,2026-07-17,43.66732804232804,CALM,DD,XLB,INDEPENDENT_CURRENT_CONSTITUENTS,2026-07-17
65.0132275132275,62.632275132275126,68.51851851851852,66.43518518518519,99.60317460317461,2026-07-17,65.6498015873016,DRIFT,DE,XLI,INDEPENDENT_CURRENT_CONSTITUENTS,2026-07-17
44.907407407407405,44.907407407407405,33.664021164021165,43.08862433862434,35.317460317460316,2026-07-17,41.641865079365076,CALM,DECK,XLY,INDEPENDENT_CURRENT_CONSTITUENTS,2026-07-17
66.86507936507937,56.81216931216932,49.93386243386243,70.83333333333334,40.34391534391534,2026-07-17,61.111111111111114,DRIFT,DG,XLP,INDEPENDENT_CURRENT_CONSTITUENTS,2026-07-17
74.14021164021165,77.51322751322752,61.97089947089947,48.677248677248684,21.362433862433864,2026-07-17,65.57539682539684,DRIFT,DGX,XLV,INDEPENDENT_CURRENT_CONSTITUENTS,2026-07-17
28.108465608465607,32.93650793650794,21.957671957671955,37.797619047619044,42.72486772486773,2026-07-17,30.200066137566132,SCATTER,DHI,XLY,INDEPENDENT_CURRENT_CONSTITUENTS,2026-07-17
53.63756613756614,45.767195767195766,38.161375661375665,68.32010582010582,69.84126984126983,2026-07-17,51.47156084656085,CALM,DHR,XLV,INDEPENDENT_CURRENT_CONSTITUENTS,2026-07-17
13.624338624338623,27.116402116402114,57.804232804232804,41.76587301587301,65.14550264550265,2026-07-17,35.07771164021164,SCATTER,DLR,XLRE,INDEPENDENT_CURRENT_CONSTITUENTS,2026-07-17
75.92592592592592,56.48148148148148,51.25661375661376,76.78571428571428,28.968253968253972,2026-07-17,65.11243386243386,DRIFT,DLTR,XLP,INDEPENDENT_CURRENT_CONSTITUENTS,2026-07-17
93.28703703703704,84.85449735449735,94.04761904761905,81.58068783068782,32.804232804232804,2026-07-17,88.4424603174603,RUSH,DOC,XLRE,INDEPENDENT_CURRENT_CONSTITUENTS,2026-07-17
45.23809523809524,43.386243386243386,53.17460317460318,53.207671957671955,64.94708994708994,2026-07-17,48.75165343915344,CALM,DOV,XLI,INDEPENDENT_CURRENT_CONSTITUENTS,2026-07-17
18.51851851851852,11.574074074074074,16.93121693121693,19.477513227513228,90.21164021164022,2026-07-17,16.62533068783069,SCATTER,DPZ,XLY,INDEPENDENT_CURRENT_CONSTITUENTS,2026-07-17
41.402116402116405,19.841269841269842,31.94444444444444,40.0462962962963,68.38624338624338,2026-07-17,33.30853174603175,SCATTER,DRI,XLY,INDEPENDENT_CURRENT_CONSTITUENTS,2026-07-17
47.55291005291005,55.35714285714286,69.9074074074074,19.775132275132275,28.818061088977426,2026-07-17,48.148148148148145,CALM,DTE,XLU,INDEPENDENT_CURRENT_CONSTITUENTS,2026-07-17
95.76719576719577,82.14285714285714,80.55555555555556,86.83862433862434,5.886243386243386,2026-07-17,86.3260582010582,RUSH,DVA,XLV,INDEPENDENT_CURRENT_CONSTITUENTS,2026-07-17
72.61904761904762,82.27513227513228,70.37037037037038,33.73015873015873,84.58994708994709,2026-07-17,64.74867724867725,DRIFT,DVN,XLE,INDEPENDENT_CURRENT_CONSTITUENTS,2026-07-17
84.25925925925927,69.57671957671957,66.7989417989418,83.92857142857143,27.77777777777778,2026-07-17,76.14087301587301,RUSH,DXCM,XLV,INDEPENDENT_CURRENT_CONSTITUENTS,2026-07-17
87.79761904761904,79.23280423280423,40.41005291005291,38.06216931216931,4.166666666666666,2026-07-17,61.37566137566137,DRIFT,EA,XLC,INDEPENDENT_CURRENT_CONSTITUENTS,2026-07-17
57.73809523809524,58.13492063492063,42.857142857142854,50.03306878306878,52.976190476190474,2026-07-17,52.19080687830688,CALM,EBAY,XLY,INDEPENDENT_CURRENT_CONSTITUENTS,2026-07-17
22.15608465608465,39.682539682539684,10.317460317460316,15.31084656084656,52.71164021164021,2026-07-17,21.866732804232804,SCATTER,ECHO,XLC,INDEPENDENT_CURRENT_CONSTITUENTS,2026-07-17
15.211640211640212,9.920634920634921,40.41005291005291,30.753968253968257,70.76719576719577,2026-07-17,24.074074074074076,SCATTER,ECL,XLB,INDEPENDENT_CURRENT_CONSTITUENTS,2026-07-17
77.64550264550265,77.71164021164022,71.03174603174602,34.58994708994709,41.269841269841265,2026-07-17,65.24470899470899,DRIFT,ED,XLU,INDEPENDENT_CURRENT_CONSTITUENTS,2026-07-17
30.886243386243386,17.52645502645503,41.46825396825397,54.728835978835974,80.77436582109479,2026-07-17,36.15244708994709,SCATTER,EFX,XLI,INDEPENDENT_CURRENT_CONSTITUENTS,2026-07-17
99.33862433862433,91.7989417989418,70.03968253968254,58.56481481481482,33.46560846560847,2026-07-17,79.93551587301587,RUSH,EG,XLF,INDEPENDENT_CURRENT_CONSTITUENTS,2026-07-17
88.16137566137566,92.5925925925926,74.2063492063492,40.54232804232804,39.682539682539684,2026-07-17,73.87566137566138,DRIFT,EIX,XLU,INDEPENDENT_CURRENT_CONSTITUENTS,2026-07-17
58.3994708994709,47.15608465608465,46.69312169312169,75.26455026455027,33.2010582010582,2026-07-17,56.87830687830687,CALM,EL,XLP,INDEPENDENT_CURRENT_CONSTITUENTS,2026-07-17
67.72486772486772,65.34391534391534,57.34126984126984,77.44708994708995,70.56878306878306,2026-07-17,66.96428571428572,DRIFT,ELV,XLV,INDEPENDENT_CURRENT_CONSTITUENTS,2026-07-17
6.6798941798941796,16.335978835978835,40.87301587301587,38.12830687830688,66.94214876033058,2026-07-17,25.504298941798943,SCATTER,EME,XLI,INDEPENDENT_CURRENT_CONSTITUENTS,2026-07-17
13.227513227513228,7.804232804232804,33.597883597883595,58.498677248677254,54.1005291005291,2026-07-17,28.28207671957672,SCATTER,EMR,XLI,INDEPENDENT_CURRENT_CONSTITUENTS,2026-07-17
63.955026455026456,93.78306878306879,86.97089947089947,44.47751322751323,41.6005291005291,2026-07-17,72.29662698412699,DRIFT,EQIX,XLRE,INDEPENDENT_CURRENT_CONSTITUENTS,2026-07-17
84.39153439153438,71.03174603174602,82.01058201058201,59.35846560846561,44.576719576719576,2026-07-17,74.19808201058201,DRIFT,EQR,XLRE,INDEPENDENT_CURRENT_CONSTITUENTS,2026-07-17
1.3227513227513228,18.849206349206348,49.140211640211646,24.735449735449734,8.068783068783068,2026-07-17,23.511904761904763,SCATTER,EQT,XLE,INDEPENDENT_CURRENT_CONSTITUENTS,2026-07-17
39.285714285714285,33.86243386243386,31.415343915343914,51.9510582010582,93.47536617842877,2026-07-17,39.12863756613757,SCATTER,ERIE,XLF,INDEPENDENT_CURRENT_CONSTITUENTS,2026-07-17
83.92857142857142,77.51322751322752,67.06349206349206,51.65343915343915,33.99470899470899,2026-07-17,70.03968253968253,DRIFT,ES,XLU,INDEPENDENT_CURRENT_CONSTITUENTS,2026-07-17
83.2010582010582,66.6005291005291,81.94444444444444,77.61243386243386,20.238095238095237,2026-07-17,77.3396164021164,RUSH,ESS,XLRE,INDEPENDENT_CURRENT_CONSTITUENTS,2026-07-17
28.769841269841272,33.333333333333336,63.955026455026456,50.56216931216931,90.07936507936508,2026-07-17,44.155092592592595,CALM,ETN,XLI,INDEPENDENT_CURRENT_CONSTITUENTS,2026-07-17
45.1058201058201,62.10317460317461,64.35185185185185,25.992063492063494,76.71957671957672,2026-07-17,49.38822751322751,CALM,ETR,XLU,INDEPENDENT_CURRENT_CONSTITUENTS,2026-07-17
50.46296296296296,57.87037037037037,72.35449735449735,26.71957671957672,56.556291390728475,2026-07-17,51.85185185185185,CALM,EVRG,XLU,INDEPENDENT_CURRENT_CONSTITUENTS,2026-07-17
52.711640211640216,57.20899470899471,55.092592592592595,67.92328042328043,54.89417989417989,2026-07-17,58.23412698412699,CALM,EW,XLV,INDEPENDENT_CURRENT_CONSTITUENTS,2026-07-17
38.02910052910053,55.092592592592595,61.17724867724868,34.920634920634924,53.3068783068783,2026-07-17,47.30489417989418,CALM,EXC,XLU,INDEPENDENT_CURRENT_CONSTITUENTS,2026-07-17
95.8994708994709,87.3015873015873,72.61904761904762,82.90343915343915,51.25661375661375,2026-07-17,84.68088624338624,RUSH,EXPD,XLI,INDEPENDENT_CURRENT_CONSTITUENTS,2026-07-17
54.16666666666667,46.82539682539682,16.93121693121693,48.51190476190476,57.67195767195767,2026-07-17,41.6087962962963,CALM,EXPE,XLY,INDEPENDENT_CURRENT_CONSTITUENTS,2026-07-17
83.73015873015873,62.56613756613757,62.5,86.739417989418,14.417989417989418,2026-07-17,73.88392857142858,DRIFT,EXR,XLRE,INDEPENDENT_CURRENT_CONSTITUENTS,2026-07-17
59.920634920634924,60.05291005291005,37.96296296296296,54.92724867724868,55.42328042328042,2026-07-17,53.21593915343916,CALM,F,XLY,INDEPENDENT_CURRENT_CONSTITUENTS,2026-07-17
30.621693121693124,22.619047619047617,54.49735449735449,50.95899470899471,43.65079365079365,2026-07-17,39.67427248677249,SCATTER,FAST,XLI,INDEPENDENT_CURRENT_CONSTITUENTS,2026-07-17
50.198412698412696,37.8968253968254,42.12962962962963,60.152116402116405,75.92592592592592,2026-07-17,47.59424603174604,CALM,FDS,XLF,INDEPENDENT_CURRENT_CONSTITUENTS,2026-07-17
65.41005291005291,72.15608465608466,68.51851851851852,60.48280423280423,74.73544973544973,2026-07-17,66.64186507936509,DRIFT,FDX,XLI,INDEPENDENT_CURRENT_CONSTITUENTS,2026-07-17
51.05820105820106,59.854497354497354,60.44973544973545,37.36772486772487,68.51851851851852,2026-07-17,52.18253968253968,CALM,FE,XLU,INDEPENDENT_CURRENT_CONSTITUENTS,2026-07-17
68.32010582010582,69.57671957671958,85.58201058201058,62.73148148148148,65.22029372496662,2026-07-17,71.55257936507937,DRIFT,FFIV,XLK,INDEPENDENT_CURRENT_CONSTITUENTS,2026-07-17
24.8015873015873,16.335978835978835,51.38888888888889,46.59391534391534,62.44604316546762,2026-07-17,34.780092592592595,SCATTER,FICO,XLK,INDEPENDENT_CURRENT_CONSTITUENTS,2026-07-17
18.783068783068785,8.597883597883598,22.22222222222222,53.47222222222223,77.38095238095238,2026-07-17,25.76884920634921,SCATTER,FIS,XLF,INDEPENDENT_CURRENT_CONSTITUENTS,2026-07-17
26.256613756613753,21.42857142857143,34.1931216931217,58.23412698412699,71.34986225895317,2026-07-17,35.02810846560847,SCATTER,FISV,XLF,INDEPENDENT_CURRENT_CONSTITUENTS,2026-07-17
80.22486772486772,68.45238095238095,59.65608465608466,84.62301587301587,60.84656084656085,2026-07-17,73.23908730158729,DRIFT,FITB,XLF,INDEPENDENT_CURRENT_CONSTITUENTS,2026-07-17
17.12962962962963,53.703703703703695,63.888888888888886,48.0489417989418,74.40318302387267,2026-07-17,45.69279100529101,CALM,FIX,XLI,INDEPENDENT_CURRENT_CONSTITUENTS,2026-07-17
16.666666666666668,33.267195767195766,91.07142857142858,53.73677248677248,87.28476821192052,2026-07-17,48.68551587301587,CALM,FLEX,XLK,INDEPENDENT_CURRENT_CONSTITUENTS,2026-07-17
97.98280423280423,97.81746031746032,93.78306878306879,76.42195767195767,9.39153439153439,2026-07-17,91.50132275132276,RUSH,FRT,XLRE,INDEPENDENT_CURRENT_CONSTITUENTS,2026-07-17
29.034391534391535,50.39682539682539,60.25132275132275,55.985449735449734,67.46031746031747,2026-07-17,48.916997354497354,CALM,FSLR,XLK,INDEPENDENT_CURRENT_CONSTITUENTS,2026-07-17
87.6984126984127,81.41534391534391,94.31216931216932,69.21296296296296,31.050531914893615,2026-07-17,83.15972222222223,RUSH,FTNT,XLK,INDEPENDENT_CURRENT_CONSTITUENTS,2026-07-17
46.957671957671955,39.55026455026455,46.0978835978836,47.189153439153436,64.02116402116403,2026-07-17,44.948743386243386,CALM,GD,XLI,INDEPENDENT_CURRENT_CONSTITUENTS,2026-07-17
53.30687830687831,34.25925925925926,60.91269841269842,58.23412698412699,76.5873015873016,2026-07-17,51.67824074074075,CALM,GEN,XLK,INDEPENDENT_CURRENT_CONSTITUENTS,2026-07-17
33.79629629629629,41.73280423280423,55.423280423280424,39.94708994708995,59.303882195448466,2026-07-17,42.72486772486772,CALM,GILD,XLV,INDEPENDENT_CURRENT_CONSTITUENTS,2026-07-17
80.8862433862434,62.36772486772487,44.44444444444444,87.23544973544975,85.44973544973546,2026-07-17,68.73346560846562,DRIFT,GIS,XLP,INDEPENDENT_CURRENT_CONSTITUENTS,2026-07-17
98.08201058201058,97.81746031746033,68.51851851851852,81.11772486772486,63.793103448275865,2026-07-17,86.38392857142857,RUSH,GL,XLF,INDEPENDENT_CURRENT_CONSTITUENTS,2026-07-17
21.494708994708994,46.097883597883595,83.33333333333334,24.437830687830687,99.60159362549801,2026-07-17,43.84093915343915,CALM,GLW,XLK,INDEPENDENT_CURRENT_CONSTITUENTS,2026-07-17
33.53174603174603,44.24603174603175,19.84126984126984,14.318783068783068,57.407407407407405,2026-07-17,27.984457671957667,SCATTER,GM,XLY,INDEPENDENT_CURRENT_CONSTITUENTS,2026-07-17
37.56613756613757,60.449735449735456,76.12433862433862,54.59656084656085,91.13756613756614,2026-07-17,57.18419312169313,CALM,GNRC,XLI,INDEPENDENT_CURRENT_CONSTITUENTS,2026-07-17
27.38095238095238,47.354497354497354,30.224867724867725,9.821428571428571,57.692307692307686,2026-07-17,28.695436507936506,SCATTER,GOOG,XLC,INDEPENDENT_CURRENT_CONSTITUENTS,2026-07-17
78.04232804232805,69.17989417989418,40.476190476190474,38.392857142857146,56.613756613756614,2026-07-17,56.52281746031746,CALM,GPC,XLY,INDEPENDENT_CURRENT_CONSTITUENTS,2026-07-17
75.39682539682539,62.23544973544974,56.216931216931215,84.16005291005291,87.3015873015873,2026-07-17,69.50231481481481,DRIFT,GPN,XLF,INDEPENDENT_CURRENT_CONSTITUENTS,2026-07-17
35.64814814814815,42.39417989417989,44.37830687830688,23.18121693121693,38.22751322751323,2026-07-17,36.40046296296297,SCATTER,GRMN,XLY,INDEPENDENT_CURRENT_CONSTITUENTS,2026-07-17
91.2037037037037,74.33862433862434,80.62169312169311,73.0489417989418,5.423280423280423,2026-07-17,79.80324074074073,RUSH,GWW,XLI,INDEPENDENT_CURRENT_CONSTITUENTS,2026-07-17
64.21957671957671,77.64550264550265,65.67460317460318,30.555555555555554,59.06084656084656,2026-07-17,59.52380952380952,CALM,HAL,XLE,INDEPENDENT_CURRENT_CONSTITUENTS,2026-07-17
18.783068783068785,33.53174603174603,21.56084656084656,16.89814814814815,77.91005291005291,2026-07-17,22.693452380952383,SCATTER,HAS,XLY,INDEPENDENT_CURRENT_CONSTITUENTS,2026-07-17
65.67460317460318,44.907407407407405,44.77513227513228,86.1441798941799,45.63492063492063,2026-07-17,60.37533068783069,DRIFT,HBAN,XLF,INDEPENDENT_CURRENT_CONSTITUENTS,2026-07-17
3.505291005291005,5.291005291005291,30.820105820105823,41.73280423280424,99.29971988795518,2026-07-17,20.33730158730159,SCATTER,HCA,XLV,INDEPENDENT_CURRENT_CONSTITUENTS,2026-07-17
46.6931216931217,29.365079365079367,42.65873015873016,54.00132275132275,62.16931216931217,2026-07-17,43.179563492063494,CALM,HIG,XLF,INDEPENDENT_CURRENT_CONSTITUENTS,2026-07-17
3.571428571428571,19.047619047619047,33.664021164021165,33.10185185185185,60.1593625498008,2026-07-17,22.346230158730158,SCATTER,HII,XLI,INDEPENDENT_CURRENT_CONSTITUENTS,2026-07-17
72.81746031746032,65.2116402116402,86.83862433862436,55.58862433862434,79.1005291005291,2026-07-17,70.1140873015873,DRIFT,HPQ,XLK,INDEPENDENT_CURRENT_CONSTITUENTS,2026-07-17
99.4047619047619,80.55555555555554,79.69576719576719,88.55820105820106,56.481481481481474,2026-07-17,87.05357142857143,RUSH,HRL,XLP,INDEPENDENT_CURRENT_CONSTITUENTS,2026-07-17
98.74338624338624,97.35449735449735,76.5873015873016,85.25132275132276,71.56084656084656,2026-07-17,89.48412698412699,RUSH,HSIC,XLV,INDEPENDENT_CURRENT_CONSTITUENTS,2026-07-17
93.12169312169313,98.94179894179894,91.99735449735451,69.80820105820106,7.142857142857142,2026-07-17,88.46726190476191,RUSH,HST,XLRE,INDEPENDENT_CURRENT_CONSTITUENTS,2026-07-17
28.63756613756614,52.711640211640216,39.74867724867725,56.08465608465609,84.92063492063492,2026-07-17,44.295634920634924,CALM,HSY,XLP,INDEPENDENT_CURRENT_CONSTITUENTS,2026-07-17
97.48677248677248,99.0079365079365,79.49735449735451,85.44973544973546,,2026-07-17,90.36044973544973,RUSH,HUM,XLV,INDEPENDENT_CURRENT_CONSTITUENTS,2026-07-17
38.095238095238095,43.98148148148148,55.29100529100529,54.33201058201058,34.657534246575345,2026-07-17,47.92493386243386,CALM,IBKR,XLF,INDEPENDENT_CURRENT_CONSTITUENTS,2026-07-17
2.2486772486772484,1.7195767195767195,44.44444444444445,28.33994708994709,99.60317460317461,2026-07-17,19.188161375661377,SCATTER,IBM,XLK,INDEPENDENT_CURRENT_CONSTITUENTS,2026-07-17
9.788359788359788,2.976190476190476,20.436507936507937,43.28703703703704,71.60493827160494,2026-07-17,19.12202380952381,SCATTER,ICE,XLF,INDEPENDENT_CURRENT_CONSTITUENTS,2026-07-17
22.817460317460316,25.52910052910053,32.34126984126984,73.28042328042329,73.14814814814815,2026-07-17,38.492063492063494,SCATTER,IDXX,XLV,INDEPENDENT_CURRENT_CONSTITUENTS,2026-07-17
90.8068783068783,90.41005291005291,78.17460317460318,81.18386243386243,33.99470899470899,2026-07-17,85.1438492063492,RUSH,IEX,XLI,INDEPENDENT_CURRENT_CONSTITUENTS,2026-07-17
72.81746031746033,66.53439153439153,70.7010582010582,43.32010582010582,46.230158730158735,2026-07-17,63.34325396825397,DRIFT,IFF,XLB,INDEPENDENT_CURRENT_CONSTITUENTS,2026-07-17
86.77248677248676,78.37301587301587,62.63227513227513,73.54497354497354,67.98941798941799,2026-07-17,75.33068783068782,RUSH,INCY,XLV,INDEPENDENT_CURRENT_CONSTITUENTS,2026-07-17
53.76984126984127,76.91798941798942,86.17724867724868,35.68121693121693,82.27513227513228,2026-07-17,63.136574074074076,DRIFT,INTC,XLK,INDEPENDENT_CURRENT_CONSTITUENTS,2026-07-17
10.25132275132275,6.613756613756614,46.89153439153439,30.456349206349206,96.68874172185431,2026-07-17,23.55324074074074,SCATTER,INTU,XLK,INDEPENDENT_CURRENT_CONSTITUENTS,2026-07-17
35.51587301587302,25.462962962962962,45.8994708994709,56.08465608465609,73.95973154362416,2026-07-17,40.74074074074075,CALM,IP,XLB,INDEPENDENT_CURRENT_CONSTITUENTS,2026-07-17
50.66137566137566,51.71957671957672,81.74603174603175,59.82142857142857,59.56090651558073,2026-07-17,60.98710317460318,DRIFT,IRM,XLRE,INDEPENDENT_CURRENT_CONSTITUENTS,2026-07-17
0.8267195767195767,2.6455026455026456,30.621693121693124,50.06613756613757,100.0,2026-07-17,21.040013227513228,SCATTER,ISRG,XLV,INDEPENDENT_CURRENT_CONSTITUENTS,2026-07-17
31.349206349206348,17.79100529100529,51.851851851851855,43.75,73.01587301587301,2026-07-17,36.18551587301587,SCATTER,IT,XLK,INDEPENDENT_CURRENT_CONSTITUENTS,2026-07-17
64.48412698412699,58.92857142857143,71.56084656084656,51.28968253968254,48.67724867724868,2026-07-17,61.56580687830687,DRIFT,ITW,XLI,INDEPENDENT_CURRENT_CONSTITUENTS,2026-07-17
78.24074074074075,68.84920634920634,52.116402116402114,67.03042328042328,38.22751322751323,2026-07-17,66.55919312169313,DRIFT,IVZ,XLF,INDEPENDENT_CURRENT_CONSTITUENTS,2026-07-17
22.08994708994709,13.69047619047619,42.06349206349206,50.56216931216931,82.67195767195767,2026-07-17,32.101521164021165,SCATTER,J,XLI,INDEPENDENT_CURRENT_CONSTITUENTS,2026-07-17
87.89682539682539,90.67460317460318,77.24867724867725,77.74470899470899,31.48148148148148,2026-07-17,83.3912037037037,RUSH,JBHT,XLI,INDEPENDENT_CURRENT_CONSTITUENTS,2026-07-17
23.677248677248677,34.98677248677249,61.24338624338625,24.173280423280424,62.483311081441926,2026-07-17,36.02017195767196,SCATTER,JBL,XLK,INDEPENDENT_CURRENT_CONSTITUENTS,2026-07-17
34.65608465608465,47.817460317460316,72.35449735449735,48.18121693121693,66.21803499327052,2026-07-17,50.75231481481482,CALM,JCI,XLI,INDEPENDENT_CURRENT_CONSTITUENTS,2026-07-17
32.60582010582011,15.41005291005291,21.891534391534393,87.92989417989418,85.71428571428571,2026-07-17,39.4593253968254,SCATTER,JKHY,XLF,INDEPENDENT_CURRENT_CONSTITUENTS,2026-07-17
78.96825396825398,65.60846560846561,77.31481481481481,83.53174603174604,84.92063492063492,2026-07-17,76.35582010582011,RUSH,KDP,XLP,INDEPENDENT_CURRENT_CONSTITUENTS,2026-07-17
85.38359788359789,73.28042328042328,46.6931216931217,54.53042328042328,12.16931216931217,2026-07-17,64.97189153439153,DRIFT,KEY,XLF,INDEPENDENT_CURRENT_CONSTITUENTS,2026-07-17
94.41137566137566,88.88888888888889,93.58465608465607,76.48809523809524,12.632275132275133,2026-07-17,88.34325396825396,RUSH,KIM,XLRE,INDEPENDENT_CURRENT_CONSTITUENTS,2026-07-17
18.915343915343914,4.497354497354497,24.074074074074073,56.051587301587304,39.6551724137931,2026-07-17,25.884589947089946,SCATTER,KKR,XLF,INDEPENDENT_CURRENT_CONSTITUENTS,2026-07-17
26.984126984126984,38.82275132275132,80.02645502645504,26.025132275132275,98.28042328042328,2026-07-17,42.964616402116405,CALM,KLAC,XLK,INDEPENDENT_CURRENT_CONSTITUENTS,2026-07-17
64.74867724867725,56.216931216931215,79.49735449735451,78.50529100529101,64.41798941798942,2026-07-17,69.7420634920635,DRIFT,KMB,XLP,INDEPENDENT_CURRENT_CONSTITUENTS,2026-07-17
47.751322751322746,47.288359788359784,59.98677248677249,32.14285714285714,57.67195767195767,2026-07-17,46.79232804232804,CALM,KMI,XLE,INDEPENDENT_CURRENT_CONSTITUENTS,2026-07-17
4.232804232804233,11.177248677248677,38.425925925925924,63.88888888888889,99.93386243386243,2026-07-17,29.43121693121693,SCATTER,KR,XLP,INDEPENDENT_CURRENT_CONSTITUENTS,2026-07-17
37.96296296296296,37.56613756613757,52.44708994708995,56.25,86.64021164021165,2026-07-17,46.05654761904762,CALM,L,XLF,INDEPENDENT_CURRENT_CONSTITUENTS,2026-07-17
3.5052910052910047,1.455026455026455,34.25925925925926,34.02777777777778,75.09933774834437,2026-07-17,18.311838624338627,SCATTER,LDOS,XLI,INDEPENDENT_CURRENT_CONSTITUENTS,2026-07-17
18.12169312169312,21.693121693121693,10.714285714285714,39.6494708994709,52.64550264550265,2026-07-17,22.544642857142854,SCATTER,LEN,XLY,INDEPENDENT_CURRENT_CONSTITUENTS,2026-07-17
68.91534391534391,70.30423280423281,59.78835978835979,39.48412698412699,20.634920634920633,2026-07-17,59.62301587301587,CALM,LH,XLV,INDEPENDENT_CURRENT_CONSTITUENTS,2026-07-17
10.25132275132275,18.78306878306878,33.0026455026455,34.689153439153436,83.46560846560847,2026-07-17,24.181547619047617,SCATTER,LHX,XLI,INDEPENDENT_CURRENT_CONSTITUENTS,2026-07-17
39.41798941798942,30.158730158730158,52.91005291005291,51.62037037037037,51.32275132275132,2026-07-17,43.52678571428571,CALM,LII,XLI,INDEPENDENT_CURRENT_CONSTITUENTS,2026-07-17
29.232804232804234,36.30952380952381,36.70634920634921,34.49074074074074,62.16931216931217,2026-07-17,34.1848544973545,SCATTER,LMT,XLI,INDEPENDENT_CURRENT_CONSTITUENTS,2026-07-17
55.22486772486773,63.888888888888886,73.08201058201058,43.65079365079365,41.13756613756614,2026-07-17,58.96164021164021,CALM,LNT,XLU,INDEPENDENT_CURRENT_CONSTITUENTS,2026-07-17
2.8439153439153437,10.714285714285714,1.2566137566137565,20.337301587301585,80.82010582010582,2026-07-17,8.7880291005291,FLEE,LOW,XLY,INDEPENDENT_CURRENT_CONSTITUENTS,2026-07-17
34.25925925925926,46.36243386243386,78.83597883597884,42.691798941798936,98.65771812080537,2026-07-17,50.53736772486772,CALM,LRCX,XLK,INDEPENDENT_CURRENT_CONSTITUENTS,2026-07-17
31.81216931216931,17.460317460317462,13.359788359788359,21.32936507936508,67.85714285714286,2026-07-17,20.990410052910054,SCATTER,LULU,XLY,INDEPENDENT_CURRENT_CONSTITUENTS,2026-07-17
78.7037037037037,71.16402116402116,67.98941798941799,45.33730158730158,19.576719576719576,2026-07-17,65.7986111111111,DRIFT,LUV,XLI,INDEPENDENT_CURRENT_CONSTITUENTS,2026-07-17
5.9523809523809526,22.354497354497354,15.41005291005291,18.75,56.613756613756614,2026-07-17,15.616732804232804,SCATTER,LVS,XLY,INDEPENDENT_CURRENT_CONSTITUENTS,2026-07-17
53.76984126984127,62.301587301587304,75.9920634920635,24.338624338624342,76.65343915343915,2026-07-17,54.1005291005291,CALM,LYB,XLB,INDEPENDENT_CURRENT_CONSTITUENTS,2026-07-17
75.85978835978835,64.81481481481481,49.14021164021164,28.736772486772487,6.283068783068783,2026-07-17,54.63789682539682,CALM,LYV,XLC,INDEPENDENT_CURRENT_CONSTITUENTS,2026-07-17
63.62433862433862,53.10846560846561,61.111111111111114,71.72619047619048,43.783068783068785,2026-07-17,62.392526455026456,DRIFT,MAA,XLRE,INDEPENDENT_CURRENT_CONSTITUENTS,2026-07-17
41.7989417989418,50.925925925925924,44.047619047619044,32.44047619047619,65.92797783933518,2026-07-17,42.30324074074073,CALM,MAR,XLY,INDEPENDENT_CURRENT_CONSTITUENTS,2026-07-17
69.9074074074074,53.10846560846561,68.71693121693121,82.30820105820106,90.74074074074075,2026-07-17,68.51025132275132,DRIFT,MAS,XLI,INDEPENDENT_CURRENT_CONSTITUENTS,2026-07-17
46.6931216931217,52.44708994708995,69.31216931216932,30.456349206349206,89.15343915343915,2026-07-17,49.727182539682545,CALM,MCHP,XLK,INDEPENDENT_CURRENT_CONSTITUENTS,2026-07-17
13.425925925925926,15.74074074074074,38.69047619047619,40.47619047619048,85.46666666666667,2026-07-17,27.083333333333336,SCATTER,MCK,XLV,INDEPENDENT_CURRENT_CONSTITUENTS,2026-07-17
46.164021164021165,17.394179894179892,25.925925925925924,77.9431216931217,37.2093023255814,2026-07-17,41.85681216931217,CALM,MCO,XLF,INDEPENDENT_CURRENT_CONSTITUENTS,2026-07-17
72.75132275132275,58.730158730158735,73.21428571428572,56.54761904761905,44.31216931216932,2026-07-17,65.31084656084656,DRIFT,MDLZ,XLP,INDEPENDENT_CURRENT_CONSTITUENTS,2026-07-17
17.857142857142858,16.798941798941797,32.93650793650794,52.248677248677254,89.94708994708994,2026-07-17,29.960317460317462,SCATTER,MDT,XLV,INDEPENDENT_CURRENT_CONSTITUENTS,2026-07-17
97.75132275132275,83.13492063492063,69.97354497354497,71.99074074074073,21.82061579651941,2026-07-17,80.71263227513228,RUSH,MET,XLF,INDEPENDENT_CURRENT_CONSTITUENTS,2026-07-17
89.68253968253968,89.02116402116403,50.661375661375665,42.36111111111111,11.772486772486772,2026-07-17,67.93154761904762,DRIFT,MGM,XLY,INDEPENDENT_CURRENT_CONSTITUENTS,2026-07-17
36.7063492063492,15.93915343915344,36.441798941798936,85.97883597883599,54.629629629629626,2026-07-17,43.76653439153439,CALM,MKC,XLP,INDEPENDENT_CURRENT_CONSTITUENTS,2026-07-17
7.5396825396825395,13.029100529100528,38.16137566137566,36.44179894179894,91.63292847503374,2026-07-17,23.792989417989418,SCATTER,MLM,XLB,INDEPENDENT_CURRENT_CONSTITUENTS,2026-07-17
30.555555555555557,20.76719576719577,40.93915343915344,70.00661375661375,23.941798941798943,2026-07-17,40.56712962962963,CALM,MMM,XLI,INDEPENDENT_CURRENT_CONSTITUENTS,2026-07-17
78.83597883597884,85.51587301587301,76.85185185185185,88.6904761904762,32.804232804232804,2026-07-17,82.47354497354497,RUSH,MNST,XLP,INDEPENDENT_CURRENT_CONSTITUENTS,2026-07-17
77.44708994708995,53.17460317460318,74.27248677248677,89.88095238095238,62.764550264550266,2026-07-17,73.69378306878306,DRIFT,MO,XLP,INDEPENDENT_CURRENT_CONSTITUENTS,2026-07-17
41.269841269841265,27.513227513227513,49.33862433862434,29.960317460317462,52.77777777777778,2026-07-17,37.020502645502646,SCATTER,MOS,XLB,INDEPENDENT_CURRENT_CONSTITUENTS,2026-07-17
95.1058201058201,93.32010582010582,93.25396825396825,50.33068783068783,76.14247311827957,2026-07-17,83.0026455026455,RUSH,MPC,XLE,INDEPENDENT_CURRENT_CONSTITUENTS,2026-07-17
30.224867724867728,51.455026455026456,66.20370370370371,27.546296296296298,71.89153439153439,2026-07-17,43.857473544973544,CALM,MPWR,XLK,INDEPENDENT_CURRENT_CONSTITUENTS,2026-07-17
41.46825396825397,33.2010582010582,52.579365079365076,54.39814814814815,59.52063914780293,2026-07-17,45.411706349206355,CALM,MRSH,XLF,INDEPENDENT_CURRENT_CONSTITUENTS,2026-07-17
48.01587301587301,76.19047619047619,92.26190476190476,65.17857142857143,86.64021164021165,2026-07-17,70.41170634920636,DRIFT,MRVL,XLK,INDEPENDENT_CURRENT_CONSTITUENTS,2026-07-17
55.62169312169313,66.99735449735451,56.48148148148148,65.4431216931217,56.21693121693122,2026-07-17,61.1359126984127,DRIFT,MS,XLF,INDEPENDENT_CURRENT_CONSTITUENTS,2026-07-17
85.38359788359789,67.26190476190476,57.341269841269835,70.00661375661376,57.14285714285714,2026-07-17,69.99834656084656,DRIFT,MSCI,XLF,INDEPENDENT_CURRENT_CONSTITUENTS,2026-07-17
25.462962962962962,27.976190476190474,60.84656084656085,25.23148148148148,89.01098901098901,2026-07-17,34.879298941798936,SCATTER,MSI,XLK,INDEPENDENT_CURRENT_CONSTITUENTS,2026-07-17
85.84656084656085,83.26719576719577,61.111111111111114,82.70502645502646,12.566137566137566,2026-07-17,78.23247354497354,RUSH,MTB,XLF,INDEPENDENT_CURRENT_CONSTITUENTS,2026-07-17
59.58994708994709,51.91798941798942,42.85714285714286,76.71957671957672,99.20634920634922,2026-07-17,57.771164021164026,CALM,MTD,XLV,INDEPENDENT_CURRENT_CONSTITUENTS,2026-07-17
41.99735449735449,71.42857142857143,85.51587301587301,42.42724867724868,91.13756613756614,2026-07-17,60.342261904761905,DRIFT,MU,XLK,INDEPENDENT_CURRENT_CONSTITUENTS,2026-07-17
31.349206349206348,19.841269841269842,24.735449735449734,50.62830687830688,75.17241379310344,2026-07-17,31.638558201058203,SCATTER,NDAQ,XLF,INDEPENDENT_CURRENT_CONSTITUENTS,2026-07-17
66.99735449735451,69.70899470899471,63.955026455026456,54.46428571428571,73.14814814814815,2026-07-17,63.78141534391534,DRIFT,NDSN,XLI,INDEPENDENT_CURRENT_CONSTITUENTS,2026-07-17
21.230158730158728,33.92857142857143,46.36243386243386,21.56084656084656,31.25,2026-07-17,30.770502645502646,SCATTER,NI,XLU,INDEPENDENT_CURRENT_CONSTITUENTS,2026-07-17
4.1005291005291005,14.947089947089946,33.06878306878307,36.40873015873016,90.21164021164022,2026-07-17,22.13128306878307,SCATTER,NOC,XLI,INDEPENDENT_CURRENT_CONSTITUENTS,2026-07-17
1.5873015873015872,5.555555555555555,29.62962962962963,19.775132275132275,62.78145695364239,2026-07-17,14.136904761904763,FLEE,NRG,XLU,INDEPENDENT_CURRENT_CONSTITUENTS,2026-07-17
86.40873015873015,80.62169312169311,79.2989417989418,55.05952380952381,80.62169312169311,2026-07-17,75.34722222222221,RUSH,NSC,XLI,INDEPENDENT_CURRENT_CONSTITUENTS,2026-07-17
61.37566137566137,55.95238095238095,91.60052910052912,49.04100529100529,73.87566137566137,2026-07-17,64.49239417989418,DRIFT,NTAP,XLK,INDEPENDENT_CURRENT_CONSTITUENTS,2026-07-17
76.71957671957671,79.36507936507937,63.75661375661376,63.59126984126984,3.0423280423280423,2026-07-17,70.85813492063491,DRIFT,NTRS,XLF,INDEPENDENT_CURRENT_CONSTITUENTS,2026-07-17
77.24867724867724,89.61640211640213,78.96825396825398,57.142857142857146,61.44179894179894,2026-07-17,75.74404761904762,RUSH,NUE,XLB,INDEPENDENT_CURRENT_CONSTITUENTS,2026-07-17
28.96825396825397,20.56878306878307,18.452380952380953,48.64417989417989,75.39682539682539,2026-07-17,29.158399470899468,SCATTER,NVR,XLY,INDEPENDENT_CURRENT_CONSTITUENTS,2026-07-17
42.195767195767196,45.03968253968254,66.6005291005291,56.97751322751323,85.71428571428571,2026-07-17,52.70337301587301,CALM,NXPI,XLK,INDEPENDENT_CURRENT_CONSTITUENTS,2026-07-17
83.86243386243386,76.65343915343915,71.95767195767196,56.25,65.60846560846561,2026-07-17,72.18088624338624,DRIFT,O,XLRE,INDEPENDENT_CURRENT_CONSTITUENTS,2026-07-17
86.77248677248677,85.38359788359789,78.43915343915344,78.47222222222223,63.35978835978836,2026-07-17,82.26686507936509,RUSH,ODFL,XLI,INDEPENDENT_CURRENT_CONSTITUENTS,2026-07-17
70.76719576719577,58.730158730158735,70.96560846560847,33.86243386243386,64.17218543046359,2026-07-17,58.581349206349216,CALM,OKE,XLE,INDEPENDENT_CURRENT_CONSTITUENTS,2026-07-17
76.25661375661376,64.61640211640211,50.66137566137566,20.73412698412698,64.10596026490066,2026-07-17,53.06712962962963,CALM,OMC,XLC,INDEPENDENT_CURRENT_CONSTITUENTS,2026-07-17
68.3862433862434,74.66931216931218,87.63227513227514,55.324074074074076,98.14814814814815,2026-07-17,71.5029761904762,DRIFT,ON,XLK,INDEPENDENT_CURRENT_CONSTITUENTS,2026-07-17
4.8280423280423275,5.224867724867725,19.642857142857142,19.54365079365079,100.0,2026-07-17,12.309854497354497,FLEE,ORLY,XLY,INDEPENDENT_CURRENT_CONSTITUENTS,2026-07-17
82.87037037037038,90.67460317460316,89.48412698412699,36.30952380952381,74.93386243386243,2026-07-17,74.83465608465609,DRIFT,OXY,XLE,INDEPENDENT_CURRENT_CONSTITUENTS,2026-07-17
53.57142857142858,37.169312169312164,60.383597883597886,62.99603174603175,38.492063492063494,2026-07-17,53.530092592592595,CALM,PAYX,XLI,INDEPENDENT_CURRENT_CONSTITUENTS,2026-07-17
67.5925925925926,46.82539682539682,53.10846560846561,71.92460317460318,81.74603174603175,2026-07-17,59.86276455026456,CALM,PCAR,XLI,INDEPENDENT_CURRENT_CONSTITUENTS,2026-07-17
63.492063492063494,79.43121693121694,64.21957671957672,39.08730158730159,42.952127659574465,2026-07-17,61.55753968253969,DRIFT,PCG,XLU,INDEPENDENT_CURRENT_CONSTITUENTS,2026-07-17
10.582010582010582,29.563492063492063,44.973544973544975,43.25396825396825,15.476190476190476,2026-07-17,32.09325396825397,SCATTER,PEG,XLU,INDEPENDENT_CURRENT_CONSTITUENTS,2026-07-17
59.45767195767196,75.39682539682539,60.11904761904762,45.23809523809524,19.047619047619047,2026-07-17,60.05291005291006,DRIFT,PFE,XLV,INDEPENDENT_CURRENT_CONSTITUENTS,2026-07-17
97.58597883597884,97.35449735449735,65.07936507936508,88.45899470899471,61.904761904761905,2026-07-17,87.11970899470899,RUSH,PFG,XLF,INDEPENDENT_CURRENT_CONSTITUENTS,2026-07-17
33.86243386243386,29.166666666666668,37.96296296296296,67.16269841269842,83.2010582010582,2026-07-17,42.03869047619048,CALM,PGR,XLF,INDEPENDENT_CURRENT_CONSTITUENTS,2026-07-17
20.833333333333332,21.03174603174603,35.714285714285715,44.675925925925924,55.952380952380956,2026-07-17,30.563822751322753,SCATTER,PH,XLI,INDEPENDENT_CURRENT_CONSTITUENTS,2026-07-17
29.563492063492063,30.753968253968253,20.436507936507933,59.88756613756613,68.91534391534393,2026-07-17,35.160383597883595,SCATTER,PHM,XLY,INDEPENDENT_CURRENT_CONSTITUENTS,2026-07-17
47.15608465608466,34.920634920634924,51.91798941798942,47.28835978835979,76.85185185185185,2026-07-17,45.3207671957672,CALM,PKG,XLB,INDEPENDENT_CURRENT_CONSTITUENTS,2026-07-17
77.21560846560847,35.383597883597886,62.43386243386243,75.9920634920635,67.74628879892038,2026-07-17,62.75628306878307,DRIFT,PM,XLP,INDEPENDENT_CURRENT_CONSTITUENTS,2026-07-17
88.82275132275133,74.47089947089947,64.74867724867725,80.2579365079365,35.84656084656085,2026-07-17,77.07506613756614,RUSH,PNC,XLF,INDEPENDENT_CURRENT_CONSTITUENTS,2026-07-17
1.8187830687830686,0.7936507936507936,33.0026455026455,41.17063492063492,99.86772486772487,2026-07-17,19.19642857142857,SCATTER,PNR,XLI,INDEPENDENT_CURRENT_CONSTITUENTS,2026-07-17
76.45502645502646,73.4126984126984,72.48677248677248,32.73809523809524,44.9255751014885,2026-07-17,63.773148148148145,DRIFT,PNW,XLU,INDEPENDENT_CURRENT_CONSTITUENTS,2026-07-17
21.825396825396822,21.626984126984127,37.16931216931217,58.730158730158735,99.20634920634922,2026-07-17,34.83796296296296,SCATTER,PODD,XLV,INDEPENDENT_CURRENT_CONSTITUENTS,2026-07-17
82.34126984126985,71.82539682539684,79.16666666666666,62.63227513227513,71.29629629629629,2026-07-17,73.99140211640211,DRIFT,PPG,XLB,INDEPENDENT_CURRENT_CONSTITUENTS,2026-07-17
15.542328042328041,25.66137566137566,38.955026455026456,56.54761904761905,74.53580901856765,2026-07-17,34.176587301587304,SCATTER,PPL,XLU,INDEPENDENT_CURRENT_CONSTITUENTS,2026-07-17
87.53306878306879,61.70634920634921,47.883597883597886,77.21560846560847,72.81746031746032,2026-07-17,68.58465608465609,DRIFT,PRU,XLF,INDEPENDENT_CURRENT_CONSTITUENTS,2026-07-17
81.94444444444444,82.47354497354497,80.02645502645503,77.9431216931217,47.48677248677249,2026-07-17,80.59689153439155,RUSH,PSA,XLRE,INDEPENDENT_CURRENT_CONSTITUENTS,2026-07-17
3.439153439153439,13.425925925925926,21.494708994708997,14.318783068783068,25.925925925925924,2026-07-17,13.169642857142858,FLEE,PSKY,XLC,INDEPENDENT_CURRENT_CONSTITUENTS,2026-07-17
12.962962962962964,8.068783068783068,46.626984126984134,31.448412698412696,96.79572763684912,2026-07-17,24.776785714285715,SCATTER,PTC,XLK,INDEPENDENT_CURRENT_CONSTITUENTS,2026-07-17
16.798941798941797,41.66666666666667,77.05026455026456,33.76322751322751,71.82539682539682,2026-07-17,42.31977513227513,CALM,PWR,XLI,INDEPENDENT_CURRENT_CONSTITUENTS,2026-07-17
41.20370370370371,45.56878306878307,62.10317460317461,58.10185185185185,96.07703281027105,2026-07-17,51.74437830687831,CALM,QCOM,XLK,INDEPENDENT_CURRENT_CONSTITUENTS,2026-07-17
11.243386243386244,8.465608465608465,14.087301587301587,34.35846560846561,18.386243386243386,2026-07-17,17.038690476190474,SCATTER,RCL,XLY,INDEPENDENT_CURRENT_CONSTITUENTS,2026-07-17
90.60846560846561,88.16137566137567,87.3015873015873,75.29761904761905,12.632275132275133,2026-07-17,85.3422619047619,RUSH,REG,XLRE,INDEPENDENT_CURRENT_CONSTITUENTS,2026-07-17
39.616402116402114,46.42857142857143,45.37037037037037,50.06613756613757,88.09523809523809,2026-07-17,45.37037037037037,CALM,REGN,XLV,INDEPENDENT_CURRENT_CONSTITUENTS,2026-07-17
82.53968253968253,74.14021164021165,55.62169312169313,78.27380952380952,14.550264550264549,2026-07-17,72.6438492063492,DRIFT,RF,XLF,INDEPENDENT_CURRENT_CONSTITUENTS,2026-07-17
60.84656084656085,33.0026455026455,31.613756613756614,67.89021164021165,65.74074074074075,2026-07-17,48.33829365079365,CALM,RJF,XLF,INDEPENDENT_CURRENT_CONSTITUENTS,2026-07-17
21.03174603174603,12.896825396825395,21.097883597883598,28.273809523809526,79.23280423280423,2026-07-17,20.82506613756614,SCATTER,RL,XLY,INDEPENDENT_CURRENT_CONSTITUENTS,2026-07-17
18.253968253968253,17.79100529100529,36.44179894179894,51.71957671957672,71.29629629629629,2026-07-17,31.0515873015873,SCATTER,RMD,XLV,INDEPENDENT_CURRENT_CONSTITUENTS,2026-07-17
64.55026455026454,60.317460317460316,63.69047619047619,51.02513227513227,55.71808510638297,2026-07-17,59.895833333333336,CALM,ROK,XLI,INDEPENDENT_CURRENT_CONSTITUENTS,2026-07-17
5.82010582010582,3.2407407407407405,34.32539682539682,33.23412698412698,45.8994708994709,2026-07-17,19.155092592592588,SCATTER,ROL,XLI,INDEPENDENT_CURRENT_CONSTITUENTS,2026-07-17
31.216931216931215,21.16402116402116,57.34126984126985,52.01719576719577,67.46031746031747,2026-07-17,40.4348544973545,CALM,ROP,XLK,INDEPENDENT_CURRENT_CONSTITUENTS,2026-07-17
65.27777777777777,72.35449735449735,44.70899470899471,28.33994708994709,91.64456233421751,2026-07-17,52.670304232804234,CALM,ROST,XLY,INDEPENDENT_CURRENT_CONSTITUENTS,2026-07-17
30.29100529100529,20.965608465608465,50.595238095238095,41.038359788359784,38.828337874659404,2026-07-17,35.72255291005291,SCATTER,RSG,XLI,INDEPENDENT_CURRENT_CONSTITUENTS,2026-07-17
28.505291005291006,29.365079365079367,43.12169312169312,47.189153439153436,76.98412698412699,2026-07-17,37.045304232804234,SCATTER,RTX,XLI,INDEPENDENT_CURRENT_CONSTITUENTS,2026-07-17
85.71428571428572,71.62698412698413,62.03703703703704,80.35714285714286,71.42857142857143,2026-07-17,74.93386243386243,DRIFT,RVTY,XLV,INDEPENDENT_CURRENT_CONSTITUENTS,2026-07-17
47.48677248677249,41.26984126984127,62.03703703703704,42.42724867724868,71.36243386243386,2026-07-17,48.30522486772487,CALM,SBAC,XLRE,INDEPENDENT_CURRENT_CONSTITUENTS,2026-07-17
89.55026455026456,81.61375661375662,47.68518518518518,52.87698412698413,26.851851851851855,2026-07-17,67.93154761904762,DRIFT,SBUX,XLY,INDEPENDENT_CURRENT_CONSTITUENTS,2026-07-17
49.338624338624335,36.904761904761905,35.714285714285715,54.464285714285715,39.55026455026455,2026-07-17,44.10548941798942,CALM,SCHW,XLF,INDEPENDENT_CURRENT_CONSTITUENTS,2026-07-17
95.76719576719577,88.82275132275132,79.49735449735451,89.41798941798942,71.16402116402116,2026-07-17,88.37632275132275,RUSH,SJM,XLP,INDEPENDENT_CURRENT_CONSTITUENTS,2026-07-17
18.71693121693122,24.00793650793651,61.24338624338625,34.292328042328045,78.17460317460318,2026-07-17,34.56514550264551,SCATTER,SMCI,XLK,INDEPENDENT_CURRENT_CONSTITUENTS,2026-07-17
82.53968253968253,81.67989417989418,71.62698412698413,75.23148148148148,65.87301587301587,2026-07-17,77.76951058201058,RUSH,SNA,XLI,INDEPENDENT_CURRENT_CONSTITUENTS,2026-07-17
5.158730158730158,2.447089947089947,45.10582010582011,20.205026455026456,70.22696929238985,2026-07-17,18.229166666666668,SCATTER,SNPS,XLK,INDEPENDENT_CURRENT_CONSTITUENTS,2026-07-17
89.51719576719577,83.66402116402116,77.77777777777777,89.18650793650794,57.67195767195767,2026-07-17,85.03637566137566,RUSH,SPG,XLRE,INDEPENDENT_CURRENT_CONSTITUENTS,2026-07-17
32.67195767195767,13.161375661375661,22.288359788359788,66.89814814814815,59.279038718291055,2026-07-17,33.754960317460316,SCATTER,SPGI,XLF,INDEPENDENT_CURRENT_CONSTITUENTS,2026-07-17
45.833333333333336,63.02910052910053,46.82539682539682,21.95767195767196,40.93333333333333,2026-07-17,44.41137566137566,CALM,SRE,XLU,INDEPENDENT_CURRENT_CONSTITUENTS,2026-07-17
15.873015873015873,9.325396825396824,31.67989417989418,76.05820105820106,79.62962962962963,2026-07-17,33.23412698412699,SCATTER,STE,XLV,INDEPENDENT_CURRENT_CONSTITUENTS,2026-07-17
69.31216931216932,87.76455026455027,80.22486772486772,46.42857142857143,91.07142857142857,2026-07-17,70.93253968253968,DRIFT,STLD,XLB,INDEPENDENT_CURRENT_CONSTITUENTS,2026-07-17
83.79629629629629,94.77513227513228,66.46825396825398,48.6441798941799,8.597883597883598,2026-07-17,73.42096560846561,DRIFT,STT,XLF,INDEPENDENT_CURRENT_CONSTITUENTS,2026-07-17
36.77248677248677,80.35714285714286,86.90476190476191,65.31084656084656,98.6,2026-07-17,67.33630952380952,DRIFT,STX,XLK,INDEPENDENT_CURRENT_CONSTITUENTS,2026-07-17
32.20899470899471,33.92857142857143,45.03968253968254,62.830687830687836,73.54497354497354,2026-07-17,43.50198412698413,CALM,STZ,XLP,INDEPENDENT_CURRENT_CONSTITUENTS,2026-07-17
58.730158730158735,44.44444444444444,60.251322751322746,50.264550264550266,69.71544715447155,2026-07-17,53.42261904761905,CALM,SW,XLB,INDEPENDENT_CURRENT_CONSTITUENTS,2026-07-17
90.47619047619048,74.20634920634922,64.55026455026456,81.91137566137567,44.97354497354497,2026-07-17,77.78604497354499,RUSH,SWK,XLI,INDEPENDENT_CURRENT_CONSTITUENTS,2026-07-17
37.235449735449734,58.3994708994709,73.21428571428572,50.033068783068785,72.81746031746032,2026-07-17,54.720568783068785,CALM,SWKS,XLK,INDEPENDENT_CURRENT_CONSTITUENTS,2026-07-17
16.07142857142857,12.367724867724867,39.48412698412699,70.43650793650794,100.0,2026-07-17,34.58994708994709,SCATTER,SYK,XLV,INDEPENDENT_CURRENT_CONSTITUENTS,2026-07-17
62.43386243386244,69.77513227513228,65.07936507936508,73.61111111111111,53.3068783068783,2026-07-17,67.72486772486772,DRIFT,SYY,XLP,INDEPENDENT_CURRENT_CONSTITUENTS,2026-07-17
10.978835978835978,14.484126984126982,25.85978835978836,11.54100529100529,79.44297082228117,2026-07-17,15.715939153439153,SCATTER,T,XLC,INDEPENDENT_CURRENT_CONSTITUENTS,2026-07-17
33.56481481481482,24.14021164021164,39.616402116402114,75.46296296296296,63.75661375661375,2026-07-17,43.196097883597886,CALM,TAP,XLP,INDEPENDENT_CURRENT_CONSTITUENTS,2026-07-17
6.5476190476190474,0.1984126984126984,33.53174603174603,47.78439153439153,65.02732240437157,2026-07-17,22.01554232804233,SCATTER,TDG,XLI,INDEPENDENT_CURRENT_CONSTITUENTS,2026-07-17
51.455026455026456,57.14285714285714,67.06349206349206,31.91137566137566,49.14021164021164,2026-07-17,51.89318783068783,CALM,TDY,XLK,INDEPENDENT_CURRENT_CONSTITUENTS,2026-07-17
95.7010582010582,81.48148148148148,68.91534391534393,83.33333333333334,99.86772486772487,2026-07-17,82.35780423280424,RUSH,TECH,XLV,INDEPENDENT_CURRENT_CONSTITUENTS,2026-07-17
6.613756613756614,15.277777777777779,46.75925925925927,34.68915343915344,73.7017310252996,2026-07-17,25.834986772486776,SCATTER,TEL,XLK,INDEPENDENT_CURRENT_CONSTITUENTS,2026-07-17
45.56878306878307,70.83333333333334,75.0,42.890211640211646,98.61111111111111,2026-07-17,58.57308201058201,CALM,TER,XLK,INDEPENDENT_CURRENT_CONSTITUENTS,2026-07-17
57.20899470899471,50.925925925925924,43.716931216931215,83.96164021164022,82.27513227513228,2026-07-17,58.95337301587301,CALM,TFC,XLF,INDEPENDENT_CURRENT_CONSTITUENTS,2026-07-17
92.85714285714286,86.11111111111111,74.14021164021165,73.87566137566138,80.0796812749004,2026-07-17,81.74603174603175,RUSH,TGT,XLP,INDEPENDENT_CURRENT_CONSTITUENTS,2026-07-17
6.5476190476190474,9.58994708994709,26.38888888888889,35.7473544973545,98.94179894179894,2026-07-17,19.56845238095238,SCATTER,TJX,XLY,INDEPENDENT_CURRENT_CONSTITUENTS,2026-07-17
16.402116402116402,19.576719576719576,11.375661375661377,20.80026455026455,46.03174603174603,2026-07-17,17.038690476190474,SCATTER,TKO,XLC,INDEPENDENT_CURRENT_CONSTITUENTS,2026-07-17
53.37301587301587,60.84656084656085,36.77248677248677,75.06613756613757,89.15343915343915,2026-07-17,56.514550264550266,CALM,TMO,XLV,INDEPENDENT_CURRENT_CONSTITUENTS,2026-07-17
54.76190476190476,61.9047619047619,68.65079365079366,28.108465608465607,43.16069057104914,2026-07-17,53.35648148148148,CALM,TPL,XLE,INDEPENDENT_CURRENT_CONSTITUENTS,2026-07-17
27.38095238095238,32.60582010582011,19.51058201058201,30.91931216931217,73.90146471371504,2026-07-17,27.604166666666664,SCATTER,TPR,XLY,INDEPENDENT_CURRENT_CONSTITUENTS,2026-07-17
75.92592592592592,68.38624338624338,81.01851851851852,45.23809523809524,65.53398058252428,2026-07-17,67.64219576719577,DRIFT,TRGP,XLE,INDEPENDENT_CURRENT_CONSTITUENTS,2026-07-17
6.812169312169312,1.7857142857142856,46.560846560846564,35.152116402116405,72.54641909814323,2026-07-17,22.577711640211643,SCATTER,TRMB,XLK,INDEPENDENT_CURRENT_CONSTITUENTS,2026-07-17
96.0978835978836,88.35978835978835,68.25396825396825,84.49074074074073,32.27513227513227,2026-07-17,84.30059523809524,RUSH,TROW,XLF,INDEPENDENT_CURRENT_CONSTITUENTS,2026-07-17
93.1547619047619,89.28571428571428,70.37037037037037,83.89550264550265,29.138166894664842,2026-07-17,84.17658730158729,RUSH,TRV,XLF,INDEPENDENT_CURRENT_CONSTITUENTS,2026-07-17
7.605820105820105,3.3730158730158726,3.968253968253968,22.38756613756614,99.20634920634922,2026-07-17,9.333664021164022,FLEE,TSCO,XLY,INDEPENDENT_CURRENT_CONSTITUENTS,2026-07-17
38.22751322751323,48.478835978835974,44.841269841269835,45.17195767195768,82.27513227513228,2026-07-17,44.17989417989418,CALM,TSN,XLP,INDEPENDENT_CURRENT_CONSTITUENTS,2026-07-17
28.373015873015873,30.35714285714286,65.27777777777777,38.8558201058201,62.56613756613757,2026-07-17,40.71593915343915,CALM,TT,XLI,INDEPENDENT_CURRENT_CONSTITUENTS,2026-07-17
29.36507936507936,13.756613756613756,33.92857142857142,27.67857142857143,56.08465608465608,2026-07-17,26.18220899470899,SCATTER,TTWO,XLC,INDEPENDENT_CURRENT_CONSTITUENTS,2026-07-17
67.72486772486772,70.8994708994709,90.07936507936509,53.80291005291005,81.48148148148148,2026-07-17,70.62665343915344,DRIFT,TXN,XLK,INDEPENDENT_CURRENT_CONSTITUENTS,2026-07-17
33.99470899470899,30.68783068783069,45.8994708994709,54.001322751322746,54.89417989417989,2026-07-17,41.14583333333333,CALM,TXT,XLI,INDEPENDENT_CURRENT_CONSTITUENTS,2026-07-17
22.55291005291005,11.11111111111111,48.47883597883598,41.964285714285715,59.589947089947096,2026-07-17,31.026785714285715,SCATTER,TYL,XLK,INDEPENDENT_CURRENT_CONSTITUENTS,2026-07-17
46.957671957671955,47.75132275132275,55.35714285714286,49.83465608465609,37.16931216931217,2026-07-17,49.97519841269842,CALM,UAL,XLI,INDEPENDENT_CURRENT_CONSTITUENTS,2026-07-17
80.489417989418,66.26984126984127,75.1984126984127,58.961640211640216,57.936507936507944,2026-07-17,70.22982804232804,DRIFT,UDR,XLRE,INDEPENDENT_CURRENT_CONSTITUENTS,2026-07-17
4.62962962962963,11.640211640211641,33.267195767195766,40.211640211640216,77.77777777777779,2026-07-17,22.437169312169313,SCATTER,UHS,XLV,INDEPENDENT_CURRENT_CONSTITUENTS,2026-07-17
16.93121693121693,28.902116402116405,13.161375661375661,36.607142857142854,46.42857142857143,2026-07-17,23.900462962962962,SCATTER,ULTA,XLY,INDEPENDENT_CURRENT_CONSTITUENTS,2026-07-17
97.2883597883598,93.3862433862434,78.57142857142857,77.9431216931217,86.64021164021165,2026-07-17,86.79728835978835,RUSH,UPS,XLI,INDEPENDENT_CURRENT_CONSTITUENTS,2026-07-17
43.05555555555556,30.158730158730158,54.695767195767196,73.71031746031747,3.3068783068783065,2026-07-17,50.405092592592595,CALM,URI,XLI,INDEPENDENT_CURRENT_CONSTITUENTS,2026-07-17
90.54232804232805,85.05291005291005,61.441798941798936,82.17592592592592,38.22751322751323,2026-07-17,79.80324074074073,RUSH,USB,XLF,INDEPENDENT_CURRENT_CONSTITUENTS,2026-07-17
95.76719576719577,96.56084656084656,92.989417989418,51.322751322751316,86.83862433862434,2026-07-17,84.16005291005291,RUSH,VLO,XLE,INDEPENDENT_CURRENT_CONSTITUENTS,2026-07-17
14.351851851851851,22.023809523809522,41.7989417989418,37.63227513227513,67.5925925925926,2026-07-17,28.951719576719576,SCATTER,VMC,XLB,INDEPENDENT_CURRENT_CONSTITUENTS,2026-07-17
34.12698412698413,23.082010582010582,50.198412698412696,37.863756613756614,49.2063492063492,2026-07-17,36.31779100529101,SCATTER,VRSK,XLI,INDEPENDENT_CURRENT_CONSTITUENTS,2026-07-17
67.72486772486772,53.17460317460318,76.19047619047619,56.051587301587304,91.41689373297002,2026-07-17,63.285383597883595,DRIFT,VRSN,XLK,INDEPENDENT_CURRENT_CONSTITUENTS,2026-07-17
55.62169312169312,42.923280423280424,54.62962962962963,75.92592592592592,58.333333333333336,2026-07-17,57.27513227513228,CALM,VRTX,XLV,INDEPENDENT_CURRENT_CONSTITUENTS,2026-07-17
83.10185185185185,70.96560846560847,79.43121693121694,70.93253968253968,69.11375661375662,2026-07-17,76.10780423280423,RUSH,VTR,XLRE,INDEPENDENT_CURRENT_CONSTITUENTS,2026-07-17
92.26190476190476,88.42592592592592,74.47089947089947,72.4867724867725,30.080213903743314,2026-07-17,81.91137566137566,RUSH,VTRS,XLV,INDEPENDENT_CURRENT_CONSTITUENTS,2026-07-17
25.66137566137566,52.645502645502646,48.08201058201058,17.361111111111107,76.82119205298014,2026-07-17,35.9375,SCATTER,VZ,XLC,INDEPENDENT_CURRENT_CONSTITUENTS,2026-07-17
30.820105820105823,35.714285714285715,54.89417989417989,44.87433862433862,68.43501326259947,2026-07-17,41.57572751322752,CALM,WAB,XLI,INDEPENDENT_CURRENT_CONSTITUENTS,2026-07-17
54.695767195767196,57.87037037037037,44.31216931216932,66.33597883597884,63.62433862433863,2026-07-17,55.80357142857143,CALM,WAT,XLV,INDEPENDENT_CURRENT_CONSTITUENTS,2026-07-17
61.77248677248677,57.870370370370374,27.910052910052908,16.038359788359788,10.978835978835978,2026-07-17,40.89781746031746,CALM,WBD,XLC,INDEPENDENT_CURRENT_CONSTITUENTS,2026-07-17
32.539682539682545,69.04761904761905,80.62169312169313,44.014550264550266,95.31914893617022,2026-07-17,56.555886243386254,CALM,WDC,XLK,INDEPENDENT_CURRENT_CONSTITUENTS,2026-07-17
39.35185185185185,45.83333333333333,63.492063492063494,28.63756613756614,32.27513227513227,2026-07-17,44.328703703703695,CALM,WEC,XLU,INDEPENDENT_CURRENT_CONSTITUENTS,2026-07-17
75.46296296296296,44.64285714285714,70.63492063492063,74.30555555555556,81.34920634920636,2026-07-17,66.26157407407408,DRIFT,WELL,XLRE,INDEPENDENT_CURRENT_CONSTITUENTS,2026-07-17
28.40608465608466,22.22222222222222,27.05026455026455,64.05423280423281,40.34391534391534,2026-07-17,35.433201058201064,SCATTER,WFC,XLF,INDEPENDENT_CURRENT_CONSTITUENTS,2026-07-17
66.13756613756613,46.0978835978836,65.27777777777777,55.257936507936506,38.56382978723404,2026-07-17,58.192791005291,CALM,WM,XLI,INDEPENDENT_CURRENT_CONSTITUENTS,2026-07-17
20.767195767195766,38.492063492063494,53.968253968253975,40.939153439153436,64.41798941798942,2026-07-17,38.54166666666667,SCATTER,WMB,XLE,INDEPENDENT_CURRENT_CONSTITUENTS,2026-07-17
28.505291005291006,30.555555555555557,47.15608465608466,55.19179894179894,55.42328042328042,2026-07-17,40.35218253968254,CALM,WRB,XLF,INDEPENDENT_CURRENT_CONSTITUENTS,2026-07-17
60.978835978835974,43.12169312169313,31.94444444444444,51.68650793650793,16.137566137566136,2026-07-17,46.93287037037037,CALM,WSM,XLY,INDEPENDENT_CURRENT_CONSTITUENTS,2026-07-17
91.99735449735451,89.68253968253968,77.84391534391534,85.38359788359789,3.571428571428571,2026-07-17,86.22685185185185,RUSH,WST,XLV,INDEPENDENT_CURRENT_CONSTITUENTS,2026-07-17
27.84391534391534,19.31216931216931,25.396825396825395,49.43783068783069,87.16931216931218,2026-07-17,30.497685185185183,SCATTER,WTW,XLF,INDEPENDENT_CURRENT_CONSTITUENTS,2026-07-17
73.34656084656083,46.29629629629629,50.661375661375665,68.75,88.16137566137566,2026-07-17,59.763558201058196,CALM,WY,XLRE,INDEPENDENT_CURRENT_CONSTITUENTS,2026-07-17
7.87037037037037,15.608465608465607,24.007936507936506,22.255291005291006,15.873015873015872,2026-07-17,17.435515873015873,SCATTER,WYNN,XLY,INDEPENDENT_CURRENT_CONSTITUENTS,2026-07-17
40.145502645502646,48.01587301587301,51.455026455026456,39.41798941798942,60.05291005291006,2026-07-17,44.758597883597886,CALM,XEL,XLU,INDEPENDENT_CURRENT_CONSTITUENTS,2026-07-17
28.902116402116402,20.767195767195766,43.65079365079365,52.28174603174603,63.227513227513235,2026-07-17,36.40046296296296,SCATTER,XYL,XLI,INDEPENDENT_CURRENT_CONSTITUENTS,2026-07-17
8.267195767195766,14.087301587301587,32.076719576719576,15.046296296296296,79.62962962962963,2026-07-17,17.369378306878307,SCATTER,YUM,XLY,INDEPENDENT_CURRENT_CONSTITUENTS,2026-07-17
77.24867724867725,78.505291005291,70.37037037037038,53.83597883597884,80.15873015873017,2026-07-17,69.99007936507937,DRIFT,ZBH,XLV,INDEPENDENT_CURRENT_CONSTITUENTS,2026-07-17
61.97089947089947,45.17195767195767,72.2883597883598,45.46957671957672,54.36507936507936,2026-07-17,56.22519841269842,CALM,ZBRA,XLK,INDEPENDENT_CURRENT_CONSTITUENTS,2026-07-17
89.4510582010582,83.26719576719577,81.74603174603175,56.580687830687836,89.57475994513031,2026-07-17,77.7612433862434,RUSH,AAPL,XLK,PRIMARY,2026-07-17
75.13227513227514,70.17195767195767,73.61111111111111,88.26058201058201,32.58807588075881,2026-07-17,76.79398148148148,RUSH,ABBV,XLV,PRIMARY,2026-07-17
28.306878306878303,30.687830687830687,50.132275132275126,34.92063492063492,78.96825396825396,2026-07-17,36.01190476190476,SCATTER,AMT,XLU,PRIMARY,2026-07-17
28.174603174603174,30.753968253968257,33.7962962962963,40.47619047619048,41.53439153439153,2026-07-17,33.30026455026455,SCATTER,AMZN,XLY,PRIMARY,2026-07-17
77.91005291005291,60.780423280423285,70.23809523809524,21.626984126984127,25.132275132275133,2026-07-17,57.63888888888889,CALM,APD,XLB,PRIMARY,2026-07-17
4.497354497354497,7.473544973544973,46.626984126984134,13.194444444444445,83.994708994709,2026-07-17,17.948082010582013,SCATTER,AVGO,XLK,PRIMARY,2026-07-17
41.53439153439153,28.902116402116402,45.63492063492063,37.698412698412696,50.067476383265856,2026-07-17,38.442460317460316,SCATTER,BA,XLI,PRIMARY,2026-07-17
83.06878306878306,75.52910052910053,62.56613756613757,64.94708994708995,26.58730158730159,2026-07-17,71.52777777777777,DRIFT,BAC,XLF,PRIMARY,2026-07-17
31.87830687830688,61.574074074074076,69.97354497354497,43.18783068783068,95.58423913043478,2026-07-17,51.65343915343915,CALM,CAT,XLI,PRIMARY,2026-07-17
68.91534391534393,76.38888888888889,68.58465608465609,27.744708994708994,79.8941798941799,2026-07-17,60.408399470899475,DRIFT,COP,XLE,PRIMARY,2026-07-17
13.624338624338623,14.02116402116402,38.029100529100525,19.41137566137566,79.8941798941799,2026-07-17,21.271494708994705,SCATTER,COST,XLP,PRIMARY,2026-07-17
25.33068783068783,16.203703703703702,46.560846560846564,11.73941798941799,75.92592592592592,2026-07-17,24.958664021164022,SCATTER,CRM,XLK,PRIMARY,2026-07-17
68.38624338624338,80.62169312169313,54.1005291005291,32.96957671957672,71.494708994709,2026-07-17,59.01951058201058,CALM,CVX,XLE,PRIMARY,2026-07-17
22.15608465608466,16.203703703703702,23.94179894179894,17.724867724867725,30.02645502645503,2026-07-17,20.006613756613756,SCATTER,DIS,XLC,PRIMARY,2026-07-17
24.867724867724867,39.08730158730159,59.25925925925927,23.41269841269841,62.03703703703704,2026-07-17,36.65674603174603,SCATTER,DUK,XLU,PRIMARY,2026-07-17
89.81481481481481,85.38359788359787,91.33597883597884,44.21296296296296,82.47354497354497,2026-07-17,77.6868386243386,RUSH,EOG,XLE,PRIMARY,2026-07-17
47.61904761904762,46.03174603174604,44.907407407407405,21.230158730158728,78.90520694259013,2026-07-17,39.94708994708995,SCATTER,FCX,XLB,PRIMARY,2026-07-17
14.351851851851851,11.044973544973544,41.07142857142857,62.169312169312164,57.54583921015515,2026-07-17,32.15939153439153,SCATTER,GE,XLI,PRIMARY,2026-07-17
26.917989417989418,49.074074074074076,30.68783068783069,10.714285714285714,58.86243386243386,2026-07-17,29.34854497354497,SCATTER,GOOGL,XLC,PRIMARY,2026-07-17
31.415343915343914,29.76190476190476,44.51058201058201,69.51058201058201,75.13227513227513,2026-07-17,43.79960317460318,CALM,GS,XLF,PRIMARY,2026-07-17
27.77777777777778,20.304232804232804,29.828042328042326,39.48412698412699,76.45502645502646,2026-07-17,29.348544973544975,SCATTER,HD,XLY,PRIMARY,2026-07-17
27.182539682539684,23.280423280423282,49.2063492063492,42.592592592592595,91.7989417989418,2026-07-17,35.56547619047619,SCATTER,HON,XLI,PRIMARY,2026-07-17
68.98148148148147,73.61111111111111,65.74074074074073,64.51719576719577,84.92063492063492,2026-07-17,68.21263227513228,DRIFT,JNJ,XLV,PRIMARY,2026-07-17
46.42857142857143,26.52116402116402,46.29629629629629,59.65608465608466,30.158730158730158,2026-07-17,44.7255291005291,CALM,JPM,XLF,PRIMARY,2026-07-17
63.22751322751323,64.08730158730158,79.76190476190476,41.69973544973545,84.78835978835978,2026-07-17,62.19411375661375,DRIFT,KO,XLP,PRIMARY,2026-07-17
53.43915343915344,62.764550264550266,79.23280423280423,19.047619047619047,28.174603174603174,2026-07-17,53.62103174603175,CALM,LIN,XLB,PRIMARY,2026-07-17
55.75396825396825,43.45238095238095,48.677248677248684,73.0489417989418,22.354497354497354,2026-07-17,55.23313492063492,CALM,LLY,XLV,PRIMARY,2026-07-17
25.066137566137566,18.452380952380953,38.955026455026456,70.5026455026455,55.25965379494008,2026-07-17,38.24404761904762,SCATTER,MA,XLF,PRIMARY,2026-07-17
4.629629629629629,10.846560846560845,21.69312169312169,11.044973544973544,76.85185185185185,2026-07-17,12.053571428571427,FLEE,MCD,XLY,PRIMARY,2026-07-17
19.113756613756614,16.005291005291006,33.3994708994709,24.206349206349206,75.26455026455027,2026-07-17,23.18121693121693,SCATTER,META,XLC,PRIMARY,2026-07-17
77.91005291005291,76.71957671957672,69.37830687830689,77.9431216931217,65.60846560846561,2026-07-17,75.48776455026456,RUSH,MRK,XLV,PRIMARY,2026-07-17
13.822751322751323,8.862433862433862,47.486772486772495,40.97222222222222,75.13227513227513,2026-07-17,27.786044973544975,SCATTER,MSFT,XLK,PRIMARY,2026-07-17
54.62962962962963,61.77248677248677,58.531746031746025,35.317460317460316,30.423280423280424,2026-07-17,52.56283068783068,CALM,NEE,XLU,PRIMARY,2026-07-17
24.20634920634921,35.251322751322746,33.2010582010582,19.378306878306876,64.41798941798942,2026-07-17,28.009259259259256,SCATTER,NEM,XLB,PRIMARY,2026-07-17
2.5462962962962963,5.357142857142858,9.39153439153439,7.076719576719576,94.70899470899471,2026-07-17,6.09292328042328,FLEE,NFLX,XLC,PRIMARY,2026-07-17
15.244708994708994,3.2407407407407405,11.507936507936508,11.904761904761905,40.612516644474034,2026-07-17,10.474537037037036,FLEE,NKE,XLY,PRIMARY,2026-07-17
11.177248677248677,16.534391534391535,48.08201058201059,14.847883597883598,44.44444444444444,2026-07-17,22.660383597883598,SCATTER,NVDA,XLK,PRIMARY,2026-07-17
2.6455026455026456,4.62962962962963,46.36243386243387,11.474867724867725,67.79100529100529,2026-07-17,16.278108465608465,SCATTER,ORCL,XLK,PRIMARY,2026-07-17
20.833333333333332,56.94444444444444,48.41269841269841,20.80026455026455,80.82010582010582,2026-07-17,36.74768518518518,SCATTER,PEP,XLP,PRIMARY,2026-07-17
44.51058201058201,49.33862433862434,63.69047619047619,48.908730158730165,44.97354497354497,2026-07-17,51.61210317460318,CALM,PG,XLP,PRIMARY,2026-07-17
88.82275132275132,83.7962962962963,65.67460317460318,29.43121693121693,56.613756613756614,2026-07-17,66.93121693121692,DRIFT,PLD,XLU,PRIMARY,2026-07-17
33.06878306878307,19.642857142857142,39.41798941798942,57.40740740740741,75.66137566137566,2026-07-17,37.38425925925926,SCATTER,SHW,XLB,PRIMARY,2026-07-17
67.79100529100529,71.03174603174602,48.611111111111114,40.64153439153439,81.61375661375662,2026-07-17,57.0188492063492,CALM,SLB,XLE,PRIMARY,2026-07-17
47.61904761904762,38.35978835978836,59.78835978835979,36.838624338624335,59.78835978835979,2026-07-17,45.651455026455025,CALM,SO,XLU,PRIMARY,2026-07-17
25.0,31.283068783068785,39.35185185185185,23.28042328042328,80.64516129032258,2026-07-17,29.728835978835978,SCATTER,TMUS,XLC,PRIMARY,2026-07-17
20.965608465608465,34.45767195767196,16.005291005291006,31.34920634920635,37.96296296296296,2026-07-17,25.69444444444445,SCATTER,TSLA,XLY,PRIMARY,2026-07-17
96.03174603174602,98.4126984126984,79.76190476190476,95.66798941798942,10.912698412698413,2026-07-17,92.46858465608464,RUSH,UNH,XLV,PRIMARY,2026-07-17
94.70899470899471,89.74867724867724,82.93650793650794,67.72486772486772,86.44179894179894,2026-07-17,83.7797619047619,RUSH,UNP,XLI,PRIMARY,2026-07-17
60.317460317460316,33.2010582010582,59.72222222222223,55.952380952380956,4.62962962962963,2026-07-17,52.29828042328043,CALM,V,XLF,PRIMARY,2026-07-17
1.7195767195767195,4.365079365079365,33.0026455026455,14.252645502645501,82.67195767195767,2026-07-17,13.33498677248677,FLEE,WMT,XLP,PRIMARY,2026-07-17
52.51322751322751,72.35449735449735,49.470899470899475,39.18650793650794,83.0026455026455,2026-07-17,53.38128306878306,CALM,XOM,XLE,PRIMARY,2026-07-17
