ticker,signal_date,fold_id,business_state,business_month_end,outcome_end,immediate_entry_date,immediate_entry_price,scheduled_entry_date,scheduled_entry_price,immediate_terminal_base,scheduled_terminal_base,uplift_vs_cash_base,uplift_vs_scheduled_base,immediate_terminal_stress,scheduled_terminal_stress,uplift_vs_cash_stress,uplift_vs_scheduled_stress,immediate_sleeve_trough,immediate_total_position_trough
AAPL,2018-11-30,F01,PASS,2018-10-31,2019-06-05,2018-12-03,43.76627212819843,2019-01-04,34.2922066637957,0.0498083074909294,0.06356907740773865,-0.00019169250907060537,-0.013760769916809253,0.049733482792645584,0.06347358054633495,-0.0002665172073544192,-0.013740097753689368,-0.22915546059808478,-0.01145777302990424
AAPL,2020-02-28,F02,PASS,2020-01-31,2020-08-27,2020-03-02,68.14338895177796,2020-03-31,61.7027392006283,0.08883805600909359,0.09811114194887893,0.03883805600909358,-0.009273085939785347,0.08870459873917506,0.0979637541542637,0.03870459873917506,-0.009259155415088635,-0.2051508974945575,-0.010257544874727876
AAPL,2020-09-30,F02,PASS,2020-08-31,2021-04-01,2020-10-01,114.10770982136417,2020-10-30,107.72527836112087,0.0523679078394421,0.055470564779265846,0.0023679078394420947,-0.003102656939823749,0.052289237972883096,0.055387233935831795,0.002289237972883093,-0.003097995962948699,-0.07539958461030571,-0.003769979230515286
AAPL,2021-05-28,F02,PASS,2021-04-30,2021-11-26,2021-06-01,121.9219705515792,2021-06-30,132.73195198602727,0.06277512087523726,0.05766257727851546,0.012775120875237259,0.005112543596721801,0.06268081673771812,0.05757595347689526,0.01268081673771812,0.0051048632608228645,-0.012312057004886912,-0.0006156028502443457
AAPL,2022-04-29,F03,PASS,2022-03-31,2022-10-28,2022-05-02,153.4007100602187,2022-06-01,146.9500774683954,0.049757882935034296,0.05194209288504193,-0.00024211706496570645,-0.0021842099500076345,0.04968313398721001,0.05186406270043746,-0.00031686601278999027,-0.002180928713227448,-0.16884000048012415,-0.008442000024006208
AAPL,2024-04-30,F04,PASS,2024-03-31,2024-10-29,2024-05-01,167.89590092981888,2024-05-31,189.79591187539916,0.06896638562004048,0.06100855035882816,0.01896638562004048,0.007957835261212319,0.06886278063413155,0.06091690005783844,0.01886278063413155,0.007945880576293113,-0.0016511304223844059,-8.25565211192203e-05
AAPL,2025-03-31,F04,PASS,2025-02-28,2025-09-30,2025-04-01,218.65466734224302,2025-05-01,207.98108658091093,0.05797516295474684,0.060950445919758886,0.007975162954746838,-0.002975282965012045,0.05788806957023796,0.06085888290635915,0.007888069570237959,-0.002970813336121189,-0.21559523295451577,-0.010779761647725788
ABBV,2018-03-29,F01,PASS,2018-02-28,2018-09-27,2018-04-02,65.6948367270856,2018-05-01,72.09491324096089,0.051033193700061145,0.04650282769024061,0.0010331937000611427,0.004530366009820534,0.050956528912329456,0.046432968660160126,0.0009565289123294532,0.00452356025216933,-0.04489347342984773,-0.0022446736714923864
ABBV,2019-01-31,F01,PASS,2018-12-31,2019-08-01,2019-02-01,58.566907704130436,2019-03-05,57.931970346596515,0.04211063619503365,0.04257217092119229,-0.007889363804966354,-0.0004615347261586397,0.042047375349472754,0.042508216733529,-0.007952624650527249,-0.00046084138405624864,-0.1704534411234826,-0.00852267205617413
ABBV,2020-02-28,F02,PASS,2020-01-31,2020-08-27,2020-03-02,66.39170354903872,2020-03-31,58.20853864816042,0.05623790108268445,0.06414402669460846,0.006237901082684447,-0.007906125611924011,0.05615341750569494,0.06404766611369518,0.006153417505694939,-0.00789424860800024,-0.24999994550191118,-0.01249999727509556
ABBV,2020-09-30,F02,PASS,2020-08-31,2021-04-01,2020-10-01,69.92525515152342,2020-10-30,66.88224665401334,0.06301315737672364,0.06588013004802523,0.013013157376723636,-0.002866972671301593,0.06291849564806556,0.06578116139998114,0.012918495648065562,-0.002862665751915572,-0.07467276537223555,-0.003733638268611778
ABBV,2022-04-29,F03,PASS,2022-03-31,2022-10-28,2022-05-02,125.8853975944698,2022-06-01,126.86396788472221,0.05123798460821923,0.05084275836466066,0.0012379846082192295,0.0003952262435585746,0.05116101217265355,0.050766379659055255,0.0011610121726535472,0.00039463251359829477,-0.07626739143644379,-0.0038133695718221895
ABBV,2023-01-31,F03,PASS,2022-12-31,2023-08-02,2023-02-01,129.55832073122872,2023-03-03,136.3618035356146,0.051898259899908414,0.049308906359168854,0.001898259899908411,0.00258935354073956,0.05182029556355402,0.04923483188792323,0.0018202955635540155,0.0025854636756307905,-0.08798351249763536,-0.004399175624881769
AMZN,2018-10-31,F01,PASS,2018-09-30,2019-05-06,2018-11-01,81.17649841,2018-12-03,88.47299957,0.059981156494115166,0.055034420427015035,0.009981156494115163,0.004946736067100131,0.05989104959903137,0.05495174478290835,0.009891049599031365,0.004939304816123015,-0.17219885846022165,-0.008609942923011083
AMZN,2020-03-31,F02,PASS,2020-02-29,2020-09-29,2020-04-01,96.64849854,2020-05-01,116.8399963,0.08122637168029513,0.06718937960761046,0.03122637168029513,0.014036992072684676,0.08110434908888757,0.06708844413499011,0.031104349088887567,0.014015904953897457,-0.013647395147624586,-0.0006823697573812293
AMZN,2020-09-30,F02,PASS,2020-08-31,2021-04-01,2020-10-01,160.3999939,2020-10-30,157.8874969,0.04919355801027559,0.04997638546239756,-0.0008064419897244116,-0.0007828274521219716,0.04911965682147698,0.04990130826841299,-0.0008803431785230215,-0.0007816514469360103,-0.07981602672617061,-0.003990801336308531
AMZN,2024-08-30,F04,PASS,2024-07-31,2025-03-05,2024-09-03,177.5500031,2024-10-02,184.4400024,0.05858841367688493,0.056399766290368476,0.008588413676884926,0.0021886473865164527,0.05850039903440589,0.05631503955082361,0.008500399034405887,0.0021853594835822762,-0.03469447250040636,-0.0017347236250203181
AMZN,2025-03-31,F04,PASS,2025-02-28,2025-09-30,2025-04-01,187.8600006,2025-05-01,190.6300049,0.05835213765272659,0.0575042350767547,0.00835213765272659,0.0008479025759718928,0.05826447795670346,0.057417849145242304,0.008264477956703459,0.0008466288114611573,-0.10933670411156182,-0.005466835205578092
APD,2020-02-28,F02,PASS,2020-01-31,2020-08-27,2020-03-02,188.7680775393694,2020-03-31,174.196716209329,0.06691424477894378,0.07251154684076383,0.01691424477894378,-0.0055973020618200475,0.06681372262854977,0.07240261612442818,0.01681372262854977,-0.005588893495878405,-0.20064244724572255,-0.01003212236228613
APD,2022-03-31,F03,PASS,2022-02-28,2022-09-30,2022-04-01,225.201361395259,2022-05-03,211.15430188202473,0.04691835175912903,0.050039599460686986,-0.0030816482408709753,-0.003121247701557958,0.04684786850661156,0.04996442730325982,-0.0031521314933884437,-0.0031165587966482597,-0.10989808206274909,-0.005494904103137455
APD,2024-12-31,F04,PASS,2024-11-30,2025-07-07,2025-01-02,275.6667412381593,2025-02-04,324.4779249376616,0.05098462376533133,0.043315011612400714,0.00098462376533133,0.007669612152930619,0.05090803194194826,0.04324994148979821,0.0009080319419482591,0.007658090452150053,-0.12713524881799532,-0.0063567624408997665
AVGO,2018-01-31,F01,PASS,2017-12-31,2018-08-01,2018-02-01,19.059262696623637,2018-03-05,19.704244177248793,0.04604340857135881,0.04453626393966199,-0.003956591428641194,0.0015071446316968218,0.04597423970520254,0.04446935918662293,-0.0040257602947974605,0.00150488051857961,-0.1387498419386447,-0.006937492096932236
AVGO,2019-05-31,F01,PASS,2019-04-30,2019-11-27,2019-06-03,21.03326721760604,2019-07-02,25.13045166754382,0.06413872494066311,0.053681762608978695,0.014138724940663108,0.010456962331684416,0.0640423723243276,0.05360111899965123,0.014042372324327604,0.010441253324676374,0.0024946201582054517,0.00012473100791027258
BA,2018-03-29,F01,PASS,2018-02-28,2018-09-27,2018-04-02,311.4431191711167,2018-05-01,318.4342931413744,0.05696349534786992,0.05571287091919346,0.0069634953478699205,0.0012506244286764612,0.05687792174444298,0.0556291760705417,0.006877921744442975,0.0012487456739012776,-0.00848711468775265,-0.00042435573438763253
BA,2018-11-30,F01,PASS,2018-10-31,2019-06-05,2018-12-03,353.99889058598103,2019-01-04,307.7266270451202,0.04830870838990347,0.055572796348104275,-0.0016912916100965333,-0.007264087958200806,0.04823613646943792,0.05548931192695039,-0.0017638635305620848,-0.007253175457512473,-0.19255580115843585,-0.009627790057921793
BA,2024-04-30,F04,PASS,2024-03-31,2024-10-29,2024-05-01,167.5,2024-05-31,173.1199951,0.04559717185267164,0.044116950678694304,-0.004402828147328362,0.0014802211739773363,0.04552867334713433,0.04405067584041885,-0.004471326652865676,0.0014779975067154769,-0.12465674567164176,-0.006232837283582088
CAT,2018-10-31,F01,PASS,2018-09-30,2019-05-06,2018-11-01,104.59006275215127,2018-12-03,121.04770633911954,0.05639383820236481,0.04872653315624074,0.006393838202364804,0.007667305046124069,0.056309120368310185,0.048653333557107686,0.006309120368310182,0.007655786811202499,-0.04600704546429102,-0.002300352273214551
CAT,2021-06-30,F02,PASS,2021-05-31,2021-12-29,2021-07-01,200.0269095010183,2021-08-02,190.85998254346885,0.047745749813858825,0.05003895866384597,-0.002254250186141178,-0.002293208849987148,0.04767402359981698,0.049963787469058024,-0.002325976400183026,-0.0022897638692410474,-0.13326351373179923,-0.006663175686589962
CAT,2022-04-29,F03,PASS,2022-03-31,2022-10-28,2022-05-02,195.63307245663495,2022-06-01,203.51424572592921,0.05286000447132873,0.05081297895344316,0.0028600044713287254,0.0020470255178855687,0.05278059535094116,0.05073664498405892,0.002780595350941155,0.0020439503668822356,-0.2210886856373554,-0.01105443428186777
CAT,2023-03-31,F03,PASS,2023-02-28,2023-10-02,2023-04-03,218.24610511351176,2023-05-03,205.7217102,0.05959219370741157,0.06322018302865781,0.009592193707411566,-0.003627989321246243,0.05950267113298883,0.06312521029501436,0.009502671132988826,-0.003622539162025533,-0.1006179881289998,-0.00503089940644999
CAT,2024-05-31,F04,PASS,2024-04-30,2024-11-29,2024-06-03,331.2157931180783,2024-07-03,318.9629191014389,0.05993707127270871,0.0622395376073527,0.009937071272708708,-0.002302466334643989,0.059847030604797784,0.06214603805160805,0.009847030604797781,-0.002299007446810268,-0.06682866088510242,-0.0033414330442551213
COP,2018-02-28,F01,PASS,2018-01-31,2018-08-28,2018-03-01,41.64219924364971,2018-04-02,45.286853748121594,0.06654633504703977,0.0611907322680468,0.01654633504703977,0.005355602778992975,0.06644636559028408,0.06109880828366816,0.016446365590284076,0.005347557306615916,-0.017064068098134322,-0.0008532034049067161
COP,2018-10-31,F01,PASS,2018-09-30,2019-05-06,2018-11-01,54.30830511515349,2018-12-03,52.68370442137739,0.04420778074209957,0.045571010455209386,-0.005792219257900431,-0.0013632297131098148,0.04414136945405436,0.04550255125071984,-0.0058586305459456395,-0.0013611817966654796,-0.1878917737078536,-0.00939458868539268
COP,2020-01-31,F02,PASS,2019-12-31,2020-07-31,2020-02-03,46.98808847200517,2020-03-04,38.829870945281,0.03228543225027286,0.03906865281809841,-0.017714567749727142,-0.00678322056782555,0.032236931350547865,0.039009961802347635,-0.017763068649452138,-0.0067730304517997705,-0.6157136513276544,-0.030785682566382724
COP,2022-04-29,F03,PASS,2022-03-31,2022-10-28,2022-05-02,80.82133614708574,2022-06-01,98.48552741964534,0.06946741006539207,0.05700785737014352,0.01946741006539207,0.012459552695248552,0.06936305241381663,0.05692221712371868,0.019363052413816625,0.01244083529009795,-0.12366033752395622,-0.006183016876197812
COP,2022-12-30,F03,PASS,2022-11-30,2023-07-05,2023-01-03,104.1145830853439,2023-02-02,101.3723696025878,0.04553349855116112,0.04676522050985214,-0.0044665014488388805,-0.0012317219586910205,0.04546509569905623,0.04669496729927149,-0.004534904300943776,-0.0012298716002152668,-0.18659688537021735,-0.009329844268510868
COST,2018-12-31,F01,PASS,2018-11-30,2019-07-02,2019-01-02,181.01577001629582,2019-02-01,193.20383999250245,0.06646023365483282,0.06226765664160379,0.016460233654832818,0.004192577013229032,0.06636039354418459,0.06217411484394489,0.016360393544184587,0.004186278700239701,-0.0003989283159655521,-1.9946415798277606e-05
COST,2020-02-28,F02,PASS,2020-01-31,2020-08-27,2020-03-02,269.00379744614713,2020-03-31,262.5902249639804,0.05898929038756132,0.06043006027769757,0.00898929038756132,-0.001440769890136244,0.05890067352668868,0.06033927901538756,0.008900673526688677,-0.0014386054886988825,-0.04955178504056479,-0.0024775892520282395
COST,2021-02-26,F02,PASS,2021-01-31,2021-08-26,2021-03-01,316.90029758419274,2021-03-30,334.2668432845199,0.06718771165585853,0.06369703201349058,0.01718771165585853,0.003490679642367947,0.06708677868892435,0.06360134293184788,0.017086778688924345,0.003485435757076466,-0.07097039117868786,-0.0035485195589343935
COST,2022-01-31,F03,PASS,2021-12-31,2022-08-02,2022-02-01,480.11102497018,2022-03-03,508.91773751914525,0.05398921392589342,0.050933215575572025,0.003989213925893416,0.003055998350321394,0.05390810844678592,0.050856700980315785,0.003908108446785914,0.0030514074664701324,-0.17279278011858334,-0.008639639005929168
COST,2022-08-31,F03,PASS,2022-07-31,2023-03-03,2022-09-01,496.51498190961405,2022-10-03,453.3141076651975,0.04581615363681743,0.050182437099340636,-0.004183846363182572,-0.004366283462523206,0.04574732616515471,0.05010705036358799,-0.0042526738348452955,-0.004359724198433286,-0.13221954422629056,-0.006610977211314529
COST,2025-03-31,F04,PASS,2025-02-28,2025-09-30,2025-04-01,935.9252129070355,2025-05-01,983.2766375054385,0.04916745576911638,0.04679971002418226,-0.0008325442308836223,0.002367745744934119,0.04909359379249778,0.046729405001612136,-0.0009064062075022222,0.002364188790885645,-0.03638505666629377,-0.0018192528333146885
CRM,2018-10-31,F01,PASS,2018-09-30,2019-05-06,2018-11-01,136.0463148995865,2018-12-03,143.81196201427935,0.05861859473983987,0.05545327166981884,0.00861859473983987,0.0031653230700210352,0.05853053475775699,0.055369966805016914,0.008530534757756988,0.0031605679527400773,-0.12810684076558887,-0.0064053420382794435
CRM,2020-03-31,F02,PASS,2020-02-29,2020-09-29,2020-04-01,135.96769889355116,2020-05-01,155.79468081929983,0.0893142067077078,0.07794776497302354,0.0393142067077078,0.011366441734684263,0.08918003413879287,0.0778306676796239,0.03918003413879287,0.011349366459168966,-0.030798217721030974,-0.0015399108860515488
CRM,2020-09-30,F02,PASS,2020-08-31,2021-04-01,2020-10-01,248.87432758331155,2020-10-30,231.80957681327945,0.04312977923226852,0.04630479444726979,-0.006870220767731486,-0.00317501521500127,0.04306498737563516,0.046235232913297925,-0.006935012624364842,-0.0031702455376627636,-0.18899594441924117,-0.009449797220962059
CRM,2024-04-30,F04,PASS,2024-03-31,2024-10-29,2024-05-01,264.7904357249058,2024-05-31,215.66509468054605,0.0556418626490696,0.06831626173543012,0.005641862649069594,-0.012674399086360526,0.05555827447283163,0.06821363340032431,0.00555827447283163,-0.012655358927492678,-0.1896142437601771,-0.009480712188008856
CRM,2025-02-28,F04,PASS,2025-01-31,2025-08-29,2025-03-03,297.53374771303146,2025-04-01,265.7638445954992,0.042636880371114884,0.047733772164977324,-0.007363119628885119,-0.00509689179386244,0.042572828973461735,0.047662063944398994,-0.007427171026538268,-0.005089234970937259,-0.2279338200601072,-0.01139669100300536
CVX,2018-02-28,F01,PASS,2018-01-31,2018-08-28,2018-03-01,78.26058557312325,2018-04-02,79.91660259794803,0.054640576919450776,0.053508325013297026,0.004640576919450773,0.00113225190615375,0.05455849292808454,0.0534279419511839,0.004558492928084537,0.0011305509769006378,0.0009864254951763574,4.932127475881787e-05
CVX,2018-10-31,F01,PASS,2018-09-30,2019-05-06,2018-11-01,79.87140409710574,2018-12-03,87.14628493208984,0.05394014975413294,0.049437282397385554,0.0039401497541329406,0.004502867356747389,0.053859117981843306,0.0493630150728026,0.0038591179818433033,0.004496102909040706,-0.08761744476906386,-0.004380872238453193
CVX,2020-01-31,F02,PASS,2019-12-31,2020-07-31,2020-02-03,80.30944901559725,2020-03-04,73.21065029213224,0.04022371827877776,0.04412397157295032,-0.00977628172122224,-0.0039002532941725537,0.040163292062034485,0.04405768618751274,-0.009836707937965518,-0.003894394125478255,-0.4871087475397782,-0.02435543737698891
CVX,2022-06-30,F03,PASS,2022-05-31,2022-12-29,2022-07-01,124.72015509143864,2022-08-02,136.8774107513968,0.061753129430571006,0.05626830488451436,0.011753129430571004,0.005484824546056644,0.06166036058315403,0.05618377563331079,0.011660360583154027,0.005476584949843238,-0.07271492554503067,-0.003635746277251534
CVX,2023-02-28,F03,PASS,2023-01-31,2023-08-29,2023-03-01,140.44618416127415,2023-03-30,141.60695390519226,0.050594746284476314,0.050180014881331,0.0005947462844763107,0.0004147314031453103,0.05051874015585666,0.05010463178436355,0.0005187401558566576,0.0004141083714931104,-0.05484134159479648,-0.002742067079739824
DIS,2018-03-29,F01,PASS,2018-02-28,2018-09-27,2018-04-02,94.4602359454819,2018-05-01,94.46021993194931,0.05829371602274594,0.05829372590508923,0.008293716022745937,-9.88234329091231e-09,0.05820614409081393,0.05820615395831144,0.008206144090813924,-9.867497513527113e-09,-0.015172655574448135,-0.0007586327787224068
DIS,2020-03-31,F02,PASS,2020-02-29,2020-09-29,2020-04-01,90.65415921999696,2020-05-01,103.12274243292275,0.06695823738309559,0.05886230883324134,0.016958237383095584,0.008095928549854248,0.0668576491446633,0.058773882730837876,0.016857649144663298,0.008083766413825424,0.004064142485828537,0.00020320712429142685
DUK,2018-01-31,F01,PASS,2017-12-31,2018-08-01,2018-02-01,55.508552044440655,2018-03-05,53.94756472354395,0.05290098492540025,0.054431689177847416,0.002900984925400245,-0.0015307042524471681,0.05282151424198703,0.05434991898879707,0.002821514241987025,-0.0015284047468100415,-0.057137825931784625,-0.0028568912965892313
DUK,2020-02-28,F02,PASS,2020-01-31,2020-08-27,2020-03-02,71.65294974807782,2020-03-31,64.39776693823981,0.044347157240243185,0.04934339776490554,-0.005652842759756818,-0.004996240524662354,0.04428053657338253,0.04926927147882907,-0.0057194634266174715,-0.004988734905446539,-0.3000545482589093,-0.015002727412945466
DUK,2022-09-30,F03,PASS,2022-08-31,2023-04-03,2022-10-03,81.62343158144687,2022-11-01,80.85439294078196,0.05129843004982771,0.05178635004376863,0.0012984300498277077,-0.000487919993940919,0.05122136680989307,0.051708553824373886,0.0012213668098930638,-0.00048718701448081936,-0.08987925892488946,-0.004493962946244473
EOG,2018-02-28,F01,PASS,2018-01-31,2018-08-28,2018-03-01,74.4549243635381,2018-04-02,76.75900857770105,0.05804356180150966,0.05630126136070509,0.008043561801509655,0.0017423004408045686,0.05795636566460203,0.05621668260052376,0.007956365664602026,0.0017396830640782693,-0.03261597354771251,-0.0016307986773856254
EOG,2018-10-31,F01,PASS,2018-09-30,2019-05-06,2018-11-01,77.90440849150697,2018-12-03,78.73503751764824,0.04316758741999335,0.042712183419055395,-0.00683241258000665,0.0004554040009379576,0.0431027387658822,0.04264801889714395,-0.006897261234117803,0.00045471986873824727,-0.21815446392048232,-0.010907723196024116
EOG,2022-06-30,F03,PASS,2022-05-31,2022-12-29,2022-07-01,94.10389789367852,2022-08-02,91.47144086818611,0.0596040627905466,0.061319408392973174,0.009604062790546597,-0.001715345602426574,0.059514522385753596,0.06122729110445093,0.009514522385753593,-0.0017127687186973342,-0.14326234720808684,-0.007163117360404342
EOG,2022-12-30,F03,PASS,2022-11-30,2023-07-05,2023-01-03,111.79775661368457,2023-02-02,111.45450460379196,0.04558336061194015,0.04572374596651447,-0.004416639388059855,-0.0001403853545743211,0.0455148828543859,0.0456550573145868,-0.004485117145614101,-0.00014017446020089808,-0.19476764832523719,-0.00973838241626186
EOG,2024-12-31,F04,PASS,2024-11-30,2025-07-07,2025-01-02,116.94082531670871,2025-02-04,118.72239321916739,0.04894402852484579,0.04820956632380242,-0.0010559714751542104,0.0007344622010433746,0.048870502192560096,0.04813714333984077,-0.0011294978074399067,0.0007333588527193291,-0.15037022441978798,-0.007518511220989399
FCX,2018-06-29,F01,PASS,2018-05-31,2018-12-31,2018-07-02,15.371563918066224,2018-08-01,14.600664834798682,0.030444628378577376,0.03205207135278561,-0.019555371621422627,-0.001607442974208232,0.03039889283269068,0.032003921020257634,-0.019601107167309322,-0.001605028187566953,-0.4215406597926301,-0.021077032989631508
FCX,2021-01-29,F02,PASS,2020-12-31,2021-07-30,2021-02-01,26.30807883422728,2021-03-03,32.65510479449562,0.06748116238937613,0.05436515212972909,0.017481162389376123,0.013116010259647037,0.06737978858508563,0.05428348189618418,0.017379788585085626,0.013096306688901452,-0.0060050733929587485,-0.00030025366964793747
FCX,2022-01-31,F03,PASS,2021-12-31,2022-08-02,2022-02-01,35.84656594825155,2022-03-03,45.74659382207192,0.03867202768170227,0.030303007826910696,-0.011327972318297734,0.008369019854791573,0.03861393249740327,0.03025748503097643,-0.011386067502596735,0.008356447466426838,-0.33737559256611127,-0.016868779628305564
FCX,2022-08-31,F03,PASS,2022-07-31,2023-03-03,2022-09-01,26.971601608575583,2022-10-03,26.55504936580626,0.07728756056040863,0.07849992157868876,0.027287560560408625,-0.0012123610182801364,0.0771714550613194,0.07838199480616195,0.02717145506131939,-0.0012105397448425592,-0.06984915860452967,-0.0034924579302264835
FCX,2024-06-28,F04,PASS,2024-05-31,2024-12-27,2024-07-01,47.75184202154192,2024-07-31,44.85967868968042,0.039734709735281794,0.04229645948149606,-0.010265290264718209,-0.002561749746214266,0.03967501813327587,0.042232919482274985,-0.010324981866724134,-0.0025579013489991156,-0.2168101512580689,-0.010840507562903445
GE,2020-03-31,F02,PASS,2020-02-29,2020-09-29,2020-04-01,36.39154723831663,2020-05-01,32.278153128279456,0.04075862739896827,0.045952738016444374,-0.009241372601031736,-0.005194110617476107,0.04069739761319115,0.04588370536043569,-0.009302602386808856,-0.005186307747244545,-0.2699468339167833,-0.013497341695839167
GE,2024-10-31,F04,PASS,2024-09-30,2025-05-06,2024-11-01,171.0390472426686,2024-12-03,179.19694836079935,0.0604927648663776,0.0577388452340598,0.010492764866377596,0.002753919632317796,0.06040188940588729,0.057652106858645594,0.010401889405887287,0.0027497825472416956,-0.07414908202028825,-0.0037074541010144128
GOOGL,2018-03-29,F01,PASS,2018-02-28,2018-09-27,2018-04-02,50.92939799451739,2018-05-01,50.368376461124875,0.05865733743382055,0.059310684468288556,0.00865733743382055,-0.0006533470344680034,0.05856921925039469,0.059221584792071805,0.008569219250394687,-0.0006523655416771149,-0.017195110859383522,-0.0008597555429691762
GOOGL,2018-10-31,F01,PASS,2018-09-30,2019-05-06,2018-11-01,54.09036864581363,2018-12-03,56.110457583042624,0.05459362608688838,0.0526281461237617,0.004593626086888375,0.0019654799631266748,0.05451161262756907,0.052549085313360465,0.004511612627569064,0.001962527314208602,-0.0977917388666758,-0.004889586943333791
GOOGL,2019-05-31,F01,PASS,2019-04-30,2019-11-27,2019-06-03,52.877630166163954,2019-07-02,54.75596667534398,0.06139865651621029,0.0592924506513263,0.01139865651621029,0.0021062058648839907,0.06130642017692705,0.05920337836692271,0.011306420176927047,0.0021030418100043413,-0.026421604405750254,-0.0013210802202875127
GOOGL,2020-02-28,F02,PASS,2020-01-31,2020-08-27,2020-03-02,66.97561656891546,2020-03-31,56.9316748800496,0.06016313532280185,0.07077717441922271,0.010163135322801845,-0.010614039096420863,0.06007275504940755,0.07067084916971961,0.01007275504940755,-0.010598094120312054,-0.21996615087158455,-0.010998307543579229
GOOGL,2022-04-29,F03,PASS,2022-03-31,2022-10-28,2022-05-02,112.40825744972986,2022-06-01,113.845517032335,0.04239035639862107,0.04185519306911851,-0.007609643601378932,0.0005351633295025623,0.04232667534243886,0.041792315963856935,-0.00767332465756114,0.0005343593785819278,-0.1868084356624845,-0.009340421783124225
GOOGL,2024-07-31,F04,PASS,2024-06-30,2025-01-31,2024-08-01,168.9473074966924,2024-08-30,161.37567317869295,0.05997594111737104,0.06278997054989742,0.009975941117371039,-0.0028140294325263784,0.05988584205710459,0.06269564410440434,0.009885842057104584,-0.0028098020472997545,-0.12565483351729656,-0.006282741675864828
GOOGL,2025-02-28,F04,PASS,2025-01-31,2025-08-29,2025-03-03,171.0366458285756,2025-04-01,152.9977840733587,0.061970899348893486,0.06927743972117202,0.011970899348893484,-0.007306540372278535,0.06187780335588063,0.06917336745318829,0.01187780335588063,-0.007295564097307659,-0.15740918443617846,-0.007870459221808923
HD,2018-02-28,F01,PASS,2018-01-31,2018-08-28,2018-03-01,148.3615156939819,2018-04-02,144.63539424995173,0.05580099903253292,0.05723855378993972,0.005800999032532915,-0.0014375547574068046,0.055717171793125006,0.05715256697903846,0.005717171793125003,-0.0014353951859134573,-0.05455694595812355,-0.0027278472979061774
HD,2018-10-31,F01,PASS,2018-09-30,2019-05-06,2018-11-01,145.93490523468762,2018-12-03,152.1624449716818,0.057118316035238724,0.05478063946277145,0.007118316035238721,0.002337676572467272,0.05703250985191088,0.05469834506197611,0.0070325098519108745,0.00233416478993477,-0.1003958553378711,-0.005019792766893555
HD,2020-02-28,F02,PASS,2020-01-31,2020-08-27,2020-03-02,187.59551028795775,2020-03-31,167.23383050628328,0.06633730720438169,0.07441425552748691,0.016337307204381687,-0.008076948323105224,0.06623765176040916,0.07430246646059535,0.016237651760409158,-0.00806481470018619,-0.3037188539347213,-0.015185942696736066
HD,2021-02-26,F02,PASS,2021-01-31,2021-08-26,2021-03-01,225.916267501253,2021-03-30,264.9614841398561,0.06273000936625292,0.053485998624849776,0.012730009366252917,0.009244010741403144,0.06263577299765063,0.053405649102629175,0.012635772997650632,0.00923012389502146,-0.030446860145716848,-0.0015223430072858425
HD,2022-01-31,F03,PASS,2021-12-31,2022-08-02,2022-02-01,329.2493390685974,2022-03-03,293.3542685323851,0.041137121376356355,0.046170693517127936,-0.008862878623643648,-0.005033572140771582,0.04107532299672237,0.04610133343673165,-0.008924677003277634,-0.005026010440009283,-0.26296513126958376,-0.01314825656347919
HD,2023-02-28,F03,PASS,2023-01-31,2023-08-29,2023-03-01,266.68628785870783,2023-03-30,262.5811462,0.05714793513963702,0.05804137464451362,0.007147935139637018,-0.0008934395048766017,0.05706208446090947,0.057954181793269985,0.0070620844609094666,-0.0008920973323605155,-0.031057927369314342,-0.0015528963684657171
HD,2025-03-31,F04,PASS,2025-02-28,2025-09-30,2025-04-01,352.5184377658968,2025-05-01,348.8106365608716,0.05621547646546852,0.05681303797745342,0.0062154764654685155,-0.0005975615119849023,0.05613102657593602,0.05672769039911974,0.006131026575936019,-0.0005966638231837199,-0.07936520127346203,-0.003968260063673102
HON,2018-03-29,F01,PASS,2018-02-28,2018-09-27,2018-04-02,114.83927115244516,2018-05-01,115.26239519938315,0.0579675047009671,0.05775470810640092,0.007967504700967097,0.00021279659456618222,0.057880422821095845,0.05766794590093312,0.007880422821095842,0.0002124769201627269,-0.009802541771192552,-0.0004901270885596277
HON,2018-10-31,F01,PASS,2018-09-30,2019-05-06,2018-11-01,122.3605173609992,2018-12-03,126.90221829670031,0.059900532759668355,0.057756753798708656,0.009900532759668353,0.0021437789609596997,0.059810546981862146,0.057669988520092676,0.009810546981862144,0.0021405584617694706,-0.13691093436271162,-0.0068455467181355815
HON,2020-02-28,F02,PASS,2020-01-31,2020-08-27,2020-03-02,141.54610909455843,2020-03-31,114.42416650601282,0.05147680216101832,0.0636783406601403,0.001476802161018316,-0.012201538499121985,0.05139947096097673,0.06358267965764636,0.0013994709609767286,-0.012183208696669626,-0.3631735074414325,-0.018158675372071626
HON,2023-02-28,F03,PASS,2023-01-31,2023-08-29,2023-03-01,175.74250405293145,2023-03-30,174.8021755989848,0.05016776725005891,0.05043763905717204,0.0001677672500589103,-0.00026987180711312425,0.05009240255213694,0.05036186894341564,9.240255213693871e-05,-0.00026946639127869987,-0.03142209497179027,-0.0015711047485895135
HON,2025-04-30,F04,PASS,2025-03-31,2025-10-29,2025-05-01,202.49617263200864,2025-06-02,217.65417008232606,0.051038264412911365,0.04748382811818329,0.001038264412911362,0.0035544362947280764,0.05096159200768416,0.047412495376894084,0.0009615920076841561,0.0035490966307900745,-0.035229266505558576,-0.001761463325277929
JNJ,2018-02-28,F01,PASS,2018-01-31,2018-08-28,2018-03-01,102.77986585297518,2018-04-02,101.75291607558506,0.05267355618929607,0.05320516844071067,0.0026735561892960655,-0.0005316122514146052,0.05259442716147039,0.05312524079658342,0.002594427161470389,-0.0005308136351130296,-0.06834853582144296,-0.003417426791072148
JNJ,2018-12-31,F01,PASS,2018-11-30,2019-07-02,2019-01-02,104.09972918377193,2019-02-01,108.88508299964552,0.055299431510888154,0.052869095432647485,0.0052994315108881515,0.002430336078240669,0.055216357752984974,0.05278967265533254,0.005216357752984971,0.0024266850976524326,-0.018809233214385435,-0.0009404616607192718
JNJ,2020-03-31,F02,PASS,2020-02-29,2020-09-29,2020-04-01,107.35523224461257,2020-05-01,125.7829964934799,0.058277758918466385,0.049739809972739905,0.008277758918466382,0.00853794894572648,0.05819021095814822,0.04966508817508432,0.008190210958148217,0.008525122783063901,0.008692253147580153,0.0004346126573790077
JNJ,2020-10-30,F02,PASS,2020-09-30,2021-05-04,2020-11-02,118.43110683729311,2020-12-02,126.86505821907504,0.06106425875146617,0.05700472497042242,0.011064258751466167,0.004059533781043748,0.060972524762355304,0.05691908942965564,0.010972524762355301,0.0040534353326996675,-0.003453715398058832,-0.00017268576990294162
JNJ,2022-08-31,F03,PASS,2022-07-31,2023-03-03,2022-09-01,144.85877592617615,2022-10-03,147.37039624628335,0.04826765454592343,0.04744503327971703,-0.0017323454540765712,0.0008226212662063997,0.04819514429873376,0.047373758818105044,-0.0018048557012662406,0.0008213854806287182,-0.04305179914922386,-0.002152589957461193
JNJ,2023-03-31,F03,PASS,2023-02-28,2023-10-02,2023-04-03,140.89557247143736,2023-05-03,150.53412174368214,0.050732294344497934,0.04748395627290726,0.0007322943444979316,0.0032483380715906743,0.0506560815838402,0.04741262333909718,0.0006560815838401943,0.003243458244743015,0.0036434631660744454,0.00018217315830372228
JNJ,2024-12-31,F04,PASS,2024-11-30,2025-07-07,2025-01-02,139.36975408666245,2025-02-04,145.252406861487,0.054264915265562354,0.0520672122377083,0.004264915265562351,0.0021977030278540546,0.05418339561318544,0.051988994092133374,0.004183395613185439,0.002194401521052068,-0.021827453930720275,-0.0010913726965360137
KO,2020-02-28,F02,PASS,2020-01-31,2020-08-27,2020-03-02,44.27111656997678,2020-03-31,37.322420104751465,0.04544903966313731,0.053910751962842174,-0.00455096033686269,-0.008461712299704861,0.04538076368968242,0.05382976435348387,-0.004619236310317583,-0.00844900066380145,-0.2974335505896568,-0.014871677529482841
KO,2022-09-30,F03,PASS,2022-08-31,2023-04-03,2022-10-03,50.46003818286932,2022-11-01,53.74585183113047,0.05609439442091396,0.05266499995604803,0.0060943944209139594,0.0034293944648659327,0.05601012642729216,0.052585883781852666,0.006010126427292158,0.0034242426454394945,-0.03495391375799839,-0.0017476956878999196
LIN,2020-02-28,F02,PASS,2020-01-31,2020-08-27,2020-03-02,174.40710930217114,2020-03-31,158.1907775635648,0.06610557776105218,0.07288214207950436,0.016105577761052176,-0.00677656431845218,0.06600627043341915,0.07277265463521868,0.01600627043341915,-0.006766384201799522,-0.21220018639292026,-0.010610009319646015
LIN,2022-02-28,F03,PASS,2022-01-31,2022-08-29,2022-03-01,274.7077157265661,2022-03-30,306.60239121658145,0.049535891294284914,0.04438286175765667,-0.00046410870571508833,0.005153029536628245,0.04946147583415329,0.04431618745356405,-0.0005385241658467099,0.0051452883805892455,-0.07195224340273088,-0.0035976121701365438
LIN,2024-12-31,F04,PASS,2024-11-30,2025-07-07,2025-01-02,412.4657204672824,2025-02-04,446.96290551706744,0.056084395863195004,0.05175572840865574,0.006084395863195001,0.004328667454539262,0.05600014288994034,0.05167797819071585,0.006000142889940337,0.004322164699224487,-0.018633305232190756,-0.0009316652616095378
LLY,2018-02-28,F01,PASS,2018-01-31,2018-08-28,2018-03-01,68.66528317190918,2018-04-02,68.50489971071822,0.06899222476179269,0.06915374914689927,0.018992224761792686,-0.00016152438510658174,0.06888858095894575,0.06904986269349883,0.018888580958945744,-0.00016128173455308425,-0.029846570016732854,-0.0014923285008366428
LLY,2019-04-30,F01,PASS,2019-03-31,2019-10-28,2019-05-01,106.7053283777993,2019-05-31,105.73631457177252,0.04873534975721005,0.04918198180550434,-0.001264650242789954,-0.00044663204829429454,0.04866213691330838,0.04910809800709848,-0.0013378630866916208,-0.0004459610937900954,-0.0825366889516238,-0.00412683444758119
LLY,2020-02-28,F02,PASS,2020-01-31,2020-08-27,2020-03-02,119.05152168349066,2020-03-31,127.64436812879131,0.058781619461298715,0.05482452023912703,0.008781619461298712,0.0039570992221716825,0.058693314574776986,0.054742159918287084,0.008693314574776984,0.0039511546564899025,-0.06802885228987188,-0.003401442614493594
LLY,2020-08-31,F02,PASS,2020-07-31,2021-03-03,2020-09-01,139.8323231529438,2020-10-01,139.56884013310452,0.06849471844753062,0.06862402521286867,0.018494718447530617,-0.00012930676533805252,0.06839182202522585,0.06852093453903862,0.01839182202522585,-0.00012911251381277078,-0.12213164429989842,-0.006106582214994921
LLY,2021-03-31,F02,PASS,2021-02-28,2021-09-29,2021-04-01,177.42649136757512,2021-05-03,173.7891373256583,0.06203215381214423,0.06333046801560681,0.01203215381214423,-0.001298314203462575,0.061938965799406914,0.06323532960596895,0.011938965799406911,-0.0012963638065620342,-0.033561445766510545,-0.0016780722883255274
LLY,2023-02-28,F03,PASS,2023-01-31,2023-08-29,2023-03-01,302.676034169848,2023-03-30,328.1301463305376,0.0896284502439803,0.08267568271922836,0.039628450243980304,0.006952767524751949,0.08949380560165085,0.08255148289541381,0.03949380560165085,0.006942322706237042,0.0020322174890359257,0.00010161087445179629
LLY,2024-07-31,F04,PASS,2024-06-30,2025-01-31,2024-08-01,822.1374940702473,2024-08-30,933.2857372413367,0.04872353433293519,0.04292087923375884,-0.0012764656670648106,0.0058026550991763515,0.04865033923879458,0.042856401197854346,-0.0013496607612054207,0.005793938040940236,-0.12677515150688612,-0.0063387575753443065
LLY,2025-01-31,F04,PASS,2024-12-31,2025-08-04,2025-02-03,795.6157224052174,2025-03-05,896.6065236240383,0.047915900083971244,0.042518811156888756,-0.0020840999160287588,0.0053970889270824884,0.04784391826111101,0.04245493712911176,-0.002156081738888996,0.005388981131999246,-0.10924747168451299,-0.00546237358422565
MA,2018-10-31,F01,PASS,2018-09-30,2019-05-06,2018-11-01,190.30302728799327,2018-12-03,197.11562384167482,0.06260836466852003,0.06044453046268871,0.012608364668520028,0.0021638342058313206,0.06251431104107609,0.060353727462494386,0.012514311041076087,0.002160583578581704,-0.1218763517245246,-0.00609381758622623
MA,2020-02-28,F02,PASS,2020-01-31,2020-08-27,2020-03-02,287.9607495927661,2020-03-31,243.22850316848715,0.05963581474775027,0.07060346009464905,0.009635814747750264,-0.010967645346898779,0.05954622664347222,0.07049739580807722,0.009546226643472218,-0.010951169164605,-0.319816608072476,-0.015990830403623802
MA,2022-06-30,F03,PASS,2022-05-31,2022-12-29,2022-07-01,306.15606592451184,2022-08-02,338.82052595211866,0.05552091151551338,0.05016834147921319,0.005520911515513378,0.005352570036300193,0.055437505038524626,0.050092975918653526,0.005437505038524623,0.0053445291198711,-0.09496245856412455,-0.004748122928206228
MCD,2020-05-29,F02,PASS,2020-04-30,2020-11-25,2020-06-01,162.59973046126964,2020-06-30,159.29912400252022,0.05899316867108723,0.06021548068791166,0.00899316867108723,-0.001222312016824427,0.05890454598405005,0.060125021778515704,0.00890454598405005,-0.0012204757944656516,-0.037330505063263075,-0.0018665252531631538
MCD,2024-05-31,F04,PASS,2024-04-30,2024-11-29,2024-06-03,246.0418926889836,2024-07-03,237.046522181,0.05762918456063952,0.05981607961578019,0.007629184560639518,-0.002186895055140671,0.05754261092334262,0.05972622070799484,0.007542610923342616,-0.0021836097846522212,-0.04695058537688135,-0.0023475292688440678
META,2018-03-29,F01,PASS,2018-02-28,2018-09-27,2018-04-02,156.43622404013922,2018-05-01,170.50273317898515,0.05341447279535452,0.04900776824749395,0.00341447279535452,0.004406704547860574,0.05333423072305303,0.04893414616199445,0.0033342307230530277,0.00440008456105858,-0.017172343916009747,-0.0008586171958004874
META,2018-09-28,F01,PASS,2018-08-31,2019-04-02,2018-10-01,161.61081565598926,2018-10-30,138.7218127259675,0.053345615424752676,0.06214760498765587,0.0033456154247526737,-0.008801989562903192,0.05326547679366892,0.062054243537999904,0.0032654767936689186,-0.008788766744330982,-0.23903586897438944,-0.011951793448719474
META,2020-03-31,F02,PASS,2020-02-29,2020-09-29,2020-04-01,160.2130674762158,2020-05-01,199.84505052579473,0.08086786705690145,0.06483067260038403,0.03086786705690145,0.016037194456517426,0.08074638303027616,0.06473328050333788,0.03074638303027616,0.016013102526938286,-0.04603403013496821,-0.0023017015067484103
META,2020-09-30,F02,PASS,2020-08-31,2021-04-01,2020-10-01,263.0401340905493,2020-10-30,272.11047502000275,0.056192191059109775,0.05431911972497005,0.006192191059109772,0.0018730713341397268,0.05610777615015768,0.054237518643760786,0.00610777615015768,0.0018702575063968968,-0.07427942871950999,-0.0037139714359754996
META,2024-04-30,F04,PASS,2024-03-31,2024-10-29,2024-05-01,425.31978785998723,2024-05-31,462.23502531240973,0.06924218176137925,0.06371232910748845,0.01924218176137925,0.005529852653890804,0.0691381624597848,0.06361661704573458,0.019138162459784794,0.0055215454140502135,0.024708343792065213,0.0012354171896032608
META,2025-03-31,F04,PASS,2025-02-28,2025-09-30,2025-04-01,568.5377059415133,2025-05-01,589.6921415443944,0.0643208176506888,0.06201339230268843,0.014320817650688794,0.0023074253480003665,0.06422419148496417,0.061920232474492104,0.014224191484964163,0.002303959010472062,-0.1509704868199948,-0.007548524340999741
MRK,2020-02-28,F02,PASS,2020-01-31,2020-08-27,2020-03-02,59.98327896493974,2020-03-31,59.78878559944203,0.0564540106229278,0.056637655940554046,0.006454010622927796,-0.00018364531762624786,0.056369202394651,0.056552571830478106,0.006369202394650997,-0.00018336943582710624,-0.13200405732350584,-0.006600202866175292
MRK,2020-10-30,F02,PASS,2020-09-30,2021-05-04,2020-11-02,60.861560388186284,2020-12-02,65.23213645700864,0.05045594950154404,0.047075383151912176,0.00045594950154403957,0.0033805663496318666,0.0503801518808607,0.04700466399845412,0.00038015188086069907,0.0033754878824065818,-0.04852945766338912,-0.0024264728831694562
MRK,2022-08-31,F03,PASS,2022-07-31,2023-03-03,2022-09-01,75.90971564828871,2022-10-03,77.48667285601572,0.06322558761406319,0.061938862524110745,0.013225587614063186,0.0012867250899524438,0.06313060676136305,0.061845814658526205,0.013130606761363045,0.001284792102836843,-0.005004327641652484,-0.0002502163820826242
MRK,2024-07-31,F04,PASS,2024-06-30,2025-01-31,2024-08-01,105.89488220887738,2024-08-30,109.77009935871298,0.04425309345302241,0.04269082515150594,-0.005746906546977591,0.0015622683015164701,0.04418661409380405,0.042626692715124107,-0.005813385906195956,0.0015599213786799404,-0.14298284414738283,-0.007149142207369142
MSFT,2018-12-31,F01,PASS,2018-11-30,2019-07-02,2019-01-02,92.7306781763817,2019-02-01,96.6709242665168,0.06904296057173857,0.06622881291039909,0.01904296057173857,0.002814147661339486,0.06893924055084963,0.0661293204523464,0.018939240550849626,0.002809920098503227,-0.02159724446932587,-0.0010798622234662937
MSFT,2020-02-28,F02,PASS,2020-01-31,2020-08-27,2020-03-02,156.68969108082536,2020-03-31,151.08788362251246,0.0687855024161761,0.07133582697708829,0.018785502416176103,-0.0025503245609121844,0.06868216916267159,0.07122866248989186,0.018682169162671583,-0.0025464933272202755,-0.18081175720878262,-0.00904058786043913
MSFT,2020-10-30,F02,PASS,2020-09-30,2021-05-04,2020-11-02,194.64572208975616,2020-12-02,205.27177232255633,0.060854018649870334,0.05770386384911586,0.010854018649870331,0.003150154800754472,0.06076260049466272,0.05761717802460543,0.010762600494662718,0.0031454224700572936,-0.009594163024528313,-0.00047970815122641564
MSFT,2022-02-28,F03,PASS,2022-01-31,2022-08-29,2022-03-01,286.11049160018933,2022-03-30,302.8677894662072,0.04487388717350344,0.042391070842662235,-0.005126112826496561,0.0024828163308412074,0.04480647522482016,0.04232738871320405,-0.005193524775179842,0.002479086511616109,-0.18075499088113522,-0.009037749544056761
MSFT,2024-07-31,F04,PASS,2024-06-30,2025-01-31,2024-08-01,414.27933393243126,2024-08-30,409.90711195592587,0.04943266345790641,0.049959930663631524,-0.0005673365420935939,-0.0005272672057251154,0.049358403072140906,0.04988487818892402,-0.0006415969278590963,-0.0005264751167831164,-0.06093317157005096,-0.003046658578502548
NEE,2020-03-31,F02,PASS,2020-02-29,2020-09-29,2020-04-01,49.34286261995189,2020-05-01,49.118536311816854,0.061847514769314896,0.06212997482812959,0.011847514769314893,-0.00028246005881469444,0.061754604131203754,0.06203663986344036,0.011754604131203751,-0.0002820357322366046,-0.05511781533429272,-0.002755890766714636
NEE,2021-02-26,F02,PASS,2021-01-31,2021-08-26,2021-03-01,65.10201715580398,2021-03-30,64.63974324261497,0.05661277640134797,0.057017645114785125,0.0066127764013479695,-0.0004048687134371523,0.05652772966664389,0.0569319901646878,0.006527729666643889,-0.00040426049804390823,-0.052786812236241154,-0.002639340611812058
NEE,2022-09-30,F03,PASS,2022-08-31,2023-04-03,2022-10-03,71.77064740779093,2022-11-01,70.2962213794111,0.04850356877940205,0.049520905456599436,-0.001496431220597956,-0.001017336677197389,0.04843070412925773,0.04944651250899313,-0.0015692958707422752,-0.0010158083797354028,-0.11511982762042128,-0.005755991381021064
NEE,2024-06-28,F04,PASS,2024-05-31,2024-12-27,2024-07-01,67.43689338178554,2024-07-31,70.65493986964606,0.051045245633520114,0.0487203413347409,0.0010452456335201116,0.0023249042987792123,0.05096856274073065,0.04864715103729262,0.0009685627407306496,0.0023214117034380324,-0.02183036062250121,-0.0010915180311250605
NEE,2024-12-31,F04,PASS,2024-11-30,2025-07-07,2025-01-02,69.29429173473528,2025-02-04,67.17159058594372,0.052340130962096276,0.053994140568716965,0.0023401309620962735,-0.0016540096066206891,0.05226150282344516,0.053913027688543634,0.002261502823445158,-0.0016515248650984735,-0.10806880606272906,-0.005403440303136453
NEM,2018-07-31,F01,PASS,2018-06-30,2019-01-31,2018-08-01,29.03759656535421,2018-08-30,25.083710606054535,0.047072480801979094,0.05449240458580015,-0.0029275191980209087,-0.0074199237838210585,0.047001766008586035,0.05441054318682299,-0.0029982339914139677,-0.007408777178236958,-0.1882191597039823,-0.009410957985199114
NEM,2019-04-30,F01,PASS,2019-03-31,2019-10-28,2019-05-01,25.52402110637775,2019-05-31,26.812606729360798,0.06325867809680866,0.06021853269255002,0.013258678096808654,0.0030401454042586346,0.06316364753381896,0.06012806919826978,0.013163647533818962,0.0030355783355491828,-0.031391564951242845,-0.0015695782475621423
NEM,2020-02-28,F02,PASS,2020-01-31,2020-08-27,2020-03-02,38.13709032719725,2020-03-31,38.26988276836208,0.07132953130723722,0.07108202538602071,0.02132953130723722,0.0002475059212165148,0.07122237627773212,0.07097524217312234,0.021222376277732116,0.00024713410460977525,-0.13227810863168166,-0.006613905431584083
NEM,2020-10-30,F02,PASS,2020-09-30,2021-05-04,2020-11-02,53.42030381245604,2020-12-02,50.74297377266347,0.0513694607049556,0.05407984580949226,0.0013694607049555968,-0.0027103851045366598,0.051292290758979196,0.05399860417833128,0.0012922907589791935,-0.0027063134193520827,-0.1344648948024354,-0.00672324474012177
NEM,2021-06-30,F02,PASS,2021-05-31,2021-12-29,2021-07-01,55.36046304025004,2021-08-02,54.11485351657382,0.048209068871110844,0.04931873971767475,-0.0017909311288891588,-0.0011096708465639094,0.04813664663444918,0.04924465047423308,-0.0018633533655508239,-0.0011080038397838984,-0.15972631070338128,-0.007986315535169064
NEM,2024-10-31,F04,PASS,2024-09-30,2025-05-06,2024-11-01,44.17640238825079,2024-12-03,40.28815814849289,0.06078244709644794,0.06664861250738753,0.01078244709644794,-0.0058661654109395875,0.060691136459848374,0.06654848940397133,0.010691136459848372,-0.005857352944122957,-0.1799902974979587,-0.008999514874897935
NFLX,2018-03-29,F01,PASS,2018-02-28,2018-09-27,2018-04-02,29.19400024,2018-05-01,31.0359993,0.06510565927719367,0.061241612174019806,0.015105659277193664,0.0038640471031738607,0.0650078540804828,0.061149611755130444,0.015007854080482802,0.003858242325352361,-0.039905490868763493,-0.0019952745434381747
NFLX,2018-09-28,F01,PASS,2018-08-31,2019-04-02,2018-10-01,37.58499908,2018-10-30,27.55699921,0.04884507417814204,0.06661981059903657,-0.0011549258218579647,-0.017774736420894534,0.04877169650035815,0.06651973076338454,-0.0012283034996418557,-0.017748034263026388,-0.37773044931520594,-0.018886522465760298
NFLX,2019-05-31,F01,PASS,2019-04-30,2019-11-27,2019-06-03,34.35599899,2019-07-02,37.48899841,0.045909901962924986,0.04207315778936677,-0.004090098037075017,0.0038367441735582125,0.045840933657522495,0.042009953245867475,-0.004159066342477508,0.0038309804116550203,-0.25896494415981475,-0.012948247207990739
NFLX,2020-07-31,F02,PASS,2020-06-30,2021-02-01,2020-08-03,49.08599854,2020-09-01,53.25999832,0.05482535237328902,0.050528675393136026,0.004825352373289016,0.004296676980152993,0.05474299080237271,0.05045276851973622,0.0047429908023727055,0.004290222282636487,-0.04875112702556017,-0.002437556351278009
NFLX,2021-03-31,F02,PASS,2021-02-28,2021-09-29,2021-04-01,52.99300003,2021-05-03,51.26499939,0.05643777404448922,0.05834013454052926,0.006437774044489218,-0.0019023604960400411,0.05635299020766725,0.058252492876222,0.006352990207667247,-0.0018995026685547506,-0.08482250349018394,-0.004241125174509197
NFLX,2023-02-28,F03,PASS,2023-01-31,2023-08-29,2023-03-01,32.15499878,2023-03-30,34.02700043,0.0667617846029584,0.06308887281660254,0.016761784602958393,0.0036729117863558564,0.06666149148637909,0.062994097344169,0.01666149148637909,0.0036673941422100953,-0.08953505890943148,-0.004476752945471574
NFLX,2024-04-30,F04,PASS,2024-03-31,2024-10-29,2024-05-01,54.7840004,2024-05-31,64.40100098,0.06920823934540568,0.058873373927207547,0.019208239345405678,0.010334865418198134,0.06910427103392033,0.05878493120222927,0.01910427103392033,0.010319339831691067,0.0070641250579430714,0.0003532062528971536
NFLX,2025-03-31,F04,PASS,2025-02-28,2025-09-30,2025-04-01,92.75,2025-05-01,112.2519989,0.06453485730595687,0.05332295258688262,0.01453485730595687,0.011211904719074253,0.06443790959843666,0.05324284800112366,0.01443790959843666,0.011195061597313004,-0.07723990792452828,-0.0038619953962264145
NKE,2018-10-31,F01,PASS,2018-09-30,2019-05-06,2018-11-01,67.41002931420775,2018-12-03,69.29068694704829,0.055767384795557734,0.05425377073715665,0.005767384795557731,0.001513614058401086,0.05568360805325094,0.0541722678266852,0.005683608053250938,0.0015113402265657383,-0.09968865898106638,-0.004984432949053319
NKE,2019-05-31,F01,PASS,2019-04-30,2019-11-27,2019-06-03,69.78881735675063,2019-07-02,77.12549040459437,0.061005709710406406,0.055202453953471134,0.011005709710406403,0.005803255756935272,0.060914063676790364,0.05511952588043136,0.010914063676790361,0.005794537796359002,0.009321611081670733,0.00046608055408353666
NKE,2020-02-28,F02,PASS,2020-01-31,2020-08-27,2020-03-02,81.60316876985704,2020-03-31,77.53213759672587,0.061913962936617856,0.06516492029417306,0.011913962936617853,-0.0032509573575552064,0.061820952476522785,0.06506702607239914,0.011820952476522782,-0.0032460735958763573,-0.29910698184643303,-0.014955349092321652
NKE,2022-03-31,F03,PASS,2022-02-28,2022-09-30,2022-04-01,124.48560334366273,2022-05-03,115.7544838448785,0.03103009911566128,0.03337063482917217,-0.01896990088433872,-0.0023405357135108905,0.030983484044380873,0.03332050368020497,-0.01901651595561913,-0.0023370196358240974,-0.3784657162611661,-0.018923285813058306
NVDA,2018-10-31,F01,PASS,2018-09-30,2019-05-06,2018-11-01,5.2516746353261645,2018-12-03,4.273886277970615,0.0423799360731393,0.052075703667934674,-0.007620063926860703,-0.009695767594795374,0.042316270670926276,0.051997472766079994,-0.007683729329073727,-0.009681202095153718,-0.40081408550463893,-0.020040704275231948
NVDA,2020-02-28,F02,PASS,2020-01-31,2020-08-27,2020-03-02,6.887436955912086,2020-03-31,6.6461653752288,0.09111638101297787,0.09442412194808587,0.04111638101297786,-0.0033077409351080084,0.09097950112162137,0.0942822729917292,0.04097950112162137,-0.003302771870107829,-0.2907188140855984,-0.014535940704279922
NVDA,2020-10-30,F02,PASS,2020-09-30,2021-05-04,2020-11-02,12.603153940310465,2020-12-02,13.292916692423713,0.05664080290234201,0.05370174016721702,0.006640802902342008,0.002939062735124988,0.05655571406473209,0.05362106654653517,0.006555714064732085,0.0029346475181969145,-0.08382808742272962,-0.004191404371136481
NVDA,2024-07-31,F04,PASS,2024-06-30,2025-01-31,2024-08-01,117.33660561217461,2024-08-30,119.33330151212871,0.05101183401264125,0.050158299261389705,0.0010118340126412453,0.0008535347512515432,0.05093520131257218,0.050082948786785715,0.00093520131257218,0.0008522525257864677,-0.1584276906187051,-0.007921384530935256
ORCL,2018-12-31,F01,PASS,2018-11-30,2019-07-02,2019-01-02,39.70461463261372,2019-02-01,45.274719425498034,0.06617116608559555,0.058030191739622226,0.016171166085595545,0.008140974345973322,0.0660717602276803,0.057943015687935265,0.016071760227680296,0.008128744539745034,0.00674455223565662,0.00033722761178283105
ORCL,2024-04-30,F04,PASS,2024-03-31,2024-10-29,2024-05-01,111.14622279401699,2024-05-31,113.76119324494891,0.07639771295452956,0.07464159774338971,0.026397712954529556,0.0017561152111398443,0.076282944232014,0.07452946715088589,0.026282944232013994,0.0017534770811281075,0.0063207231727970825,0.00031603615863985414
ORCL,2024-12-31,F04,PASS,2024-11-30,2025-07-07,2025-01-02,165.26628554138574,2025-02-04,167.5206982310347,0.0692252312518397,0.06829363150669777,0.019225231251839697,0.0009315997451419256,0.0691212374142055,0.06819103716792958,0.019121237414205502,0.0009302002462759223,-0.26676860798898583,-0.013338430399449291
PEP,2018-04-30,F01,PASS,2018-03-31,2018-10-26,2018-05-01,77.62811540217638,2018-05-31,78.95875332158907,0.055908340535458526,0.05496615547302571,0.005908340535458523,0.000942185062432814,0.055824352041915035,0.054883582380176904,0.005824352041915032,0.0009407696617381306,-0.04184930556855049,-0.0020924652784275245
PEP,2020-02-28,F02,PASS,2020-01-31,2020-08-27,2020-03-02,107.82472023779259,2020-03-31,102.74687418873069,0.0531081184969345,0.05573277108916244,0.0031081184969345005,-0.0026246525922279385,0.05302833664641332,0.05564904634541308,0.0030283366464133182,-0.0026207096989997597,-0.20733487857413302,-0.010366743928706651
PEP,2021-02-26,F02,PASS,2021-01-31,2021-08-26,2021-03-01,109.79845223517476,2021-03-30,121.75031991414082,0.06001374825775123,0.05412237664902567,0.010013748257751226,0.0058913716087255555,0.05992359240158034,0.05404107112576725,0.00992359240158034,0.005882521275813096,-0.011254886658401131,-0.0005627443329200565
PEP,2024-12-31,F04,PASS,2024-11-30,2025-07-07,2025-01-02,144.1867215105043,2025-02-04,137.7922447659047,0.04478065590122396,0.046858776213834955,-0.005219344098776044,-0.0020781203126109954,0.0447133840095346,0.046788382458881776,-0.005286615990465406,-0.002074998449347179,-0.15236991576165193,-0.007618495788082597
PG,2020-02-28,F02,PASS,2020-01-31,2020-08-27,2020-03-02,96.63259190057799,2020-03-31,96.89723839731818,0.06175444172567317,0.06158577751056074,0.011754441725673165,0.0001686642151124268,0.06166167090685643,0.06149326006813126,0.01166167090685643,0.00016841083872517343,-0.13684957756471905,-0.006842478878235953
PG,2021-01-29,F02,PASS,2020-12-31,2021-07-30,2021-02-01,112.86009248327431,2021-03-03,108.28442851961712,0.05574580513266802,0.05810139840824591,0.005745805132668015,-0.00235559327557789,0.05566206080848274,0.05801411538610032,0.005662060808482736,-0.002352054577617585,-0.05310084239176449,-0.0026550421195882246
PG,2022-06-30,F03,PASS,2022-05-31,2022-12-29,2022-07-01,130.01137099296506,2022-08-02,129.83024002605475,0.05353525748977848,0.05360994650638177,0.0035352574897784747,-7.468901660329097e-05,0.053454833968261534,0.053529410783037176,0.003454833968261531,-7.45768147756426e-05,-0.13641551702369725,-0.006820775851184863
SHW,2018-04-30,F01,PASS,2018-03-31,2018-10-26,2018-05-01,112.74018153433634,2018-05-31,119.66142814989807,0.05101062688262553,0.04806015960066409,0.0010106268826255288,0.0029504672819614386,0.05093399599597162,0.04798796106345729,0.0009339959959716176,0.00294603493251433,0.015014935603488322,0.0007507467801744161
SHW,2018-10-31,F01,PASS,2018-09-30,2019-05-06,2018-11-01,122.10746747833804,2018-12-03,133.2299030427312,0.05778572010218583,0.05296159328305515,0.007785720102185825,0.004824126819130678,0.05769891130884254,0.05288203155053178,0.007698911308842538,0.0048168797583107575,-0.06794694255541656,-0.003397347127770828
SHW,2020-02-28,F02,PASS,2020-01-31,2020-08-27,2020-03-02,164.60584122727036,2020-03-31,150.24908173335686,0.06453250597479511,0.07069878437817242,0.014532505974795107,-0.006166278403377315,0.06443556179957009,0.07059257689037346,0.01443556179957009,-0.006157015090803367,-0.24006761383826047,-0.012003380691913024
SHW,2022-01-31,F03,PASS,2021-12-31,2022-08-02,2022-02-01,277.0174726068141,2022-03-03,252.74409885177818,0.042318799272750764,0.046383068374496385,-0.007681200727249239,-0.004064269101745621,0.04225522571350277,0.046313389253252776,-0.007744774286497232,-0.004058163539750005,-0.23815782299210575,-0.011907891149605289
SHW,2024-05-31,F04,PASS,2024-04-30,2024-11-29,2024-06-03,299.68415633004025,2024-07-03,289.53354894929777,0.06530503698179062,0.06759453259565852,0.015305036981790615,-0.0022894956138679035,0.06520693226924912,0.06749298848059243,0.015206932269249115,-0.0022860562113433125,-0.042723959407248824,-0.0021361979703624413
SHW,2024-12-31,F04,PASS,2024-11-30,2025-07-07,2025-01-02,335.5821739851309,2025-02-04,351.32550206232804,0.05104133566111721,0.04875411060032799,0.001041335661117207,0.0022872250607892178,0.050964658642097,0.04868086957288633,0.0009646586420969938,0.0022837890692106663,-0.0764399246256372,-0.0038219962312818602
SLB,2018-02-28,F01,PASS,2018-01-31,2018-08-28,2018-03-01,51.84533920202348,2018-04-02,50.95868180968638,0.04919862668054832,0.050054659931213163,-0.0008013733194516814,-0.0008560332506648421,0.049124717877322664,0.04997946514914325,-0.0008752821226773386,-0.0008547472718205829,-0.04192693124358304,-0.0020963465621791524
SLB,2020-01-31,F02,PASS,2019-12-31,2020-07-31,2020-02-03,28.710840137830132,2020-03-04,23.706990208767735,0.027670237699896887,0.033510612869097484,-0.022329762300103115,-0.005840375169200596,0.027628669991784875,0.03346027143764666,-0.02237133000821513,-0.005831601445861787,-0.6343303128853179,-0.0317165156442659
SLB,2022-04-29,F03,PASS,2022-03-31,2022-10-28,2022-05-02,34.76301190634464,2022-06-01,42.80670981976646,0.06623803775840245,0.05379141973170253,0.01623803775840245,0.01244661802669992,0.06613853144229069,0.053710611389591816,0.016138531442290688,0.012427920052698875,-0.1798607244731717,-0.008993036223658586
SLB,2023-03-31,F03,PASS,2023-02-28,2023-10-02,2023-04-03,48.17588804149765,2023-05-03,41.90850612867629,0.055873936424946924,0.06422983671575273,0.005873936424946921,-0.00835590029080581,0.055789999615094725,0.06413334722644513,0.005789999615094722,-0.008343347611350409,-0.18060071137667755,-0.009030035568833878
SO,2018-09-28,F01,PASS,2018-08-31,2019-04-02,2018-10-01,32.05235950681331,2018-10-30,33.90224585049533,0.06078581277845076,0.05746901643863466,0.010785812778450754,0.0033167963398160957,0.06069449708574402,0.05738268341444042,0.01069449708574402,0.0033118136713035998,-0.016095615260512952,-0.0008047807630256476
SO,2020-02-28,F02,PASS,2020-01-31,2020-08-27,2020-03-02,47.774296161325175,2020-03-31,44.89176581980009,0.04398200184485913,0.04680611563240145,-0.006017998155140876,-0.002824113787542326,0.04391592973392544,0.046735800986984724,-0.006084070266074562,-0.0028198712530592834,-0.28733929548580084,-0.014366964774290043
SO,2022-09-30,F03,PASS,2022-08-31,2023-04-03,2022-10-03,60.475361078733485,2022-11-01,57.4197247689959,0.050759054924923275,0.053460238392809,0.000759054924923272,-0.002701183467885726,0.05068280196309315,0.053379927568984055,0.0006828019630931506,-0.0026971256058909016,-0.11216978927834698,-0.005608489463917349
SO,2024-12-31,F04,PASS,2024-11-30,2025-07-07,2025-01-02,78.90834959522375,2025-02-04,79.6986618610829,0.056157502951518744,0.0556006308238541,0.006157502951518741,0.0005568721276646427,0.056073140152893525,0.05551710458826493,0.006073140152893522,0.0005560355646285972,-0.023048214600268846,-0.0011524107300134423
TMUS,2018-05-31,F01,PASS,2018-04-30,2018-11-28,2018-06-01,53.552466583104255,2018-07-02,56.86123953986212,0.061443394484454655,0.05786798452704341,0.011443394484454653,0.003575409957411242,0.061351090937407406,0.05778105215168982,0.011351090937407403,0.003570038785717586,0.015535695178571451,0.0007767847589285726
TMUS,2020-02-28,F02,PASS,2020-01-31,2020-08-27,2020-03-02,86.33422972765617,2020-03-31,79.41065692301453,0.06372791156240583,0.06928415366499706,0.013727911562405826,-0.00555624210259123,0.0636321760918564,0.06918007131096851,0.013632176091856393,-0.0055478952191121145,-0.1767834156371354,-0.00883917078185677
TMUS,2021-02-26,F02,PASS,2021-01-31,2021-08-26,2021-03-01,115.0517300199427,2021-03-30,118.13098756803292,0.057091531725241694,0.05560335716904628,0.007091531725241691,0.001488174556195411,0.05700576577873408,0.05551982683779584,0.007005765778734074,0.0014859389409382362,-0.014130073660438724,-0.0007065036830219362
TMUS,2024-12-31,F04,PASS,2024-11-30,2025-07-07,2025-01-02,216.54500323320644,2025-02-04,230.3166719660704,0.05377291774105177,0.0505575933634991,0.003772917741051769,0.003215324377552675,0.053692137193619045,0.05048164304798058,0.0036921371936190425,0.003210494145638468,-0.048969147636191424,-0.002448457381809571
TSLA,2020-09-30,F02,PASS,2020-08-31,2021-04-01,2020-10-01,146.9199982,2020-10-30,135.6333313,0.07495659403285374,0.08119407342452409,0.024956594032853732,-0.006237479391670353,0.07484399023610934,0.08107209935328044,0.024843990236109337,-0.006228109117171102,-0.11961158463994592,-0.005980579231997296
TSLA,2021-04-30,F02,PASS,2021-03-31,2021-10-28,2021-05-03,234.6000061,2021-06-02,206.7100067,0.07640128023758394,0.08670959425683673,0.026401280237583938,-0.010308314019252793,0.07628650615610535,0.0865793344757799,0.026286506156105352,-0.01029282831967454,-0.1994032292567789,-0.009970161462838946
TSLA,2024-12-31,F04,PASS,2024-11-30,2025-07-07,2025-01-02,390.1000061,2025-02-04,382.6300049,0.03761844242591004,0.03835285898097638,-0.012381557574089964,-0.0007344165550663417,0.03756192999362274,0.03829524326893686,-0.012438070006377262,-0.000733313275314118,-0.43127403965452027,-0.021563701982726016
UNH,2018-03-29,F01,PASS,2018-02-28,2018-09-27,2018-04-02,190.27786863780895,2018-05-01,206.42616115600768,0.06089961409056349,0.05613556297866684,0.01089961409056349,0.00476405111189665,0.06080812743945099,0.05605123313944001,0.01080812743945099,0.004756894300010986,-0.005767690933610181,-0.00028838454668050906
UNH,2018-12-31,F01,PASS,2018-11-30,2019-07-02,2019-01-02,215.55812074799925,2019-02-01,236.20770084240453,0.05012586882610077,0.045743801097424916,0.00012586882610076539,0.004382067728675852,0.05005056707022781,0.045675082317609056,5.05670702278041e-05,0.004375484752618751,-0.11156058730031615,-0.0055780293650158075
UNH,2020-02-28,F02,PASS,2020-01-31,2020-08-27,2020-03-02,230.24417713820893,2020-03-31,218.78718391241,0.060988719565363066,0.06418245026939852,0.010988719565363063,-0.0031937307040354537,0.06089709905524985,0.06408603196654013,0.010897099055249847,-0.003188932911290278,-0.2395116811362672,-0.01197558405681336
UNH,2023-02-28,F03,PASS,2023-01-31,2023-08-29,2023-03-01,442.3661607736735,2023-03-30,437.3426772507743,0.052350103248473195,0.05295141634863512,0.0023501032484731926,-0.0006013131001619265,0.05227146012892116,0.05287186990444589,0.0022714601289211545,-0.0006004097755247309,-0.04733996885532077,-0.0023669984427660386
UNH,2024-02-29,F04,PASS,2024-01-31,2024-08-29,2024-03-01,464.01541357400026,2024-04-02,437.46104421544544,0.0608400667230267,0.06453312608208295,0.010840066723026696,-0.0036930593590562485,0.06074866952714834,0.06443618097529964,0.010748669527148334,-0.003687511448151305,-0.0990736752038277,-0.004953683760191386
UNH,2024-12-31,F04,PASS,2024-11-30,2025-07-07,2025-01-02,489.1717351008246,2025-02-04,524.9929694851168,0.0301882247578272,0.028128426746138822,-0.019811775242172803,0.0020597980116883775,0.030142874395146436,0.028086170721983383,-0.019857125604853566,0.002056703673163053,-0.457632934688436,-0.022881646734421803
UNP,2018-10-31,F01,PASS,2018-09-30,2019-05-06,2018-11-01,124.06006060556471,2018-12-03,133.05586829839143,0.06073486928162946,0.056628630216087154,0.010734869281629457,0.004106239065542305,0.06064363011896302,0.056543559664936294,0.010643630118963014,0.004100070454026723,-0.12416100258517682,-0.006208050129258841
UNP,2020-02-28,F02,PASS,2020-01-31,2020-08-27,2020-03-02,139.94607277623854,2020-03-31,120.0160126702662,0.06078763216547656,0.07088212818982109,0.010787632165476554,-0.010094496024344535,0.06069631373958951,0.07077564527316137,0.010696313739589507,-0.010079331533571857,-0.289868520648664,-0.014493426032433199
UNP,2022-04-29,F03,PASS,2022-03-31,2022-10-28,2022-05-02,213.40794690436644,2022-06-01,201.6237157145899,0.042603718282955255,0.04509376298831689,-0.007396281717044748,-0.002490044705361634,0.04253971670316113,0.04502602073044761,-0.007460283296838871,-0.0024863040272864803,-0.1990540878189635,-0.009952704390948176
UNP,2024-06-28,F04,PASS,2024-05-31,2024-12-27,2024-07-01,216.18153283579264,2024-07-31,234.7080846704956,0.05132624845806394,0.04727483964581906,0.001326248458063936,0.004051408812244882,0.05124914342783149,0.04720382085816885,0.0012491434278314867,0.0040453225696626405,-0.0192800850337137,-0.0009640042516856851
UNP,2024-12-31,F04,PASS,2024-11-30,2025-07-07,2025-01-02,222.2974433158473,2025-02-04,234.58285964758898,0.051682884562019464,0.048976183164382715,0.0016828845620194613,0.0027067013976367488,0.051605243773994405,0.04890260852768109,0.0016052437739944025,0.002702635246313312,-0.08942050083591857,-0.004471025041795929
V,2018-12-31,F01,PASS,2018-11-30,2019-07-02,2019-01-02,123.29863233476931,2019-02-01,128.41077832659656,0.06753547380066388,0.06484682720732173,0.01753547380066388,0.002688646593342156,0.06743401840687219,0.0647494108419627,0.017434018406872184,0.002684607564909486,-0.014384775412218054,-0.0007192387706109028
WMT,2018-02-28,F01,PASS,2018-01-31,2018-08-28,2018-03-01,26.340572895492112,2018-04-02,25.859932021478276,0.05415867901224128,0.05516528934649344,0.004158679012241276,-0.0010066103342521587,0.05407731895363501,0.05508241710411013,0.004077318953635008,-0.0010050981504751214,-0.07493090614706766,-0.0037465453073533828
WMT,2020-02-28,F02,PASS,2020-01-31,2020-08-27,2020-03-02,32.8299907710883,2020-03-31,35.03161411691014,0.06421806982790576,0.060182172387242674,0.014218069827905758,0.004035897440663086,0.06412159801544522,0.06009176351535398,0.014121598015445214,0.004029834500091235,-0.0329923303555163,-0.0016496165177758149
WMT,2021-02-26,F02,PASS,2021-01-31,2021-08-26,2021-03-01,40.816752526491655,2021-03-30,42.46678978997508,0.05656987732977092,0.054371867872346775,0.006569877329770921,0.002198009457424148,0.05648489504034212,0.05429018755005482,0.006484895040342116,0.002194707490287301,-0.0307798947423914,-0.0015389947371195702
WMT,2022-02-28,F03,PASS,2022-01-31,2022-08-29,2022-03-01,42.81778485387178,2022-03-30,46.545551236019875,0.04940757530424195,0.04545059352291816,-0.0005924246957580495,0.003956981781323796,0.04933335260724008,0.045382315215172164,-0.0006666473927599212,0.003951037392067917,-0.12284427444863855,-0.006142213722431927
WMT,2025-03-31,F04,PASS,2025-02-28,2025-09-30,2025-04-01,86.60476984747923,2025-05-01,95.98349095007362,0.05905594166097616,0.05328547841977692,0.00905594166097616,0.005770463241199245,0.058967224673002736,0.053205430129712156,0.008967224673002733,0.00576179454329058,-0.06568418226267947,-0.0032842091131339737
XOM,2018-12-31,F01,PASS,2018-11-30,2019-07-02,2019-01-02,47.99714333126558,2019-02-01,53.39190479626774,0.0574031571973786,0.05160309552886277,0.0074031571973786,0.005800061668515835,0.057316923110452146,0.05152557460418245,0.0073169231104521434,0.0057913485062696946,0.018856682833973126,0.0009428341416986563
XOM,2022-06-30,F03,PASS,2022-05-31,2022-12-29,2022-07-01,75.84269866326161,2022-08-02,82.79393416548601,0.063973892131848,0.058602754805367925,0.013973892131847993,0.00537113732648007,0.06387778713615669,0.05851471861888014,0.013877787136156686,0.005363068517276547,-0.04150339503657963,-0.0020751697518289814
XOM,2023-05-31,F03,PASS,2023-04-30,2023-11-29,2023-06-01,92.04317941942328,2023-07-03,97.23558727220437,0.05108906185485301,0.04836089150685339,0.00108906185485301,0.002728170347999624,0.05101231313899695,0.04828824119412402,0.0010123131389969467,0.0027240719448729314,-0.008157269491984143,-0.00040786347459920716
