ticker,security_structure_class,price_role,universe_roles,company,cik,gics_sector_current,gics_sub_industry_current,current_semiconductor_cohort,gics_point_in_time,research_eligibility
A,OPERATING_COMPANY_EQUITY,EQUITY,INDEPENDENT_CURRENT_CONSTITUENTS,Agilent Technologies,1090872.0,Health Care,Life Sciences Tools & Services,False,False,DIAGNOSTIC_ONLY_UNTIL_PIT_STYLE_RESOLVED
AAPL,OPERATING_COMPANY_EQUITY,EQUITY,PRIMARY,Apple Inc.,320193.0,Information Technology,"Technology Hardware, Storage & Peripherals",False,False,DIAGNOSTIC_ONLY_UNTIL_PIT_STYLE_RESOLVED
ABBV,OPERATING_COMPANY_EQUITY,EQUITY,PRIMARY,AbbVie,1551152.0,Health Care,Biotechnology,False,False,DIAGNOSTIC_ONLY_UNTIL_PIT_STYLE_RESOLVED
ABNB,OPERATING_COMPANY_EQUITY,EQUITY,INDEPENDENT_CURRENT_CONSTITUENTS,Airbnb,1559720.0,Consumer Discretionary,"Hotels, Resorts & Cruise Lines",False,False,DIAGNOSTIC_ONLY_UNTIL_PIT_STYLE_RESOLVED
ABT,OPERATING_COMPANY_EQUITY,EQUITY,INDEPENDENT_CURRENT_CONSTITUENTS,Abbott Laboratories,1800.0,Health Care,Health Care Equipment,False,False,DIAGNOSTIC_ONLY_UNTIL_PIT_STYLE_RESOLVED
ACGL,OPERATING_COMPANY_EQUITY,EQUITY,INDEPENDENT_CURRENT_CONSTITUENTS,Arch Capital Group,947484.0,Financials,Property & Casualty Insurance,False,False,DIAGNOSTIC_ONLY_UNTIL_PIT_STYLE_RESOLVED
ACN,OPERATING_COMPANY_EQUITY,EQUITY,INDEPENDENT_CURRENT_CONSTITUENTS,Accenture,1467373.0,Information Technology,IT Consulting & Other Services,False,False,DIAGNOSTIC_ONLY_UNTIL_PIT_STYLE_RESOLVED
ADBE,OPERATING_COMPANY_EQUITY,EQUITY,INDEPENDENT_CURRENT_CONSTITUENTS,Adobe Inc.,796343.0,Information Technology,Application Software,False,False,DIAGNOSTIC_ONLY_UNTIL_PIT_STYLE_RESOLVED
ADI,OPERATING_COMPANY_EQUITY,EQUITY,INDEPENDENT_CURRENT_CONSTITUENTS,Analog Devices,6281.0,Information Technology,Semiconductors,True,False,SEPARATE_CALIBRATION_REQUIRED
ADM,OPERATING_COMPANY_EQUITY,EQUITY,INDEPENDENT_CURRENT_CONSTITUENTS,Archer Daniels Midland,7084.0,Consumer Staples,Agricultural Products & Services,False,False,DIAGNOSTIC_ONLY_UNTIL_PIT_STYLE_RESOLVED
ADP,OPERATING_COMPANY_EQUITY,EQUITY,INDEPENDENT_CURRENT_CONSTITUENTS,Automatic Data Processing,8670.0,Industrials,Human Resource & Employment Services,False,False,DIAGNOSTIC_ONLY_UNTIL_PIT_STYLE_RESOLVED
ADSK,OPERATING_COMPANY_EQUITY,EQUITY,INDEPENDENT_CURRENT_CONSTITUENTS,Autodesk,769397.0,Information Technology,Application Software,False,False,DIAGNOSTIC_ONLY_UNTIL_PIT_STYLE_RESOLVED
AEE,OPERATING_COMPANY_EQUITY,EQUITY,INDEPENDENT_CURRENT_CONSTITUENTS,Ameren,1002910.0,Utilities,Multi-Utilities,False,False,DIAGNOSTIC_ONLY_UNTIL_PIT_STYLE_RESOLVED
AEP,OPERATING_COMPANY_EQUITY,EQUITY,INDEPENDENT_CURRENT_CONSTITUENTS,American Electric Power,4904.0,Utilities,Electric Utilities,False,False,DIAGNOSTIC_ONLY_UNTIL_PIT_STYLE_RESOLVED
AES,OPERATING_COMPANY_EQUITY,EQUITY,INDEPENDENT_CURRENT_CONSTITUENTS,AES Corporation,874761.0,Utilities,Independent Power Producers & Energy Traders,False,False,DIAGNOSTIC_ONLY_UNTIL_PIT_STYLE_RESOLVED
AFL,OPERATING_COMPANY_EQUITY,EQUITY,INDEPENDENT_CURRENT_CONSTITUENTS,Aflac,4977.0,Financials,Life & Health Insurance,False,False,DIAGNOSTIC_ONLY_UNTIL_PIT_STYLE_RESOLVED
AIG,OPERATING_COMPANY_EQUITY,EQUITY,INDEPENDENT_CURRENT_CONSTITUENTS,American International Group,5272.0,Financials,Multi-line Insurance,False,False,DIAGNOSTIC_ONLY_UNTIL_PIT_STYLE_RESOLVED
AIZ,OPERATING_COMPANY_EQUITY,EQUITY,INDEPENDENT_CURRENT_CONSTITUENTS,Assurant,1267238.0,Financials,Multi-line Insurance,False,False,DIAGNOSTIC_ONLY_UNTIL_PIT_STYLE_RESOLVED
AJG,OPERATING_COMPANY_EQUITY,EQUITY,INDEPENDENT_CURRENT_CONSTITUENTS,Arthur J. Gallagher & Co.,354190.0,Financials,Insurance Brokers,False,False,DIAGNOSTIC_ONLY_UNTIL_PIT_STYLE_RESOLVED
AKAM,OPERATING_COMPANY_EQUITY,EQUITY,INDEPENDENT_CURRENT_CONSTITUENTS,Akamai Technologies,1086222.0,Information Technology,Internet Services & Infrastructure,False,False,DIAGNOSTIC_ONLY_UNTIL_PIT_STYLE_RESOLVED
ALB,OPERATING_COMPANY_EQUITY,EQUITY,INDEPENDENT_CURRENT_CONSTITUENTS,Albemarle Corporation,915913.0,Materials,Specialty Chemicals,False,False,DIAGNOSTIC_ONLY_UNTIL_PIT_STYLE_RESOLVED
ALGN,OPERATING_COMPANY_EQUITY,EQUITY,INDEPENDENT_CURRENT_CONSTITUENTS,Align Technology,1097149.0,Health Care,Health Care Supplies,False,False,DIAGNOSTIC_ONLY_UNTIL_PIT_STYLE_RESOLVED
ALL,OPERATING_COMPANY_EQUITY,EQUITY,INDEPENDENT_CURRENT_CONSTITUENTS,Allstate,899051.0,Financials,Property & Casualty Insurance,False,False,DIAGNOSTIC_ONLY_UNTIL_PIT_STYLE_RESOLVED
ALLE,OPERATING_COMPANY_EQUITY,EQUITY,INDEPENDENT_CURRENT_CONSTITUENTS,Allegion,1579241.0,Industrials,Building Products,False,False,DIAGNOSTIC_ONLY_UNTIL_PIT_STYLE_RESOLVED
AMAT,OPERATING_COMPANY_EQUITY,EQUITY,INDEPENDENT_CURRENT_CONSTITUENTS,Applied Materials,6951.0,Information Technology,Semiconductor Materials & Equipment,True,False,SEPARATE_CALIBRATION_REQUIRED
AMCR,OPERATING_COMPANY_EQUITY,EQUITY,INDEPENDENT_CURRENT_CONSTITUENTS,Amcor,1748790.0,Materials,Paper & Plastic Packaging Products & Materials,False,False,DIAGNOSTIC_ONLY_UNTIL_PIT_STYLE_RESOLVED
AMD,OPERATING_COMPANY_EQUITY,EQUITY,INDEPENDENT_CURRENT_CONSTITUENTS,Advanced Micro Devices,2488.0,Information Technology,Semiconductors,True,False,SEPARATE_CALIBRATION_REQUIRED
AME,OPERATING_COMPANY_EQUITY,EQUITY,INDEPENDENT_CURRENT_CONSTITUENTS,Ametek,1037868.0,Industrials,Electrical Components & Equipment,False,False,DIAGNOSTIC_ONLY_UNTIL_PIT_STYLE_RESOLVED
AMGN,OPERATING_COMPANY_EQUITY,EQUITY,INDEPENDENT_CURRENT_CONSTITUENTS,Amgen,318154.0,Health Care,Biotechnology,False,False,DIAGNOSTIC_ONLY_UNTIL_PIT_STYLE_RESOLVED
AMP,OPERATING_COMPANY_EQUITY,EQUITY,INDEPENDENT_CURRENT_CONSTITUENTS,Ameriprise Financial,820027.0,Financials,Asset Management & Custody Banks,False,False,DIAGNOSTIC_ONLY_UNTIL_PIT_STYLE_RESOLVED
AMT,OPERATING_COMPANY_EQUITY,EQUITY,PRIMARY,American Tower,1053507.0,Real Estate,Telecom Tower REITs,False,False,DIAGNOSTIC_ONLY_UNTIL_PIT_STYLE_RESOLVED
AMZN,OPERATING_COMPANY_EQUITY,EQUITY,PRIMARY,Amazon,1018724.0,Consumer Discretionary,Broadline Retail,False,False,DIAGNOSTIC_ONLY_UNTIL_PIT_STYLE_RESOLVED
ANET,OPERATING_COMPANY_EQUITY,EQUITY,INDEPENDENT_CURRENT_CONSTITUENTS,Arista Networks,1596532.0,Information Technology,Communications Equipment,False,False,DIAGNOSTIC_ONLY_UNTIL_PIT_STYLE_RESOLVED
AON,OPERATING_COMPANY_EQUITY,EQUITY,INDEPENDENT_CURRENT_CONSTITUENTS,Aon plc,315293.0,Financials,Insurance Brokers,False,False,DIAGNOSTIC_ONLY_UNTIL_PIT_STYLE_RESOLVED
AOS,OPERATING_COMPANY_EQUITY,EQUITY,INDEPENDENT_CURRENT_CONSTITUENTS,A. O. Smith,91142.0,Industrials,Building Products,False,False,DIAGNOSTIC_ONLY_UNTIL_PIT_STYLE_RESOLVED
APA,OPERATING_COMPANY_EQUITY,EQUITY,INDEPENDENT_CURRENT_CONSTITUENTS,APA Corporation,1841666.0,Energy,Oil & Gas Exploration & Production,False,False,DIAGNOSTIC_ONLY_UNTIL_PIT_STYLE_RESOLVED
APD,OPERATING_COMPANY_EQUITY,EQUITY,PRIMARY,Air Products,2969.0,Materials,Industrial Gases,False,False,DIAGNOSTIC_ONLY_UNTIL_PIT_STYLE_RESOLVED
APH,OPERATING_COMPANY_EQUITY,EQUITY,INDEPENDENT_CURRENT_CONSTITUENTS,Amphenol,820313.0,Information Technology,Electronic Components,False,False,DIAGNOSTIC_ONLY_UNTIL_PIT_STYLE_RESOLVED
APO,OPERATING_COMPANY_EQUITY,EQUITY,INDEPENDENT_CURRENT_CONSTITUENTS,Apollo Global Management,1858681.0,Financials,Asset Management & Custody Banks,False,False,DIAGNOSTIC_ONLY_UNTIL_PIT_STYLE_RESOLVED
APP,OPERATING_COMPANY_EQUITY,EQUITY,INDEPENDENT_CURRENT_CONSTITUENTS,AppLovin,1751008.0,Information Technology,Application Software,False,False,DIAGNOSTIC_ONLY_UNTIL_PIT_STYLE_RESOLVED
APTV,OPERATING_COMPANY_EQUITY,EQUITY,INDEPENDENT_CURRENT_CONSTITUENTS,Aptiv,1521332.0,Consumer Discretionary,Automotive Parts & Equipment,False,False,DIAGNOSTIC_ONLY_UNTIL_PIT_STYLE_RESOLVED
ARE,OPERATING_COMPANY_EQUITY,EQUITY,INDEPENDENT_CURRENT_CONSTITUENTS,Alexandria Real Estate Equities,1035443.0,Real Estate,Office REITs,False,False,DIAGNOSTIC_ONLY_UNTIL_PIT_STYLE_RESOLVED
ARES,OPERATING_COMPANY_EQUITY,EQUITY,INDEPENDENT_CURRENT_CONSTITUENTS,Ares Management,1176948.0,Financials,Asset Management & Custody Banks,False,False,DIAGNOSTIC_ONLY_UNTIL_PIT_STYLE_RESOLVED
ATO,OPERATING_COMPANY_EQUITY,EQUITY,INDEPENDENT_CURRENT_CONSTITUENTS,Atmos Energy,731802.0,Utilities,Gas Utilities,False,False,DIAGNOSTIC_ONLY_UNTIL_PIT_STYLE_RESOLVED
AVB,OPERATING_COMPANY_EQUITY,EQUITY,INDEPENDENT_CURRENT_CONSTITUENTS,AvalonBay Communities,915912.0,Real Estate,Multi-Family Residential REITs,False,False,DIAGNOSTIC_ONLY_UNTIL_PIT_STYLE_RESOLVED
AVGO,OPERATING_COMPANY_EQUITY,EQUITY,PRIMARY,Broadcom,1730168.0,Information Technology,Semiconductors,True,False,SEPARATE_CALIBRATION_REQUIRED
AVY,OPERATING_COMPANY_EQUITY,EQUITY,INDEPENDENT_CURRENT_CONSTITUENTS,Avery Dennison,8818.0,Materials,Paper & Plastic Packaging Products & Materials,False,False,DIAGNOSTIC_ONLY_UNTIL_PIT_STYLE_RESOLVED
AWK,OPERATING_COMPANY_EQUITY,EQUITY,INDEPENDENT_CURRENT_CONSTITUENTS,American Water Works,1410636.0,Utilities,Water Utilities,False,False,DIAGNOSTIC_ONLY_UNTIL_PIT_STYLE_RESOLVED
AXON,OPERATING_COMPANY_EQUITY,EQUITY,INDEPENDENT_CURRENT_CONSTITUENTS,Axon Enterprise,1069183.0,Industrials,Aerospace & Defense,False,False,DIAGNOSTIC_ONLY_UNTIL_PIT_STYLE_RESOLVED
AXP,OPERATING_COMPANY_EQUITY,EQUITY,INDEPENDENT_CURRENT_CONSTITUENTS,American Express,4962.0,Financials,Consumer Finance,False,False,DIAGNOSTIC_ONLY_UNTIL_PIT_STYLE_RESOLVED
AZO,OPERATING_COMPANY_EQUITY,EQUITY,INDEPENDENT_CURRENT_CONSTITUENTS,AutoZone,866787.0,Consumer Discretionary,Automotive Retail,False,False,DIAGNOSTIC_ONLY_UNTIL_PIT_STYLE_RESOLVED
BA,OPERATING_COMPANY_EQUITY,EQUITY,PRIMARY,Boeing,12927.0,Industrials,Aerospace & Defense,False,False,DIAGNOSTIC_ONLY_UNTIL_PIT_STYLE_RESOLVED
BAC,OPERATING_COMPANY_EQUITY,EQUITY,PRIMARY,Bank of America,70858.0,Financials,Diversified Banks,False,False,DIAGNOSTIC_ONLY_UNTIL_PIT_STYLE_RESOLVED
BALL,OPERATING_COMPANY_EQUITY,EQUITY,INDEPENDENT_CURRENT_CONSTITUENTS,Ball Corporation,9389.0,Materials,"Metal, Glass & Plastic Containers",False,False,DIAGNOSTIC_ONLY_UNTIL_PIT_STYLE_RESOLVED
BAX,OPERATING_COMPANY_EQUITY,EQUITY,INDEPENDENT_CURRENT_CONSTITUENTS,Baxter International,10456.0,Health Care,Health Care Equipment,False,False,DIAGNOSTIC_ONLY_UNTIL_PIT_STYLE_RESOLVED
BBY,OPERATING_COMPANY_EQUITY,EQUITY,INDEPENDENT_CURRENT_CONSTITUENTS,Best Buy,764478.0,Consumer Discretionary,Computer & Electronics Retail,False,False,DIAGNOSTIC_ONLY_UNTIL_PIT_STYLE_RESOLVED
BDX,OPERATING_COMPANY_EQUITY,EQUITY,INDEPENDENT_CURRENT_CONSTITUENTS,Becton Dickinson,10795.0,Health Care,Health Care Equipment,False,False,DIAGNOSTIC_ONLY_UNTIL_PIT_STYLE_RESOLVED
BEN,OPERATING_COMPANY_EQUITY,EQUITY,INDEPENDENT_CURRENT_CONSTITUENTS,Franklin Resources,38777.0,Financials,Asset Management & Custody Banks,False,False,DIAGNOSTIC_ONLY_UNTIL_PIT_STYLE_RESOLVED
BF-B,OPERATING_COMPANY_EQUITY,EQUITY,INDEPENDENT_CURRENT_CONSTITUENTS,Brown–Forman,14693.0,Consumer Staples,Distillers & Vintners,False,False,DIAGNOSTIC_ONLY_UNTIL_PIT_STYLE_RESOLVED
BG,OPERATING_COMPANY_EQUITY,EQUITY,INDEPENDENT_CURRENT_CONSTITUENTS,Bunge Global,1996862.0,Consumer Staples,Agricultural Products & Services,False,False,DIAGNOSTIC_ONLY_UNTIL_PIT_STYLE_RESOLVED
BIIB,OPERATING_COMPANY_EQUITY,EQUITY,INDEPENDENT_CURRENT_CONSTITUENTS,Biogen,875045.0,Health Care,Biotechnology,False,False,DIAGNOSTIC_ONLY_UNTIL_PIT_STYLE_RESOLVED
BITX,LEVERAGED_OR_INVERSE_ETP,ETP,,,,,,False,,EXCLUDED_FROM_EQUITY_ACTION_MODEL
BKNG,OPERATING_COMPANY_EQUITY,EQUITY,INDEPENDENT_CURRENT_CONSTITUENTS,Booking Holdings,1075531.0,Consumer Discretionary,"Hotels, Resorts & Cruise Lines",False,False,DIAGNOSTIC_ONLY_UNTIL_PIT_STYLE_RESOLVED
BKR,OPERATING_COMPANY_EQUITY,EQUITY,INDEPENDENT_CURRENT_CONSTITUENTS,Baker Hughes,1701605.0,Energy,Oil & Gas Equipment & Services,False,False,DIAGNOSTIC_ONLY_UNTIL_PIT_STYLE_RESOLVED
BLDR,OPERATING_COMPANY_EQUITY,EQUITY,INDEPENDENT_CURRENT_CONSTITUENTS,Builders FirstSource,1316835.0,Industrials,Building Products,False,False,DIAGNOSTIC_ONLY_UNTIL_PIT_STYLE_RESOLVED
BLK,OPERATING_COMPANY_EQUITY,EQUITY,INDEPENDENT_CURRENT_CONSTITUENTS,BlackRock,2012383.0,Financials,Asset Management & Custody Banks,False,False,DIAGNOSTIC_ONLY_UNTIL_PIT_STYLE_RESOLVED
BMY,OPERATING_COMPANY_EQUITY,EQUITY,INDEPENDENT_CURRENT_CONSTITUENTS,Bristol Myers Squibb,14272.0,Health Care,Pharmaceuticals,False,False,DIAGNOSTIC_ONLY_UNTIL_PIT_STYLE_RESOLVED
BNY,OPERATING_COMPANY_EQUITY,EQUITY,INDEPENDENT_CURRENT_CONSTITUENTS,BNY Mellon,1390777.0,Financials,Asset Management & Custody Banks,False,False,DIAGNOSTIC_ONLY_UNTIL_PIT_STYLE_RESOLVED
BOIL,LEVERAGED_OR_INVERSE_ETP,ETP,,,,,,False,,EXCLUDED_FROM_EQUITY_ACTION_MODEL
BR,OPERATING_COMPANY_EQUITY,EQUITY,INDEPENDENT_CURRENT_CONSTITUENTS,Broadridge Financial Solutions,1383312.0,Industrials,Data Processing & Outsourced Services,False,False,DIAGNOSTIC_ONLY_UNTIL_PIT_STYLE_RESOLVED
BRK-B,OPERATING_COMPANY_EQUITY,EQUITY,INDEPENDENT_CURRENT_CONSTITUENTS,Berkshire Hathaway,1067983.0,Financials,Multi-Sector Holdings,False,False,DIAGNOSTIC_ONLY_UNTIL_PIT_STYLE_RESOLVED
BRO,OPERATING_COMPANY_EQUITY,EQUITY,INDEPENDENT_CURRENT_CONSTITUENTS,Brown & Brown,79282.0,Financials,Insurance Brokers,False,False,DIAGNOSTIC_ONLY_UNTIL_PIT_STYLE_RESOLVED
BSX,OPERATING_COMPANY_EQUITY,EQUITY,INDEPENDENT_CURRENT_CONSTITUENTS,Boston Scientific,885725.0,Health Care,Health Care Equipment,False,False,DIAGNOSTIC_ONLY_UNTIL_PIT_STYLE_RESOLVED
BX,OPERATING_COMPANY_EQUITY,EQUITY,INDEPENDENT_CURRENT_CONSTITUENTS,Blackstone Inc.,1393818.0,Financials,Asset Management & Custody Banks,False,False,DIAGNOSTIC_ONLY_UNTIL_PIT_STYLE_RESOLVED
BXP,OPERATING_COMPANY_EQUITY,EQUITY,INDEPENDENT_CURRENT_CONSTITUENTS,"BXP, Inc.",1037540.0,Real Estate,Office REITs,False,False,DIAGNOSTIC_ONLY_UNTIL_PIT_STYLE_RESOLVED
C,OPERATING_COMPANY_EQUITY,EQUITY,INDEPENDENT_CURRENT_CONSTITUENTS,Citigroup,831001.0,Financials,Diversified Banks,False,False,DIAGNOSTIC_ONLY_UNTIL_PIT_STYLE_RESOLVED
CAH,OPERATING_COMPANY_EQUITY,EQUITY,INDEPENDENT_CURRENT_CONSTITUENTS,Cardinal Health,721371.0,Health Care,Health Care Distributors,False,False,DIAGNOSTIC_ONLY_UNTIL_PIT_STYLE_RESOLVED
CARR,OPERATING_COMPANY_EQUITY,EQUITY,INDEPENDENT_CURRENT_CONSTITUENTS,Carrier Global,1783180.0,Industrials,Building Products,False,False,DIAGNOSTIC_ONLY_UNTIL_PIT_STYLE_RESOLVED
CASY,OPERATING_COMPANY_EQUITY,EQUITY,INDEPENDENT_CURRENT_CONSTITUENTS,Casey's,726958.0,Consumer Staples,Food Retail,False,False,DIAGNOSTIC_ONLY_UNTIL_PIT_STYLE_RESOLVED
CAT,OPERATING_COMPANY_EQUITY,EQUITY,PRIMARY,Caterpillar Inc.,18230.0,Industrials,Construction Machinery & Heavy Transportation Equipment,False,False,DIAGNOSTIC_ONLY_UNTIL_PIT_STYLE_RESOLVED
CB,OPERATING_COMPANY_EQUITY,EQUITY,INDEPENDENT_CURRENT_CONSTITUENTS,Chubb Limited,896159.0,Financials,Property & Casualty Insurance,False,False,DIAGNOSTIC_ONLY_UNTIL_PIT_STYLE_RESOLVED
CBOE,OPERATING_COMPANY_EQUITY,EQUITY,INDEPENDENT_CURRENT_CONSTITUENTS,Cboe Global Markets,1374310.0,Financials,Financial Exchanges & Data,False,False,DIAGNOSTIC_ONLY_UNTIL_PIT_STYLE_RESOLVED
CBRE,OPERATING_COMPANY_EQUITY,EQUITY,INDEPENDENT_CURRENT_CONSTITUENTS,CBRE Group,1138118.0,Real Estate,Real Estate Services,False,False,DIAGNOSTIC_ONLY_UNTIL_PIT_STYLE_RESOLVED
CCI,OPERATING_COMPANY_EQUITY,EQUITY,INDEPENDENT_CURRENT_CONSTITUENTS,Crown Castle,1051470.0,Real Estate,Telecom Tower REITs,False,False,DIAGNOSTIC_ONLY_UNTIL_PIT_STYLE_RESOLVED
CCL,OPERATING_COMPANY_EQUITY,EQUITY,INDEPENDENT_CURRENT_CONSTITUENTS,Carnival Corporation,815097.0,Consumer Discretionary,"Hotels, Resorts & Cruise Lines",False,False,DIAGNOSTIC_ONLY_UNTIL_PIT_STYLE_RESOLVED
CDNS,OPERATING_COMPANY_EQUITY,EQUITY,INDEPENDENT_CURRENT_CONSTITUENTS,Cadence Design Systems,813672.0,Information Technology,Application Software,False,False,DIAGNOSTIC_ONLY_UNTIL_PIT_STYLE_RESOLVED
CDW,OPERATING_COMPANY_EQUITY,EQUITY,INDEPENDENT_CURRENT_CONSTITUENTS,CDW Corporation,1402057.0,Information Technology,Technology Distributors,False,False,DIAGNOSTIC_ONLY_UNTIL_PIT_STYLE_RESOLVED
CEG,OPERATING_COMPANY_EQUITY,EQUITY,INDEPENDENT_CURRENT_CONSTITUENTS,Constellation Energy,1868275.0,Utilities,Electric Utilities,False,False,DIAGNOSTIC_ONLY_UNTIL_PIT_STYLE_RESOLVED
CF,OPERATING_COMPANY_EQUITY,EQUITY,INDEPENDENT_CURRENT_CONSTITUENTS,CF Industries,1324404.0,Materials,Fertilizers & Agricultural Chemicals,False,False,DIAGNOSTIC_ONLY_UNTIL_PIT_STYLE_RESOLVED
CFG,OPERATING_COMPANY_EQUITY,EQUITY,INDEPENDENT_CURRENT_CONSTITUENTS,Citizens Financial Group,759944.0,Financials,Regional Banks,False,False,DIAGNOSTIC_ONLY_UNTIL_PIT_STYLE_RESOLVED
CHD,OPERATING_COMPANY_EQUITY,EQUITY,INDEPENDENT_CURRENT_CONSTITUENTS,Church & Dwight,313927.0,Consumer Staples,Household Products,False,False,DIAGNOSTIC_ONLY_UNTIL_PIT_STYLE_RESOLVED
CHRW,OPERATING_COMPANY_EQUITY,EQUITY,INDEPENDENT_CURRENT_CONSTITUENTS,C.H. Robinson,1043277.0,Industrials,Air Freight & Logistics,False,False,DIAGNOSTIC_ONLY_UNTIL_PIT_STYLE_RESOLVED
CHTR,OPERATING_COMPANY_EQUITY,EQUITY,INDEPENDENT_CURRENT_CONSTITUENTS,Charter Communications,1091667.0,Communication Services,Cable & Satellite,False,False,DIAGNOSTIC_ONLY_UNTIL_PIT_STYLE_RESOLVED
CI,OPERATING_COMPANY_EQUITY,EQUITY,INDEPENDENT_CURRENT_CONSTITUENTS,Cigna,1739940.0,Health Care,Health Care Services,False,False,DIAGNOSTIC_ONLY_UNTIL_PIT_STYLE_RESOLVED
CIEN,OPERATING_COMPANY_EQUITY,EQUITY,INDEPENDENT_CURRENT_CONSTITUENTS,Ciena,936395.0,Information Technology,Communications Equipment,False,False,DIAGNOSTIC_ONLY_UNTIL_PIT_STYLE_RESOLVED
CINF,OPERATING_COMPANY_EQUITY,EQUITY,INDEPENDENT_CURRENT_CONSTITUENTS,Cincinnati Financial,20286.0,Financials,Property & Casualty Insurance,False,False,DIAGNOSTIC_ONLY_UNTIL_PIT_STYLE_RESOLVED
CL,OPERATING_COMPANY_EQUITY,EQUITY,INDEPENDENT_CURRENT_CONSTITUENTS,Colgate-Palmolive,21665.0,Consumer Staples,Household Products,False,False,DIAGNOSTIC_ONLY_UNTIL_PIT_STYLE_RESOLVED
CLX,OPERATING_COMPANY_EQUITY,EQUITY,INDEPENDENT_CURRENT_CONSTITUENTS,Clorox,21076.0,Consumer Staples,Household Products,False,False,DIAGNOSTIC_ONLY_UNTIL_PIT_STYLE_RESOLVED
CMCSA,OPERATING_COMPANY_EQUITY,EQUITY,INDEPENDENT_CURRENT_CONSTITUENTS,Comcast,1166691.0,Communication Services,Cable & Satellite,False,False,DIAGNOSTIC_ONLY_UNTIL_PIT_STYLE_RESOLVED
CME,OPERATING_COMPANY_EQUITY,EQUITY,INDEPENDENT_CURRENT_CONSTITUENTS,CME Group,1156375.0,Financials,Financial Exchanges & Data,False,False,DIAGNOSTIC_ONLY_UNTIL_PIT_STYLE_RESOLVED
CMG,OPERATING_COMPANY_EQUITY,EQUITY,INDEPENDENT_CURRENT_CONSTITUENTS,Chipotle Mexican Grill,1058090.0,Consumer Discretionary,Restaurants,False,False,DIAGNOSTIC_ONLY_UNTIL_PIT_STYLE_RESOLVED
CMI,OPERATING_COMPANY_EQUITY,EQUITY,INDEPENDENT_CURRENT_CONSTITUENTS,Cummins,26172.0,Industrials,Construction Machinery & Heavy Transportation Equipment,False,False,DIAGNOSTIC_ONLY_UNTIL_PIT_STYLE_RESOLVED
CMS,OPERATING_COMPANY_EQUITY,EQUITY,INDEPENDENT_CURRENT_CONSTITUENTS,CMS Energy,811156.0,Utilities,Multi-Utilities,False,False,DIAGNOSTIC_ONLY_UNTIL_PIT_STYLE_RESOLVED
CNC,OPERATING_COMPANY_EQUITY,EQUITY,INDEPENDENT_CURRENT_CONSTITUENTS,Centene Corporation,1071739.0,Health Care,Managed Health Care,False,False,DIAGNOSTIC_ONLY_UNTIL_PIT_STYLE_RESOLVED
CNP,OPERATING_COMPANY_EQUITY,EQUITY,INDEPENDENT_CURRENT_CONSTITUENTS,CenterPoint Energy,1130310.0,Utilities,Multi-Utilities,False,False,DIAGNOSTIC_ONLY_UNTIL_PIT_STYLE_RESOLVED
COF,OPERATING_COMPANY_EQUITY,EQUITY,INDEPENDENT_CURRENT_CONSTITUENTS,Capital One,927628.0,Financials,Consumer Finance,False,False,DIAGNOSTIC_ONLY_UNTIL_PIT_STYLE_RESOLVED
COHR,OPERATING_COMPANY_EQUITY,EQUITY,INDEPENDENT_CURRENT_CONSTITUENTS,Coherent Corp.,820318.0,Information Technology,Electronic Components,False,False,DIAGNOSTIC_ONLY_UNTIL_PIT_STYLE_RESOLVED
COIN,OPERATING_COMPANY_EQUITY,EQUITY,INDEPENDENT_CURRENT_CONSTITUENTS,Coinbase,1679788.0,Financials,Financial Exchanges & Data,False,False,DIAGNOSTIC_ONLY_UNTIL_PIT_STYLE_RESOLVED
COO,OPERATING_COMPANY_EQUITY,EQUITY,INDEPENDENT_CURRENT_CONSTITUENTS,Cooper Companies (The),711404.0,Health Care,Health Care Supplies,False,False,DIAGNOSTIC_ONLY_UNTIL_PIT_STYLE_RESOLVED
COP,OPERATING_COMPANY_EQUITY,EQUITY,PRIMARY,ConocoPhillips,1163165.0,Energy,Oil & Gas Exploration & Production,False,False,DIAGNOSTIC_ONLY_UNTIL_PIT_STYLE_RESOLVED
COR,OPERATING_COMPANY_EQUITY,EQUITY,INDEPENDENT_CURRENT_CONSTITUENTS,Cencora,1140859.0,Health Care,Health Care Distributors,False,False,DIAGNOSTIC_ONLY_UNTIL_PIT_STYLE_RESOLVED
COST,OPERATING_COMPANY_EQUITY,EQUITY,PRIMARY,Costco,909832.0,Consumer Staples,Consumer Staples Merchandise Retail,False,False,DIAGNOSTIC_ONLY_UNTIL_PIT_STYLE_RESOLVED
CPAY,OPERATING_COMPANY_EQUITY,EQUITY,INDEPENDENT_CURRENT_CONSTITUENTS,Corpay,1175454.0,Financials,Transaction & Payment Processing Services,False,False,DIAGNOSTIC_ONLY_UNTIL_PIT_STYLE_RESOLVED
CPRT,OPERATING_COMPANY_EQUITY,EQUITY,INDEPENDENT_CURRENT_CONSTITUENTS,Copart,900075.0,Industrials,Diversified Support Services,False,False,DIAGNOSTIC_ONLY_UNTIL_PIT_STYLE_RESOLVED
CPT,OPERATING_COMPANY_EQUITY,EQUITY,INDEPENDENT_CURRENT_CONSTITUENTS,Camden Property Trust,906345.0,Real Estate,Multi-Family Residential REITs,False,False,DIAGNOSTIC_ONLY_UNTIL_PIT_STYLE_RESOLVED
CRH,OPERATING_COMPANY_EQUITY,EQUITY,INDEPENDENT_CURRENT_CONSTITUENTS,CRH plc,849395.0,Materials,Construction Materials,False,False,DIAGNOSTIC_ONLY_UNTIL_PIT_STYLE_RESOLVED
CRL,OPERATING_COMPANY_EQUITY,EQUITY,INDEPENDENT_CURRENT_CONSTITUENTS,Charles River Laboratories,1100682.0,Health Care,Life Sciences Tools & Services,False,False,DIAGNOSTIC_ONLY_UNTIL_PIT_STYLE_RESOLVED
CRM,OPERATING_COMPANY_EQUITY,EQUITY,PRIMARY,Salesforce,1108524.0,Information Technology,Application Software,False,False,DIAGNOSTIC_ONLY_UNTIL_PIT_STYLE_RESOLVED
CRWD,OPERATING_COMPANY_EQUITY,EQUITY,INDEPENDENT_CURRENT_CONSTITUENTS,CrowdStrike,1535527.0,Information Technology,Systems Software,False,False,DIAGNOSTIC_ONLY_UNTIL_PIT_STYLE_RESOLVED
CSCO,OPERATING_COMPANY_EQUITY,EQUITY,INDEPENDENT_CURRENT_CONSTITUENTS,Cisco,858877.0,Information Technology,Communications Equipment,False,False,DIAGNOSTIC_ONLY_UNTIL_PIT_STYLE_RESOLVED
CSGP,OPERATING_COMPANY_EQUITY,EQUITY,INDEPENDENT_CURRENT_CONSTITUENTS,CoStar Group,1057352.0,Real Estate,Real Estate Services,False,False,DIAGNOSTIC_ONLY_UNTIL_PIT_STYLE_RESOLVED
CSX,OPERATING_COMPANY_EQUITY,EQUITY,INDEPENDENT_CURRENT_CONSTITUENTS,CSX Corporation,277948.0,Industrials,Rail Transportation,False,False,DIAGNOSTIC_ONLY_UNTIL_PIT_STYLE_RESOLVED
CTAS,OPERATING_COMPANY_EQUITY,EQUITY,INDEPENDENT_CURRENT_CONSTITUENTS,Cintas,723254.0,Industrials,Diversified Support Services,False,False,DIAGNOSTIC_ONLY_UNTIL_PIT_STYLE_RESOLVED
CTSH,OPERATING_COMPANY_EQUITY,EQUITY,INDEPENDENT_CURRENT_CONSTITUENTS,Cognizant,1058290.0,Information Technology,IT Consulting & Other Services,False,False,DIAGNOSTIC_ONLY_UNTIL_PIT_STYLE_RESOLVED
CTVA,OPERATING_COMPANY_EQUITY,EQUITY,INDEPENDENT_CURRENT_CONSTITUENTS,Corteva,1755672.0,Materials,Fertilizers & Agricultural Chemicals,False,False,DIAGNOSTIC_ONLY_UNTIL_PIT_STYLE_RESOLVED
CVNA,OPERATING_COMPANY_EQUITY,EQUITY,INDEPENDENT_CURRENT_CONSTITUENTS,Carvana,1690820.0,Consumer Discretionary,Automotive Retail,False,False,DIAGNOSTIC_ONLY_UNTIL_PIT_STYLE_RESOLVED
CVS,OPERATING_COMPANY_EQUITY,EQUITY,INDEPENDENT_CURRENT_CONSTITUENTS,CVS Health,64803.0,Health Care,Health Care Services,False,False,DIAGNOSTIC_ONLY_UNTIL_PIT_STYLE_RESOLVED
CVX,OPERATING_COMPANY_EQUITY,EQUITY,PRIMARY,Chevron Corporation,93410.0,Energy,Integrated Oil & Gas,False,False,DIAGNOSTIC_ONLY_UNTIL_PIT_STYLE_RESOLVED
D,OPERATING_COMPANY_EQUITY,EQUITY,INDEPENDENT_CURRENT_CONSTITUENTS,Dominion Energy,715957.0,Utilities,Multi-Utilities,False,False,DIAGNOSTIC_ONLY_UNTIL_PIT_STYLE_RESOLVED
DAL,OPERATING_COMPANY_EQUITY,EQUITY,INDEPENDENT_CURRENT_CONSTITUENTS,Delta Air Lines,27904.0,Industrials,Passenger Airlines,False,False,DIAGNOSTIC_ONLY_UNTIL_PIT_STYLE_RESOLVED
DASH,OPERATING_COMPANY_EQUITY,EQUITY,INDEPENDENT_CURRENT_CONSTITUENTS,DoorDash,1792789.0,Consumer Discretionary,Specialized Consumer Services,False,False,DIAGNOSTIC_ONLY_UNTIL_PIT_STYLE_RESOLVED
DD,OPERATING_COMPANY_EQUITY,EQUITY,INDEPENDENT_CURRENT_CONSTITUENTS,DuPont,1666700.0,Materials,Specialty Chemicals,False,False,DIAGNOSTIC_ONLY_UNTIL_PIT_STYLE_RESOLVED
DDOG,OPERATING_COMPANY_EQUITY,EQUITY,INDEPENDENT_CURRENT_CONSTITUENTS,Datadog,1561550.0,Information Technology,Application Software,False,False,DIAGNOSTIC_ONLY_UNTIL_PIT_STYLE_RESOLVED
DE,OPERATING_COMPANY_EQUITY,EQUITY,INDEPENDENT_CURRENT_CONSTITUENTS,Deere & Company,315189.0,Industrials,Agricultural & Farm Machinery,False,False,DIAGNOSTIC_ONLY_UNTIL_PIT_STYLE_RESOLVED
DECK,OPERATING_COMPANY_EQUITY,EQUITY,INDEPENDENT_CURRENT_CONSTITUENTS,Deckers Brands,910521.0,Consumer Discretionary,Footwear,False,False,DIAGNOSTIC_ONLY_UNTIL_PIT_STYLE_RESOLVED
DELL,OPERATING_COMPANY_EQUITY,EQUITY,INDEPENDENT_CURRENT_CONSTITUENTS,Dell Technologies,1571996.0,Information Technology,"Technology Hardware, Storage & Peripherals",False,False,DIAGNOSTIC_ONLY_UNTIL_PIT_STYLE_RESOLVED
DG,OPERATING_COMPANY_EQUITY,EQUITY,INDEPENDENT_CURRENT_CONSTITUENTS,Dollar General,29534.0,Consumer Staples,Consumer Staples Merchandise Retail,False,False,DIAGNOSTIC_ONLY_UNTIL_PIT_STYLE_RESOLVED
DGX,OPERATING_COMPANY_EQUITY,EQUITY,INDEPENDENT_CURRENT_CONSTITUENTS,Quest Diagnostics,1022079.0,Health Care,Health Care Services,False,False,DIAGNOSTIC_ONLY_UNTIL_PIT_STYLE_RESOLVED
DHI,OPERATING_COMPANY_EQUITY,EQUITY,INDEPENDENT_CURRENT_CONSTITUENTS,D. R. Horton,882184.0,Consumer Discretionary,Homebuilding,False,False,DIAGNOSTIC_ONLY_UNTIL_PIT_STYLE_RESOLVED
DHR,OPERATING_COMPANY_EQUITY,EQUITY,INDEPENDENT_CURRENT_CONSTITUENTS,Danaher Corporation,313616.0,Health Care,Life Sciences Tools & Services,False,False,DIAGNOSTIC_ONLY_UNTIL_PIT_STYLE_RESOLVED
DIA,BROAD_MARKET_ETF,MARKET_ETF,INDEPENDENT_CURRENT_CONSTITUENTS|PRIMARY,,,,,False,,SEPARATE_BASELINE_ONLY
DIS,OPERATING_COMPANY_EQUITY,EQUITY,PRIMARY,Walt Disney Company (The),1744489.0,Communication Services,Movies & Entertainment,False,False,DIAGNOSTIC_ONLY_UNTIL_PIT_STYLE_RESOLVED
DLR,OPERATING_COMPANY_EQUITY,EQUITY,INDEPENDENT_CURRENT_CONSTITUENTS,Digital Realty,1297996.0,Real Estate,Data Center REITs,False,False,DIAGNOSTIC_ONLY_UNTIL_PIT_STYLE_RESOLVED
DLTR,OPERATING_COMPANY_EQUITY,EQUITY,INDEPENDENT_CURRENT_CONSTITUENTS,Dollar Tree,935703.0,Consumer Staples,Consumer Staples Merchandise Retail,False,False,DIAGNOSTIC_ONLY_UNTIL_PIT_STYLE_RESOLVED
DOC,OPERATING_COMPANY_EQUITY,EQUITY,INDEPENDENT_CURRENT_CONSTITUENTS,Healthpeak Properties,765880.0,Real Estate,Health Care REITs,False,False,DIAGNOSTIC_ONLY_UNTIL_PIT_STYLE_RESOLVED
DOV,OPERATING_COMPANY_EQUITY,EQUITY,INDEPENDENT_CURRENT_CONSTITUENTS,Dover Corporation,29905.0,Industrials,Industrial Machinery & Supplies & Components,False,False,DIAGNOSTIC_ONLY_UNTIL_PIT_STYLE_RESOLVED
DOW,OPERATING_COMPANY_EQUITY,EQUITY,INDEPENDENT_CURRENT_CONSTITUENTS,Dow Inc.,1751788.0,Materials,Commodity Chemicals,False,False,DIAGNOSTIC_ONLY_UNTIL_PIT_STYLE_RESOLVED
DPZ,OPERATING_COMPANY_EQUITY,EQUITY,INDEPENDENT_CURRENT_CONSTITUENTS,Domino's,1286681.0,Consumer Discretionary,Restaurants,False,False,DIAGNOSTIC_ONLY_UNTIL_PIT_STYLE_RESOLVED
DRI,OPERATING_COMPANY_EQUITY,EQUITY,INDEPENDENT_CURRENT_CONSTITUENTS,Darden Restaurants,940944.0,Consumer Discretionary,Restaurants,False,False,DIAGNOSTIC_ONLY_UNTIL_PIT_STYLE_RESOLVED
DTE,OPERATING_COMPANY_EQUITY,EQUITY,INDEPENDENT_CURRENT_CONSTITUENTS,DTE Energy,936340.0,Utilities,Multi-Utilities,False,False,DIAGNOSTIC_ONLY_UNTIL_PIT_STYLE_RESOLVED
DUK,OPERATING_COMPANY_EQUITY,EQUITY,PRIMARY,Duke Energy,1326160.0,Utilities,Electric Utilities,False,False,DIAGNOSTIC_ONLY_UNTIL_PIT_STYLE_RESOLVED
DVA,OPERATING_COMPANY_EQUITY,EQUITY,INDEPENDENT_CURRENT_CONSTITUENTS,DaVita,927066.0,Health Care,Health Care Services,False,False,DIAGNOSTIC_ONLY_UNTIL_PIT_STYLE_RESOLVED
DVN,OPERATING_COMPANY_EQUITY,EQUITY,INDEPENDENT_CURRENT_CONSTITUENTS,Devon Energy,1090012.0,Energy,Oil & Gas Exploration & Production,False,False,DIAGNOSTIC_ONLY_UNTIL_PIT_STYLE_RESOLVED
DXCM,OPERATING_COMPANY_EQUITY,EQUITY,INDEPENDENT_CURRENT_CONSTITUENTS,Dexcom,1093557.0,Health Care,Health Care Equipment,False,False,DIAGNOSTIC_ONLY_UNTIL_PIT_STYLE_RESOLVED
EA,OPERATING_COMPANY_EQUITY,EQUITY,INDEPENDENT_CURRENT_CONSTITUENTS,Electronic Arts,712515.0,Communication Services,Interactive Home Entertainment,False,False,DIAGNOSTIC_ONLY_UNTIL_PIT_STYLE_RESOLVED
EBAY,OPERATING_COMPANY_EQUITY,EQUITY,INDEPENDENT_CURRENT_CONSTITUENTS,eBay Inc.,1065088.0,Consumer Discretionary,Broadline Retail,False,False,DIAGNOSTIC_ONLY_UNTIL_PIT_STYLE_RESOLVED
ECHO,OPERATING_COMPANY_EQUITY,EQUITY,INDEPENDENT_CURRENT_CONSTITUENTS,EchoStar,1415404.0,Communication Services,Wireless Telecommunication Services,False,False,DIAGNOSTIC_ONLY_UNTIL_PIT_STYLE_RESOLVED
ECL,OPERATING_COMPANY_EQUITY,EQUITY,INDEPENDENT_CURRENT_CONSTITUENTS,Ecolab,31462.0,Materials,Specialty Chemicals,False,False,DIAGNOSTIC_ONLY_UNTIL_PIT_STYLE_RESOLVED
ED,OPERATING_COMPANY_EQUITY,EQUITY,INDEPENDENT_CURRENT_CONSTITUENTS,Consolidated Edison,1047862.0,Utilities,Multi-Utilities,False,False,DIAGNOSTIC_ONLY_UNTIL_PIT_STYLE_RESOLVED
EFX,OPERATING_COMPANY_EQUITY,EQUITY,INDEPENDENT_CURRENT_CONSTITUENTS,Equifax,33185.0,Industrials,Research & Consulting Services,False,False,DIAGNOSTIC_ONLY_UNTIL_PIT_STYLE_RESOLVED
EG,OPERATING_COMPANY_EQUITY,EQUITY,INDEPENDENT_CURRENT_CONSTITUENTS,Everest Group,1095073.0,Financials,Reinsurance,False,False,DIAGNOSTIC_ONLY_UNTIL_PIT_STYLE_RESOLVED
EIX,OPERATING_COMPANY_EQUITY,EQUITY,INDEPENDENT_CURRENT_CONSTITUENTS,Edison International,827052.0,Utilities,Electric Utilities,False,False,DIAGNOSTIC_ONLY_UNTIL_PIT_STYLE_RESOLVED
EL,OPERATING_COMPANY_EQUITY,EQUITY,INDEPENDENT_CURRENT_CONSTITUENTS,Estée Lauder Companies (The),1001250.0,Consumer Staples,Personal Care Products,False,False,DIAGNOSTIC_ONLY_UNTIL_PIT_STYLE_RESOLVED
ELV,OPERATING_COMPANY_EQUITY,EQUITY,INDEPENDENT_CURRENT_CONSTITUENTS,Elevance Health,1156039.0,Health Care,Managed Health Care,False,False,DIAGNOSTIC_ONLY_UNTIL_PIT_STYLE_RESOLVED
EME,OPERATING_COMPANY_EQUITY,EQUITY,INDEPENDENT_CURRENT_CONSTITUENTS,Emcor,105634.0,Industrials,Construction & Engineering,False,False,DIAGNOSTIC_ONLY_UNTIL_PIT_STYLE_RESOLVED
EMR,OPERATING_COMPANY_EQUITY,EQUITY,INDEPENDENT_CURRENT_CONSTITUENTS,Emerson Electric,32604.0,Industrials,Electrical Components & Equipment,False,False,DIAGNOSTIC_ONLY_UNTIL_PIT_STYLE_RESOLVED
EOG,OPERATING_COMPANY_EQUITY,EQUITY,PRIMARY,EOG Resources,821189.0,Energy,Oil & Gas Exploration & Production,False,False,DIAGNOSTIC_ONLY_UNTIL_PIT_STYLE_RESOLVED
EQIX,OPERATING_COMPANY_EQUITY,EQUITY,INDEPENDENT_CURRENT_CONSTITUENTS,Equinix,1101239.0,Real Estate,Data Center REITs,False,False,DIAGNOSTIC_ONLY_UNTIL_PIT_STYLE_RESOLVED
EQR,OPERATING_COMPANY_EQUITY,EQUITY,INDEPENDENT_CURRENT_CONSTITUENTS,Equity Residential,906107.0,Real Estate,Multi-Family Residential REITs,False,False,DIAGNOSTIC_ONLY_UNTIL_PIT_STYLE_RESOLVED
EQT,OPERATING_COMPANY_EQUITY,EQUITY,INDEPENDENT_CURRENT_CONSTITUENTS,EQT Corporation,33213.0,Energy,Oil & Gas Exploration & Production,False,False,DIAGNOSTIC_ONLY_UNTIL_PIT_STYLE_RESOLVED
ERIE,OPERATING_COMPANY_EQUITY,EQUITY,INDEPENDENT_CURRENT_CONSTITUENTS,Erie Indemnity,922621.0,Financials,Insurance Brokers,False,False,DIAGNOSTIC_ONLY_UNTIL_PIT_STYLE_RESOLVED
ES,OPERATING_COMPANY_EQUITY,EQUITY,INDEPENDENT_CURRENT_CONSTITUENTS,Eversource Energy,72741.0,Utilities,Electric Utilities,False,False,DIAGNOSTIC_ONLY_UNTIL_PIT_STYLE_RESOLVED
ESS,OPERATING_COMPANY_EQUITY,EQUITY,INDEPENDENT_CURRENT_CONSTITUENTS,Essex Property Trust,920522.0,Real Estate,Multi-Family Residential REITs,False,False,DIAGNOSTIC_ONLY_UNTIL_PIT_STYLE_RESOLVED
ETN,OPERATING_COMPANY_EQUITY,EQUITY,INDEPENDENT_CURRENT_CONSTITUENTS,Eaton Corporation,1551182.0,Industrials,Electrical Components & Equipment,False,False,DIAGNOSTIC_ONLY_UNTIL_PIT_STYLE_RESOLVED
ETR,OPERATING_COMPANY_EQUITY,EQUITY,INDEPENDENT_CURRENT_CONSTITUENTS,Entergy,65984.0,Utilities,Electric Utilities,False,False,DIAGNOSTIC_ONLY_UNTIL_PIT_STYLE_RESOLVED
EVRG,OPERATING_COMPANY_EQUITY,EQUITY,INDEPENDENT_CURRENT_CONSTITUENTS,Evergy,1711269.0,Utilities,Electric Utilities,False,False,DIAGNOSTIC_ONLY_UNTIL_PIT_STYLE_RESOLVED
EW,OPERATING_COMPANY_EQUITY,EQUITY,INDEPENDENT_CURRENT_CONSTITUENTS,Edwards Lifesciences,1099800.0,Health Care,Health Care Equipment,False,False,DIAGNOSTIC_ONLY_UNTIL_PIT_STYLE_RESOLVED
EXC,OPERATING_COMPANY_EQUITY,EQUITY,INDEPENDENT_CURRENT_CONSTITUENTS,Exelon,1109357.0,Utilities,Electric Utilities,False,False,DIAGNOSTIC_ONLY_UNTIL_PIT_STYLE_RESOLVED
EXE,OPERATING_COMPANY_EQUITY,EQUITY,INDEPENDENT_CURRENT_CONSTITUENTS,Expand Energy,895126.0,Energy,Oil & Gas Exploration & Production,False,False,DIAGNOSTIC_ONLY_UNTIL_PIT_STYLE_RESOLVED
EXPD,OPERATING_COMPANY_EQUITY,EQUITY,INDEPENDENT_CURRENT_CONSTITUENTS,Expeditors International,746515.0,Industrials,Air Freight & Logistics,False,False,DIAGNOSTIC_ONLY_UNTIL_PIT_STYLE_RESOLVED
EXPE,OPERATING_COMPANY_EQUITY,EQUITY,INDEPENDENT_CURRENT_CONSTITUENTS,Expedia Group,1324424.0,Consumer Discretionary,"Hotels, Resorts & Cruise Lines",False,False,DIAGNOSTIC_ONLY_UNTIL_PIT_STYLE_RESOLVED
EXR,OPERATING_COMPANY_EQUITY,EQUITY,INDEPENDENT_CURRENT_CONSTITUENTS,Extra Space Storage,1289490.0,Real Estate,Self-Storage REITs,False,False,DIAGNOSTIC_ONLY_UNTIL_PIT_STYLE_RESOLVED
F,OPERATING_COMPANY_EQUITY,EQUITY,INDEPENDENT_CURRENT_CONSTITUENTS,Ford Motor Company,37996.0,Consumer Discretionary,Automobile Manufacturers,False,False,DIAGNOSTIC_ONLY_UNTIL_PIT_STYLE_RESOLVED
FANG,OPERATING_COMPANY_EQUITY,EQUITY,INDEPENDENT_CURRENT_CONSTITUENTS,Diamondback Energy,1539838.0,Energy,Oil & Gas Exploration & Production,False,False,DIAGNOSTIC_ONLY_UNTIL_PIT_STYLE_RESOLVED
FAST,OPERATING_COMPANY_EQUITY,EQUITY,INDEPENDENT_CURRENT_CONSTITUENTS,Fastenal,815556.0,Industrials,Trading Companies & Distributors,False,False,DIAGNOSTIC_ONLY_UNTIL_PIT_STYLE_RESOLVED
FCX,OPERATING_COMPANY_EQUITY,EQUITY,PRIMARY,Freeport-McMoRan,831259.0,Materials,Copper,False,False,DIAGNOSTIC_ONLY_UNTIL_PIT_STYLE_RESOLVED
FDS,OPERATING_COMPANY_EQUITY,EQUITY,INDEPENDENT_CURRENT_CONSTITUENTS,FactSet,1013237.0,Financials,Financial Exchanges & Data,False,False,DIAGNOSTIC_ONLY_UNTIL_PIT_STYLE_RESOLVED
FDX,OPERATING_COMPANY_EQUITY,EQUITY,INDEPENDENT_CURRENT_CONSTITUENTS,FedEx,1048911.0,Industrials,Air Freight & Logistics,False,False,DIAGNOSTIC_ONLY_UNTIL_PIT_STYLE_RESOLVED
FDXF,OPERATING_COMPANY_EQUITY,EQUITY,INDEPENDENT_CURRENT_CONSTITUENTS,FedEx Freight,2082247.0,Industrials,Cargo Ground Transportation,False,False,DIAGNOSTIC_ONLY_UNTIL_PIT_STYLE_RESOLVED
FE,OPERATING_COMPANY_EQUITY,EQUITY,INDEPENDENT_CURRENT_CONSTITUENTS,FirstEnergy,1031296.0,Utilities,Electric Utilities,False,False,DIAGNOSTIC_ONLY_UNTIL_PIT_STYLE_RESOLVED
FFIV,OPERATING_COMPANY_EQUITY,EQUITY,INDEPENDENT_CURRENT_CONSTITUENTS,"F5, Inc.",1048695.0,Information Technology,Communications Equipment,False,False,DIAGNOSTIC_ONLY_UNTIL_PIT_STYLE_RESOLVED
FICO,OPERATING_COMPANY_EQUITY,EQUITY,INDEPENDENT_CURRENT_CONSTITUENTS,Fair Isaac,814547.0,Information Technology,Application Software,False,False,DIAGNOSTIC_ONLY_UNTIL_PIT_STYLE_RESOLVED
FIS,OPERATING_COMPANY_EQUITY,EQUITY,INDEPENDENT_CURRENT_CONSTITUENTS,Fidelity National Information Services,1136893.0,Financials,Transaction & Payment Processing Services,False,False,DIAGNOSTIC_ONLY_UNTIL_PIT_STYLE_RESOLVED
FISV,OPERATING_COMPANY_EQUITY,EQUITY,INDEPENDENT_CURRENT_CONSTITUENTS,Fiserv,798354.0,Financials,Transaction & Payment Processing Services,False,False,DIAGNOSTIC_ONLY_UNTIL_PIT_STYLE_RESOLVED
FITB,OPERATING_COMPANY_EQUITY,EQUITY,INDEPENDENT_CURRENT_CONSTITUENTS,Fifth Third Bancorp,35527.0,Financials,Regional Banks,False,False,DIAGNOSTIC_ONLY_UNTIL_PIT_STYLE_RESOLVED
FIX,OPERATING_COMPANY_EQUITY,EQUITY,INDEPENDENT_CURRENT_CONSTITUENTS,Comfort Systems USA,1035983.0,Industrials,Construction & Engineering,False,False,DIAGNOSTIC_ONLY_UNTIL_PIT_STYLE_RESOLVED
FLEX,OPERATING_COMPANY_EQUITY,EQUITY,INDEPENDENT_CURRENT_CONSTITUENTS,Flex Ltd.,866374.0,Information Technology,Electronic Manufacturing Services,False,False,DIAGNOSTIC_ONLY_UNTIL_PIT_STYLE_RESOLVED
FNGU,LEVERAGED_OR_INVERSE_ETP,ETP,,,,,,False,,EXCLUDED_FROM_EQUITY_ACTION_MODEL
FOX,OPERATING_COMPANY_EQUITY,EQUITY,INDEPENDENT_CURRENT_CONSTITUENTS,Fox Corporation (Class B),1754301.0,Communication Services,Broadcasting,False,False,DIAGNOSTIC_ONLY_UNTIL_PIT_STYLE_RESOLVED
FOXA,OPERATING_COMPANY_EQUITY,EQUITY,INDEPENDENT_CURRENT_CONSTITUENTS,Fox Corporation (Class A),1754301.0,Communication Services,Broadcasting,False,False,DIAGNOSTIC_ONLY_UNTIL_PIT_STYLE_RESOLVED
FRT,OPERATING_COMPANY_EQUITY,EQUITY,INDEPENDENT_CURRENT_CONSTITUENTS,Federal Realty Investment Trust,34903.0,Real Estate,Retail REITs,False,False,DIAGNOSTIC_ONLY_UNTIL_PIT_STYLE_RESOLVED
FSLR,OPERATING_COMPANY_EQUITY,EQUITY,INDEPENDENT_CURRENT_CONSTITUENTS,First Solar,1274494.0,Information Technology,Semiconductors,True,False,SEPARATE_CALIBRATION_REQUIRED
FTNT,OPERATING_COMPANY_EQUITY,EQUITY,INDEPENDENT_CURRENT_CONSTITUENTS,Fortinet,1262039.0,Information Technology,Systems Software,False,False,DIAGNOSTIC_ONLY_UNTIL_PIT_STYLE_RESOLVED
FTV,OPERATING_COMPANY_EQUITY,EQUITY,INDEPENDENT_CURRENT_CONSTITUENTS,Fortive,1659166.0,Industrials,Industrial Machinery & Supplies & Components,False,False,DIAGNOSTIC_ONLY_UNTIL_PIT_STYLE_RESOLVED
GD,OPERATING_COMPANY_EQUITY,EQUITY,INDEPENDENT_CURRENT_CONSTITUENTS,General Dynamics,40533.0,Industrials,Aerospace & Defense,False,False,DIAGNOSTIC_ONLY_UNTIL_PIT_STYLE_RESOLVED
GDDY,OPERATING_COMPANY_EQUITY,EQUITY,INDEPENDENT_CURRENT_CONSTITUENTS,GoDaddy,1609711.0,Information Technology,Internet Services & Infrastructure,False,False,DIAGNOSTIC_ONLY_UNTIL_PIT_STYLE_RESOLVED
GE,OPERATING_COMPANY_EQUITY,EQUITY,PRIMARY,GE Aerospace,40545.0,Industrials,Aerospace & Defense,False,False,DIAGNOSTIC_ONLY_UNTIL_PIT_STYLE_RESOLVED
GEHC,OPERATING_COMPANY_EQUITY,EQUITY,INDEPENDENT_CURRENT_CONSTITUENTS,GE HealthCare,1932393.0,Health Care,Health Care Equipment,False,False,DIAGNOSTIC_ONLY_UNTIL_PIT_STYLE_RESOLVED
GEN,OPERATING_COMPANY_EQUITY,EQUITY,INDEPENDENT_CURRENT_CONSTITUENTS,Gen Digital,849399.0,Information Technology,Systems Software,False,False,DIAGNOSTIC_ONLY_UNTIL_PIT_STYLE_RESOLVED
GEV,OPERATING_COMPANY_EQUITY,EQUITY,INDEPENDENT_CURRENT_CONSTITUENTS,GE Vernova,1996810.0,Industrials,Heavy Electrical Equipment,False,False,DIAGNOSTIC_ONLY_UNTIL_PIT_STYLE_RESOLVED
GILD,OPERATING_COMPANY_EQUITY,EQUITY,INDEPENDENT_CURRENT_CONSTITUENTS,Gilead Sciences,882095.0,Health Care,Biotechnology,False,False,DIAGNOSTIC_ONLY_UNTIL_PIT_STYLE_RESOLVED
GIS,OPERATING_COMPANY_EQUITY,EQUITY,INDEPENDENT_CURRENT_CONSTITUENTS,General Mills,40704.0,Consumer Staples,Packaged Foods & Meats,False,False,DIAGNOSTIC_ONLY_UNTIL_PIT_STYLE_RESOLVED
GL,OPERATING_COMPANY_EQUITY,EQUITY,INDEPENDENT_CURRENT_CONSTITUENTS,Globe Life,320335.0,Financials,Life & Health Insurance,False,False,DIAGNOSTIC_ONLY_UNTIL_PIT_STYLE_RESOLVED
GLW,OPERATING_COMPANY_EQUITY,EQUITY,INDEPENDENT_CURRENT_CONSTITUENTS,Corning Inc.,24741.0,Information Technology,Electronic Components,False,False,DIAGNOSTIC_ONLY_UNTIL_PIT_STYLE_RESOLVED
GM,OPERATING_COMPANY_EQUITY,EQUITY,INDEPENDENT_CURRENT_CONSTITUENTS,General Motors,1467858.0,Consumer Discretionary,Automobile Manufacturers,False,False,DIAGNOSTIC_ONLY_UNTIL_PIT_STYLE_RESOLVED
GNRC,OPERATING_COMPANY_EQUITY,EQUITY,INDEPENDENT_CURRENT_CONSTITUENTS,Generac,1474735.0,Industrials,Heavy Electrical Equipment,False,False,DIAGNOSTIC_ONLY_UNTIL_PIT_STYLE_RESOLVED
GOOG,OPERATING_COMPANY_EQUITY,EQUITY,INDEPENDENT_CURRENT_CONSTITUENTS,Alphabet Inc. (Class C),1652044.0,Communication Services,Interactive Media & Services,False,False,DIAGNOSTIC_ONLY_UNTIL_PIT_STYLE_RESOLVED
GOOGL,OPERATING_COMPANY_EQUITY,EQUITY,PRIMARY,Alphabet Inc. (Class A),1652044.0,Communication Services,Interactive Media & Services,False,False,DIAGNOSTIC_ONLY_UNTIL_PIT_STYLE_RESOLVED
GPC,OPERATING_COMPANY_EQUITY,EQUITY,INDEPENDENT_CURRENT_CONSTITUENTS,Genuine Parts Company,40987.0,Consumer Discretionary,Distributors,False,False,DIAGNOSTIC_ONLY_UNTIL_PIT_STYLE_RESOLVED
GPN,OPERATING_COMPANY_EQUITY,EQUITY,INDEPENDENT_CURRENT_CONSTITUENTS,Global Payments,1123360.0,Financials,Transaction & Payment Processing Services,False,False,DIAGNOSTIC_ONLY_UNTIL_PIT_STYLE_RESOLVED
GRMN,OPERATING_COMPANY_EQUITY,EQUITY,INDEPENDENT_CURRENT_CONSTITUENTS,Garmin,1121788.0,Consumer Discretionary,Consumer Electronics,False,False,DIAGNOSTIC_ONLY_UNTIL_PIT_STYLE_RESOLVED
GS,OPERATING_COMPANY_EQUITY,EQUITY,PRIMARY,Goldman Sachs,886982.0,Financials,Investment Banking & Brokerage,False,False,DIAGNOSTIC_ONLY_UNTIL_PIT_STYLE_RESOLVED
GWW,OPERATING_COMPANY_EQUITY,EQUITY,INDEPENDENT_CURRENT_CONSTITUENTS,W. W. Grainger,277135.0,Industrials,Industrial Machinery & Supplies & Components,False,False,DIAGNOSTIC_ONLY_UNTIL_PIT_STYLE_RESOLVED
HAL,OPERATING_COMPANY_EQUITY,EQUITY,INDEPENDENT_CURRENT_CONSTITUENTS,Halliburton,45012.0,Energy,Oil & Gas Equipment & Services,False,False,DIAGNOSTIC_ONLY_UNTIL_PIT_STYLE_RESOLVED
HAS,OPERATING_COMPANY_EQUITY,EQUITY,INDEPENDENT_CURRENT_CONSTITUENTS,Hasbro,46080.0,Consumer Discretionary,Leisure Products,False,False,DIAGNOSTIC_ONLY_UNTIL_PIT_STYLE_RESOLVED
HBAN,OPERATING_COMPANY_EQUITY,EQUITY,INDEPENDENT_CURRENT_CONSTITUENTS,Huntington Bancshares,49196.0,Financials,Regional Banks,False,False,DIAGNOSTIC_ONLY_UNTIL_PIT_STYLE_RESOLVED
HCA,OPERATING_COMPANY_EQUITY,EQUITY,INDEPENDENT_CURRENT_CONSTITUENTS,HCA Healthcare,860730.0,Health Care,Health Care Facilities,False,False,DIAGNOSTIC_ONLY_UNTIL_PIT_STYLE_RESOLVED
HD,OPERATING_COMPANY_EQUITY,EQUITY,PRIMARY,Home Depot (The),354950.0,Consumer Discretionary,Home Improvement Retail,False,False,DIAGNOSTIC_ONLY_UNTIL_PIT_STYLE_RESOLVED
HIG,OPERATING_COMPANY_EQUITY,EQUITY,INDEPENDENT_CURRENT_CONSTITUENTS,Hartford (The),874766.0,Financials,Property & Casualty Insurance,False,False,DIAGNOSTIC_ONLY_UNTIL_PIT_STYLE_RESOLVED
HII,OPERATING_COMPANY_EQUITY,EQUITY,INDEPENDENT_CURRENT_CONSTITUENTS,Huntington Ingalls Industries,1501585.0,Industrials,Aerospace & Defense,False,False,DIAGNOSTIC_ONLY_UNTIL_PIT_STYLE_RESOLVED
HLT,OPERATING_COMPANY_EQUITY,EQUITY,INDEPENDENT_CURRENT_CONSTITUENTS,Hilton Worldwide,1585689.0,Consumer Discretionary,"Hotels, Resorts & Cruise Lines",False,False,DIAGNOSTIC_ONLY_UNTIL_PIT_STYLE_RESOLVED
HON,OPERATING_COMPANY_EQUITY,EQUITY,PRIMARY,Honeywell Technologies,773840.0,Industrials,Industrial Conglomerates,False,False,DIAGNOSTIC_ONLY_UNTIL_PIT_STYLE_RESOLVED
HONA,OPERATING_COMPANY_EQUITY,EQUITY,INDEPENDENT_CURRENT_CONSTITUENTS,Honeywell Aerospace,2089271.0,Industrials,Aerospace & Defense,False,False,DIAGNOSTIC_ONLY_UNTIL_PIT_STYLE_RESOLVED
HOOD,OPERATING_COMPANY_EQUITY,EQUITY,INDEPENDENT_CURRENT_CONSTITUENTS,Robinhood Markets,1783879.0,Financials,Investment Banking & Brokerage,False,False,DIAGNOSTIC_ONLY_UNTIL_PIT_STYLE_RESOLVED
HPE,OPERATING_COMPANY_EQUITY,EQUITY,INDEPENDENT_CURRENT_CONSTITUENTS,Hewlett Packard Enterprise,1645590.0,Information Technology,"Technology Hardware, Storage & Peripherals",False,False,DIAGNOSTIC_ONLY_UNTIL_PIT_STYLE_RESOLVED
HPQ,OPERATING_COMPANY_EQUITY,EQUITY,INDEPENDENT_CURRENT_CONSTITUENTS,HP Inc.,47217.0,Information Technology,"Technology Hardware, Storage & Peripherals",False,False,DIAGNOSTIC_ONLY_UNTIL_PIT_STYLE_RESOLVED
HRL,OPERATING_COMPANY_EQUITY,EQUITY,INDEPENDENT_CURRENT_CONSTITUENTS,Hormel Foods,48465.0,Consumer Staples,Packaged Foods & Meats,False,False,DIAGNOSTIC_ONLY_UNTIL_PIT_STYLE_RESOLVED
HSIC,OPERATING_COMPANY_EQUITY,EQUITY,INDEPENDENT_CURRENT_CONSTITUENTS,Henry Schein,1000228.0,Health Care,Health Care Distributors,False,False,DIAGNOSTIC_ONLY_UNTIL_PIT_STYLE_RESOLVED
HST,OPERATING_COMPANY_EQUITY,EQUITY,INDEPENDENT_CURRENT_CONSTITUENTS,Host Hotels & Resorts,1070750.0,Real Estate,Hotel & Resort REITs,False,False,DIAGNOSTIC_ONLY_UNTIL_PIT_STYLE_RESOLVED
HSY,OPERATING_COMPANY_EQUITY,EQUITY,INDEPENDENT_CURRENT_CONSTITUENTS,Hershey Company (The),47111.0,Consumer Staples,Packaged Foods & Meats,False,False,DIAGNOSTIC_ONLY_UNTIL_PIT_STYLE_RESOLVED
HUM,OPERATING_COMPANY_EQUITY,EQUITY,INDEPENDENT_CURRENT_CONSTITUENTS,Humana,49071.0,Health Care,Managed Health Care,False,False,DIAGNOSTIC_ONLY_UNTIL_PIT_STYLE_RESOLVED
HWM,OPERATING_COMPANY_EQUITY,EQUITY,INDEPENDENT_CURRENT_CONSTITUENTS,Howmet Aerospace,4281.0,Industrials,Aerospace & Defense,False,False,DIAGNOSTIC_ONLY_UNTIL_PIT_STYLE_RESOLVED
IBKR,OPERATING_COMPANY_EQUITY,EQUITY,INDEPENDENT_CURRENT_CONSTITUENTS,Interactive Brokers,1381197.0,Financials,Investment Banking & Brokerage,False,False,DIAGNOSTIC_ONLY_UNTIL_PIT_STYLE_RESOLVED
IBM,OPERATING_COMPANY_EQUITY,EQUITY,INDEPENDENT_CURRENT_CONSTITUENTS,IBM,51143.0,Information Technology,IT Consulting & Other Services,False,False,DIAGNOSTIC_ONLY_UNTIL_PIT_STYLE_RESOLVED
ICE,OPERATING_COMPANY_EQUITY,EQUITY,INDEPENDENT_CURRENT_CONSTITUENTS,Intercontinental Exchange,1571949.0,Financials,Financial Exchanges & Data,False,False,DIAGNOSTIC_ONLY_UNTIL_PIT_STYLE_RESOLVED
IDXX,OPERATING_COMPANY_EQUITY,EQUITY,INDEPENDENT_CURRENT_CONSTITUENTS,Idexx Laboratories,874716.0,Health Care,Health Care Equipment,False,False,DIAGNOSTIC_ONLY_UNTIL_PIT_STYLE_RESOLVED
IEX,OPERATING_COMPANY_EQUITY,EQUITY,INDEPENDENT_CURRENT_CONSTITUENTS,IDEX Corporation,832101.0,Industrials,Industrial Machinery & Supplies & Components,False,False,DIAGNOSTIC_ONLY_UNTIL_PIT_STYLE_RESOLVED
IFF,OPERATING_COMPANY_EQUITY,EQUITY,INDEPENDENT_CURRENT_CONSTITUENTS,International Flavors & Fragrances,51253.0,Materials,Specialty Chemicals,False,False,DIAGNOSTIC_ONLY_UNTIL_PIT_STYLE_RESOLVED
INCY,OPERATING_COMPANY_EQUITY,EQUITY,INDEPENDENT_CURRENT_CONSTITUENTS,Incyte,879169.0,Health Care,Biotechnology,False,False,DIAGNOSTIC_ONLY_UNTIL_PIT_STYLE_RESOLVED
INTC,OPERATING_COMPANY_EQUITY,EQUITY,INDEPENDENT_CURRENT_CONSTITUENTS,Intel,50863.0,Information Technology,Semiconductors,True,False,SEPARATE_CALIBRATION_REQUIRED
INTU,OPERATING_COMPANY_EQUITY,EQUITY,INDEPENDENT_CURRENT_CONSTITUENTS,Intuit,896878.0,Information Technology,Application Software,False,False,DIAGNOSTIC_ONLY_UNTIL_PIT_STYLE_RESOLVED
INVH,OPERATING_COMPANY_EQUITY,EQUITY,INDEPENDENT_CURRENT_CONSTITUENTS,Invitation Homes,1687229.0,Real Estate,Single-Family Residential REITs,False,False,DIAGNOSTIC_ONLY_UNTIL_PIT_STYLE_RESOLVED
IP,OPERATING_COMPANY_EQUITY,EQUITY,INDEPENDENT_CURRENT_CONSTITUENTS,International Paper,51434.0,Materials,Paper & Plastic Packaging Products & Materials,False,False,DIAGNOSTIC_ONLY_UNTIL_PIT_STYLE_RESOLVED
IQV,OPERATING_COMPANY_EQUITY,EQUITY,INDEPENDENT_CURRENT_CONSTITUENTS,IQVIA,1478242.0,Health Care,Life Sciences Tools & Services,False,False,DIAGNOSTIC_ONLY_UNTIL_PIT_STYLE_RESOLVED
IR,OPERATING_COMPANY_EQUITY,EQUITY,INDEPENDENT_CURRENT_CONSTITUENTS,Ingersoll Rand,1699150.0,Industrials,Industrial Machinery & Supplies & Components,False,False,DIAGNOSTIC_ONLY_UNTIL_PIT_STYLE_RESOLVED
IRM,OPERATING_COMPANY_EQUITY,EQUITY,INDEPENDENT_CURRENT_CONSTITUENTS,Iron Mountain,1020569.0,Real Estate,Other Specialized REITs,False,False,DIAGNOSTIC_ONLY_UNTIL_PIT_STYLE_RESOLVED
ISRG,OPERATING_COMPANY_EQUITY,EQUITY,INDEPENDENT_CURRENT_CONSTITUENTS,Intuitive Surgical,1035267.0,Health Care,Health Care Equipment,False,False,DIAGNOSTIC_ONLY_UNTIL_PIT_STYLE_RESOLVED
IT,OPERATING_COMPANY_EQUITY,EQUITY,INDEPENDENT_CURRENT_CONSTITUENTS,Gartner,749251.0,Information Technology,IT Consulting & Other Services,False,False,DIAGNOSTIC_ONLY_UNTIL_PIT_STYLE_RESOLVED
ITW,OPERATING_COMPANY_EQUITY,EQUITY,INDEPENDENT_CURRENT_CONSTITUENTS,Illinois Tool Works,49826.0,Industrials,Industrial Machinery & Supplies & Components,False,False,DIAGNOSTIC_ONLY_UNTIL_PIT_STYLE_RESOLVED
IVZ,OPERATING_COMPANY_EQUITY,EQUITY,INDEPENDENT_CURRENT_CONSTITUENTS,Invesco,914208.0,Financials,Asset Management & Custody Banks,False,False,DIAGNOSTIC_ONLY_UNTIL_PIT_STYLE_RESOLVED
IWM,BROAD_MARKET_ETF,MARKET_ETF,INDEPENDENT_CURRENT_CONSTITUENTS|PRIMARY,,,,,False,,SEPARATE_BASELINE_ONLY
J,OPERATING_COMPANY_EQUITY,EQUITY,INDEPENDENT_CURRENT_CONSTITUENTS,Jacobs Solutions,52988.0,Industrials,Construction & Engineering,False,False,DIAGNOSTIC_ONLY_UNTIL_PIT_STYLE_RESOLVED
JBHT,OPERATING_COMPANY_EQUITY,EQUITY,INDEPENDENT_CURRENT_CONSTITUENTS,J.B. Hunt,728535.0,Industrials,Cargo Ground Transportation,False,False,DIAGNOSTIC_ONLY_UNTIL_PIT_STYLE_RESOLVED
JBL,OPERATING_COMPANY_EQUITY,EQUITY,INDEPENDENT_CURRENT_CONSTITUENTS,Jabil,898293.0,Information Technology,Electronic Manufacturing Services,False,False,DIAGNOSTIC_ONLY_UNTIL_PIT_STYLE_RESOLVED
JCI,OPERATING_COMPANY_EQUITY,EQUITY,INDEPENDENT_CURRENT_CONSTITUENTS,Johnson Controls,833444.0,Industrials,Building Products,False,False,DIAGNOSTIC_ONLY_UNTIL_PIT_STYLE_RESOLVED
JKHY,OPERATING_COMPANY_EQUITY,EQUITY,INDEPENDENT_CURRENT_CONSTITUENTS,Jack Henry & Associates,779152.0,Financials,Transaction & Payment Processing Services,False,False,DIAGNOSTIC_ONLY_UNTIL_PIT_STYLE_RESOLVED
JNJ,OPERATING_COMPANY_EQUITY,EQUITY,PRIMARY,Johnson & Johnson,200406.0,Health Care,Pharmaceuticals,False,False,DIAGNOSTIC_ONLY_UNTIL_PIT_STYLE_RESOLVED
JPM,OPERATING_COMPANY_EQUITY,EQUITY,PRIMARY,JPMorgan Chase,19617.0,Financials,Diversified Banks,False,False,DIAGNOSTIC_ONLY_UNTIL_PIT_STYLE_RESOLVED
KDP,OPERATING_COMPANY_EQUITY,EQUITY,INDEPENDENT_CURRENT_CONSTITUENTS,Keurig Dr Pepper,1418135.0,Consumer Staples,Soft Drinks & Non-alcoholic Beverages,False,False,DIAGNOSTIC_ONLY_UNTIL_PIT_STYLE_RESOLVED
KEY,OPERATING_COMPANY_EQUITY,EQUITY,INDEPENDENT_CURRENT_CONSTITUENTS,KeyCorp,91576.0,Financials,Regional Banks,False,False,DIAGNOSTIC_ONLY_UNTIL_PIT_STYLE_RESOLVED
KEYS,OPERATING_COMPANY_EQUITY,EQUITY,INDEPENDENT_CURRENT_CONSTITUENTS,Keysight Technologies,1601046.0,Information Technology,Electronic Equipment & Instruments,False,False,DIAGNOSTIC_ONLY_UNTIL_PIT_STYLE_RESOLVED
KHC,OPERATING_COMPANY_EQUITY,EQUITY,INDEPENDENT_CURRENT_CONSTITUENTS,Kraft Heinz,1637459.0,Consumer Staples,Packaged Foods & Meats,False,False,DIAGNOSTIC_ONLY_UNTIL_PIT_STYLE_RESOLVED
KIM,OPERATING_COMPANY_EQUITY,EQUITY,INDEPENDENT_CURRENT_CONSTITUENTS,Kimco Realty,879101.0,Real Estate,Retail REITs,False,False,DIAGNOSTIC_ONLY_UNTIL_PIT_STYLE_RESOLVED
KKR,OPERATING_COMPANY_EQUITY,EQUITY,INDEPENDENT_CURRENT_CONSTITUENTS,KKR & Co.,1404912.0,Financials,Asset Management & Custody Banks,False,False,DIAGNOSTIC_ONLY_UNTIL_PIT_STYLE_RESOLVED
KLAC,OPERATING_COMPANY_EQUITY,EQUITY,INDEPENDENT_CURRENT_CONSTITUENTS,KLA Corporation,319201.0,Information Technology,Semiconductor Materials & Equipment,True,False,SEPARATE_CALIBRATION_REQUIRED
KMB,OPERATING_COMPANY_EQUITY,EQUITY,INDEPENDENT_CURRENT_CONSTITUENTS,Kimberly-Clark,55785.0,Consumer Staples,Household Products,False,False,DIAGNOSTIC_ONLY_UNTIL_PIT_STYLE_RESOLVED
KMI,OPERATING_COMPANY_EQUITY,EQUITY,INDEPENDENT_CURRENT_CONSTITUENTS,Kinder Morgan,1506307.0,Energy,Oil & Gas Storage & Transportation,False,False,DIAGNOSTIC_ONLY_UNTIL_PIT_STYLE_RESOLVED
KO,OPERATING_COMPANY_EQUITY,EQUITY,PRIMARY,Coca-Cola Company (The),21344.0,Consumer Staples,Soft Drinks & Non-alcoholic Beverages,False,False,DIAGNOSTIC_ONLY_UNTIL_PIT_STYLE_RESOLVED
KR,OPERATING_COMPANY_EQUITY,EQUITY,INDEPENDENT_CURRENT_CONSTITUENTS,Kroger,56873.0,Consumer Staples,Food Retail,False,False,DIAGNOSTIC_ONLY_UNTIL_PIT_STYLE_RESOLVED
KVUE,OPERATING_COMPANY_EQUITY,EQUITY,INDEPENDENT_CURRENT_CONSTITUENTS,Kenvue,1944048.0,Consumer Staples,Personal Care Products,False,False,DIAGNOSTIC_ONLY_UNTIL_PIT_STYLE_RESOLVED
L,OPERATING_COMPANY_EQUITY,EQUITY,INDEPENDENT_CURRENT_CONSTITUENTS,Loews Corporation,60086.0,Financials,Multi-line Insurance,False,False,DIAGNOSTIC_ONLY_UNTIL_PIT_STYLE_RESOLVED
LABU,LEVERAGED_OR_INVERSE_ETP,ETP,,,,,,False,,EXCLUDED_FROM_EQUITY_ACTION_MODEL
LDOS,OPERATING_COMPANY_EQUITY,EQUITY,INDEPENDENT_CURRENT_CONSTITUENTS,Leidos,1336920.0,Industrials,Diversified Support Services,False,False,DIAGNOSTIC_ONLY_UNTIL_PIT_STYLE_RESOLVED
LEN,OPERATING_COMPANY_EQUITY,EQUITY,INDEPENDENT_CURRENT_CONSTITUENTS,Lennar,920760.0,Consumer Discretionary,Homebuilding,False,False,DIAGNOSTIC_ONLY_UNTIL_PIT_STYLE_RESOLVED
LH,OPERATING_COMPANY_EQUITY,EQUITY,INDEPENDENT_CURRENT_CONSTITUENTS,Labcorp,920148.0,Health Care,Health Care Services,False,False,DIAGNOSTIC_ONLY_UNTIL_PIT_STYLE_RESOLVED
LHX,OPERATING_COMPANY_EQUITY,EQUITY,INDEPENDENT_CURRENT_CONSTITUENTS,L3Harris,202058.0,Industrials,Aerospace & Defense,False,False,DIAGNOSTIC_ONLY_UNTIL_PIT_STYLE_RESOLVED
LII,OPERATING_COMPANY_EQUITY,EQUITY,INDEPENDENT_CURRENT_CONSTITUENTS,Lennox International,1069202.0,Industrials,Building Products,False,False,DIAGNOSTIC_ONLY_UNTIL_PIT_STYLE_RESOLVED
LIN,OPERATING_COMPANY_EQUITY,EQUITY,PRIMARY,Linde plc,1707925.0,Materials,Industrial Gases,False,False,DIAGNOSTIC_ONLY_UNTIL_PIT_STYLE_RESOLVED
LITE,OPERATING_COMPANY_EQUITY,EQUITY,INDEPENDENT_CURRENT_CONSTITUENTS,Lumentum,1633978.0,Information Technology,Communications Equipment,False,False,DIAGNOSTIC_ONLY_UNTIL_PIT_STYLE_RESOLVED
LLY,OPERATING_COMPANY_EQUITY,EQUITY,PRIMARY,Lilly (Eli),59478.0,Health Care,Pharmaceuticals,False,False,DIAGNOSTIC_ONLY_UNTIL_PIT_STYLE_RESOLVED
LMT,OPERATING_COMPANY_EQUITY,EQUITY,INDEPENDENT_CURRENT_CONSTITUENTS,Lockheed Martin,936468.0,Industrials,Aerospace & Defense,False,False,DIAGNOSTIC_ONLY_UNTIL_PIT_STYLE_RESOLVED
LNT,OPERATING_COMPANY_EQUITY,EQUITY,INDEPENDENT_CURRENT_CONSTITUENTS,Alliant Energy,352541.0,Utilities,Electric Utilities,False,False,DIAGNOSTIC_ONLY_UNTIL_PIT_STYLE_RESOLVED
LOW,OPERATING_COMPANY_EQUITY,EQUITY,INDEPENDENT_CURRENT_CONSTITUENTS,Lowe's,60667.0,Consumer Discretionary,Home Improvement Retail,False,False,DIAGNOSTIC_ONLY_UNTIL_PIT_STYLE_RESOLVED
LRCX,OPERATING_COMPANY_EQUITY,EQUITY,INDEPENDENT_CURRENT_CONSTITUENTS,Lam Research,707549.0,Information Technology,Semiconductor Materials & Equipment,True,False,SEPARATE_CALIBRATION_REQUIRED
LULU,OPERATING_COMPANY_EQUITY,EQUITY,INDEPENDENT_CURRENT_CONSTITUENTS,Lululemon Athletica,1397187.0,Consumer Discretionary,"Apparel, Accessories & Luxury Goods",False,False,DIAGNOSTIC_ONLY_UNTIL_PIT_STYLE_RESOLVED
LUV,OPERATING_COMPANY_EQUITY,EQUITY,INDEPENDENT_CURRENT_CONSTITUENTS,Southwest Airlines,92380.0,Industrials,Passenger Airlines,False,False,DIAGNOSTIC_ONLY_UNTIL_PIT_STYLE_RESOLVED
LVS,OPERATING_COMPANY_EQUITY,EQUITY,INDEPENDENT_CURRENT_CONSTITUENTS,Las Vegas Sands,1300514.0,Consumer Discretionary,Casinos & Gaming,False,False,DIAGNOSTIC_ONLY_UNTIL_PIT_STYLE_RESOLVED
LYB,OPERATING_COMPANY_EQUITY,EQUITY,INDEPENDENT_CURRENT_CONSTITUENTS,LyondellBasell,1489393.0,Materials,Specialty Chemicals,False,False,DIAGNOSTIC_ONLY_UNTIL_PIT_STYLE_RESOLVED
LYV,OPERATING_COMPANY_EQUITY,EQUITY,INDEPENDENT_CURRENT_CONSTITUENTS,Live Nation Entertainment,1335258.0,Communication Services,Movies & Entertainment,False,False,DIAGNOSTIC_ONLY_UNTIL_PIT_STYLE_RESOLVED
MA,OPERATING_COMPANY_EQUITY,EQUITY,PRIMARY,Mastercard,1141391.0,Financials,Transaction & Payment Processing Services,False,False,DIAGNOSTIC_ONLY_UNTIL_PIT_STYLE_RESOLVED
MAA,OPERATING_COMPANY_EQUITY,EQUITY,INDEPENDENT_CURRENT_CONSTITUENTS,Mid-America Apartment Communities,912595.0,Real Estate,Multi-Family Residential REITs,False,False,DIAGNOSTIC_ONLY_UNTIL_PIT_STYLE_RESOLVED
MAR,OPERATING_COMPANY_EQUITY,EQUITY,INDEPENDENT_CURRENT_CONSTITUENTS,Marriott International,1048286.0,Consumer Discretionary,"Hotels, Resorts & Cruise Lines",False,False,DIAGNOSTIC_ONLY_UNTIL_PIT_STYLE_RESOLVED
MAS,OPERATING_COMPANY_EQUITY,EQUITY,INDEPENDENT_CURRENT_CONSTITUENTS,Masco,62996.0,Industrials,Building Products,False,False,DIAGNOSTIC_ONLY_UNTIL_PIT_STYLE_RESOLVED
MCD,OPERATING_COMPANY_EQUITY,EQUITY,PRIMARY,McDonald's,63908.0,Consumer Discretionary,Restaurants,False,False,DIAGNOSTIC_ONLY_UNTIL_PIT_STYLE_RESOLVED
MCHP,OPERATING_COMPANY_EQUITY,EQUITY,INDEPENDENT_CURRENT_CONSTITUENTS,Microchip Technology,827054.0,Information Technology,Semiconductors,True,False,SEPARATE_CALIBRATION_REQUIRED
MCK,OPERATING_COMPANY_EQUITY,EQUITY,INDEPENDENT_CURRENT_CONSTITUENTS,McKesson Corporation,927653.0,Health Care,Health Care Distributors,False,False,DIAGNOSTIC_ONLY_UNTIL_PIT_STYLE_RESOLVED
MCO,OPERATING_COMPANY_EQUITY,EQUITY,INDEPENDENT_CURRENT_CONSTITUENTS,Moody's Corporation,1059556.0,Financials,Financial Exchanges & Data,False,False,DIAGNOSTIC_ONLY_UNTIL_PIT_STYLE_RESOLVED
MDLZ,OPERATING_COMPANY_EQUITY,EQUITY,INDEPENDENT_CURRENT_CONSTITUENTS,Mondelez International,1103982.0,Consumer Staples,Packaged Foods & Meats,False,False,DIAGNOSTIC_ONLY_UNTIL_PIT_STYLE_RESOLVED
MDT,OPERATING_COMPANY_EQUITY,EQUITY,INDEPENDENT_CURRENT_CONSTITUENTS,Medtronic,1613103.0,Health Care,Health Care Equipment,False,False,DIAGNOSTIC_ONLY_UNTIL_PIT_STYLE_RESOLVED
MET,OPERATING_COMPANY_EQUITY,EQUITY,INDEPENDENT_CURRENT_CONSTITUENTS,MetLife,1099219.0,Financials,Life & Health Insurance,False,False,DIAGNOSTIC_ONLY_UNTIL_PIT_STYLE_RESOLVED
META,OPERATING_COMPANY_EQUITY,EQUITY,PRIMARY,Meta Platforms,1326801.0,Communication Services,Interactive Media & Services,False,False,DIAGNOSTIC_ONLY_UNTIL_PIT_STYLE_RESOLVED
MGM,OPERATING_COMPANY_EQUITY,EQUITY,INDEPENDENT_CURRENT_CONSTITUENTS,MGM Resorts,789570.0,Consumer Discretionary,Casinos & Gaming,False,False,DIAGNOSTIC_ONLY_UNTIL_PIT_STYLE_RESOLVED
MKC,OPERATING_COMPANY_EQUITY,EQUITY,INDEPENDENT_CURRENT_CONSTITUENTS,McCormick & Company,63754.0,Consumer Staples,Packaged Foods & Meats,False,False,DIAGNOSTIC_ONLY_UNTIL_PIT_STYLE_RESOLVED
MLM,OPERATING_COMPANY_EQUITY,EQUITY,INDEPENDENT_CURRENT_CONSTITUENTS,Martin Marietta Materials,916076.0,Materials,Construction Materials,False,False,DIAGNOSTIC_ONLY_UNTIL_PIT_STYLE_RESOLVED
MMM,OPERATING_COMPANY_EQUITY,EQUITY,INDEPENDENT_CURRENT_CONSTITUENTS,3M,66740.0,Industrials,Industrial Conglomerates,False,False,DIAGNOSTIC_ONLY_UNTIL_PIT_STYLE_RESOLVED
MNST,OPERATING_COMPANY_EQUITY,EQUITY,INDEPENDENT_CURRENT_CONSTITUENTS,Monster Beverage,865752.0,Consumer Staples,Soft Drinks & Non-alcoholic Beverages,False,False,DIAGNOSTIC_ONLY_UNTIL_PIT_STYLE_RESOLVED
MO,OPERATING_COMPANY_EQUITY,EQUITY,INDEPENDENT_CURRENT_CONSTITUENTS,Altria,764180.0,Consumer Staples,Tobacco,False,False,DIAGNOSTIC_ONLY_UNTIL_PIT_STYLE_RESOLVED
MOS,OPERATING_COMPANY_EQUITY,EQUITY,INDEPENDENT_CURRENT_CONSTITUENTS,Mosaic Company (The),1285785.0,Materials,Fertilizers & Agricultural Chemicals,False,False,DIAGNOSTIC_ONLY_UNTIL_PIT_STYLE_RESOLVED
MPC,OPERATING_COMPANY_EQUITY,EQUITY,INDEPENDENT_CURRENT_CONSTITUENTS,Marathon Petroleum,1510295.0,Energy,Oil & Gas Refining & Marketing,False,False,DIAGNOSTIC_ONLY_UNTIL_PIT_STYLE_RESOLVED
MPWR,OPERATING_COMPANY_EQUITY,EQUITY,INDEPENDENT_CURRENT_CONSTITUENTS,Monolithic Power Systems,1280452.0,Information Technology,Semiconductors,True,False,SEPARATE_CALIBRATION_REQUIRED
MRK,OPERATING_COMPANY_EQUITY,EQUITY,PRIMARY,Merck & Co.,310158.0,Health Care,Pharmaceuticals,False,False,DIAGNOSTIC_ONLY_UNTIL_PIT_STYLE_RESOLVED
MRNA,OPERATING_COMPANY_EQUITY,EQUITY,INDEPENDENT_CURRENT_CONSTITUENTS,Moderna,1682852.0,Health Care,Biotechnology,False,False,DIAGNOSTIC_ONLY_UNTIL_PIT_STYLE_RESOLVED
MRSH,OPERATING_COMPANY_EQUITY,EQUITY,INDEPENDENT_CURRENT_CONSTITUENTS,Marsh McLennan,62709.0,Financials,Insurance Brokers,False,False,DIAGNOSTIC_ONLY_UNTIL_PIT_STYLE_RESOLVED
MRVL,OPERATING_COMPANY_EQUITY,EQUITY,INDEPENDENT_CURRENT_CONSTITUENTS,Marvell Technology,1835632.0,Information Technology,Semiconductors,True,False,SEPARATE_CALIBRATION_REQUIRED
MS,OPERATING_COMPANY_EQUITY,EQUITY,INDEPENDENT_CURRENT_CONSTITUENTS,Morgan Stanley,895421.0,Financials,Investment Banking & Brokerage,False,False,DIAGNOSTIC_ONLY_UNTIL_PIT_STYLE_RESOLVED
MSCI,OPERATING_COMPANY_EQUITY,EQUITY,INDEPENDENT_CURRENT_CONSTITUENTS,MSCI Inc.,1408198.0,Financials,Financial Exchanges & Data,False,False,DIAGNOSTIC_ONLY_UNTIL_PIT_STYLE_RESOLVED
MSFT,OPERATING_COMPANY_EQUITY,EQUITY,PRIMARY,Microsoft,789019.0,Information Technology,Systems Software,False,False,DIAGNOSTIC_ONLY_UNTIL_PIT_STYLE_RESOLVED
MSI,OPERATING_COMPANY_EQUITY,EQUITY,INDEPENDENT_CURRENT_CONSTITUENTS,Motorola Solutions,68505.0,Information Technology,Communications Equipment,False,False,DIAGNOSTIC_ONLY_UNTIL_PIT_STYLE_RESOLVED
MTB,OPERATING_COMPANY_EQUITY,EQUITY,INDEPENDENT_CURRENT_CONSTITUENTS,M&T Bank,36270.0,Financials,Regional Banks,False,False,DIAGNOSTIC_ONLY_UNTIL_PIT_STYLE_RESOLVED
MTD,OPERATING_COMPANY_EQUITY,EQUITY,INDEPENDENT_CURRENT_CONSTITUENTS,Mettler Toledo,1037646.0,Health Care,Life Sciences Tools & Services,False,False,DIAGNOSTIC_ONLY_UNTIL_PIT_STYLE_RESOLVED
MU,OPERATING_COMPANY_EQUITY,EQUITY,INDEPENDENT_CURRENT_CONSTITUENTS,Micron Technology,723125.0,Information Technology,Semiconductors,True,False,SEPARATE_CALIBRATION_REQUIRED
NCLH,OPERATING_COMPANY_EQUITY,EQUITY,INDEPENDENT_CURRENT_CONSTITUENTS,Norwegian Cruise Line Holdings,1513761.0,Consumer Discretionary,"Hotels, Resorts & Cruise Lines",False,False,DIAGNOSTIC_ONLY_UNTIL_PIT_STYLE_RESOLVED
NDAQ,OPERATING_COMPANY_EQUITY,EQUITY,INDEPENDENT_CURRENT_CONSTITUENTS,"Nasdaq, Inc.",1120193.0,Financials,Financial Exchanges & Data,False,False,DIAGNOSTIC_ONLY_UNTIL_PIT_STYLE_RESOLVED
NDSN,OPERATING_COMPANY_EQUITY,EQUITY,INDEPENDENT_CURRENT_CONSTITUENTS,Nordson Corporation,72331.0,Industrials,Industrial Machinery & Supplies & Components,False,False,DIAGNOSTIC_ONLY_UNTIL_PIT_STYLE_RESOLVED
NEE,OPERATING_COMPANY_EQUITY,EQUITY,PRIMARY,NextEra Energy,753308.0,Utilities,Multi-Utilities,False,False,DIAGNOSTIC_ONLY_UNTIL_PIT_STYLE_RESOLVED
NEM,OPERATING_COMPANY_EQUITY,EQUITY,PRIMARY,Newmont,1164727.0,Materials,Gold,False,False,DIAGNOSTIC_ONLY_UNTIL_PIT_STYLE_RESOLVED
NFLX,OPERATING_COMPANY_EQUITY,EQUITY,PRIMARY,Netflix,1065280.0,Communication Services,Movies & Entertainment,False,False,DIAGNOSTIC_ONLY_UNTIL_PIT_STYLE_RESOLVED
NI,OPERATING_COMPANY_EQUITY,EQUITY,INDEPENDENT_CURRENT_CONSTITUENTS,NiSource,1111711.0,Utilities,Multi-Utilities,False,False,DIAGNOSTIC_ONLY_UNTIL_PIT_STYLE_RESOLVED
NKE,OPERATING_COMPANY_EQUITY,EQUITY,PRIMARY,"Nike, Inc.",320187.0,Consumer Discretionary,"Apparel, Accessories & Luxury Goods",False,False,DIAGNOSTIC_ONLY_UNTIL_PIT_STYLE_RESOLVED
NOC,OPERATING_COMPANY_EQUITY,EQUITY,INDEPENDENT_CURRENT_CONSTITUENTS,Northrop Grumman,1133421.0,Industrials,Aerospace & Defense,False,False,DIAGNOSTIC_ONLY_UNTIL_PIT_STYLE_RESOLVED
NOW,OPERATING_COMPANY_EQUITY,EQUITY,INDEPENDENT_CURRENT_CONSTITUENTS,ServiceNow,1373715.0,Information Technology,Systems Software,False,False,DIAGNOSTIC_ONLY_UNTIL_PIT_STYLE_RESOLVED
NRG,OPERATING_COMPANY_EQUITY,EQUITY,INDEPENDENT_CURRENT_CONSTITUENTS,NRG Energy,1013871.0,Utilities,Independent Power Producers & Energy Traders,False,False,DIAGNOSTIC_ONLY_UNTIL_PIT_STYLE_RESOLVED
NSC,OPERATING_COMPANY_EQUITY,EQUITY,INDEPENDENT_CURRENT_CONSTITUENTS,Norfolk Southern,702165.0,Industrials,Rail Transportation,False,False,DIAGNOSTIC_ONLY_UNTIL_PIT_STYLE_RESOLVED
NTAP,OPERATING_COMPANY_EQUITY,EQUITY,INDEPENDENT_CURRENT_CONSTITUENTS,NetApp,1002047.0,Information Technology,"Technology Hardware, Storage & Peripherals",False,False,DIAGNOSTIC_ONLY_UNTIL_PIT_STYLE_RESOLVED
NTRS,OPERATING_COMPANY_EQUITY,EQUITY,INDEPENDENT_CURRENT_CONSTITUENTS,Northern Trust,73124.0,Financials,Asset Management & Custody Banks,False,False,DIAGNOSTIC_ONLY_UNTIL_PIT_STYLE_RESOLVED
NUE,OPERATING_COMPANY_EQUITY,EQUITY,INDEPENDENT_CURRENT_CONSTITUENTS,Nucor,73309.0,Materials,Steel,False,False,DIAGNOSTIC_ONLY_UNTIL_PIT_STYLE_RESOLVED
NVDA,OPERATING_COMPANY_EQUITY,EQUITY,PRIMARY,Nvidia,1045810.0,Information Technology,Semiconductors,True,False,SEPARATE_CALIBRATION_REQUIRED
NVDL,LEVERAGED_OR_INVERSE_ETP,ETP,,,,,,False,,EXCLUDED_FROM_EQUITY_ACTION_MODEL
NVR,OPERATING_COMPANY_EQUITY,EQUITY,INDEPENDENT_CURRENT_CONSTITUENTS,"NVR, Inc.",906163.0,Consumer Discretionary,Homebuilding,False,False,DIAGNOSTIC_ONLY_UNTIL_PIT_STYLE_RESOLVED
NWS,OPERATING_COMPANY_EQUITY,EQUITY,INDEPENDENT_CURRENT_CONSTITUENTS,News Corp (Class B),1564708.0,Communication Services,Publishing,False,False,DIAGNOSTIC_ONLY_UNTIL_PIT_STYLE_RESOLVED
NWSA,OPERATING_COMPANY_EQUITY,EQUITY,INDEPENDENT_CURRENT_CONSTITUENTS,News Corp (Class A),1564708.0,Communication Services,Publishing,False,False,DIAGNOSTIC_ONLY_UNTIL_PIT_STYLE_RESOLVED
NXPI,OPERATING_COMPANY_EQUITY,EQUITY,INDEPENDENT_CURRENT_CONSTITUENTS,NXP Semiconductors,1413447.0,Information Technology,Semiconductors,True,False,SEPARATE_CALIBRATION_REQUIRED
O,OPERATING_COMPANY_EQUITY,EQUITY,INDEPENDENT_CURRENT_CONSTITUENTS,Realty Income,726728.0,Real Estate,Retail REITs,False,False,DIAGNOSTIC_ONLY_UNTIL_PIT_STYLE_RESOLVED
ODFL,OPERATING_COMPANY_EQUITY,EQUITY,INDEPENDENT_CURRENT_CONSTITUENTS,Old Dominion,878927.0,Industrials,Cargo Ground Transportation,False,False,DIAGNOSTIC_ONLY_UNTIL_PIT_STYLE_RESOLVED
OKE,OPERATING_COMPANY_EQUITY,EQUITY,INDEPENDENT_CURRENT_CONSTITUENTS,Oneok,1039684.0,Energy,Oil & Gas Storage & Transportation,False,False,DIAGNOSTIC_ONLY_UNTIL_PIT_STYLE_RESOLVED
OMC,OPERATING_COMPANY_EQUITY,EQUITY,INDEPENDENT_CURRENT_CONSTITUENTS,Omnicom Group,29989.0,Communication Services,Advertising,False,False,DIAGNOSTIC_ONLY_UNTIL_PIT_STYLE_RESOLVED
ON,OPERATING_COMPANY_EQUITY,EQUITY,INDEPENDENT_CURRENT_CONSTITUENTS,ON Semiconductor,1097864.0,Information Technology,Semiconductors,True,False,SEPARATE_CALIBRATION_REQUIRED
ORCL,OPERATING_COMPANY_EQUITY,EQUITY,PRIMARY,Oracle Corporation,1341439.0,Information Technology,Application Software,False,False,DIAGNOSTIC_ONLY_UNTIL_PIT_STYLE_RESOLVED
ORLY,OPERATING_COMPANY_EQUITY,EQUITY,INDEPENDENT_CURRENT_CONSTITUENTS,O’Reilly Automotive,898173.0,Consumer Discretionary,Automotive Retail,False,False,DIAGNOSTIC_ONLY_UNTIL_PIT_STYLE_RESOLVED
OTIS,OPERATING_COMPANY_EQUITY,EQUITY,INDEPENDENT_CURRENT_CONSTITUENTS,Otis Worldwide,1781335.0,Industrials,Industrial Machinery & Supplies & Components,False,False,DIAGNOSTIC_ONLY_UNTIL_PIT_STYLE_RESOLVED
OXY,OPERATING_COMPANY_EQUITY,EQUITY,INDEPENDENT_CURRENT_CONSTITUENTS,Occidental Petroleum,797468.0,Energy,Oil & Gas Exploration & Production,False,False,DIAGNOSTIC_ONLY_UNTIL_PIT_STYLE_RESOLVED
PANW,OPERATING_COMPANY_EQUITY,EQUITY,INDEPENDENT_CURRENT_CONSTITUENTS,Palo Alto Networks,1327567.0,Information Technology,Systems Software,False,False,DIAGNOSTIC_ONLY_UNTIL_PIT_STYLE_RESOLVED
PAYX,OPERATING_COMPANY_EQUITY,EQUITY,INDEPENDENT_CURRENT_CONSTITUENTS,Paychex,723531.0,Industrials,Human Resource & Employment Services,False,False,DIAGNOSTIC_ONLY_UNTIL_PIT_STYLE_RESOLVED
PCAR,OPERATING_COMPANY_EQUITY,EQUITY,INDEPENDENT_CURRENT_CONSTITUENTS,Paccar,75362.0,Industrials,Construction Machinery & Heavy Transportation Equipment,False,False,DIAGNOSTIC_ONLY_UNTIL_PIT_STYLE_RESOLVED
PCG,OPERATING_COMPANY_EQUITY,EQUITY,INDEPENDENT_CURRENT_CONSTITUENTS,PG&E Corporation,1004980.0,Utilities,Multi-Utilities,False,False,DIAGNOSTIC_ONLY_UNTIL_PIT_STYLE_RESOLVED
PEG,OPERATING_COMPANY_EQUITY,EQUITY,INDEPENDENT_CURRENT_CONSTITUENTS,Public Service Enterprise Group,788784.0,Utilities,Electric Utilities,False,False,DIAGNOSTIC_ONLY_UNTIL_PIT_STYLE_RESOLVED
PEP,OPERATING_COMPANY_EQUITY,EQUITY,PRIMARY,PepsiCo,77476.0,Consumer Staples,Soft Drinks & Non-alcoholic Beverages,False,False,DIAGNOSTIC_ONLY_UNTIL_PIT_STYLE_RESOLVED
PFE,OPERATING_COMPANY_EQUITY,EQUITY,INDEPENDENT_CURRENT_CONSTITUENTS,Pfizer,78003.0,Health Care,Pharmaceuticals,False,False,DIAGNOSTIC_ONLY_UNTIL_PIT_STYLE_RESOLVED
PFG,OPERATING_COMPANY_EQUITY,EQUITY,INDEPENDENT_CURRENT_CONSTITUENTS,Principal Financial Group,1126328.0,Financials,Life & Health Insurance,False,False,DIAGNOSTIC_ONLY_UNTIL_PIT_STYLE_RESOLVED
PG,OPERATING_COMPANY_EQUITY,EQUITY,PRIMARY,Procter & Gamble,80424.0,Consumer Staples,Personal Care Products,False,False,DIAGNOSTIC_ONLY_UNTIL_PIT_STYLE_RESOLVED
PGR,OPERATING_COMPANY_EQUITY,EQUITY,INDEPENDENT_CURRENT_CONSTITUENTS,Progressive Corporation,80661.0,Financials,Property & Casualty Insurance,False,False,DIAGNOSTIC_ONLY_UNTIL_PIT_STYLE_RESOLVED
PH,OPERATING_COMPANY_EQUITY,EQUITY,INDEPENDENT_CURRENT_CONSTITUENTS,Parker Hannifin,76334.0,Industrials,Industrial Machinery & Supplies & Components,False,False,DIAGNOSTIC_ONLY_UNTIL_PIT_STYLE_RESOLVED
PHM,OPERATING_COMPANY_EQUITY,EQUITY,INDEPENDENT_CURRENT_CONSTITUENTS,PulteGroup,822416.0,Consumer Discretionary,Homebuilding,False,False,DIAGNOSTIC_ONLY_UNTIL_PIT_STYLE_RESOLVED
PKG,OPERATING_COMPANY_EQUITY,EQUITY,INDEPENDENT_CURRENT_CONSTITUENTS,Packaging Corporation of America,75677.0,Materials,Paper & Plastic Packaging Products & Materials,False,False,DIAGNOSTIC_ONLY_UNTIL_PIT_STYLE_RESOLVED
PLD,OPERATING_COMPANY_EQUITY,EQUITY,PRIMARY,Prologis,1045609.0,Real Estate,Industrial REITs,False,False,DIAGNOSTIC_ONLY_UNTIL_PIT_STYLE_RESOLVED
PLTR,OPERATING_COMPANY_EQUITY,EQUITY,INDEPENDENT_CURRENT_CONSTITUENTS,Palantir Technologies,1321655.0,Information Technology,Application Software,False,False,DIAGNOSTIC_ONLY_UNTIL_PIT_STYLE_RESOLVED
PM,OPERATING_COMPANY_EQUITY,EQUITY,INDEPENDENT_CURRENT_CONSTITUENTS,Philip Morris International,1413329.0,Consumer Staples,Tobacco,False,False,DIAGNOSTIC_ONLY_UNTIL_PIT_STYLE_RESOLVED
PNC,OPERATING_COMPANY_EQUITY,EQUITY,INDEPENDENT_CURRENT_CONSTITUENTS,PNC Financial Services,713676.0,Financials,Diversified Banks,False,False,DIAGNOSTIC_ONLY_UNTIL_PIT_STYLE_RESOLVED
PNR,OPERATING_COMPANY_EQUITY,EQUITY,INDEPENDENT_CURRENT_CONSTITUENTS,Pentair,77360.0,Industrials,Industrial Machinery & Supplies & Components,False,False,DIAGNOSTIC_ONLY_UNTIL_PIT_STYLE_RESOLVED
PNW,OPERATING_COMPANY_EQUITY,EQUITY,INDEPENDENT_CURRENT_CONSTITUENTS,Pinnacle West Capital,764622.0,Utilities,Multi-Utilities,False,False,DIAGNOSTIC_ONLY_UNTIL_PIT_STYLE_RESOLVED
PODD,OPERATING_COMPANY_EQUITY,EQUITY,INDEPENDENT_CURRENT_CONSTITUENTS,Insulet Corporation,1145197.0,Health Care,Health Care Equipment,False,False,DIAGNOSTIC_ONLY_UNTIL_PIT_STYLE_RESOLVED
PPG,OPERATING_COMPANY_EQUITY,EQUITY,INDEPENDENT_CURRENT_CONSTITUENTS,PPG Industries,79879.0,Materials,Specialty Chemicals,False,False,DIAGNOSTIC_ONLY_UNTIL_PIT_STYLE_RESOLVED
PPL,OPERATING_COMPANY_EQUITY,EQUITY,INDEPENDENT_CURRENT_CONSTITUENTS,PPL Corporation,922224.0,Utilities,Electric Utilities,False,False,DIAGNOSTIC_ONLY_UNTIL_PIT_STYLE_RESOLVED
PRU,OPERATING_COMPANY_EQUITY,EQUITY,INDEPENDENT_CURRENT_CONSTITUENTS,Prudential Financial,1137774.0,Financials,Life & Health Insurance,False,False,DIAGNOSTIC_ONLY_UNTIL_PIT_STYLE_RESOLVED
PSA,OPERATING_COMPANY_EQUITY,EQUITY,INDEPENDENT_CURRENT_CONSTITUENTS,Public Storage,1393311.0,Real Estate,Self-Storage REITs,False,False,DIAGNOSTIC_ONLY_UNTIL_PIT_STYLE_RESOLVED
PSKY,OPERATING_COMPANY_EQUITY,EQUITY,INDEPENDENT_CURRENT_CONSTITUENTS,Paramount Skydance Corporation,2041610.0,Communication Services,Movies & Entertainment,False,False,DIAGNOSTIC_ONLY_UNTIL_PIT_STYLE_RESOLVED
PSX,OPERATING_COMPANY_EQUITY,EQUITY,INDEPENDENT_CURRENT_CONSTITUENTS,Phillips 66,1534701.0,Energy,Oil & Gas Refining & Marketing,False,False,DIAGNOSTIC_ONLY_UNTIL_PIT_STYLE_RESOLVED
PTC,OPERATING_COMPANY_EQUITY,EQUITY,INDEPENDENT_CURRENT_CONSTITUENTS,PTC Inc.,857005.0,Information Technology,Application Software,False,False,DIAGNOSTIC_ONLY_UNTIL_PIT_STYLE_RESOLVED
PWR,OPERATING_COMPANY_EQUITY,EQUITY,INDEPENDENT_CURRENT_CONSTITUENTS,Quanta Services,1050915.0,Industrials,Construction & Engineering,False,False,DIAGNOSTIC_ONLY_UNTIL_PIT_STYLE_RESOLVED
PYPL,OPERATING_COMPANY_EQUITY,EQUITY,INDEPENDENT_CURRENT_CONSTITUENTS,PayPal,1633917.0,Financials,Transaction & Payment Processing Services,False,False,DIAGNOSTIC_ONLY_UNTIL_PIT_STYLE_RESOLVED
Q,OPERATING_COMPANY_EQUITY,EQUITY,INDEPENDENT_CURRENT_CONSTITUENTS,Qnity Electronics,2058873.0,Information Technology,Semiconductor Materials & Equipment,True,False,SEPARATE_CALIBRATION_REQUIRED
QCOM,OPERATING_COMPANY_EQUITY,EQUITY,INDEPENDENT_CURRENT_CONSTITUENTS,Qualcomm,804328.0,Information Technology,Semiconductors,True,False,SEPARATE_CALIBRATION_REQUIRED
QQQ,BROAD_MARKET_ETF,MARKET_ETF,INDEPENDENT_CURRENT_CONSTITUENTS|PRIMARY,,,,,False,,SEPARATE_BASELINE_ONLY
RCL,OPERATING_COMPANY_EQUITY,EQUITY,INDEPENDENT_CURRENT_CONSTITUENTS,Royal Caribbean Group,884887.0,Consumer Discretionary,"Hotels, Resorts & Cruise Lines",False,False,DIAGNOSTIC_ONLY_UNTIL_PIT_STYLE_RESOLVED
REG,OPERATING_COMPANY_EQUITY,EQUITY,INDEPENDENT_CURRENT_CONSTITUENTS,Regency Centers,910606.0,Real Estate,Retail REITs,False,False,DIAGNOSTIC_ONLY_UNTIL_PIT_STYLE_RESOLVED
REGN,OPERATING_COMPANY_EQUITY,EQUITY,INDEPENDENT_CURRENT_CONSTITUENTS,Regeneron Pharmaceuticals,872589.0,Health Care,Biotechnology,False,False,DIAGNOSTIC_ONLY_UNTIL_PIT_STYLE_RESOLVED
RF,OPERATING_COMPANY_EQUITY,EQUITY,INDEPENDENT_CURRENT_CONSTITUENTS,Regions Financial Corporation,1281761.0,Financials,Regional Banks,False,False,DIAGNOSTIC_ONLY_UNTIL_PIT_STYLE_RESOLVED
RJF,OPERATING_COMPANY_EQUITY,EQUITY,INDEPENDENT_CURRENT_CONSTITUENTS,Raymond James Financial,720005.0,Financials,Investment Banking & Brokerage,False,False,DIAGNOSTIC_ONLY_UNTIL_PIT_STYLE_RESOLVED
RL,OPERATING_COMPANY_EQUITY,EQUITY,INDEPENDENT_CURRENT_CONSTITUENTS,Ralph Lauren Corporation,1037038.0,Consumer Discretionary,"Apparel, Accessories & Luxury Goods",False,False,DIAGNOSTIC_ONLY_UNTIL_PIT_STYLE_RESOLVED
RMD,OPERATING_COMPANY_EQUITY,EQUITY,INDEPENDENT_CURRENT_CONSTITUENTS,ResMed,943819.0,Health Care,Health Care Equipment,False,False,DIAGNOSTIC_ONLY_UNTIL_PIT_STYLE_RESOLVED
ROK,OPERATING_COMPANY_EQUITY,EQUITY,INDEPENDENT_CURRENT_CONSTITUENTS,Rockwell Automation,1024478.0,Industrials,Electrical Components & Equipment,False,False,DIAGNOSTIC_ONLY_UNTIL_PIT_STYLE_RESOLVED
ROL,OPERATING_COMPANY_EQUITY,EQUITY,INDEPENDENT_CURRENT_CONSTITUENTS,"Rollins, Inc.",84839.0,Industrials,Environmental & Facilities Services,False,False,DIAGNOSTIC_ONLY_UNTIL_PIT_STYLE_RESOLVED
ROP,OPERATING_COMPANY_EQUITY,EQUITY,INDEPENDENT_CURRENT_CONSTITUENTS,Roper Technologies,882835.0,Information Technology,Electronic Equipment & Instruments,False,False,DIAGNOSTIC_ONLY_UNTIL_PIT_STYLE_RESOLVED
ROST,OPERATING_COMPANY_EQUITY,EQUITY,INDEPENDENT_CURRENT_CONSTITUENTS,Ross Stores,745732.0,Consumer Discretionary,Apparel Retail,False,False,DIAGNOSTIC_ONLY_UNTIL_PIT_STYLE_RESOLVED
RSG,OPERATING_COMPANY_EQUITY,EQUITY,INDEPENDENT_CURRENT_CONSTITUENTS,Republic Services,1060391.0,Industrials,Environmental & Facilities Services,False,False,DIAGNOSTIC_ONLY_UNTIL_PIT_STYLE_RESOLVED
RTX,OPERATING_COMPANY_EQUITY,EQUITY,INDEPENDENT_CURRENT_CONSTITUENTS,RTX Corporation,101829.0,Industrials,Aerospace & Defense,False,False,DIAGNOSTIC_ONLY_UNTIL_PIT_STYLE_RESOLVED
RVTY,OPERATING_COMPANY_EQUITY,EQUITY,INDEPENDENT_CURRENT_CONSTITUENTS,Revvity,31791.0,Health Care,Health Care Equipment,False,False,DIAGNOSTIC_ONLY_UNTIL_PIT_STYLE_RESOLVED
SBAC,OPERATING_COMPANY_EQUITY,EQUITY,INDEPENDENT_CURRENT_CONSTITUENTS,SBA Communications,1034054.0,Real Estate,Telecom Tower REITs,False,False,DIAGNOSTIC_ONLY_UNTIL_PIT_STYLE_RESOLVED
SBUX,OPERATING_COMPANY_EQUITY,EQUITY,INDEPENDENT_CURRENT_CONSTITUENTS,Starbucks,829224.0,Consumer Discretionary,Restaurants,False,False,DIAGNOSTIC_ONLY_UNTIL_PIT_STYLE_RESOLVED
SCHW,OPERATING_COMPANY_EQUITY,EQUITY,INDEPENDENT_CURRENT_CONSTITUENTS,Charles Schwab Corporation,316709.0,Financials,Investment Banking & Brokerage,False,False,DIAGNOSTIC_ONLY_UNTIL_PIT_STYLE_RESOLVED
SHW,OPERATING_COMPANY_EQUITY,EQUITY,PRIMARY,Sherwin-Williams,89800.0,Materials,Specialty Chemicals,False,False,DIAGNOSTIC_ONLY_UNTIL_PIT_STYLE_RESOLVED
SJM,OPERATING_COMPANY_EQUITY,EQUITY,INDEPENDENT_CURRENT_CONSTITUENTS,J.M. Smucker Company (The),91419.0,Consumer Staples,Packaged Foods & Meats,False,False,DIAGNOSTIC_ONLY_UNTIL_PIT_STYLE_RESOLVED
SLB,OPERATING_COMPANY_EQUITY,EQUITY,PRIMARY,Schlumberger,87347.0,Energy,Oil & Gas Equipment & Services,False,False,DIAGNOSTIC_ONLY_UNTIL_PIT_STYLE_RESOLVED
SMCI,OPERATING_COMPANY_EQUITY,EQUITY,INDEPENDENT_CURRENT_CONSTITUENTS,Supermicro,1375365.0,Information Technology,"Technology Hardware, Storage & Peripherals",False,False,DIAGNOSTIC_ONLY_UNTIL_PIT_STYLE_RESOLVED
SNA,OPERATING_COMPANY_EQUITY,EQUITY,INDEPENDENT_CURRENT_CONSTITUENTS,Snap-on,91440.0,Industrials,Industrial Machinery & Supplies & Components,False,False,DIAGNOSTIC_ONLY_UNTIL_PIT_STYLE_RESOLVED
SNDK,OPERATING_COMPANY_EQUITY,EQUITY,INDEPENDENT_CURRENT_CONSTITUENTS,Sandisk,2023554.0,Information Technology,"Technology Hardware, Storage & Peripherals",False,False,DIAGNOSTIC_ONLY_UNTIL_PIT_STYLE_RESOLVED
SNPS,OPERATING_COMPANY_EQUITY,EQUITY,INDEPENDENT_CURRENT_CONSTITUENTS,Synopsys,883241.0,Information Technology,Application Software,False,False,DIAGNOSTIC_ONLY_UNTIL_PIT_STYLE_RESOLVED
SO,OPERATING_COMPANY_EQUITY,EQUITY,PRIMARY,Southern Company,92122.0,Utilities,Electric Utilities,False,False,DIAGNOSTIC_ONLY_UNTIL_PIT_STYLE_RESOLVED
SOLV,OPERATING_COMPANY_EQUITY,EQUITY,INDEPENDENT_CURRENT_CONSTITUENTS,Solventum,1964738.0,Health Care,Health Care Technology,False,False,DIAGNOSTIC_ONLY_UNTIL_PIT_STYLE_RESOLVED
SOXL,LEVERAGED_OR_INVERSE_ETP,ETP,,,,,,False,,EXCLUDED_FROM_EQUITY_ACTION_MODEL
SOXS,LEVERAGED_OR_INVERSE_ETP,ETP,,,,,,False,,EXCLUDED_FROM_EQUITY_ACTION_MODEL
SPG,OPERATING_COMPANY_EQUITY,EQUITY,INDEPENDENT_CURRENT_CONSTITUENTS,Simon Property Group,1063761.0,Real Estate,Retail REITs,False,False,DIAGNOSTIC_ONLY_UNTIL_PIT_STYLE_RESOLVED
SPGI,OPERATING_COMPANY_EQUITY,EQUITY,INDEPENDENT_CURRENT_CONSTITUENTS,S&P Global,64040.0,Financials,Financial Exchanges & Data,False,False,DIAGNOSTIC_ONLY_UNTIL_PIT_STYLE_RESOLVED
SPXL,LEVERAGED_OR_INVERSE_ETP,ETP,,,,,,False,,EXCLUDED_FROM_EQUITY_ACTION_MODEL
SPXS,LEVERAGED_OR_INVERSE_ETP,ETP,,,,,,False,,EXCLUDED_FROM_EQUITY_ACTION_MODEL
SPY,BROAD_MARKET_ETF,MARKET_ETF,INDEPENDENT_CURRENT_CONSTITUENTS|PRIMARY,,,,,False,,SEPARATE_BASELINE_ONLY
SQQQ,LEVERAGED_OR_INVERSE_ETP,ETP,,,,,,False,,EXCLUDED_FROM_EQUITY_ACTION_MODEL
SRE,OPERATING_COMPANY_EQUITY,EQUITY,INDEPENDENT_CURRENT_CONSTITUENTS,Sempra,1032208.0,Utilities,Multi-Utilities,False,False,DIAGNOSTIC_ONLY_UNTIL_PIT_STYLE_RESOLVED
STE,OPERATING_COMPANY_EQUITY,EQUITY,INDEPENDENT_CURRENT_CONSTITUENTS,Steris,1757898.0,Health Care,Health Care Equipment,False,False,DIAGNOSTIC_ONLY_UNTIL_PIT_STYLE_RESOLVED
STLD,OPERATING_COMPANY_EQUITY,EQUITY,INDEPENDENT_CURRENT_CONSTITUENTS,Steel Dynamics,1022671.0,Materials,Steel,False,False,DIAGNOSTIC_ONLY_UNTIL_PIT_STYLE_RESOLVED
STT,OPERATING_COMPANY_EQUITY,EQUITY,INDEPENDENT_CURRENT_CONSTITUENTS,State Street Corporation,93751.0,Financials,Asset Management & Custody Banks,False,False,DIAGNOSTIC_ONLY_UNTIL_PIT_STYLE_RESOLVED
STX,OPERATING_COMPANY_EQUITY,EQUITY,INDEPENDENT_CURRENT_CONSTITUENTS,Seagate Technology,1137789.0,Information Technology,"Technology Hardware, Storage & Peripherals",False,False,DIAGNOSTIC_ONLY_UNTIL_PIT_STYLE_RESOLVED
STZ,OPERATING_COMPANY_EQUITY,EQUITY,INDEPENDENT_CURRENT_CONSTITUENTS,Constellation Brands,16918.0,Consumer Staples,Distillers & Vintners,False,False,DIAGNOSTIC_ONLY_UNTIL_PIT_STYLE_RESOLVED
SW,OPERATING_COMPANY_EQUITY,EQUITY,INDEPENDENT_CURRENT_CONSTITUENTS,Smurfit Westrock,2005951.0,Materials,Paper & Plastic Packaging Products & Materials,False,False,DIAGNOSTIC_ONLY_UNTIL_PIT_STYLE_RESOLVED
SWK,OPERATING_COMPANY_EQUITY,EQUITY,INDEPENDENT_CURRENT_CONSTITUENTS,Stanley Black & Decker,93556.0,Industrials,Industrial Machinery & Supplies & Components,False,False,DIAGNOSTIC_ONLY_UNTIL_PIT_STYLE_RESOLVED
SWKS,OPERATING_COMPANY_EQUITY,EQUITY,INDEPENDENT_CURRENT_CONSTITUENTS,Skyworks Solutions,4127.0,Information Technology,Semiconductors,True,False,SEPARATE_CALIBRATION_REQUIRED
SYF,OPERATING_COMPANY_EQUITY,EQUITY,INDEPENDENT_CURRENT_CONSTITUENTS,Synchrony Financial,1601712.0,Financials,Consumer Finance,False,False,DIAGNOSTIC_ONLY_UNTIL_PIT_STYLE_RESOLVED
SYK,OPERATING_COMPANY_EQUITY,EQUITY,INDEPENDENT_CURRENT_CONSTITUENTS,Stryker Corporation,310764.0,Health Care,Health Care Equipment,False,False,DIAGNOSTIC_ONLY_UNTIL_PIT_STYLE_RESOLVED
SYY,OPERATING_COMPANY_EQUITY,EQUITY,INDEPENDENT_CURRENT_CONSTITUENTS,Sysco,96021.0,Consumer Staples,Food Distributors,False,False,DIAGNOSTIC_ONLY_UNTIL_PIT_STYLE_RESOLVED
T,OPERATING_COMPANY_EQUITY,EQUITY,INDEPENDENT_CURRENT_CONSTITUENTS,AT&T,732717.0,Communication Services,Integrated Telecommunication Services,False,False,DIAGNOSTIC_ONLY_UNTIL_PIT_STYLE_RESOLVED
TAP,OPERATING_COMPANY_EQUITY,EQUITY,INDEPENDENT_CURRENT_CONSTITUENTS,Molson Coors Beverage Company,24545.0,Consumer Staples,Brewers,False,False,DIAGNOSTIC_ONLY_UNTIL_PIT_STYLE_RESOLVED
TDG,OPERATING_COMPANY_EQUITY,EQUITY,INDEPENDENT_CURRENT_CONSTITUENTS,TransDigm Group,1260221.0,Industrials,Aerospace & Defense,False,False,DIAGNOSTIC_ONLY_UNTIL_PIT_STYLE_RESOLVED
TDY,OPERATING_COMPANY_EQUITY,EQUITY,INDEPENDENT_CURRENT_CONSTITUENTS,Teledyne Technologies,1094285.0,Information Technology,Electronic Equipment & Instruments,False,False,DIAGNOSTIC_ONLY_UNTIL_PIT_STYLE_RESOLVED
TECH,OPERATING_COMPANY_EQUITY,EQUITY,INDEPENDENT_CURRENT_CONSTITUENTS,Bio-Techne,842023.0,Health Care,Life Sciences Tools & Services,False,False,DIAGNOSTIC_ONLY_UNTIL_PIT_STYLE_RESOLVED
TEL,OPERATING_COMPANY_EQUITY,EQUITY,INDEPENDENT_CURRENT_CONSTITUENTS,TE Connectivity,1385157.0,Information Technology,Electronic Manufacturing Services,False,False,DIAGNOSTIC_ONLY_UNTIL_PIT_STYLE_RESOLVED
TER,OPERATING_COMPANY_EQUITY,EQUITY,INDEPENDENT_CURRENT_CONSTITUENTS,Teradyne,97210.0,Information Technology,Semiconductor Materials & Equipment,True,False,SEPARATE_CALIBRATION_REQUIRED
TFC,OPERATING_COMPANY_EQUITY,EQUITY,INDEPENDENT_CURRENT_CONSTITUENTS,Truist Financial,92230.0,Financials,Diversified Banks,False,False,DIAGNOSTIC_ONLY_UNTIL_PIT_STYLE_RESOLVED
TGT,OPERATING_COMPANY_EQUITY,EQUITY,INDEPENDENT_CURRENT_CONSTITUENTS,Target Corporation,27419.0,Consumer Staples,Consumer Staples Merchandise Retail,False,False,DIAGNOSTIC_ONLY_UNTIL_PIT_STYLE_RESOLVED
TJX,OPERATING_COMPANY_EQUITY,EQUITY,INDEPENDENT_CURRENT_CONSTITUENTS,TJX Companies,109198.0,Consumer Discretionary,Apparel Retail,False,False,DIAGNOSTIC_ONLY_UNTIL_PIT_STYLE_RESOLVED
TKO,OPERATING_COMPANY_EQUITY,EQUITY,INDEPENDENT_CURRENT_CONSTITUENTS,TKO Group Holdings,1973266.0,Communication Services,Movies & Entertainment,False,False,DIAGNOSTIC_ONLY_UNTIL_PIT_STYLE_RESOLVED
TMO,OPERATING_COMPANY_EQUITY,EQUITY,INDEPENDENT_CURRENT_CONSTITUENTS,Thermo Fisher Scientific,97745.0,Health Care,Life Sciences Tools & Services,False,False,DIAGNOSTIC_ONLY_UNTIL_PIT_STYLE_RESOLVED
TMUS,OPERATING_COMPANY_EQUITY,EQUITY,PRIMARY,T-Mobile US,1283699.0,Communication Services,Wireless Telecommunication Services,False,False,DIAGNOSTIC_ONLY_UNTIL_PIT_STYLE_RESOLVED
TPL,OPERATING_COMPANY_EQUITY,EQUITY,INDEPENDENT_CURRENT_CONSTITUENTS,Texas Pacific Land Corporation,1811074.0,Energy,Oil & Gas Exploration & Production,False,False,DIAGNOSTIC_ONLY_UNTIL_PIT_STYLE_RESOLVED
TPR,OPERATING_COMPANY_EQUITY,EQUITY,INDEPENDENT_CURRENT_CONSTITUENTS,"Tapestry, Inc.",1116132.0,Consumer Discretionary,"Apparel, Accessories & Luxury Goods",False,False,DIAGNOSTIC_ONLY_UNTIL_PIT_STYLE_RESOLVED
TQQQ,LEVERAGED_OR_INVERSE_ETP,ETP,,,,,,False,,EXCLUDED_FROM_EQUITY_ACTION_MODEL
TRGP,OPERATING_COMPANY_EQUITY,EQUITY,INDEPENDENT_CURRENT_CONSTITUENTS,Targa Resources,1389170.0,Energy,Oil & Gas Storage & Transportation,False,False,DIAGNOSTIC_ONLY_UNTIL_PIT_STYLE_RESOLVED
TRMB,OPERATING_COMPANY_EQUITY,EQUITY,INDEPENDENT_CURRENT_CONSTITUENTS,Trimble Inc.,864749.0,Information Technology,Application Software,False,False,DIAGNOSTIC_ONLY_UNTIL_PIT_STYLE_RESOLVED
TROW,OPERATING_COMPANY_EQUITY,EQUITY,INDEPENDENT_CURRENT_CONSTITUENTS,T. Rowe Price,1113169.0,Financials,Asset Management & Custody Banks,False,False,DIAGNOSTIC_ONLY_UNTIL_PIT_STYLE_RESOLVED
TRV,OPERATING_COMPANY_EQUITY,EQUITY,INDEPENDENT_CURRENT_CONSTITUENTS,Travelers Companies (The),86312.0,Financials,Property & Casualty Insurance,False,False,DIAGNOSTIC_ONLY_UNTIL_PIT_STYLE_RESOLVED
TSCO,OPERATING_COMPANY_EQUITY,EQUITY,INDEPENDENT_CURRENT_CONSTITUENTS,Tractor Supply,916365.0,Consumer Discretionary,Other Specialty Retail,False,False,DIAGNOSTIC_ONLY_UNTIL_PIT_STYLE_RESOLVED
TSLA,OPERATING_COMPANY_EQUITY,EQUITY,PRIMARY,"Tesla, Inc.",1318605.0,Consumer Discretionary,Automobile Manufacturers,False,False,DIAGNOSTIC_ONLY_UNTIL_PIT_STYLE_RESOLVED
TSLL,LEVERAGED_OR_INVERSE_ETP,ETP,,,,,,False,,EXCLUDED_FROM_EQUITY_ACTION_MODEL
TSN,OPERATING_COMPANY_EQUITY,EQUITY,INDEPENDENT_CURRENT_CONSTITUENTS,Tyson Foods,100493.0,Consumer Staples,Packaged Foods & Meats,False,False,DIAGNOSTIC_ONLY_UNTIL_PIT_STYLE_RESOLVED
TT,OPERATING_COMPANY_EQUITY,EQUITY,INDEPENDENT_CURRENT_CONSTITUENTS,Trane Technologies,1466258.0,Industrials,Building Products,False,False,DIAGNOSTIC_ONLY_UNTIL_PIT_STYLE_RESOLVED
TTD,OPERATING_COMPANY_EQUITY,EQUITY,INDEPENDENT_CURRENT_CONSTITUENTS,Trade Desk (The),1671933.0,Communication Services,Advertising,False,False,DIAGNOSTIC_ONLY_UNTIL_PIT_STYLE_RESOLVED
TTWO,OPERATING_COMPANY_EQUITY,EQUITY,INDEPENDENT_CURRENT_CONSTITUENTS,Take-Two Interactive,946581.0,Communication Services,Interactive Home Entertainment,False,False,DIAGNOSTIC_ONLY_UNTIL_PIT_STYLE_RESOLVED
TXN,OPERATING_COMPANY_EQUITY,EQUITY,INDEPENDENT_CURRENT_CONSTITUENTS,Texas Instruments,97476.0,Information Technology,Semiconductors,True,False,SEPARATE_CALIBRATION_REQUIRED
TXT,OPERATING_COMPANY_EQUITY,EQUITY,INDEPENDENT_CURRENT_CONSTITUENTS,Textron,217346.0,Industrials,Aerospace & Defense,False,False,DIAGNOSTIC_ONLY_UNTIL_PIT_STYLE_RESOLVED
TYL,OPERATING_COMPANY_EQUITY,EQUITY,INDEPENDENT_CURRENT_CONSTITUENTS,Tyler Technologies,860731.0,Information Technology,Application Software,False,False,DIAGNOSTIC_ONLY_UNTIL_PIT_STYLE_RESOLVED
UAL,OPERATING_COMPANY_EQUITY,EQUITY,INDEPENDENT_CURRENT_CONSTITUENTS,United Airlines Holdings,100517.0,Industrials,Passenger Airlines,False,False,DIAGNOSTIC_ONLY_UNTIL_PIT_STYLE_RESOLVED
UBER,OPERATING_COMPANY_EQUITY,EQUITY,INDEPENDENT_CURRENT_CONSTITUENTS,Uber,1543151.0,Industrials,Passenger Ground Transportation,False,False,DIAGNOSTIC_ONLY_UNTIL_PIT_STYLE_RESOLVED
UDR,OPERATING_COMPANY_EQUITY,EQUITY,INDEPENDENT_CURRENT_CONSTITUENTS,"UDR, Inc.",74208.0,Real Estate,Multi-Family Residential REITs,False,False,DIAGNOSTIC_ONLY_UNTIL_PIT_STYLE_RESOLVED
UHS,OPERATING_COMPANY_EQUITY,EQUITY,INDEPENDENT_CURRENT_CONSTITUENTS,Universal Health Services,352915.0,Health Care,Health Care Facilities,False,False,DIAGNOSTIC_ONLY_UNTIL_PIT_STYLE_RESOLVED
ULTA,OPERATING_COMPANY_EQUITY,EQUITY,INDEPENDENT_CURRENT_CONSTITUENTS,Ulta Beauty,1403568.0,Consumer Discretionary,Other Specialty Retail,False,False,DIAGNOSTIC_ONLY_UNTIL_PIT_STYLE_RESOLVED
UNH,OPERATING_COMPANY_EQUITY,EQUITY,PRIMARY,UnitedHealth Group,731766.0,Health Care,Managed Health Care,False,False,DIAGNOSTIC_ONLY_UNTIL_PIT_STYLE_RESOLVED
UNP,OPERATING_COMPANY_EQUITY,EQUITY,PRIMARY,Union Pacific Corporation,100885.0,Industrials,Rail Transportation,False,False,DIAGNOSTIC_ONLY_UNTIL_PIT_STYLE_RESOLVED
UPRO,LEVERAGED_OR_INVERSE_ETP,ETP,,,,,,False,,EXCLUDED_FROM_EQUITY_ACTION_MODEL
UPS,OPERATING_COMPANY_EQUITY,EQUITY,INDEPENDENT_CURRENT_CONSTITUENTS,United Parcel Service,1090727.0,Industrials,Air Freight & Logistics,False,False,DIAGNOSTIC_ONLY_UNTIL_PIT_STYLE_RESOLVED
URI,OPERATING_COMPANY_EQUITY,EQUITY,INDEPENDENT_CURRENT_CONSTITUENTS,United Rentals,1067701.0,Industrials,Trading Companies & Distributors,False,False,DIAGNOSTIC_ONLY_UNTIL_PIT_STYLE_RESOLVED
USB,OPERATING_COMPANY_EQUITY,EQUITY,INDEPENDENT_CURRENT_CONSTITUENTS,U.S. Bancorp,36104.0,Financials,Diversified Banks,False,False,DIAGNOSTIC_ONLY_UNTIL_PIT_STYLE_RESOLVED
V,OPERATING_COMPANY_EQUITY,EQUITY,PRIMARY,Visa Inc.,1403161.0,Financials,Transaction & Payment Processing Services,False,False,DIAGNOSTIC_ONLY_UNTIL_PIT_STYLE_RESOLVED
VEEV,OPERATING_COMPANY_EQUITY,EQUITY,INDEPENDENT_CURRENT_CONSTITUENTS,Veeva Systems,1393052.0,Health Care,Health Care Technology,False,False,DIAGNOSTIC_ONLY_UNTIL_PIT_STYLE_RESOLVED
VICI,OPERATING_COMPANY_EQUITY,EQUITY,INDEPENDENT_CURRENT_CONSTITUENTS,Vici Properties,1705696.0,Real Estate,Hotel & Resort REITs,False,False,DIAGNOSTIC_ONLY_UNTIL_PIT_STYLE_RESOLVED
VLO,OPERATING_COMPANY_EQUITY,EQUITY,INDEPENDENT_CURRENT_CONSTITUENTS,Valero Energy,1035002.0,Energy,Oil & Gas Refining & Marketing,False,False,DIAGNOSTIC_ONLY_UNTIL_PIT_STYLE_RESOLVED
VLTO,OPERATING_COMPANY_EQUITY,EQUITY,INDEPENDENT_CURRENT_CONSTITUENTS,Veralto,1967680.0,Industrials,Environmental & Facilities Services,False,False,DIAGNOSTIC_ONLY_UNTIL_PIT_STYLE_RESOLVED
VMC,OPERATING_COMPANY_EQUITY,EQUITY,INDEPENDENT_CURRENT_CONSTITUENTS,Vulcan Materials Company,1396009.0,Materials,Construction Materials,False,False,DIAGNOSTIC_ONLY_UNTIL_PIT_STYLE_RESOLVED
VRSK,OPERATING_COMPANY_EQUITY,EQUITY,INDEPENDENT_CURRENT_CONSTITUENTS,Verisk Analytics,1442145.0,Industrials,Research & Consulting Services,False,False,DIAGNOSTIC_ONLY_UNTIL_PIT_STYLE_RESOLVED
VRSN,OPERATING_COMPANY_EQUITY,EQUITY,INDEPENDENT_CURRENT_CONSTITUENTS,Verisign,1014473.0,Information Technology,Internet Services & Infrastructure,False,False,DIAGNOSTIC_ONLY_UNTIL_PIT_STYLE_RESOLVED
VRT,OPERATING_COMPANY_EQUITY,EQUITY,INDEPENDENT_CURRENT_CONSTITUENTS,Vertiv,1674101.0,Industrials,Electrical Components & Equipment,False,False,DIAGNOSTIC_ONLY_UNTIL_PIT_STYLE_RESOLVED
VRTX,OPERATING_COMPANY_EQUITY,EQUITY,INDEPENDENT_CURRENT_CONSTITUENTS,Vertex Pharmaceuticals,875320.0,Health Care,Biotechnology,False,False,DIAGNOSTIC_ONLY_UNTIL_PIT_STYLE_RESOLVED
VST,OPERATING_COMPANY_EQUITY,EQUITY,INDEPENDENT_CURRENT_CONSTITUENTS,Vistra Corp.,1692819.0,Utilities,Electric Utilities,False,False,DIAGNOSTIC_ONLY_UNTIL_PIT_STYLE_RESOLVED
VTR,OPERATING_COMPANY_EQUITY,EQUITY,INDEPENDENT_CURRENT_CONSTITUENTS,Ventas,740260.0,Real Estate,Health Care REITs,False,False,DIAGNOSTIC_ONLY_UNTIL_PIT_STYLE_RESOLVED
VTRS,OPERATING_COMPANY_EQUITY,EQUITY,INDEPENDENT_CURRENT_CONSTITUENTS,Viatris,1792044.0,Health Care,Pharmaceuticals,False,False,DIAGNOSTIC_ONLY_UNTIL_PIT_STYLE_RESOLVED
VZ,OPERATING_COMPANY_EQUITY,EQUITY,INDEPENDENT_CURRENT_CONSTITUENTS,Verizon,732712.0,Communication Services,Integrated Telecommunication Services,False,False,DIAGNOSTIC_ONLY_UNTIL_PIT_STYLE_RESOLVED
WAB,OPERATING_COMPANY_EQUITY,EQUITY,INDEPENDENT_CURRENT_CONSTITUENTS,Wabtec,943452.0,Industrials,Construction Machinery & Heavy Transportation Equipment,False,False,DIAGNOSTIC_ONLY_UNTIL_PIT_STYLE_RESOLVED
WAT,OPERATING_COMPANY_EQUITY,EQUITY,INDEPENDENT_CURRENT_CONSTITUENTS,Waters Corporation,1000697.0,Health Care,Life Sciences Tools & Services,False,False,DIAGNOSTIC_ONLY_UNTIL_PIT_STYLE_RESOLVED
WBD,OPERATING_COMPANY_EQUITY,EQUITY,INDEPENDENT_CURRENT_CONSTITUENTS,Warner Bros. Discovery,1437107.0,Communication Services,Broadcasting,False,False,DIAGNOSTIC_ONLY_UNTIL_PIT_STYLE_RESOLVED
WDAY,OPERATING_COMPANY_EQUITY,EQUITY,INDEPENDENT_CURRENT_CONSTITUENTS,"Workday, Inc.",1327811.0,Information Technology,Application Software,False,False,DIAGNOSTIC_ONLY_UNTIL_PIT_STYLE_RESOLVED
WDC,OPERATING_COMPANY_EQUITY,EQUITY,INDEPENDENT_CURRENT_CONSTITUENTS,Western Digital,106040.0,Information Technology,"Technology Hardware, Storage & Peripherals",False,False,DIAGNOSTIC_ONLY_UNTIL_PIT_STYLE_RESOLVED
WEC,OPERATING_COMPANY_EQUITY,EQUITY,INDEPENDENT_CURRENT_CONSTITUENTS,WEC Energy Group,783325.0,Utilities,Electric Utilities,False,False,DIAGNOSTIC_ONLY_UNTIL_PIT_STYLE_RESOLVED
WELL,OPERATING_COMPANY_EQUITY,EQUITY,INDEPENDENT_CURRENT_CONSTITUENTS,Welltower,766704.0,Real Estate,Health Care REITs,False,False,DIAGNOSTIC_ONLY_UNTIL_PIT_STYLE_RESOLVED
WFC,OPERATING_COMPANY_EQUITY,EQUITY,INDEPENDENT_CURRENT_CONSTITUENTS,Wells Fargo,72971.0,Financials,Diversified Banks,False,False,DIAGNOSTIC_ONLY_UNTIL_PIT_STYLE_RESOLVED
WM,OPERATING_COMPANY_EQUITY,EQUITY,INDEPENDENT_CURRENT_CONSTITUENTS,Waste Management,823768.0,Industrials,Environmental & Facilities Services,False,False,DIAGNOSTIC_ONLY_UNTIL_PIT_STYLE_RESOLVED
WMB,OPERATING_COMPANY_EQUITY,EQUITY,INDEPENDENT_CURRENT_CONSTITUENTS,Williams Companies,107263.0,Energy,Oil & Gas Storage & Transportation,False,False,DIAGNOSTIC_ONLY_UNTIL_PIT_STYLE_RESOLVED
WMT,OPERATING_COMPANY_EQUITY,EQUITY,PRIMARY,Walmart,104169.0,Consumer Staples,Consumer Staples Merchandise Retail,False,False,DIAGNOSTIC_ONLY_UNTIL_PIT_STYLE_RESOLVED
WRB,OPERATING_COMPANY_EQUITY,EQUITY,INDEPENDENT_CURRENT_CONSTITUENTS,W. R. Berkley Corporation,11544.0,Financials,Property & Casualty Insurance,False,False,DIAGNOSTIC_ONLY_UNTIL_PIT_STYLE_RESOLVED
WSM,OPERATING_COMPANY_EQUITY,EQUITY,INDEPENDENT_CURRENT_CONSTITUENTS,"Williams-Sonoma, Inc.",719955.0,Consumer Discretionary,Homefurnishing Retail,False,False,DIAGNOSTIC_ONLY_UNTIL_PIT_STYLE_RESOLVED
WST,OPERATING_COMPANY_EQUITY,EQUITY,INDEPENDENT_CURRENT_CONSTITUENTS,West Pharmaceutical Services,105770.0,Health Care,Health Care Supplies,False,False,DIAGNOSTIC_ONLY_UNTIL_PIT_STYLE_RESOLVED
WTW,OPERATING_COMPANY_EQUITY,EQUITY,INDEPENDENT_CURRENT_CONSTITUENTS,Willis Towers Watson,1140536.0,Financials,Insurance Brokers,False,False,DIAGNOSTIC_ONLY_UNTIL_PIT_STYLE_RESOLVED
WY,OPERATING_COMPANY_EQUITY,EQUITY,INDEPENDENT_CURRENT_CONSTITUENTS,Weyerhaeuser,106535.0,Real Estate,Timber REITs,False,False,DIAGNOSTIC_ONLY_UNTIL_PIT_STYLE_RESOLVED
WYNN,OPERATING_COMPANY_EQUITY,EQUITY,INDEPENDENT_CURRENT_CONSTITUENTS,Wynn Resorts,1174922.0,Consumer Discretionary,Casinos & Gaming,False,False,DIAGNOSTIC_ONLY_UNTIL_PIT_STYLE_RESOLVED
XEL,OPERATING_COMPANY_EQUITY,EQUITY,INDEPENDENT_CURRENT_CONSTITUENTS,Xcel Energy,72903.0,Utilities,Multi-Utilities,False,False,DIAGNOSTIC_ONLY_UNTIL_PIT_STYLE_RESOLVED
XLB,SECTOR_ETF,SECTOR_ETF,INDEPENDENT_CURRENT_CONSTITUENTS|PRIMARY,,,,,False,,CONTEXT_ONLY
XLC,SECTOR_ETF,SECTOR_ETF,INDEPENDENT_CURRENT_CONSTITUENTS|PRIMARY,,,,,False,,CONTEXT_ONLY
XLE,SECTOR_ETF,SECTOR_ETF,INDEPENDENT_CURRENT_CONSTITUENTS|PRIMARY,,,,,False,,CONTEXT_ONLY
XLF,SECTOR_ETF,SECTOR_ETF,INDEPENDENT_CURRENT_CONSTITUENTS|PRIMARY,,,,,False,,CONTEXT_ONLY
XLI,SECTOR_ETF,SECTOR_ETF,INDEPENDENT_CURRENT_CONSTITUENTS|PRIMARY,,,,,False,,CONTEXT_ONLY
XLK,SECTOR_ETF,SECTOR_ETF,INDEPENDENT_CURRENT_CONSTITUENTS|PRIMARY,,,,,False,,CONTEXT_ONLY
XLP,SECTOR_ETF,SECTOR_ETF,INDEPENDENT_CURRENT_CONSTITUENTS|PRIMARY,,,,,False,,CONTEXT_ONLY
XLRE,OPERATING_COMPANY_EQUITY,EQUITY,INDEPENDENT_CURRENT_CONSTITUENTS,,,,,False,,DIAGNOSTIC_ONLY_UNTIL_PIT_STYLE_RESOLVED
XLU,SECTOR_ETF,SECTOR_ETF,INDEPENDENT_CURRENT_CONSTITUENTS|PRIMARY,,,,,False,,CONTEXT_ONLY
XLV,SECTOR_ETF,SECTOR_ETF,INDEPENDENT_CURRENT_CONSTITUENTS|PRIMARY,,,,,False,,CONTEXT_ONLY
XLY,SECTOR_ETF,SECTOR_ETF,INDEPENDENT_CURRENT_CONSTITUENTS|PRIMARY,,,,,False,,CONTEXT_ONLY
XOM,OPERATING_COMPANY_EQUITY,EQUITY,PRIMARY,ExxonMobil,34088.0,Energy,Integrated Oil & Gas,False,False,DIAGNOSTIC_ONLY_UNTIL_PIT_STYLE_RESOLVED
XYL,OPERATING_COMPANY_EQUITY,EQUITY,INDEPENDENT_CURRENT_CONSTITUENTS,Xylem Inc.,1524472.0,Industrials,Industrial Machinery & Supplies & Components,False,False,DIAGNOSTIC_ONLY_UNTIL_PIT_STYLE_RESOLVED
XYZ,OPERATING_COMPANY_EQUITY,EQUITY,INDEPENDENT_CURRENT_CONSTITUENTS,"Block, Inc.",1512673.0,Financials,Transaction & Payment Processing Services,False,False,DIAGNOSTIC_ONLY_UNTIL_PIT_STYLE_RESOLVED
YINN,LEVERAGED_OR_INVERSE_ETP,ETP,,,,,,False,,EXCLUDED_FROM_EQUITY_ACTION_MODEL
YUM,OPERATING_COMPANY_EQUITY,EQUITY,INDEPENDENT_CURRENT_CONSTITUENTS,Yum! Brands,1041061.0,Consumer Discretionary,Restaurants,False,False,DIAGNOSTIC_ONLY_UNTIL_PIT_STYLE_RESOLVED
ZBH,OPERATING_COMPANY_EQUITY,EQUITY,INDEPENDENT_CURRENT_CONSTITUENTS,Zimmer Biomet,1136869.0,Health Care,Health Care Equipment,False,False,DIAGNOSTIC_ONLY_UNTIL_PIT_STYLE_RESOLVED
ZBRA,OPERATING_COMPANY_EQUITY,EQUITY,INDEPENDENT_CURRENT_CONSTITUENTS,Zebra Technologies,877212.0,Information Technology,Electronic Equipment & Instruments,False,False,DIAGNOSTIC_ONLY_UNTIL_PIT_STYLE_RESOLVED
ZTS,OPERATING_COMPANY_EQUITY,EQUITY,INDEPENDENT_CURRENT_CONSTITUENTS,Zoetis,1555280.0,Health Care,Pharmaceuticals,False,False,DIAGNOSTIC_ONLY_UNTIL_PIT_STYLE_RESOLVED
