fold_id,family,rows,candidate_brier,candidate_log_loss,candidate_balanced_accuracy,candidate_action_rate,baseline_brier,baseline_log_loss,baseline_balanced_accuracy,baseline_action_rate,universe_role
F01,PRICE_EXTENSION,24,0.25,0.6931471805599453,0.5,1.0,0.25,0.6931471805599453,0.5,1.0,PRIMARY
F02,PRICE_EXTENSION,22,0.30830227387308906,0.8155509533068745,0.5,1.0,0.308080808080808,0.8150520784390409,0.5,1.0,PRIMARY
F03,PRICE_EXTENSION,11,0.23265440624262768,0.658379852890123,0.5,1.0,0.23212751331843962,0.6573164953876517,0.5,1.0,PRIMARY
F04,PRICE_EXTENSION,13,0.21359817379351187,0.6197774613636693,0.5,1.0,0.21372256552311958,0.6200330289338857,0.5,1.0,PRIMARY
F05,PRICE_EXTENSION,25,0.23154763458053673,0.6558500860260409,0.5,1.0,0.2310612244897959,0.6548258962439206,0.5,1.0,PRIMARY
F06,PRICE_EXTENSION,18,0.2240491679128932,0.6404732728990336,0.5,1.0,0.2243028624192059,0.6410122828446911,0.5,1.0,PRIMARY
F07,PRICE_EXTENSION,13,0.1778343395575859,0.5459256165253975,0.5,1.0,0.1776297161996903,0.5454787507107094,0.5,1.0,PRIMARY
F08,PRICE_EXTENSION,23,0.2917757455545018,0.7800387298748227,0.5,1.0,0.292407462179719,0.781427223752351,0.5,1.0,PRIMARY
F09,PRICE_EXTENSION,23,0.19878555886897006,0.5891364744824682,0.5,1.0,0.1974098307361792,0.5862310569865256,0.5,1.0,PRIMARY
F01,TREND_POSITION,24,0.25,0.6931471805599453,0.5,1.0,0.25,0.6931471805599453,0.5,1.0,PRIMARY
F02,TREND_POSITION,22,0.31008781648632683,0.8196015037367123,0.5,1.0,0.308080808080808,0.8150520784390409,0.5,1.0,PRIMARY
F03,TREND_POSITION,11,0.23232473874284684,0.6577136507984291,0.5,1.0,0.23212751331843962,0.6573164953876517,0.5,1.0,PRIMARY
F04,TREND_POSITION,13,0.21354344531026342,0.6196640855530651,0.5,1.0,0.21372256552311958,0.6200330289338857,0.5,1.0,PRIMARY
F05,TREND_POSITION,25,0.23139868788638485,0.6555371173146426,0.5,1.0,0.2310612244897959,0.6548258962439206,0.5,1.0,PRIMARY
F06,TREND_POSITION,18,0.22435880461778432,0.6411311408059539,0.5,1.0,0.2243028624192059,0.6410122828446911,0.5,1.0,PRIMARY
F07,TREND_POSITION,13,0.17576746761710607,0.5414681322185749,0.5,1.0,0.1776297161996903,0.5454787507107094,0.5,1.0,PRIMARY
F08,TREND_POSITION,23,0.29214880876419913,0.7808637596715968,0.5,1.0,0.292407462179719,0.781427223752351,0.5,1.0,PRIMARY
F09,TREND_POSITION,23,0.19915981750566117,0.5898886106568908,0.5,1.0,0.1974098307361792,0.5862310569865256,0.5,1.0,PRIMARY
F01,RELATIVE_POSITION,24,0.25,0.6931471805599453,0.5,1.0,0.25,0.6931471805599453,0.5,1.0,PRIMARY
F02,RELATIVE_POSITION,22,0.3108983271890477,0.8214281722586185,0.5,1.0,0.308080808080808,0.8150520784390409,0.5,1.0,PRIMARY
F03,RELATIVE_POSITION,11,0.23167194358053528,0.6563987104366752,0.5,1.0,0.23212751331843962,0.6573164953876517,0.5,1.0,PRIMARY
F04,RELATIVE_POSITION,13,0.21316515753909496,0.6188754257940942,0.5,1.0,0.21372256552311958,0.6200330289338857,0.5,1.0,PRIMARY
F05,RELATIVE_POSITION,25,0.23127890800547257,0.6552573907493064,0.5,1.0,0.2310612244897959,0.6548258962439206,0.5,1.0,PRIMARY
F06,RELATIVE_POSITION,18,0.22399599661490763,0.6403552030499644,0.5,1.0,0.2243028624192059,0.6410122828446911,0.5,1.0,PRIMARY
F07,RELATIVE_POSITION,13,0.18029758208493013,0.5511580275553974,0.5,1.0,0.1776297161996903,0.5454787507107094,0.5,1.0,PRIMARY
F08,RELATIVE_POSITION,23,0.2929095553655607,0.7825325997117069,0.5,1.0,0.292407462179719,0.781427223752351,0.5,1.0,PRIMARY
F09,RELATIVE_POSITION,23,0.19778624748800588,0.5870137230660294,0.5,1.0,0.1974098307361792,0.5862310569865256,0.5,1.0,PRIMARY
F01,PARTICIPATION,24,0.25,0.6931471805599453,0.5,1.0,0.25,0.6931471805599453,0.5,1.0,PRIMARY
F02,PARTICIPATION,22,0.3079930321027975,0.8148551895579456,0.5,1.0,0.308080808080808,0.8150520784390409,0.5,1.0,PRIMARY
F03,PARTICIPATION,11,0.23476835136497606,0.6626288548382413,0.5,1.0,0.23212751331843962,0.6573164953876517,0.5,1.0,PRIMARY
F04,PARTICIPATION,13,0.2138484058973057,0.6202909409748767,0.5,1.0,0.21372256552311958,0.6200330289338857,0.5,1.0,PRIMARY
F05,PARTICIPATION,25,0.2309744654412422,0.654642077999253,0.5,1.0,0.2310612244897959,0.6548258962439206,0.5,1.0,PRIMARY
F06,PARTICIPATION,18,0.22409825862167143,0.640580513187995,0.5,1.0,0.2243028624192059,0.6410122828446911,0.5,1.0,PRIMARY
F07,PARTICIPATION,13,0.17786886354292164,0.545979787216263,0.5,1.0,0.1776297161996903,0.5454787507107094,0.5,1.0,PRIMARY
F08,PARTICIPATION,23,0.29298012161919834,0.782701751464275,0.5,1.0,0.292407462179719,0.781427223752351,0.5,1.0,PRIMARY
F09,PARTICIPATION,23,0.19742501109788788,0.5862631450216411,0.5,1.0,0.1974098307361792,0.5862310569865256,0.5,1.0,PRIMARY
F01,DOWNSIDE_RISK_CONTEXT,24,0.25,0.6931471805599453,0.5,1.0,0.25,0.6931471805599453,0.5,1.0,PRIMARY
F02,DOWNSIDE_RISK_CONTEXT,22,0.30143081486194234,0.8002873665835571,0.5,1.0,0.308080808080808,0.8150520784390409,0.5,1.0,PRIMARY
F03,DOWNSIDE_RISK_CONTEXT,11,0.2320454595787086,0.6570345362105356,0.5,1.0,0.23212751331843962,0.6573164953876517,0.5,1.0,PRIMARY
F04,DOWNSIDE_RISK_CONTEXT,13,0.20714571459228737,0.6063284722797306,0.5,1.0,0.21372256552311958,0.6200330289338857,0.5,1.0,PRIMARY
F05,DOWNSIDE_RISK_CONTEXT,25,0.23449372513169323,0.6619747024313587,0.5,1.0,0.2310612244897959,0.6548258962439206,0.5,1.0,PRIMARY
F06,DOWNSIDE_RISK_CONTEXT,18,0.22705679005565582,0.6467425295219341,0.5,1.0,0.2243028624192059,0.6410122828446911,0.5,1.0,PRIMARY
F07,DOWNSIDE_RISK_CONTEXT,13,0.18139235678668914,0.5534561242104494,0.5,1.0,0.1776297161996903,0.5454787507107094,0.5,1.0,PRIMARY
F08,DOWNSIDE_RISK_CONTEXT,23,0.2954454592139489,0.7882078856935947,0.5,1.0,0.292407462179719,0.781427223752351,0.5,1.0,PRIMARY
F09,DOWNSIDE_RISK_CONTEXT,23,0.19751350744650265,0.5864505611873974,0.5,1.0,0.1974098307361792,0.5862310569865256,0.5,1.0,PRIMARY
F01,PRICE_EXTENSION,250,0.25,0.6931471805599454,0.5,1.0,0.25,0.6931471805599454,0.5,1.0,INDEPENDENT_CURRENT_CONSTITUENTS
F02,PRICE_EXTENSION,244,0.24082235092357887,0.6747674615596005,0.49737411183194313,0.9836065573770492,0.24318688524590162,0.679513890351483,0.5,1.0,INDEPENDENT_CURRENT_CONSTITUENTS
F03,PRICE_EXTENSION,118,0.19791521962322625,0.5877084582331331,0.5,1.0,0.1942722538019536,0.5803273211061543,0.5,1.0,INDEPENDENT_CURRENT_CONSTITUENTS
F04,PRICE_EXTENSION,93,0.17968878005177608,0.5490042196490835,0.5,1.0,0.17945365650652698,0.5485700763396649,0.5,1.0,INDEPENDENT_CURRENT_CONSTITUENTS
F05,PRICE_EXTENSION,270,0.2503087589195755,0.6948733846532059,0.5,1.0,0.2506172839506173,0.6955600392314006,0.5,1.0,INDEPENDENT_CURRENT_CONSTITUENTS
F06,PRICE_EXTENSION,107,0.18456473566174442,0.558879061874795,0.5,1.0,0.18622945307747607,0.5625411111021771,0.5,1.0,INDEPENDENT_CURRENT_CONSTITUENTS
F07,PRICE_EXTENSION,116,0.15895814069459632,0.5051972323974676,0.5,1.0,0.1605336114439764,0.5087747418942723,0.5,1.0,INDEPENDENT_CURRENT_CONSTITUENTS
F08,PRICE_EXTENSION,156,0.26356275289696457,0.7235008209832069,0.5,1.0,0.2610965731379275,0.717836290937322,0.5,1.0,INDEPENDENT_CURRENT_CONSTITUENTS
F09,PRICE_EXTENSION,146,0.1905698113904216,0.5708802810762563,0.5,1.0,0.18928809349340697,0.5681211102862354,0.5,1.0,INDEPENDENT_CURRENT_CONSTITUENTS
F01,TREND_POSITION,250,0.25,0.6931471805599454,0.5,1.0,0.25,0.6931471805599454,0.5,1.0,INDEPENDENT_CURRENT_CONSTITUENTS
F02,TREND_POSITION,244,0.24178065816073122,0.6766893165222018,0.5023169601482854,0.9262295081967213,0.24318688524590162,0.679513890351483,0.5,1.0,INDEPENDENT_CURRENT_CONSTITUENTS
F03,TREND_POSITION,118,0.1969734871621912,0.5857208286569909,0.5,1.0,0.1942722538019536,0.5803273211061543,0.5,1.0,INDEPENDENT_CURRENT_CONSTITUENTS
F04,TREND_POSITION,93,0.17881713363889043,0.5471410987410888,0.5,1.0,0.17945365650652698,0.5485700763396649,0.5,1.0,INDEPENDENT_CURRENT_CONSTITUENTS
F05,TREND_POSITION,270,0.2502563889468592,0.694763480774926,0.5,1.0,0.2506172839506173,0.6955600392314006,0.5,1.0,INDEPENDENT_CURRENT_CONSTITUENTS
F06,TREND_POSITION,107,0.1856220645410187,0.561165407704432,0.5,1.0,0.18622945307747607,0.5625411111021771,0.5,1.0,INDEPENDENT_CURRENT_CONSTITUENTS
F07,TREND_POSITION,116,0.16299173307200085,0.5141141204864433,0.5,1.0,0.1605336114439764,0.5087747418942723,0.5,1.0,INDEPENDENT_CURRENT_CONSTITUENTS
F08,TREND_POSITION,156,0.26092087612671877,0.7174495821042403,0.5,1.0,0.2610965731379275,0.717836290937322,0.5,1.0,INDEPENDENT_CURRENT_CONSTITUENTS
F09,TREND_POSITION,146,0.1881428045750204,0.5655448930919258,0.5,1.0,0.18928809349340697,0.5681211102862354,0.5,1.0,INDEPENDENT_CURRENT_CONSTITUENTS
F01,RELATIVE_POSITION,250,0.25,0.6931471805599454,0.5,1.0,0.25,0.6931471805599454,0.5,1.0,INDEPENDENT_CURRENT_CONSTITUENTS
F02,RELATIVE_POSITION,244,0.23075277103986924,0.6542663889628716,0.48872412727834413,0.9590163934426229,0.24318688524590162,0.679513890351483,0.5,1.0,INDEPENDENT_CURRENT_CONSTITUENTS
F03,RELATIVE_POSITION,118,0.21235016993764982,0.6158084779999611,0.488265306122449,0.8305084745762712,0.1942722538019536,0.5803273211061543,0.5,1.0,INDEPENDENT_CURRENT_CONSTITUENTS
F04,RELATIVE_POSITION,93,0.16633248032427533,0.5186417489518573,0.5,1.0,0.17945365650652698,0.5485700763396649,0.5,1.0,INDEPENDENT_CURRENT_CONSTITUENTS
F05,RELATIVE_POSITION,270,0.2505936963542077,0.6961533741284025,0.5,1.0,0.2506172839506173,0.6955600392314006,0.5,1.0,INDEPENDENT_CURRENT_CONSTITUENTS
F06,RELATIVE_POSITION,107,0.18346502197155362,0.5559156018274762,0.5,1.0,0.18622945307747607,0.5625411111021771,0.5,1.0,INDEPENDENT_CURRENT_CONSTITUENTS
F07,RELATIVE_POSITION,116,0.1763772533913173,0.5421980135878776,0.5,1.0,0.1605336114439764,0.5087747418942723,0.5,1.0,INDEPENDENT_CURRENT_CONSTITUENTS
F08,RELATIVE_POSITION,156,0.26719182592486523,0.7325017620841896,0.5,1.0,0.2610965731379275,0.717836290937322,0.5,1.0,INDEPENDENT_CURRENT_CONSTITUENTS
F09,RELATIVE_POSITION,146,0.19012720151665793,0.5698429539869437,0.5,1.0,0.18928809349340697,0.5681211102862354,0.5,1.0,INDEPENDENT_CURRENT_CONSTITUENTS
F01,PARTICIPATION,250,0.25,0.6931471805599454,0.5,1.0,0.25,0.6931471805599454,0.5,1.0,INDEPENDENT_CURRENT_CONSTITUENTS
F02,PARTICIPATION,244,0.24787249244352977,0.6888933398699234,0.4477911646586345,0.7622950819672131,0.24318688524590162,0.679513890351483,0.5,1.0,INDEPENDENT_CURRENT_CONSTITUENTS
F03,PARTICIPATION,118,0.19548665829878853,0.5828080636717686,0.5,1.0,0.1942722538019536,0.5803273211061543,0.5,1.0,INDEPENDENT_CURRENT_CONSTITUENTS
F04,PARTICIPATION,93,0.1793706934497703,0.5483892099170349,0.5,1.0,0.17945365650652698,0.5485700763396649,0.5,1.0,INDEPENDENT_CURRENT_CONSTITUENTS
F05,PARTICIPATION,270,0.2503750559205031,0.6951091069946455,0.5,1.0,0.2506172839506173,0.6955600392314006,0.5,1.0,INDEPENDENT_CURRENT_CONSTITUENTS
F06,PARTICIPATION,107,0.18873304002177124,0.5678235726811777,0.5,1.0,0.18622945307747607,0.5625411111021771,0.5,1.0,INDEPENDENT_CURRENT_CONSTITUENTS
F07,PARTICIPATION,116,0.16445879805707392,0.5173680657303052,0.5,1.0,0.1605336114439764,0.5087747418942723,0.5,1.0,INDEPENDENT_CURRENT_CONSTITUENTS
F08,PARTICIPATION,156,0.2611833208501675,0.7180352953184008,0.5,1.0,0.2610965731379275,0.717836290937322,0.5,1.0,INDEPENDENT_CURRENT_CONSTITUENTS
F09,PARTICIPATION,146,0.18898531719865166,0.5674395346091122,0.5,1.0,0.18928809349340697,0.5681211102862354,0.5,1.0,INDEPENDENT_CURRENT_CONSTITUENTS
F01,DOWNSIDE_RISK_CONTEXT,250,0.25,0.6931471805599454,0.5,1.0,0.25,0.6931471805599454,0.5,1.0,INDEPENDENT_CURRENT_CONSTITUENTS
F02,DOWNSIDE_RISK_CONTEXT,244,0.24319133734399886,0.6795215194295342,0.5,1.0,0.24318688524590162,0.679513890351483,0.5,1.0,INDEPENDENT_CURRENT_CONSTITUENTS
F03,DOWNSIDE_RISK_CONTEXT,118,0.19690423077391916,0.5857658860714622,0.5,1.0,0.1942722538019536,0.5803273211061543,0.5,1.0,INDEPENDENT_CURRENT_CONSTITUENTS
F04,DOWNSIDE_RISK_CONTEXT,93,0.17951334988189493,0.548686928151958,0.5,1.0,0.17945365650652698,0.5485700763396649,0.5,1.0,INDEPENDENT_CURRENT_CONSTITUENTS
F05,DOWNSIDE_RISK_CONTEXT,270,0.2502673159406038,0.6947783753961164,0.5,1.0,0.2506172839506173,0.6955600392314006,0.5,1.0,INDEPENDENT_CURRENT_CONSTITUENTS
F06,DOWNSIDE_RISK_CONTEXT,107,0.18350485430101582,0.5565474941041865,0.5,1.0,0.18622945307747607,0.5625411111021771,0.5,1.0,INDEPENDENT_CURRENT_CONSTITUENTS
F07,DOWNSIDE_RISK_CONTEXT,116,0.1585279050007412,0.5040587290199994,0.5,1.0,0.1605336114439764,0.5087747418942723,0.5,1.0,INDEPENDENT_CURRENT_CONSTITUENTS
F08,DOWNSIDE_RISK_CONTEXT,156,0.2648058207297095,0.7265221698963158,0.5,1.0,0.2610965731379275,0.717836290937322,0.5,1.0,INDEPENDENT_CURRENT_CONSTITUENTS
F09,DOWNSIDE_RISK_CONTEXT,146,0.1897187623482644,0.5689991217376479,0.5,1.0,0.18928809349340697,0.5681211102862354,0.5,1.0,INDEPENDENT_CURRENT_CONSTITUENTS
