event_id,policy_id,policy_role,fold_id,ticker,signal_date,last_observed_session,POSITION_ENTRY_DATE,POSITION_ENTRY_PRICE,POSITION_PRICE,POSITION_PEAK_PRICE,PEAK_GAIN,DRAWDOWN_FROM_PEAK,PROFIT_GIVEBACK_FRACTION,RECENT_RUSH_13W,HERD_STATE,HERD_STAGE,HERD_TRANSITION,research_action,trim_fraction
GIVEBACK_BASELINE-F01-BAC-2017-04-14,GIVEBACK_BASELINE,PERSONAL_RISK_BASELINE,F01,BAC,2017-04-14,2017-04-13,2016-08-02,11.3079443,18.08303833,20.59231758,0.8210487276630818,-0.12185511612530209,0.27026910425988376,True,70.5109126984127,DRIFT,BREAKING,TRIM_REVIEW_5_PERCENT,0.05
GIVEBACK_BASELINE-F01-COP-2017-03-10,GIVEBACK_BASELINE,PERSONAL_RISK_BASELINE,F01,COP,2017-03-10,2017-03-10,2016-08-02,29.4017849,34.12339783,38.60171127,0.31290366898779687,-0.11601333963347893,0.48677709580408296,True,59.581679894179885,CALM,BREAKING,TRIM_REVIEW_5_PERCENT,0.05
GIVEBACK_BASELINE-F01-COP-2017-05-26,GIVEBACK_BASELINE,PERSONAL_RISK_BASELINE,F01,COP,2017-05-26,2017-05-26,2016-08-02,29.4017849,34.07397079,38.60171127,0.31290366898779687,-0.11729377613159908,0.4921496431498075,False,49.56183862433864,CALM,NEUTRAL,TRIM_REVIEW_5_PERCENT,0.05
GIVEBACK_BASELINE-F01-EOG-2017-03-10,GIVEBACK_BASELINE,PERSONAL_RISK_BASELINE,F01,EOG,2017-03-10,2017-03-10,2016-08-02,57.84856033,68.86790466,77.2154007,0.3347851745924342,-0.10810662075603283,0.4310200260095399,True,47.89186507936508,CALM,NEUTRAL,TRIM_REVIEW_5_PERCENT,0.05
GIVEBACK_BASELINE-F01-EOG-2017-05-05,GIVEBACK_BASELINE,PERSONAL_RISK_BASELINE,F01,EOG,2017-05-05,2017-05-05,2016-08-02,57.84856033,66.13989258,77.2154007,0.3347851745924342,-0.14343651680357083,0.5718799715598629,False,38.54993386243386,SCATTER,NEUTRAL,TRIM_REVIEW_5_PERCENT,0.05
GIVEBACK_BASELINE-F01-FCX-2017-02-24,GIVEBACK_BASELINE,PERSONAL_RISK_BASELINE,F01,FCX,2017-02-24,2017-02-24,2016-08-02,11.16788197,11.93342304,14.7434063,0.3201613644919279,-0.19059254034123718,0.7858940397701057,True,61.3343253968254,DRIFT,NEUTRAL,TRIM_REVIEW_5_PERCENT,0.05
GIVEBACK_BASELINE-F01-FCX-2017-04-21,GIVEBACK_BASELINE,PERSONAL_RISK_BASELINE,F01,FCX,2017-04-21,2017-04-21,2016-08-02,11.16788197,11.01477432,14.7434063,0.3201613644919279,-0.2529016635728203,1.0428210343068758,True,55.12566137566138,CALM,NEUTRAL,TRIM_REVIEW_5_PERCENT,0.05
GIVEBACK_BASELINE-F01-GS-2017-04-14,GIVEBACK_BASELINE,PERSONAL_RISK_BASELINE,F01,GS,2017-04-14,2017-04-13,2016-08-02,127.0281219,183.5307312,207.8321228,0.6361111200527008,-0.11692798626411383,0.3007449053181724,True,63.78141534391534,DRIFT,NEUTRAL,TRIM_REVIEW_5_PERCENT,0.05
GIVEBACK_BASELINE-F01-GS-2017-06-09,GIVEBACK_BASELINE,PERSONAL_RISK_BASELINE,F01,GS,2017-06-09,2017-06-09,2016-08-02,127.0281219,183.4228821,207.8321228,0.6361111200527008,-0.11744691037722488,0.3020796053181569,True,36.135912698412696,SCATTER,BREAKING,TRIM_REVIEW_5_PERCENT,0.05
GIVEBACK_BASELINE-F01-JPM-2017-06-02,GIVEBACK_BASELINE,PERSONAL_RISK_BASELINE,F01,JPM,2017-06-02,2017-06-02,2016-08-02,48.94174957,64.72940063,72.27217102,0.47669774078327865,-0.10436617972791595,0.32330193460778656,True,33.482142857142854,SCATTER,BREAKING,TRIM_REVIEW_5_PERCENT,0.05
GIVEBACK_BASELINE-F01-NVDA-2017-03-03,GIVEBACK_BASELINE,PERSONAL_RISK_BASELINE,F01,NVDA,2017-03-03,2017-03-03,2016-08-02,1.373827338,2.424145222,2.813412189,1.0478644667937163,-0.13836115750190214,0.2704022390410665,True,60.20998677248677,DRIFT,NEUTRAL,TRIM_REVIEW_5_PERCENT,0.05
GIVEBACK_BASELINE-F01-TSLA-2017-07-07,GIVEBACK_BASELINE,PERSONAL_RISK_BASELINE,F01,TSLA,2017-07-07,2017-07-07,2016-08-02,15.14666653,20.8813324,25.56333351,0.687720097314376,-0.18315299560475817,0.44947209303987923,True,75.22321428571428,RUSH,NEUTRAL,TRIM_REVIEW_5_PERCENT,0.05
GIVEBACK_BASELINE-F02-ABBV-2018-03-23,GIVEBACK_BASELINE,PERSONAL_RISK_BASELINE,F02,ABBV,2018-03-23,2018-03-23,2017-08-02,48.72602081,68.1129837,86.10918427,0.7672114988779852,-0.20899281212062049,0.48139854694897455,True,35.39186507936508,SCATTER,BREAKING,TRIM_REVIEW_5_PERCENT,0.05
GIVEBACK_BASELINE-F02-ABBV-2018-05-18,GIVEBACK_BASELINE,PERSONAL_RISK_BASELINE,F02,ABBV,2018-05-18,2018-05-18,2017-08-02,48.72602081,74.83466339,86.10918427,0.7672114988779852,-0.13093284967893937,0.3015935473749764,False,47.751322751322746,CALM,NEUTRAL,TRIM_REVIEW_5_PERCENT,0.05
GIVEBACK_BASELINE-F02-AMZN-2018-04-06,GIVEBACK_BASELINE,PERSONAL_RISK_BASELINE,F02,AMZN,2018-04-06,2018-04-06,2017-08-02,49.79449844,70.2614975,78.94450378,0.585406144317818,-0.1099887372045244,0.2978732311957785,True,50.42162698412699,CALM,NEUTRAL,TRIM_REVIEW_5_PERCENT,0.05
GIVEBACK_BASELINE-F02-BAC-2018-03-23,GIVEBACK_BASELINE,PERSONAL_RISK_BASELINE,F02,BAC,2018-03-23,2018-03-23,2017-08-02,19.96966171,24.00146294,26.92244911,0.3481675103448709,-0.10849630202903926,0.4201172856227417,True,55.59689153439153,CALM,NEUTRAL,TRIM_REVIEW_5_PERCENT,0.05
GIVEBACK_BASELINE-F02-BAC-2018-06-15,GIVEBACK_BASELINE,PERSONAL_RISK_BASELINE,F02,BAC,2018-06-15,2018-06-15,2017-08-02,19.96966171,24.19041252,26.92244911,0.3481675103448709,-0.10147801111397481,0.3929411950666003,False,29.670965608465607,SCATTER,NEUTRAL,TRIM_REVIEW_5_PERCENT,0.05
GIVEBACK_BASELINE-F02-CAT-2018-02-09,GIVEBACK_BASELINE,PERSONAL_RISK_BASELINE,F02,CAT,2018-02-09,2018-02-09,2017-08-02,93.81468201,125.0945587,142.8682098,0.522876875335688,-0.12440592014753449,0.3623317608488765,True,72.15608465608466,DRIFT,NEUTRAL,TRIM_REVIEW_5_PERCENT,0.05
GIVEBACK_BASELINE-F02-CAT-2018-04-06,GIVEBACK_BASELINE,PERSONAL_RISK_BASELINE,F02,CAT,2018-04-06,2018-04-06,2017-08-02,93.81468201,119.8798294,142.8682098,0.522876875335688,-0.16090619762213876,0.4686386776994737,True,38.4755291005291,SCATTER,BREAKING,TRIM_REVIEW_5_PERCENT,0.05
GIVEBACK_BASELINE-F02-COP-2018-02-09,GIVEBACK_BASELINE,PERSONAL_RISK_BASELINE,F02,COP,2018-02-09,2018-02-09,2017-08-02,34.4785881,39.74730682,45.89561081,0.33113370758937766,-0.1339627881945603,0.5385207813079671,True,65.38525132275132,DRIFT,NEUTRAL,TRIM_REVIEW_5_PERCENT,0.05
GIVEBACK_BASELINE-F02-CRM-2018-03-23,GIVEBACK_BASELINE,PERSONAL_RISK_BASELINE,F02,CRM,2018-03-23,2018-03-23,2017-08-02,88.36128998,112.4839859,125.2432175,0.41739915214397616,-0.10187562931302052,0.3459480688226244,True,60.08597883597884,DRIFT,NEUTRAL,TRIM_REVIEW_5_PERCENT,0.05
GIVEBACK_BASELINE-F02-FCX-2018-02-09,GIVEBACK_BASELINE,PERSONAL_RISK_BASELINE,F02,FCX,2018-02-09,2018-02-09,2017-08-02,12.94213104,15.82416534,17.97668839,0.3890052831670294,-0.11973968749424369,0.427549613671597,True,76.52943121693121,RUSH,BREAKING,TRIM_REVIEW_5_PERCENT,0.05
GIVEBACK_BASELINE-F02-FCX-2018-04-06,GIVEBACK_BASELINE,PERSONAL_RISK_BASELINE,F02,FCX,2018-04-06,2018-04-06,2017-08-02,12.94213104,15.60801601,17.97668839,0.3890052831670294,-0.13176355559000708,0.4704827485975504,True,53.86078042328042,CALM,BREAKING,TRIM_REVIEW_5_PERCENT,0.05
GIVEBACK_BASELINE-F02-HD-2018-02-09,GIVEBACK_BASELINE,PERSONAL_RISK_BASELINE,F02,HD,2018-02-09,2018-02-09,2017-08-02,120.8495178,149.4736786,168.2350311,0.3921034536391008,-0.1115187031935585,0.39593013124540727,True,55.158730158730165,CALM,NEUTRAL,TRIM_REVIEW_5_PERCENT,0.05
GIVEBACK_BASELINE-F02-HD-2018-04-06,GIVEBACK_BASELINE,PERSONAL_RISK_BASELINE,F02,HD,2018-04-06,2018-04-06,2017-08-02,120.8495178,142.430954,168.2350311,0.3921034536391008,-0.153381117661885,0.5445562430997235,True,25.76884920634921,SCATTER,NEUTRAL,TRIM_REVIEW_5_PERCENT,0.05
GIVEBACK_BASELINE-F02-NVDA-2017-12-08,GIVEBACK_BASELINE,PERSONAL_RISK_BASELINE,F02,NVDA,2017-12-08,2017-12-08,2017-08-02,4.05287981,4.728443623,5.3573699,0.3218674500984029,-0.11739459636714644,0.48212422755929085,True,47.34623015873016,CALM,BREAKING,TRIM_REVIEW_5_PERCENT,0.05
GIVEBACK_BASELINE-F02-NVDA-2018-04-06,GIVEBACK_BASELINE,PERSONAL_RISK_BASELINE,F02,NVDA,2018-04-06,2018-04-06,2017-08-02,4.05287981,5.293740273,6.188920498,0.5270426926378553,-0.14464238558069775,0.41908388263810076,False,26.5790343915344,SCATTER,FALLING,TRIM_REVIEW_5_PERCENT,0.05
GIVEBACK_BASELINE-F02-NVDA-2018-06-29,GIVEBACK_BASELINE,PERSONAL_RISK_BASELINE,F02,NVDA,2018-06-29,2018-06-29,2017-08-02,4.05287981,5.857002735,6.558162689,0.618148821689336,-0.1069140836008926,0.27987256843421726,False,29.017857142857142,SCATTER,NEUTRAL,TRIM_REVIEW_5_PERCENT,0.05
GIVEBACK_BASELINE-F02-WMT-2018-02-23,GIVEBACK_BASELINE,PERSONAL_RISK_BASELINE,F02,WMT,2018-02-23,2018-02-23,2017-08-02,23.25492096,27.13514519,31.66301918,0.36156210698210867,-0.14300196592939052,0.5385134511428198,True,48.0406746031746,CALM,BREAKING,TRIM_REVIEW_5_PERCENT,0.05
GIVEBACK_BASELINE-F02-WMT-2018-04-20,GIVEBACK_BASELINE,PERSONAL_RISK_BASELINE,F02,WMT,2018-04-20,2018-04-20,2017-08-02,23.25492096,25.5601902,31.66301918,0.36156210698210867,-0.19274311604039518,0.7258275082328901,True,34.267526455026456,SCATTER,STABILIZING,TRIM_REVIEW_5_PERCENT,0.05
GIVEBACK_BASELINE-F03-AVGO-2019-05-24,GIVEBACK_BASELINE,PERSONAL_RISK_BASELINE,F03,AVGO,2019-05-24,2019-05-24,2018-08-02,17.54094696,21.31560516,26.53582191,0.5127930077271039,-0.1967233865114525,0.5803545662410792,True,34.18485449735449,SCATTER,BREAKING,TRIM_REVIEW_5_PERCENT,0.05
GIVEBACK_BASELINE-F03-LLY-2019-04-19,GIVEBACK_BASELINE,PERSONAL_RISK_BASELINE,F03,LLY,2019-04-19,2019-04-18,2018-08-02,89.24518585,105.0187988,118.2920532,0.325472652371646,-0.11220749019850473,0.45695992755652526,True,45.03141534391535,CALM,BREAKING,TRIM_REVIEW_5_PERCENT,0.05
GIVEBACK_BASELINE-F03-LLY-2019-06-14,GIVEBACK_BASELINE,PERSONAL_RISK_BASELINE,F03,LLY,2019-06-14,2019-06-14,2018-08-02,89.24518585,102.4360809,118.2920532,0.325472652371646,-0.13404089176803646,0.5458754677034047,True,29.26587301587301,SCATTER,NEUTRAL,TRIM_REVIEW_5_PERCENT,0.05
GIVEBACK_BASELINE-F03-MRK-2019-04-19,GIVEBACK_BASELINE,PERSONAL_RISK_BASELINE,F03,MRK,2019-04-19,2019-04-18,2018-08-02,48.69990158,55.78572845,63.39252853,0.301697261664158,-0.11999521483671605,0.5177290695453205,True,31.22519841269841,SCATTER,NEUTRAL,TRIM_REVIEW_5_PERCENT,0.05
GIVEBACK_BASELINE-F04-AAPL-2020-02-28,GIVEBACK_BASELINE,PERSONAL_RISK_BASELINE,F04,AAPL,2020-02-28,2020-02-28,2019-08-02,48.8020401,65.99006653,78.44406891,0.6073932308825754,-0.1587628300399443,0.42014676052802896,True,52.81911375661376,CALM,BREAKING,TRIM_REVIEW_5_PERCENT,0.05
GIVEBACK_BASELINE-F04-AAPL-2020-04-24,GIVEBACK_BASELINE,PERSONAL_RISK_BASELINE,F04,AAPL,2020-04-24,2020-04-24,2019-08-02,48.8020401,68.30992889,78.44406891,0.6073932308825754,-0.12918937225996074,0.34188415661282817,True,34.449404761904766,SCATTER,STABILIZING,TRIM_REVIEW_5_PERCENT,0.05
GIVEBACK_BASELINE-F04-ABBV-2020-03-13,GIVEBACK_BASELINE,PERSONAL_RISK_BASELINE,F04,ABBV,2020-03-13,2020-03-13,2019-08-02,49.06204987,65.9053421,73.30879974,0.49420580538821235,-0.10099002665788293,0.30533814551203603,True,51.7609126984127,CALM,BREAKING,TRIM_REVIEW_5_PERCENT,0.05
GIVEBACK_BASELINE-F04-ABBV-2020-05-08,GIVEBACK_BASELINE,PERSONAL_RISK_BASELINE,F04,ABBV,2020-05-08,2020-05-08,2019-08-02,49.06204987,65.78350067,73.30879974,0.49420580538821235,-0.10265205673383737,0.3103632078669191,False,48.45403439153439,CALM,NEUTRAL,TRIM_REVIEW_5_PERCENT,0.05
GIVEBACK_BASELINE-F04-CRM-2020-02-28,GIVEBACK_BASELINE,PERSONAL_RISK_BASELINE,F04,CRM,2020-02-28,2020-02-28,2019-08-02,143.2221985,167.5021362,186.7196655,0.30370618141293226,-0.10292182801709227,0.44180800918821306,False,32.13458994708995,SCATTER,NEUTRAL,TRIM_REVIEW_5_PERCENT,0.05
GIVEBACK_BASELINE-F04-CRM-2020-04-24,GIVEBACK_BASELINE,PERSONAL_RISK_BASELINE,F04,CRM,2020-04-24,2020-04-24,2019-08-02,143.2221985,151.3613586,186.7196655,0.30370618141293226,-0.18936573609061014,0.8128819754033034,False,22.627314814814817,SCATTER,STABILIZING,TRIM_REVIEW_5_PERCENT,0.05
GIVEBACK_BASELINE-F04-LLY-2020-02-28,GIVEBACK_BASELINE,PERSONAL_RISK_BASELINE,F04,LLY,2020-02-28,2020-02-28,2019-08-02,103.0594711,117.5510025,135.7480469,0.31718167627972615,-0.13405013785137554,0.556679021788401,True,46.82539682539682,CALM,NEUTRAL,TRIM_REVIEW_5_PERCENT,0.05
GIVEBACK_BASELINE-F04-LLY-2020-06-12,GIVEBACK_BASELINE,PERSONAL_RISK_BASELINE,F04,LLY,2020-06-12,2020-06-12,2019-08-02,103.0594711,134.4066162,151.8479767,0.4734014746947406,-0.11486067104113085,0.35748913162037904,False,45.84986772486773,CALM,NEUTRAL,TRIM_REVIEW_5_PERCENT,0.05
GIVEBACK_BASELINE-F04-MSFT-2020-02-28,GIVEBACK_BASELINE,PERSONAL_RISK_BASELINE,F04,MSFT,2020-02-28,2020-02-28,2019-08-02,128.5408478,153.5617371,175.206131,0.36303855154750275,-0.1235367379923481,0.4638221910544413,True,40.26951058201058,CALM,NEUTRAL,TRIM_REVIEW_5_PERCENT,0.05
GIVEBACK_BASELINE-F04-NEE-2020-03-13,GIVEBACK_BASELINE,PERSONAL_RISK_BASELINE,F04,NEE,2020-03-13,2020-03-13,2019-08-02,44.4430275,47.33461761,59.19455338,0.3319199143217686,-0.20035518629332383,0.8039802706836995,True,20.13888888888889,SCATTER,NEUTRAL,TRIM_REVIEW_5_PERCENT,0.05
GIVEBACK_BASELINE-F04-NEE-2020-05-08,GIVEBACK_BASELINE,PERSONAL_RISK_BASELINE,F04,NEE,2020-05-08,2020-05-08,2019-08-02,44.4430275,49.08007812,59.19455338,0.3319199143217686,-0.17086834315768928,0.6856562054853675,True,15.749007936507937,SCATTER,NEUTRAL,TRIM_REVIEW_5_PERCENT,0.05
GIVEBACK_BASELINE-F04-NEM-2020-03-13,GIVEBACK_BASELINE,PERSONAL_RISK_BASELINE,F04,NEM,2020-03-13,2020-03-13,2019-08-02,30.61313248,33.09238815,43.85789871,0.43264981911449274,-0.24546343706944096,0.8128124251536906,True,45.97387566137566,CALM,NEUTRAL,TRIM_REVIEW_5_PERCENT,0.05
GIVEBACK_BASELINE-F04-NEM-2020-05-29,GIVEBACK_BASELINE,PERSONAL_RISK_BASELINE,F04,NEM,2020-05-29,2020-05-29,2019-08-02,30.61313248,48.98511505,56.88540268,0.8582026101760103,-0.13888075424976498,0.3007082208677955,True,69.61805555555554,DRIFT,PLATEAU,TRIM_REVIEW_5_PERCENT,0.05
GIVEBACK_BASELINE-F04-NFLX-2020-07-24,GIVEBACK_BASELINE,PERSONAL_RISK_BASELINE,F04,NFLX,2020-07-24,2020-07-24,2019-08-02,31.88299942,48.04499817,54.8730011,0.7210739923540106,-0.12443283205080624,0.29699880082827396,True,66.10862069531424,DRIFT,PLATEAU,TRIM_REVIEW_5_PERCENT,0.05
GIVEBACK_BASELINE-F04-NVDA-2020-03-13,GIVEBACK_BASELINE,PERSONAL_RISK_BASELINE,F04,NVDA,2020-03-13,2020-03-13,2019-08-02,4.000029087,5.990501404,7.310139656,0.8275216247196255,-0.18052161984578097,0.3986689340104638,True,50.454695767195766,CALM,BREAKING,TRIM_REVIEW_5_PERCENT,0.05
GIVEBACK_BASELINE-F04-TSLA-2020-02-28,GIVEBACK_BASELINE,PERSONAL_RISK_BASELINE,F04,TSLA,2020-02-28,2020-02-28,2019-08-02,15.62266731,44.53266525,60.06666565,2.844840606158949,-0.25861266364466495,0.34951851723968896,True,65.02149470899471,DRIFT,NEUTRAL,TRIM_REVIEW_5_PERCENT,0.05
GIVEBACK_BASELINE-F04-TSLA-2020-04-24,GIVEBACK_BASELINE,PERSONAL_RISK_BASELINE,F04,TSLA,2020-04-24,2020-04-24,2019-08-02,15.62266731,48.3433342,60.06666565,2.844840606158949,-0.19517200302594118,0.26377760525314603,True,64.53373015873017,DRIFT,NEUTRAL,TRIM_REVIEW_5_PERCENT,0.05
GIVEBACK_BASELINE-F05-BA-2021-01-15,GIVEBACK_BASELINE,PERSONAL_RISK_BASELINE,F05,BA,2021-01-15,2021-01-15,2020-08-03,162.2700043,204.3200073,232.7100067,0.434091332553197,-0.12199732964899623,0.4030380243144345,False,61.25992063492063,DRIFT,PLATEAU,TRIM_REVIEW_5_PERCENT,0.05
GIVEBACK_BASELINE-F05-BA-2021-04-23,GIVEBACK_BASELINE,PERSONAL_RISK_BASELINE,F05,BA,2021-04-23,2021-04-23,2020-08-03,162.2700043,238.3800049,269.1900024,0.6589018011137133,-0.11445446422716044,0.2881593532314142,True,78.27380952380952,RUSH,PLATEAU,TRIM_REVIEW_5_PERCENT,0.05
GIVEBACK_BASELINE-F05-BAC-2021-01-29,GIVEBACK_BASELINE,PERSONAL_RISK_BASELINE,F05,BAC,2021-01-29,2021-01-29,2020-08-03,21.62236786,25.99411392,28.93981552,0.3384202741984059,-0.10178715886990564,0.40255861563620665,True,61.86342592592592,DRIFT,NEUTRAL,TRIM_REVIEW_5_PERCENT,0.05
GIVEBACK_BASELINE-F05-BAC-2021-07-16,GIVEBACK_BASELINE,PERSONAL_RISK_BASELINE,F05,BAC,2021-07-16,2021-07-16,2020-08-03,21.62236786,33.55015945,38.28364182,0.770557326000465,-0.12364242650309065,0.28410086655822553,True,58.035714285714285,CALM,BREAKING,TRIM_REVIEW_5_PERCENT,0.05
GIVEBACK_BASELINE-F05-CAT-2021-06-18,GIVEBACK_BASELINE,PERSONAL_RISK_BASELINE,F05,CAT,2021-06-18,2021-06-18,2020-08-03,118.3773956,190.6261139,222.7165527,0.8814111559994482,-0.14408645612985005,0.30755892314947586,True,60.3587962962963,DRIFT,BREAKING,TRIM_REVIEW_5_PERCENT,0.05
GIVEBACK_BASELINE-F05-COP-2021-03-19,GIVEBACK_BASELINE,PERSONAL_RISK_BASELINE,F05,COP,2021-03-19,2021-03-19,2020-08-03,29.83356857,43.6701355,49.14136505,0.6471836057660063,-0.11133653988718406,0.28336892589826995,True,77.85218253968254,RUSH,NEUTRAL,TRIM_REVIEW_5_PERCENT,0.05
GIVEBACK_BASELINE-F05-COP-2021-07-16,GIVEBACK_BASELINE,PERSONAL_RISK_BASELINE,F05,COP,2021-07-16,2021-07-16,2020-08-03,29.83356857,46.43634796,52.50236893,0.7598420653838664,-0.11553804320882488,0.26759338269632205,True,72.37103174603175,DRIFT,PLATEAU,TRIM_REVIEW_5_PERCENT,0.05
GIVEBACK_BASELINE-F05-CRM-2020-09-11,GIVEBACK_BASELINE,PERSONAL_RISK_BASELINE,F05,CRM,2020-09-11,2020-09-11,2020-08-03,199.7344971,238.9657593,266.4895935,0.3342191627847748,-0.10328296065339604,0.4123106052469127,True,67.1626984126984,DRIFT,EXTENDING,TRIM_REVIEW_5_PERCENT,0.05
GIVEBACK_BASELINE-F05-CRM-2020-12-04,GIVEBACK_BASELINE,PERSONAL_RISK_BASELINE,F05,CRM,2020-12-04,2020-12-04,2020-08-03,199.7344971,222.0189514,266.4895935,0.3342191627847748,-0.1668757174189619,0.6661759850293619,True,44.83300264550264,CALM,NEUTRAL,TRIM_REVIEW_5_PERCENT,0.05
GIVEBACK_BASELINE-F05-CRM-2021-01-29,GIVEBACK_BASELINE,PERSONAL_RISK_BASELINE,F05,CRM,2021-01-29,2021-01-29,2020-08-03,199.7344971,221.7240601,266.4895935,0.3342191627847748,-0.16798229458817504,0.6705934949410095,False,36.99570105820106,SCATTER,NEUTRAL,TRIM_REVIEW_5_PERCENT,0.05
GIVEBACK_BASELINE-F05-CRM-2021-03-26,GIVEBACK_BASELINE,PERSONAL_RISK_BASELINE,F05,CRM,2021-03-26,2021-03-26,2020-08-03,199.7344971,205.5341644,266.4895935,0.3342191627847748,-0.22873474457080445,0.9131202318209819,False,18.59292328042328,SCATTER,STABILIZING,TRIM_REVIEW_5_PERCENT,0.05
GIVEBACK_BASELINE-F05-CVX-2021-07-16,GIVEBACK_BASELINE,PERSONAL_RISK_BASELINE,F05,CVX,2021-07-16,2021-07-16,2020-08-03,65.37457275,80.32798004,89.76899719,0.3731485104046053,-0.10517013050750323,0.3870153679264259,True,64.55026455026456,DRIFT,NEUTRAL,TRIM_REVIEW_5_PERCENT,0.05
GIVEBACK_BASELINE-F05-DIS-2021-05-14,GIVEBACK_BASELINE,PERSONAL_RISK_BASELINE,F05,DIS,2021-05-14,2021-05-14,2020-08-03,112.80867,168.4131165,191.1590729,0.6945423866800309,-0.11898967731392474,0.29031065008090734,True,55.52084970401802,CALM,NEUTRAL,TRIM_REVIEW_5_PERCENT,0.05
GIVEBACK_BASELINE-F05-DIS-2021-07-23,GIVEBACK_BASELINE,PERSONAL_RISK_BASELINE,F05,DIS,2021-07-23,2021-07-23,2020-08-03,112.80867,170.7788544,191.1590729,0.6945423866800309,-0.10661392206406761,0.26011632034632476,True,43.47088733556623,CALM,NEUTRAL,TRIM_REVIEW_5_PERCENT,0.05
GIVEBACK_BASELINE-F05-EOG-2021-07-16,GIVEBACK_BASELINE,PERSONAL_RISK_BASELINE,F05,EOG,2021-07-16,2021-07-16,2020-08-03,35.19155121,58.36551285,67.98802185,0.9319416028095,-0.1415324161251501,0.293400747465307,True,80.19179894179894,RUSH,NEUTRAL,TRIM_REVIEW_5_PERCENT,0.05
GIVEBACK_BASELINE-F05-FCX-2021-06-18,GIVEBACK_BASELINE,PERSONAL_RISK_BASELINE,F05,FCX,2021-06-18,2021-06-18,2020-08-03,12.17364216,32.56022263,40.95175552,2.3639690555845942,-0.20491265352230748,0.29159426766536306,True,65.92261904761905,DRIFT,NEUTRAL,TRIM_REVIEW_5_PERCENT,0.05
GIVEBACK_BASELINE-F05-JPM-2021-06-18,GIVEBACK_BASELINE,PERSONAL_RISK_BASELINE,F05,JPM,2021-06-18,2021-06-18,2020-08-03,82.45526123,129.7776947,146.0262604,0.7709756566373078,-0.11127153195248163,0.25559714196954,True,62.82242063492063,DRIFT,BREAKING,TRIM_REVIEW_5_PERCENT,0.05
GIVEBACK_BASELINE-F05-LLY-2021-03-19,GIVEBACK_BASELINE,PERSONAL_RISK_BASELINE,F05,LLY,2021-03-19,2021-03-19,2020-08-03,143.1148529,175.0237122,197.6175385,0.3808317899616136,-0.11433107846346335,0.4145451926134074,False,45.279431216931215,CALM,NEUTRAL,TRIM_REVIEW_5_PERCENT,0.05
GIVEBACK_BASELINE-F05-NKE-2021-04-23,GIVEBACK_BASELINE,PERSONAL_RISK_BASELINE,F05,NKE,2021-04-23,2021-04-23,2020-08-03,89.77742004,119.6119919,134.1861877,0.4946540860743587,-0.108611743502122,0.32818284694549876,True,25.09093915343915,SCATTER,STABILIZING,TRIM_REVIEW_5_PERCENT,0.05
GIVEBACK_BASELINE-F05-NKE-2021-06-18,GIVEBACK_BASELINE,PERSONAL_RISK_BASELINE,F05,NKE,2021-06-18,2021-06-18,2020-08-03,89.77742004,118.2146606,134.1861877,0.4946540860743587,-0.11902512004966959,0.35964805919138176,False,19.34523809523809,SCATTER,STABILIZING,TRIM_REVIEW_5_PERCENT,0.05
GIVEBACK_BASELINE-F05-NVDA-2020-11-20,GIVEBACK_BASELINE,PERSONAL_RISK_BASELINE,F05,NVDA,2020-11-20,2020-11-20,2020-08-03,10.95948315,13.03129959,14.49919033,0.32298121467525576,-0.10123949728163883,0.4146927034795008,True,54.66269841269842,CALM,BREAKING,TRIM_REVIEW_5_PERCENT,0.05
GIVEBACK_BASELINE-F05-NVDA-2021-01-15,GIVEBACK_BASELINE,PERSONAL_RISK_BASELINE,F05,NVDA,2021-01-15,2021-01-15,2020-08-03,10.95948315,12.80781746,14.49919033,0.32298121467525576,-0.11665291864611305,0.47782847111099147,True,44.17989417989418,CALM,BREAKING,TRIM_REVIEW_5_PERCENT,0.05
GIVEBACK_BASELINE-F05-NVDA-2021-03-12,GIVEBACK_BASELINE,PERSONAL_RISK_BASELINE,F05,NVDA,2021-03-12,2021-03-12,2020-08-03,10.95948315,12.8087492,14.90112019,0.3596553766315156,-0.14041702659402555,0.5308380677283266,False,33.23412698412699,SCATTER,FALLING,TRIM_REVIEW_5_PERCENT,0.05
GIVEBACK_BASELINE-F05-SLB-2021-01-29,GIVEBACK_BASELINE,PERSONAL_RISK_BASELINE,F05,SLB,2021-01-29,2021-01-29,2020-08-03,16.42136574,19.73040771,22.12897491,0.34757213622598493,-0.10839034387065505,0.4202402667315075,True,87.06183862433862,RUSH,EXTENDING,TRIM_REVIEW_5_PERCENT,0.05
GIVEBACK_BASELINE-F05-SLB-2021-04-23,GIVEBACK_BASELINE,PERSONAL_RISK_BASELINE,F05,SLB,2021-04-23,2021-04-23,2020-08-03,16.42136574,22.94680977,25.94569206,0.5799959924648752,-0.11558305259559143,0.3148655547114851,True,88.14484126984127,RUSH,NEUTRAL,TRIM_REVIEW_5_PERCENT,0.05
GIVEBACK_BASELINE-F05-TSLA-2020-09-11,GIVEBACK_BASELINE,PERSONAL_RISK_BASELINE,F05,TSLA,2020-09-11,2020-09-11,2020-08-03,99.0,124.2399979,147.5599976,0.49050502626262626,-0.1580374090491311,0.4802306600608233,True,88.21097883597884,RUSH,PLATEAU,TRIM_REVIEW_5_PERCENT,0.05
GIVEBACK_BASELINE-F05-TSLA-2021-02-26,GIVEBACK_BASELINE,PERSONAL_RISK_BASELINE,F05,TSLA,2021-02-26,2021-02-26,2020-08-03,99.0,225.1666718,293.3399963,1.9630302656565655,-0.232403781822779,0.35079410207851286,True,56.97751322751323,CALM,BREAKING,TRIM_REVIEW_5_PERCENT,0.05
GIVEBACK_BASELINE-F05-TSLA-2021-04-23,GIVEBACK_BASELINE,PERSONAL_RISK_BASELINE,F05,TSLA,2021-04-23,2021-04-23,2020-08-03,99.0,243.1333313,293.3399963,1.9630302656565655,-0.17115519749530994,0.25834447852153214,True,49.958664021164026,CALM,NEUTRAL,TRIM_REVIEW_5_PERCENT,0.05
GIVEBACK_BASELINE-F05-XOM-2021-04-23,GIVEBACK_BASELINE,PERSONAL_RISK_BASELINE,F05,XOM,2021-04-23,2021-04-23,2020-08-03,32.62517929,45.57405853,50.8228302,0.557779338107049,-0.10327586341305328,0.28843127588054146,True,87.1362433862434,RUSH,NEUTRAL,TRIM_REVIEW_5_PERCENT,0.05
GIVEBACK_BASELINE-F05-XOM-2021-07-16,GIVEBACK_BASELINE,PERSONAL_RISK_BASELINE,F05,XOM,2021-07-16,2021-07-16,2020-08-03,32.62517929,47.69409943,53.80147934,0.6490784268729148,-0.11351695129801609,0.2884063738981635,True,80.98544973544973,RUSH,NEUTRAL,TRIM_REVIEW_5_PERCENT,0.05
GIVEBACK_BASELINE-F06-ABBV-2022-04-22,GIVEBACK_BASELINE,PERSONAL_RISK_BASELINE,F06,ABBV,2022-04-22,2022-04-22,2021-08-03,96.75954437,133.0445099,148.9212036,0.5390854160137257,-0.10661137108886487,0.30437478282647795,True,82.28339947089947,RUSH,NEUTRAL,TRIM_REVIEW_5_PERCENT,0.05
GIVEBACK_BASELINE-F06-ABBV-2022-06-17,GIVEBACK_BASELINE,PERSONAL_RISK_BASELINE,F06,ABBV,2022-06-17,2022-06-17,2021-08-03,96.75954437,118.7005157,148.9212036,0.5390854160137257,-0.2029307255746623,0.5793659240544065,True,40.60846560846561,CALM,BREAKING,TRIM_REVIEW_5_PERCENT,0.05
GIVEBACK_BASELINE-F06-AVGO-2022-01-14,GIVEBACK_BASELINE,PERSONAL_RISK_BASELINE,F06,AVGO,2022-01-14,2022-01-14,2021-08-03,44.31653595,55.04025269,61.41210175,0.38576042629523255,-0.10375559341608098,0.3727194018930919,True,51.694775132275126,CALM,NEUTRAL,TRIM_REVIEW_5_PERCENT,0.05
GIVEBACK_BASELINE-F06-AVGO-2022-03-11,GIVEBACK_BASELINE,PERSONAL_RISK_BASELINE,F06,AVGO,2022-03-11,2022-03-11,2021-08-03,44.31653595,53.33099747,61.41210175,0.38576042629523255,-0.1315881406061794,0.47270177393017315,True,28.802910052910057,SCATTER,STABILIZING,TRIM_REVIEW_5_PERCENT,0.05
GIVEBACK_BASELINE-F06-COP-2022-06-17,GIVEBACK_BASELINE,PERSONAL_RISK_BASELINE,F06,COP,2022-06-17,2022-06-17,2021-08-03,47.75252533,80.72781372,101.7235794,1.1302240812821114,-0.20640018571741292,0.38901900364533687,True,55.73743386243387,CALM,NEUTRAL,TRIM_REVIEW_5_PERCENT,0.05
GIVEBACK_BASELINE-F06-COST-2022-01-14,GIVEBACK_BASELINE,PERSONAL_RISK_BASELINE,F06,COST,2022-01-14,2022-01-14,2021-08-03,412.9594421,478.2000732,539.7209473,0.30695872833270665,-0.11398644875238473,0.48532773418029745,True,48.73511904761905,CALM,NEUTRAL,TRIM_REVIEW_5_PERCENT,0.05
GIVEBACK_BASELINE-F06-COST-2022-04-29,GIVEBACK_BASELINE,PERSONAL_RISK_BASELINE,F06,COST,2022-04-29,2022-04-29,2021-08-03,412.9594421,507.1040039,571.331604,0.3835053657924341,-0.11241737661689022,0.40554854672347546,False,41.23677248677249,CALM,NEUTRAL,TRIM_REVIEW_5_PERCENT,0.05
GIVEBACK_BASELINE-F06-CVX-2022-06-17,GIVEBACK_BASELINE,PERSONAL_RISK_BASELINE,F06,CVX,2022-06-17,2022-06-17,2021-08-03,83.56976318,126.2345123,151.671936,0.8149140338391945,-0.16771345029841234,0.3735185332079392,True,56.01851851851852,CALM,NEUTRAL,TRIM_REVIEW_5_PERCENT,0.05
GIVEBACK_BASELINE-F06-EOG-2022-06-17,GIVEBACK_BASELINE,PERSONAL_RISK_BASELINE,F06,EOG,2022-06-17,2022-06-17,2021-08-03,58.18387222,93.93566132,119.4886627,1.0536388889381487,-0.2138529363589573,0.41681899864475336,True,59.93716931216931,CALM,NEUTRAL,TRIM_REVIEW_5_PERCENT,0.05
GIVEBACK_BASELINE-F06-FCX-2022-04-22,GIVEBACK_BASELINE,PERSONAL_RISK_BASELINE,F06,FCX,2022-04-22,2022-04-22,2021-08-03,34.19668961,39.45126724,48.73067474,0.4250114644357237,-0.19042230688390416,0.638462707715733,False,47.10648148148148,CALM,NEUTRAL,TRIM_REVIEW_5_PERCENT,0.05
GIVEBACK_BASELINE-F06-FCX-2022-06-17,GIVEBACK_BASELINE,PERSONAL_RISK_BASELINE,F06,FCX,2022-06-17,2022-06-17,2021-08-03,34.19668961,31.83589745,48.73067474,0.4250114644357237,-0.34669697023776525,1.1624325426841826,False,23.743386243386244,SCATTER,NEUTRAL,TRIM_REVIEW_5_PERCENT,0.05
GIVEBACK_BASELINE-F06-NEM-2022-04-22,GIVEBACK_BASELINE,PERSONAL_RISK_BASELINE,F06,NEM,2022-04-22,2022-04-22,2021-08-03,54.19271469,66.18444824,75.28791809,0.38926271770424203,-0.12091541486268254,0.43154216991337513,True,57.2255291005291,CALM,NEUTRAL,TRIM_REVIEW_5_PERCENT,0.05
GIVEBACK_BASELINE-F06-NEM-2022-06-17,GIVEBACK_BASELINE,PERSONAL_RISK_BASELINE,F06,NEM,2022-06-17,2022-06-17,2021-08-03,54.19271469,57.09080887,75.28791809,0.38926271770424203,-0.24170025791186023,0.8626183343650532,True,34.24272486772487,SCATTER,NEUTRAL,TRIM_REVIEW_5_PERCENT,0.05
GIVEBACK_BASELINE-F06-NFLX-2021-12-03,GIVEBACK_BASELINE,PERSONAL_RISK_BASELINE,F06,NFLX,2021-12-03,2021-12-03,2021-08-03,51.08200073,60.21300125,69.03099823,0.3513761646665243,-0.12773967067113634,0.49128075147372424,True,47.84534965257856,CALM,NEUTRAL,TRIM_REVIEW_5_PERCENT,0.05
GIVEBACK_BASELINE-F06-NFLX-2022-01-28,GIVEBACK_BASELINE,PERSONAL_RISK_BASELINE,F06,NFLX,2022-01-28,2022-01-28,2021-08-03,51.08200073,38.43600082,69.03099823,0.3513761646665243,-0.4432066491065719,1.7045518787330602,False,5.563822751322751,FLEE,NEUTRAL,TRIM_REVIEW_5_PERCENT,0.05
GIVEBACK_BASELINE-F06-NFLX-2022-03-25,GIVEBACK_BASELINE,PERSONAL_RISK_BASELINE,F06,NFLX,2022-03-25,2022-03-25,2021-08-03,51.08200073,37.38499832,69.03099823,0.3513761646665243,-0.45843172953345823,1.7631068203112736,False,5.514219576719577,FLEE,STABILIZING,TRIM_REVIEW_5_PERCENT,0.05
GIVEBACK_BASELINE-F06-NVDA-2021-12-17,GIVEBACK_BASELINE,PERSONAL_RISK_BASELINE,F06,NVDA,2021-12-17,2021-12-17,2021-08-03,19.74670029,27.71344566,32.87709427,0.6649411692671212,-0.15705915393842373,0.3932592287683967,True,46.784060846560855,CALM,NEUTRAL,TRIM_REVIEW_5_PERCENT,0.05
GIVEBACK_BASELINE-F06-NVDA-2022-02-11,GIVEBACK_BASELINE,PERSONAL_RISK_BASELINE,F06,NVDA,2022-02-11,2022-02-11,2021-08-03,19.74670029,23.87358093,32.87709427,0.6649411692671212,-0.2738536826295994,0.6857001666297298,True,22.81746031746032,SCATTER,BREAKING,TRIM_REVIEW_5_PERCENT,0.05
GIVEBACK_BASELINE-F06-NVDA-2022-04-08,GIVEBACK_BASELINE,PERSONAL_RISK_BASELINE,F06,NVDA,2022-04-08,2022-04-08,2021-08-03,19.74670029,23.0501194,32.87709427,0.6649411692671212,-0.29890034652384145,0.7484143190957017,False,16.741071428571427,SCATTER,STABILIZING,TRIM_REVIEW_5_PERCENT,0.05
GIVEBACK_BASELINE-F06-PLD-2022-02-11,GIVEBACK_BASELINE,PERSONAL_RISK_BASELINE,F06,PLD,2022-02-11,2022-02-11,2021-08-03,112.2673035,127.781723,147.0393677,0.309725655787217,-0.1309693111527166,0.5538251795819474,True,32.24206349206349,SCATTER,BREAKING,TRIM_REVIEW_5_PERCENT,0.05
GIVEBACK_BASELINE-F06-PLD-2022-05-06,GIVEBACK_BASELINE,PERSONAL_RISK_BASELINE,F06,PLD,2022-05-06,2022-05-06,2021-08-03,112.2673035,123.6714325,148.1195374,0.31934706528334855,-0.1650565842234396,0.6819130146308682,False,18.634259259259256,SCATTER,NEUTRAL,TRIM_REVIEW_5_PERCENT,0.05
GIVEBACK_BASELINE-F06-SLB-2022-04-29,GIVEBACK_BASELINE,PERSONAL_RISK_BASELINE,F06,SLB,2022-04-29,2022-04-29,2021-08-03,25.89728928,35.37049866,39.60480499,0.5293031082054622,-0.10691395478576737,0.3089039924944938,True,66.82374338624338,DRIFT,NEUTRAL,TRIM_REVIEW_5_PERCENT,0.05
GIVEBACK_BASELINE-F06-SLB-2022-06-24,GIVEBACK_BASELINE,PERSONAL_RISK_BASELINE,F06,SLB,2022-06-24,2022-06-24,2021-08-03,25.89728928,31.90483475,43.71218109,0.6879056575144378,-0.270115698772605,0.6627795703688868,True,53.38128306878307,CALM,NEUTRAL,TRIM_REVIEW_5_PERCENT,0.05
GIVEBACK_BASELINE-F06-TSLA-2021-11-12,GIVEBACK_BASELINE,PERSONAL_RISK_BASELINE,F06,TSLA,2021-11-12,2021-11-12,2021-08-03,236.5800018,344.4733276,407.3633423,0.7218840950232845,-0.15438309776456294,0.3682444348253042,True,69.84953703703704,DRIFT,PLATEAU,TRIM_REVIEW_5_PERCENT,0.05
GIVEBACK_BASELINE-F06-TSLA-2022-01-07,GIVEBACK_BASELINE,PERSONAL_RISK_BASELINE,F06,TSLA,2022-01-07,2022-01-07,2021-08-03,236.5800018,342.3200073,407.3633423,0.7218840950232845,-0.15966909205124125,0.3808529263426605,True,47.61078042328043,CALM,NEUTRAL,TRIM_REVIEW_5_PERCENT,0.05
GIVEBACK_BASELINE-F06-TSLA-2022-03-04,GIVEBACK_BASELINE,PERSONAL_RISK_BASELINE,F06,TSLA,2022-03-04,2022-03-04,2021-08-03,236.5800018,279.4299927,407.3633423,0.7218840950232845,-0.314052189570323,0.7490973605824274,False,25.17361111111111,SCATTER,STABILIZING,TRIM_REVIEW_5_PERCENT,0.05
GIVEBACK_BASELINE-F06-UNH-2022-05-13,GIVEBACK_BASELINE,PERSONAL_RISK_BASELINE,F06,UNH,2022-05-13,2022-05-13,2021-08-03,386.4631042,448.9702148,504.9850464,0.30668371938207906,-0.11092374318670517,0.47261148914922163,True,53.414351851851855,CALM,BREAKING,TRIM_REVIEW_5_PERCENT,0.05
GIVEBACK_BASELINE-F06-XOM-2022-06-17,GIVEBACK_BASELINE,PERSONAL_RISK_BASELINE,F06,XOM,2022-06-17,2022-06-17,2021-08-03,48.42631912,75.30058289,87.83903503,0.8138697432760815,-0.14274350959932214,0.31813215228891856,True,72.30489417989418,DRIFT,NEUTRAL,TRIM_REVIEW_5_PERCENT,0.05
GIVEBACK_BASELINE-F07-APD-2023-02-03,GIVEBACK_BASELINE,PERSONAL_RISK_BASELINE,F07,APD,2023-02-03,2023-02-03,2022-08-03,221.8808441,260.5455933,289.5815735,0.3051220112065547,-0.10026874241015882,0.42888725804481487,True,61.67328042328042,DRIFT,NEUTRAL,TRIM_REVIEW_5_PERCENT,0.05
GIVEBACK_BASELINE-F07-APD-2023-04-07,GIVEBACK_BASELINE,PERSONAL_RISK_BASELINE,F07,APD,2023-04-07,2023-04-06,2022-08-03,221.8808441,259.4078674,289.5815735,0.3051220112065547,-0.10419760392661859,0.4456924817120213,True,58.33333333333333,CALM,NEUTRAL,TRIM_REVIEW_5_PERCENT,0.05
GIVEBACK_BASELINE-F07-CAT-2023-02-24,GIVEBACK_BASELINE,PERSONAL_RISK_BASELINE,F07,CAT,2023-02-24,2023-02-24,2022-08-03,171.5456696,224.0910645,251.0100708,0.4632259233665901,-0.10724273418275931,0.3387555420225076,True,68.41931216931218,DRIFT,NEUTRAL,TRIM_REVIEW_5_PERCENT,0.05
GIVEBACK_BASELINE-F07-CAT-2023-04-21,GIVEBACK_BASELINE,PERSONAL_RISK_BASELINE,F07,CAT,2023-04-21,2023-04-21,2022-08-03,171.5456696,210.1387939,251.0100708,0.4632259233665901,-0.16282723943998823,0.5143344224935782,True,38.80621693121693,SCATTER,NEUTRAL,TRIM_REVIEW_5_PERCENT,0.05
GIVEBACK_BASELINE-F07-COP-2022-12-09,GIVEBACK_BASELINE,PERSONAL_RISK_BASELINE,F07,COP,2022-12-09,2022-12-09,2022-08-03,79.25397491,97.66355896,118.4621124,0.4947150920130423,-0.1755713537318282,0.5304652240954992,True,36.37566137566137,SCATTER,BREAKING,TRIM_REVIEW_5_PERCENT,0.05
GIVEBACK_BASELINE-F07-COP-2023-02-03,GIVEBACK_BASELINE,PERSONAL_RISK_BASELINE,F07,COP,2023-02-03,2023-02-03,2022-08-03,79.25397491,96.56681824,118.4621124,0.4947150920130423,-0.1848295097597803,0.55843749695033,True,37.03703703703704,SCATTER,NEUTRAL,TRIM_REVIEW_5_PERCENT,0.05
GIVEBACK_BASELINE-F07-COP-2023-03-31,GIVEBACK_BASELINE,PERSONAL_RISK_BASELINE,F07,COP,2023-03-31,2023-03-31,2022-08-03,79.25397491,89.56290436,118.4621124,0.4947150920130423,-0.24395317164714003,0.7370716869009835,False,20.965608465608465,SCATTER,NEUTRAL,TRIM_REVIEW_5_PERCENT,0.05
GIVEBACK_BASELINE-F07-EOG-2022-12-09,GIVEBACK_BASELINE,PERSONAL_RISK_BASELINE,F07,EOG,2022-12-09,2022-12-09,2022-08-03,87.81835175,105.0183792,126.9767075,0.44590173886974593,-0.17293193950551922,0.5607571584514247,False,36.3260582010582,SCATTER,NEUTRAL,TRIM_REVIEW_5_PERCENT,0.05
GIVEBACK_BASELINE-F07-EOG-2023-02-03,GIVEBACK_BASELINE,PERSONAL_RISK_BASELINE,F07,EOG,2023-02-03,2023-02-03,2022-08-03,87.81835175,109.5383377,126.9767075,0.44590173886974593,-0.13733518645535836,0.44532946968796067,False,47.33796296296296,CALM,NEUTRAL,TRIM_REVIEW_5_PERCENT,0.05
GIVEBACK_BASELINE-F07-EOG-2023-03-31,GIVEBACK_BASELINE,PERSONAL_RISK_BASELINE,F07,EOG,2023-03-31,2023-03-31,2022-08-03,87.81835175,101.6885605,126.9767075,0.44590173886974593,-0.19915579398686178,0.6457918499297564,False,30.00992063492064,SCATTER,STABILIZING,TRIM_REVIEW_5_PERCENT,0.05
GIVEBACK_BASELINE-F07-FCX-2023-02-24,GIVEBACK_BASELINE,PERSONAL_RISK_BASELINE,F07,FCX,2023-02-24,2023-02-24,2022-08-03,27.16094398,38.08753586,43.35810089,0.5963399844249451,-0.1215589456598084,0.32540062797971614,False,52.54629629629629,CALM,NEUTRAL,TRIM_REVIEW_5_PERCENT,0.05
GIVEBACK_BASELINE-F07-FCX-2023-04-21,GIVEBACK_BASELINE,PERSONAL_RISK_BASELINE,F07,FCX,2023-04-21,2023-04-21,2022-08-03,27.16094398,38.00656891,43.35810089,0.5963399844249451,-0.12342634640702788,0.3303994651490971,False,39.40972222222223,SCATTER,STABILIZING,TRIM_REVIEW_5_PERCENT,0.05
GIVEBACK_BASELINE-F07-MRK-2023-02-03,GIVEBACK_BASELINE,PERSONAL_RISK_BASELINE,F07,MRK,2023-02-03,2023-02-03,2022-08-03,77.66473389,92.58908844,103.2925262,0.32997978653088267,-0.10362257709987155,0.41764962157210483,True,70.70932539682539,DRIFT,BREAKING,TRIM_REVIEW_5_PERCENT,0.05
GIVEBACK_BASELINE-F07-NFLX-2022-11-04,GIVEBACK_BASELINE,PERSONAL_RISK_BASELINE,F07,NFLX,2022-11-04,2022-11-04,2022-08-03,22.67300034,26.07900047,29.5720005,0.3042826294069556,-0.11811848948129167,0.5063052542384636,False,40.35218253968255,CALM,RECOVERING,TRIM_REVIEW_5_PERCENT,0.05
GIVEBACK_BASELINE-F07-NFLX-2023-02-24,GIVEBACK_BASELINE,PERSONAL_RISK_BASELINE,F07,NFLX,2023-02-24,2023-02-24,2022-08-03,22.67300034,31.71500015,36.59000015,0.6138137697394839,-0.13323312325813153,0.3502910157760504,False,61.84689153439153,DRIFT,NEUTRAL,TRIM_REVIEW_5_PERCENT,0.05
GIVEBACK_BASELINE-F07-NFLX-2023-04-21,GIVEBACK_BASELINE,PERSONAL_RISK_BASELINE,F07,NFLX,2023-04-21,2023-04-21,2022-08-03,22.67300034,32.79800034,36.59000015,0.6138137697394839,-0.10363486729857252,0.2724725056958954,True,65.11243386243386,DRIFT,NEUTRAL,TRIM_REVIEW_5_PERCENT,0.05
GIVEBACK_BASELINE-F07-SLB-2022-12-09,GIVEBACK_BASELINE,PERSONAL_RISK_BASELINE,F07,SLB,2022-12-09,2022-12-09,2022-08-03,32.34164429,43.08716202,50.11694717,0.5496103636727001,-0.14026762496435596,0.395480470710269,True,57.85383597883597,CALM,NEUTRAL,TRIM_REVIEW_5_PERCENT,0.05
GIVEBACK_BASELINE-F07-SLB-2023-03-10,GIVEBACK_BASELINE,PERSONAL_RISK_BASELINE,F07,SLB,2023-03-10,2023-03-10,2022-08-03,32.34164429,47.00536346,53.46220398,0.6530453275849817,-0.12077393072712606,0.3057135139774319,True,58.39120370370371,CALM,NEUTRAL,TRIM_REVIEW_5_PERCENT,0.05
GIVEBACK_BASELINE-F07-SLB-2023-05-05,GIVEBACK_BASELINE,PERSONAL_RISK_BASELINE,F07,SLB,2023-05-05,2023-05-05,2022-08-03,32.34164429,42.16658401,53.46220398,0.6530453275849817,-0.21128234769792964,0.5348163181181301,True,25.59523809523809,SCATTER,BREAKING,TRIM_REVIEW_5_PERCENT,0.05
GIVEBACK_BASELINE-F07-XOM-2023-03-17,GIVEBACK_BASELINE,PERSONAL_RISK_BASELINE,F07,XOM,2023-03-17,2023-03-17,2022-08-03,79.58499146,89.53842163,106.0578461,0.3326362691551643,-0.15575862680092656,0.6240137187562481,True,34.88756613756614,SCATTER,BREAKING,TRIM_REVIEW_5_PERCENT,0.05
GIVEBACK_BASELINE-F07-XOM-2023-05-12,GIVEBACK_BASELINE,PERSONAL_RISK_BASELINE,F07,XOM,2023-05-12,2023-05-12,2022-08-03,79.58499146,94.86553192,106.1295929,0.33353778084328267,-0.10613496831758795,0.42434470170745225,False,28.02579365079365,SCATTER,FALLING,TRIM_REVIEW_5_PERCENT,0.05
GIVEBACK_BASELINE-F08-AMZN-2024-08-02,GIVEBACK_BASELINE,PERSONAL_RISK_BASELINE,F08,AMZN,2024-08-02,2024-08-02,2023-08-03,128.9100037,167.8999939,200.0,0.5514699733113109,-0.16050003050000006,0.45154041033478015,True,49.64451058201058,CALM,NEUTRAL,TRIM_REVIEW_5_PERCENT,0.05
GIVEBACK_BASELINE-F08-AVGO-2024-03-15,GIVEBACK_BASELINE,PERSONAL_RISK_BASELINE,F08,AVGO,2024-03-15,2024-03-15,2023-08-03,85.36264801,120.3728256,136.3189392,0.5969389701222787,-0.11697650886649502,0.31293709231195704,True,65.56712962962962,DRIFT,BREAKING,TRIM_REVIEW_5_PERCENT,0.05
GIVEBACK_BASELINE-F08-AVGO-2024-08-02,GIVEBACK_BASELINE,PERSONAL_RISK_BASELINE,F08,AVGO,2024-08-02,2024-08-02,2023-08-03,85.36264801,141.1651306,169.7621307,0.9887167825453684,-0.16845335283011975,0.33882909217627577,True,34.81316137566138,SCATTER,BREAKING,TRIM_REVIEW_5_PERCENT,0.05
GIVEBACK_BASELINE-F08-BAC-2024-08-02,GIVEBACK_BASELINE,PERSONAL_RISK_BASELINE,F08,BAC,2024-08-02,2024-08-02,2023-08-03,29.13769531,35.89903259,40.98106003,0.40646195912191385,-0.12400917487931573,0.4291033469076518,True,61.49966931216932,DRIFT,NEUTRAL,TRIM_REVIEW_5_PERCENT,0.05
GIVEBACK_BASELINE-F08-CAT-2024-05-03,GIVEBACK_BASELINE,PERSONAL_RISK_BASELINE,F08,CAT,2024-05-03,2024-05-03,2023-08-03,269.8345032,327.2124023,367.2186279,0.3609031593258458,-0.10894388944477618,0.4108084939228291,True,78.1498015873016,RUSH,NEUTRAL,TRIM_REVIEW_5_PERCENT,0.05
GIVEBACK_BASELINE-F08-CAT-2024-06-28,GIVEBACK_BASELINE,PERSONAL_RISK_BASELINE,F08,CAT,2024-06-28,2024-06-28,2023-08-03,269.8345032,323.6658325,367.2186279,0.3609031593258458,-0.11860181399038439,0.4472268507230313,True,50.02480158730159,CALM,BREAKING,TRIM_REVIEW_5_PERCENT,0.05
GIVEBACK_BASELINE-F08-CRM-2024-04-19,GIVEBACK_BASELINE,PERSONAL_RISK_BASELINE,F08,CRM,2024-04-19,2024-04-19,2023-08-03,211.894104,266.1191101,311.4910889,0.47003188394519957,-0.14566059966667644,0.4555557464470996,True,58.52347883597884,CALM,NEUTRAL,TRIM_REVIEW_5_PERCENT,0.05
GIVEBACK_BASELINE-F08-CRM-2024-06-14,GIVEBACK_BASELINE,PERSONAL_RISK_BASELINE,F08,CRM,2024-06-14,2024-06-14,2023-08-03,211.894104,228.2934113,311.4910889,0.47003188394519957,-0.2670948883122287,0.8353433357800373,True,36.11111111111112,SCATTER,BREAKING,TRIM_REVIEW_5_PERCENT,0.05
GIVEBACK_BASELINE-F08-DIS-2024-05-10,GIVEBACK_BASELINE,PERSONAL_RISK_BASELINE,F08,DIS,2024-05-10,2024-05-10,2023-08-03,82.88796234,102.9043808,119.0223923,0.43594303611638296,-0.1354199927302252,0.4460568913870312,True,79.00958994708995,RUSH,NEUTRAL,TRIM_REVIEW_5_PERCENT,0.05
GIVEBACK_BASELINE-F08-DIS-2024-07-05,GIVEBACK_BASELINE,PERSONAL_RISK_BASELINE,F08,DIS,2024-07-05,2024-07-05,2023-08-03,82.88796234,95.31713104,119.0223923,0.43594303611638296,-0.1991663988760206,0.6560297557271884,True,61.35912698412697,DRIFT,COOLING,TRIM_REVIEW_5_PERCENT,0.05
GIVEBACK_BASELINE-F08-GOOGL-2024-07-26,GIVEBACK_BASELINE,PERSONAL_RISK_BASELINE,F08,GOOGL,2024-07-26,2024-07-26,2023-08-03,127.3209991,165.7221527,189.1416016,0.48554914693565276,-0.1238196605183024,0.378829192096599,True,54.13359788359788,CALM,NEUTRAL,TRIM_REVIEW_5_PERCENT,0.05
GIVEBACK_BASELINE-F08-LLY-2024-07-26,GIVEBACK_BASELINE,PERSONAL_RISK_BASELINE,F08,LLY,2024-07-26,2024-07-26,2023-08-03,439.6889954,793.5369873,935.3366089,1.127268634615457,-0.1516027708642379,0.2860895881222679,True,46.05654761904762,CALM,BREAKING,TRIM_REVIEW_5_PERCENT,0.05
GIVEBACK_BASELINE-F08-META-2024-04-26,GIVEBACK_BASELINE,PERSONAL_RISK_BASELINE,F08,META,2024-04-26,2024-04-26,2023-08-03,310.4636536,439.8973999,523.3041382,0.6855568506393435,-0.1593848246392484,0.3918744051760161,True,56.53108465608466,CALM,BREAKING,TRIM_REVIEW_5_PERCENT,0.05
GIVEBACK_BASELINE-F08-META-2024-07-19,GIVEBACK_BASELINE,PERSONAL_RISK_BASELINE,F08,META,2024-07-19,2024-07-19,2023-08-03,310.4636536,473.6107178,536.3098755,0.727448186868854,-0.11690845267681449,0.2776188026194296,False,51.31448412698413,CALM,NEUTRAL,TRIM_REVIEW_5_PERCENT,0.05
GIVEBACK_BASELINE-F08-MSFT-2024-08-02,GIVEBACK_BASELINE,PERSONAL_RISK_BASELINE,F08,MSFT,2024-08-02,2024-08-02,2023-08-03,319.109436,402.1695862,460.3256226,0.44253215564581416,-0.12633673544289026,0.41182273647375184,False,38.51686507936508,SCATTER,NEUTRAL,TRIM_REVIEW_5_PERCENT,0.05
GIVEBACK_BASELINE-F08-NFLX-2024-04-19,GIVEBACK_BASELINE,PERSONAL_RISK_BASELINE,F08,NFLX,2024-04-19,2024-04-19,2023-08-03,43.09999847,55.50400162,63.61800003,0.47605573754907815,-0.1275424943596738,0.39545753938425976,True,72.92493386243386,DRIFT,NEUTRAL,TRIM_REVIEW_5_PERCENT,0.05
GIVEBACK_BASELINE-F08-NFLX-2024-08-02,GIVEBACK_BASELINE,PERSONAL_RISK_BASELINE,F08,NFLX,2024-08-02,2024-08-02,2023-08-03,43.09999847,61.36399841,69.06500244,0.6024363083927506,-0.11150371038776441,0.2965916754296572,True,52.62070105820106,CALM,BREAKING,TRIM_REVIEW_5_PERCENT,0.05
GIVEBACK_BASELINE-F08-NVDA-2024-04-19,GIVEBACK_BASELINE,PERSONAL_RISK_BASELINE,F08,NVDA,2024-04-19,2024-04-19,2023-08-03,44.42844772,76.068367,94.12611389,1.118600102421044,-0.1918463021973169,0.3633520098958,True,53.92691798941799,CALM,NEUTRAL,TRIM_REVIEW_5_PERCENT,0.05
GIVEBACK_BASELINE-F08-NVDA-2024-08-02,GIVEBACK_BASELINE,PERSONAL_RISK_BASELINE,F08,NVDA,2024-08-02,2024-08-02,2023-08-03,44.42844772,107.0934753,131.6629944,1.9634840098347688,-0.18660914717886745,0.28164895715143307,True,42.76620370370371,CALM,BREAKING,TRIM_REVIEW_5_PERCENT,0.05
GIVEBACK_BASELINE-F09-AMZN-2025-02-28,GIVEBACK_BASELINE,PERSONAL_RISK_BASELINE,F09,AMZN,2025-02-28,2025-02-28,2024-08-05,161.0200043,212.2799988,237.6799927,0.4760898419625741,-0.10686635257541399,0.3313331299695321,True,60.1603835978836,DRIFT,NEUTRAL,TRIM_REVIEW_5_PERCENT,0.05
GIVEBACK_BASELINE-F09-AMZN-2025-04-25,GIVEBACK_BASELINE,PERSONAL_RISK_BASELINE,F09,AMZN,2025-04-25,2025-04-25,2024-08-05,161.0200043,188.9900055,237.6799927,0.4760898419625741,-0.204855220024584,0.6351421154141476,True,39.13690476190475,SCATTER,STABILIZING,TRIM_REVIEW_5_PERCENT,0.05
GIVEBACK_BASELINE-F09-AVGO-2025-02-21,GIVEBACK_BASELINE,PERSONAL_RISK_BASELINE,F09,AVGO,2025-02-21,2025-02-21,2024-08-05,139.4572601,215.9064636,241.6185455,0.7325634056394315,-0.10641601143153978,0.25168126848959965,False,46.52777777777778,CALM,NEUTRAL,TRIM_REVIEW_5_PERCENT,0.05
GIVEBACK_BASELINE-F09-AVGO-2025-04-18,GIVEBACK_BASELINE,PERSONAL_RISK_BASELINE,F09,AVGO,2025-04-18,2025-04-17,2024-08-05,139.4572601,169.3476715,241.6185455,0.7325634056394315,-0.2991114521049876,0.7074193880493209,False,17.824074074074076,SCATTER,FALLING,TRIM_REVIEW_5_PERCENT,0.05
GIVEBACK_BASELINE-F09-BAC-2025-03-07,GIVEBACK_BASELINE,PERSONAL_RISK_BASELINE,F09,BAC,2025-03-07,2025-03-07,2024-08-05,35.01062393,40.28002167,45.82849503,0.30898824087308974,-0.12107038113226043,0.512898823503268,True,48.67724867724868,CALM,NEUTRAL,TRIM_REVIEW_5_PERCENT,0.05
GIVEBACK_BASELINE-F09-BAC-2025-05-02,GIVEBACK_BASELINE,PERSONAL_RISK_BASELINE,F09,BAC,2025-05-02,2025-05-02,2024-08-05,35.01062393,39.95894623,45.82849503,0.30898824087308974,-0.1280764030360959,0.5425789183234027,True,52.19907407407408,CALM,NEUTRAL,TRIM_REVIEW_5_PERCENT,0.05
GIVEBACK_BASELINE-F09-COST-2025-03-07,GIVEBACK_BASELINE,PERSONAL_RISK_BASELINE,F09,COST,2025-03-07,2025-03-07,2024-08-05,794.3696899,957.6643677,1064.463257,0.34000991041589357,-0.10033121255964605,0.3954144130373112,False,36.65674603174603,SCATTER,NEUTRAL,TRIM_REVIEW_5_PERCENT,0.05
GIVEBACK_BASELINE-F09-COST-2025-07-18,GIVEBACK_BASELINE,PERSONAL_RISK_BASELINE,F09,COST,2025-07-18,2025-07-18,2024-08-05,794.3696899,945.6268921,1064.463257,0.34000991041589357,-0.11163970585036376,0.439982211260892,False,28.298611111111107,SCATTER,FALLING,TRIM_REVIEW_5_PERCENT,0.05
GIVEBACK_BASELINE-F09-CRM-2025-01-10,GIVEBACK_BASELINE,PERSONAL_RISK_BASELINE,F09,CRM,2025-01-10,2025-01-10,2024-08-05,235.6184235,314.1896973,357.4135742,0.5169169239433435,-0.12093518551092586,0.3548899660748155,True,58.05224867724869,CALM,BREAKING,TRIM_REVIEW_5_PERCENT,0.05
GIVEBACK_BASELINE-F09-CRM-2025-03-07,GIVEBACK_BASELINE,PERSONAL_RISK_BASELINE,F09,CRM,2025-03-07,2025-03-07,2024-08-05,235.6184235,279.6322632,357.4135742,0.5169169239433435,-0.21762271109623688,0.6386240384199467,True,40.211640211640216,CALM,BREAKING,TRIM_REVIEW_5_PERCENT,0.05
GIVEBACK_BASELINE-F09-DIS-2025-03-14,GIVEBACK_BASELINE,PERSONAL_RISK_BASELINE,F09,DIS,2025-03-14,2025-03-14,2024-08-05,85.77954865,96.81918335,114.7929535,0.338232192948243,-0.15657555278425683,0.6194988228001787,True,61.226851851851855,DRIFT,BREAKING,TRIM_REVIEW_5_PERCENT,0.05
GIVEBACK_BASELINE-F09-GE-2025-04-04,GIVEBACK_BASELINE,PERSONAL_RISK_BASELINE,F09,GE,2025-04-04,2025-04-04,2024-08-05,156.5506287,165.7251434,206.5312195,0.3192615144061697,-0.19757824603364615,0.816438450343408,False,21.34589947089947,SCATTER,FALLING,TRIM_REVIEW_5_PERCENT,0.05
GIVEBACK_BASELINE-F09-GS-2025-03-07,GIVEBACK_BASELINE,PERSONAL_RISK_BASELINE,F09,GS,2025-03-07,2025-03-07,2024-08-05,440.7175293,545.9047852,641.1244507,0.4547287277597287,-0.14851978488113526,0.4751316213772247,True,49.71891534391534,CALM,NEUTRAL,TRIM_REVIEW_5_PERCENT,0.05
GIVEBACK_BASELINE-F09-GS-2025-05-02,GIVEBACK_BASELINE,PERSONAL_RISK_BASELINE,F09,GS,2025-05-02,2025-05-02,2024-08-05,440.7175293,552.1766357,641.1244507,0.4547287277597287,-0.13873720601808892,0.4438360430798973,True,45.93253968253968,CALM,NEUTRAL,TRIM_REVIEW_5_PERCENT,0.05
GIVEBACK_BASELINE-F09-JPM-2025-03-07,GIVEBACK_BASELINE,PERSONAL_RISK_BASELINE,F09,JPM,2025-03-07,2025-03-07,2024-08-05,187.0412292,235.1438293,268.4432068,0.4352087395285358,-0.12404626623615489,0.4090733232997032,True,42.92328042328042,CALM,NEUTRAL,TRIM_REVIEW_5_PERCENT,0.05
GIVEBACK_BASELINE-F09-MA-2025-04-04,GIVEBACK_BASELINE,PERSONAL_RISK_BASELINE,F09,MA,2025-04-04,2025-04-04,2024-08-05,436.7492371,485.3094177,571.0612793,0.3075266784478603,-0.1501622762886562,0.6384525184443963,True,31.72123015873016,SCATTER,BREAKING,TRIM_REVIEW_5_PERCENT,0.05
GIVEBACK_BASELINE-F09-META-2025-03-07,GIVEBACK_BASELINE,PERSONAL_RISK_BASELINE,F09,META,2025-03-07,2025-03-07,2024-08-05,472.5578308,622.5827026,733.0467529,0.5512318389878643,-0.15069168489321338,0.42406429190717604,True,50.7853835978836,CALM,NEUTRAL,TRIM_REVIEW_5_PERCENT,0.05
GIVEBACK_BASELINE-F09-META-2025-05-02,GIVEBACK_BASELINE,PERSONAL_RISK_BASELINE,F09,META,2025-05-02,2025-05-02,2024-08-05,472.5578308,594.6121216,733.0467529,0.5512318389878643,-0.18884829753673948,0.5314415299659301,True,36.28472222222222,SCATTER,STABILIZING,TRIM_REVIEW_5_PERCENT,0.05
GIVEBACK_BASELINE-F09-NFLX-2025-01-10,GIVEBACK_BASELINE,PERSONAL_RISK_BASELINE,F09,NFLX,2025-01-10,2025-01-10,2024-08-05,59.85499954,83.76899719,93.47399902,0.5616740412391621,-0.10382568341730503,0.2886761051819381,True,66.36904761904762,DRIFT,NEUTRAL,TRIM_REVIEW_5_PERCENT,0.05
GIVEBACK_BASELINE-F09-NFLX-2025-03-07,GIVEBACK_BASELINE,PERSONAL_RISK_BASELINE,F09,NFLX,2025-03-07,2025-03-07,2024-08-05,59.85499954,89.11100006,105.8600006,0.7686074916641792,-0.15821840586688996,0.36406912627076915,True,48.60284391534391,CALM,BREAKING,TRIM_REVIEW_5_PERCENT,0.05
GIVEBACK_BASELINE-F09-NVDA-2025-01-31,GIVEBACK_BASELINE,PERSONAL_RISK_BASELINE,F09,NVDA,2025-01-31,2025-01-31,2024-08-05,100.2846985,119.8909454,147.3996582,0.4698120491432698,-0.18662670684537586,0.5838636597624002,False,27.389219576719576,SCATTER,NEUTRAL,TRIM_REVIEW_5_PERCENT,0.05
GIVEBACK_BASELINE-F09-NVDA-2025-03-28,GIVEBACK_BASELINE,PERSONAL_RISK_BASELINE,F09,NVDA,2025-03-28,2025-03-28,2024-08-05,100.2846985,109.5165253,147.3996582,0.4698120491432698,-0.2570096387102748,0.8040574191555555,False,19.287367724867725,SCATTER,NEUTRAL,TRIM_REVIEW_5_PERCENT,0.05
GIVEBACK_BASELINE-F09-ORCL-2024-12-20,GIVEBACK_BASELINE,PERSONAL_RISK_BASELINE,F09,ORCL,2024-12-20,2024-12-20,2024-08-05,125.109993,166.3842621,188.5773163,0.5072921976744096,-0.11768676442872894,0.34967685804389365,True,62.03703703703704,DRIFT,BREAKING,TRIM_REVIEW_5_PERCENT,0.05
GIVEBACK_BASELINE-F09-ORCL-2025-02-21,GIVEBACK_BASELINE,PERSONAL_RISK_BASELINE,F09,ORCL,2025-02-21,2025-02-21,2024-08-05,125.109993,164.974472,188.5773163,0.5072921976744096,-0.12516269063056984,0.3718897075339557,True,44.95701058201058,CALM,NEUTRAL,TRIM_REVIEW_5_PERCENT,0.05
GIVEBACK_BASELINE-F09-ORCL-2025-04-18,GIVEBACK_BASELINE,PERSONAL_RISK_BASELINE,F09,ORCL,2025-04-18,2025-04-17,2024-08-05,125.109993,126.9009018,188.5773163,0.5072921976744096,-0.32706168329324137,0.971782191104316,False,11.5244708994709,FLEE,FALLING,TRIM_REVIEW_5_PERCENT,0.05
GIVEBACK_BASELINE-F09-TMUS-2024-12-20,GIVEBACK_BASELINE,PERSONAL_RISK_BASELINE,F09,TMUS,2024-12-20,2024-12-20,2024-08-05,180.8866119,214.7224731,240.677063,0.33054105260733246,-0.10783989789670989,0.43409255863600593,True,68.39451058201058,DRIFT,NEUTRAL,TRIM_REVIEW_5_PERCENT,0.05
GIVEBACK_BASELINE-F09-TMUS-2025-04-25,GIVEBACK_BASELINE,PERSONAL_RISK_BASELINE,F09,TMUS,2025-04-25,2025-04-25,2024-08-05,180.8866119,227.6247101,263.9514465,0.45920941150647976,-0.13762658580467368,0.43732990711330444,True,43.12169312169312,CALM,NEUTRAL,TRIM_REVIEW_5_PERCENT,0.05
GIVEBACK_BASELINE-F09-TMUS-2025-06-20,GIVEBACK_BASELINE,PERSONAL_RISK_BASELINE,F09,TMUS,2025-06-20,2025-06-20,2024-08-05,180.8866119,217.4229279,263.9514465,0.45920941150647976,-0.17627680854554428,0.5601470083466583,False,28.80291005291005,SCATTER,FALLING,TRIM_REVIEW_5_PERCENT,0.05
GIVEBACK_BASELINE-F09-TSLA-2024-10-11,GIVEBACK_BASELINE,PERSONAL_RISK_BASELINE,F09,TSLA,2024-10-11,2024-10-11,2024-08-05,198.8800049,217.8000031,260.4599915,0.30963387511461193,-0.16378710662746832,0.6927573511358964,True,56.29133597883598,CALM,NEUTRAL,TRIM_REVIEW_5_PERCENT,0.05
GIVEBACK_BASELINE-F09-TSLA-2025-02-07,GIVEBACK_BASELINE,PERSONAL_RISK_BASELINE,F09,TSLA,2025-02-07,2025-02-07,2024-08-05,198.8800049,361.6199951,436.230011,1.1934332273339563,-0.17103366118476426,0.31434596158622136,True,82.86210317460318,RUSH,PLATEAU,TRIM_REVIEW_5_PERCENT,0.05
GIVEBACK_BASELINE-F09-TSLA-2025-04-04,GIVEBACK_BASELINE,PERSONAL_RISK_BASELINE,F09,TSLA,2025-04-04,2025-04-04,2024-08-05,198.8800049,239.4299927,436.230011,1.1934332273339563,-0.4511381916362467,0.8291553117427958,True,46.6931216931217,CALM,NEUTRAL,TRIM_REVIEW_5_PERCENT,0.05
GIVEBACK_BASELINE-F09-V-2025-04-04,GIVEBACK_BASELINE,PERSONAL_RISK_BASELINE,F09,V,2025-04-04,2025-04-04,2024-08-05,252.5940247,310.1609497,359.270813,0.42232506658341373,-0.13669316160119016,0.4603612846113402,True,47.74305555555555,CALM,BREAKING,TRIM_REVIEW_5_PERCENT,0.05
GIVEBACK_BASELINE-F09-WMT-2025-03-07,GIVEBACK_BASELINE,PERSONAL_RISK_BASELINE,F09,WMT,2025-03-07,2025-03-07,2024-08-05,66.34825134,90.4916153,102.6466217,0.5470885762156696,-0.11841603940483114,0.33486369441517794,True,45.91600529100529,CALM,NEUTRAL,TRIM_REVIEW_5_PERCENT,0.05
HERD_GIVEBACK_S1-F01-BAC-2017-04-14,HERD_GIVEBACK_S1,SERVICE_CANDIDATE,F01,BAC,2017-04-14,2017-04-13,2016-08-02,11.3079443,18.08303833,20.59231758,0.8210487276630818,-0.12185511612530209,0.27026910425988376,True,70.5109126984127,DRIFT,BREAKING,TRIM_REVIEW_5_PERCENT,0.05
HERD_GIVEBACK_S1-F01-COP-2017-03-10,HERD_GIVEBACK_S1,SERVICE_CANDIDATE,F01,COP,2017-03-10,2017-03-10,2016-08-02,29.4017849,34.12339783,38.60171127,0.31290366898779687,-0.11601333963347893,0.48677709580408296,True,59.581679894179885,CALM,BREAKING,TRIM_REVIEW_5_PERCENT,0.05
HERD_GIVEBACK_S1-F01-FCX-2017-03-03,HERD_GIVEBACK_S1,SERVICE_CANDIDATE,F01,FCX,2017-03-03,2017-03-03,2016-08-02,11.16788197,11.88838959,14.7434063,0.3201613644919279,-0.19364702104153508,0.7984889617573937,True,56.737764550264544,CALM,BREAKING,TRIM_REVIEW_5_PERCENT,0.05
HERD_GIVEBACK_S1-F01-GS-2017-04-21,HERD_GIVEBACK_S1,SERVICE_CANDIDATE,F01,GS,2017-04-21,2017-04-21,2016-08-02,127.0281219,178.2216492,207.8321228,0.6361111200527008,-0.14247303641552378,0.3664481123483578,True,60.78869047619048,DRIFT,BREAKING,TRIM_REVIEW_5_PERCENT,0.05
HERD_GIVEBACK_S1-F01-JPM-2017-06-02,HERD_GIVEBACK_S1,SERVICE_CANDIDATE,F01,JPM,2017-06-02,2017-06-02,2016-08-02,48.94174957,64.72940063,72.27217102,0.47669774078327865,-0.10436617972791595,0.32330193460778656,True,33.482142857142854,SCATTER,BREAKING,TRIM_REVIEW_5_PERCENT,0.05
HERD_GIVEBACK_S1-F01-TSLA-2017-07-14,HERD_GIVEBACK_S1,SERVICE_CANDIDATE,F01,TSLA,2017-07-14,2017-07-14,2016-08-02,15.14666653,21.85199928,25.56333351,0.687720097314376,-0.1451819352334538,0.35628807536285456,True,77.7116402116402,RUSH,COOLING,TRIM_REVIEW_5_PERCENT,0.05
HERD_GIVEBACK_S1-F02-ABBV-2018-03-23,HERD_GIVEBACK_S1,SERVICE_CANDIDATE,F02,ABBV,2018-03-23,2018-03-23,2017-08-02,48.72602081,68.1129837,86.10918427,0.7672114988779852,-0.20899281212062049,0.48139854694897455,True,35.39186507936508,SCATTER,BREAKING,TRIM_REVIEW_5_PERCENT,0.05
HERD_GIVEBACK_S1-F02-BAC-2018-05-04,HERD_GIVEBACK_S1,SERVICE_CANDIDATE,F02,BAC,2018-05-04,2018-05-04,2017-08-02,19.96966171,24.10843086,26.92244911,0.3481675103448709,-0.10452311520777535,0.4047323883367987,True,39.0707671957672,SCATTER,BREAKING,TRIM_REVIEW_5_PERCENT,0.05
HERD_GIVEBACK_S1-F02-CAT-2018-03-23,HERD_GIVEBACK_S1,SERVICE_CANDIDATE,F02,CAT,2018-03-23,2018-03-23,2017-08-02,93.81468201,120.9697037,142.8682098,0.522876875335688,-0.15327766849361046,0.44642061614300865,True,44.09722222222222,CALM,BREAKING,TRIM_REVIEW_5_PERCENT,0.05
HERD_GIVEBACK_S1-F02-FCX-2018-02-09,HERD_GIVEBACK_S1,SERVICE_CANDIDATE,F02,FCX,2018-02-09,2018-02-09,2017-08-02,12.94213104,15.82416534,17.97668839,0.3890052831670294,-0.11973968749424369,0.427549613671597,True,76.52943121693121,RUSH,BREAKING,TRIM_REVIEW_5_PERCENT,0.05
HERD_GIVEBACK_S1-F02-FCX-2018-04-06,HERD_GIVEBACK_S1,SERVICE_CANDIDATE,F02,FCX,2018-04-06,2018-04-06,2017-08-02,12.94213104,15.60801601,17.97668839,0.3890052831670294,-0.13176355559000708,0.4704827485975504,True,53.86078042328042,CALM,BREAKING,TRIM_REVIEW_5_PERCENT,0.05
HERD_GIVEBACK_S1-F02-HD-2018-03-02,HERD_GIVEBACK_S1,SERVICE_CANDIDATE,F02,HD,2018-03-02,2018-03-02,2017-08-02,120.8495178,144.8787231,168.2350311,0.3921034536391008,-0.13883141844647595,0.492899757192247,True,40.90608465608466,CALM,BREAKING,TRIM_REVIEW_5_PERCENT,0.05
HERD_GIVEBACK_S1-F02-NVDA-2017-12-08,HERD_GIVEBACK_S1,SERVICE_CANDIDATE,F02,NVDA,2017-12-08,2017-12-08,2017-08-02,4.05287981,4.728443623,5.3573699,0.3218674500984029,-0.11739459636714644,0.48212422755929085,True,47.34623015873016,CALM,BREAKING,TRIM_REVIEW_5_PERCENT,0.05
HERD_GIVEBACK_S1-F02-WMT-2018-02-23,HERD_GIVEBACK_S1,SERVICE_CANDIDATE,F02,WMT,2018-02-23,2018-02-23,2017-08-02,23.25492096,27.13514519,31.66301918,0.36156210698210867,-0.14300196592939052,0.5385134511428198,True,48.0406746031746,CALM,BREAKING,TRIM_REVIEW_5_PERCENT,0.05
HERD_GIVEBACK_S1-F03-AVGO-2019-05-24,HERD_GIVEBACK_S1,SERVICE_CANDIDATE,F03,AVGO,2019-05-24,2019-05-24,2018-08-02,17.54094696,21.31560516,26.53582191,0.5127930077271039,-0.1967233865114525,0.5803545662410792,True,34.18485449735449,SCATTER,BREAKING,TRIM_REVIEW_5_PERCENT,0.05
HERD_GIVEBACK_S1-F03-LLY-2019-04-19,HERD_GIVEBACK_S1,SERVICE_CANDIDATE,F03,LLY,2019-04-19,2019-04-18,2018-08-02,89.24518585,105.0187988,118.2920532,0.325472652371646,-0.11220749019850473,0.45695992755652526,True,45.03141534391535,CALM,BREAKING,TRIM_REVIEW_5_PERCENT,0.05
HERD_GIVEBACK_S1-F04-AAPL-2020-02-28,HERD_GIVEBACK_S1,SERVICE_CANDIDATE,F04,AAPL,2020-02-28,2020-02-28,2019-08-02,48.8020401,65.99006653,78.44406891,0.6073932308825754,-0.1587628300399443,0.42014676052802896,True,52.81911375661376,CALM,BREAKING,TRIM_REVIEW_5_PERCENT,0.05
HERD_GIVEBACK_S1-F04-ABBV-2020-03-13,HERD_GIVEBACK_S1,SERVICE_CANDIDATE,F04,ABBV,2020-03-13,2020-03-13,2019-08-02,49.06204987,65.9053421,73.30879974,0.49420580538821235,-0.10099002665788293,0.30533814551203603,True,51.7609126984127,CALM,BREAKING,TRIM_REVIEW_5_PERCENT,0.05
HERD_GIVEBACK_S1-F04-LLY-2020-03-20,HERD_GIVEBACK_S1,SERVICE_CANDIDATE,F04,LLY,2020-03-20,2020-03-20,2019-08-02,103.0594711,114.074707,135.7480469,0.31718167627972615,-0.15965857627377755,0.6630249060896679,True,36.35085978835978,SCATTER,BREAKING,TRIM_REVIEW_5_PERCENT,0.05
HERD_GIVEBACK_S1-F04-MSFT-2020-03-13,HERD_GIVEBACK_S1,SERVICE_CANDIDATE,F04,MSFT,2020-03-13,2020-03-13,2019-08-02,128.5408478,150.5476074,175.206131,0.36303855154750275,-0.1407400726176643,0.5284125994546626,True,33.738425925925924,SCATTER,BREAKING,TRIM_REVIEW_5_PERCENT,0.05
HERD_GIVEBACK_S1-F04-NEE-2020-03-20,HERD_GIVEBACK_S1,SERVICE_CANDIDATE,F04,NEE,2020-03-20,2020-03-20,2019-08-02,44.4430275,40.96594238,59.19455338,0.3319199143217686,-0.3079440583491062,1.2357102003064104,True,16.95601851851852,SCATTER,BREAKING,TRIM_REVIEW_5_PERCENT,0.05
HERD_GIVEBACK_S1-F04-NEM-2020-03-20,HERD_GIVEBACK_S1,SERVICE_CANDIDATE,F04,NEM,2020-03-20,2020-03-20,2019-08-02,30.61313248,33.98043823,43.85789871,0.43264981911449274,-0.2252150871457016,0.7457632930981526,True,46.33763227513228,CALM,BREAKING,TRIM_REVIEW_5_PERCENT,0.05
HERD_GIVEBACK_S1-F04-NVDA-2020-03-13,HERD_GIVEBACK_S1,SERVICE_CANDIDATE,F04,NVDA,2020-03-13,2020-03-13,2019-08-02,4.000029087,5.990501404,7.310139656,0.8275216247196255,-0.18052161984578097,0.3986689340104638,True,50.454695767195766,CALM,BREAKING,TRIM_REVIEW_5_PERCENT,0.05
HERD_GIVEBACK_S1-F04-TSLA-2020-03-20,HERD_GIVEBACK_S1,SERVICE_CANDIDATE,F04,TSLA,2020-03-20,2020-03-20,2019-08-02,15.62266731,28.50200081,60.06666565,2.844840606158949,-0.5254938741551405,0.710212087547297,True,49.76851851851852,CALM,BREAKING,TRIM_REVIEW_5_PERCENT,0.05
HERD_GIVEBACK_S1-F05-BA-2021-05-21,HERD_GIVEBACK_S1,SERVICE_CANDIDATE,F05,BA,2021-05-21,2021-05-21,2020-08-03,162.2700043,234.8200073,269.1900024,0.6589018011137133,-0.12767931495809537,0.3214552535612141,True,68.50198412698413,DRIFT,COOLING,TRIM_REVIEW_5_PERCENT,0.05
HERD_GIVEBACK_S1-F05-BA-2021-07-23,HERD_GIVEBACK_S1,SERVICE_CANDIDATE,F05,BA,2021-07-23,2021-07-23,2020-08-03,162.2700043,221.5200043,269.1900024,0.6589018011137133,-0.17708680736651317,0.44584735266657294,True,51.67824074074075,CALM,BREAKING,TRIM_REVIEW_5_PERCENT,0.05
HERD_GIVEBACK_S1-F05-BAC-2021-07-16,HERD_GIVEBACK_S1,SERVICE_CANDIDATE,F05,BAC,2021-07-16,2021-07-16,2020-08-03,21.62236786,33.55015945,38.28364182,0.770557326000465,-0.12364242650309065,0.28410086655822553,True,58.035714285714285,CALM,BREAKING,TRIM_REVIEW_5_PERCENT,0.05
HERD_GIVEBACK_S1-F05-CAT-2021-06-18,HERD_GIVEBACK_S1,SERVICE_CANDIDATE,F05,CAT,2021-06-18,2021-06-18,2020-08-03,118.3773956,190.6261139,222.7165527,0.8814111559994482,-0.14408645612985005,0.30755892314947586,True,60.3587962962963,DRIFT,BREAKING,TRIM_REVIEW_5_PERCENT,0.05
HERD_GIVEBACK_S1-F05-COP-2021-04-23,HERD_GIVEBACK_S1,SERVICE_CANDIDATE,F05,COP,2021-04-23,2021-04-23,2020-08-03,29.83356857,41.27906418,49.14136505,0.6471836057660063,-0.15999353827473706,0.4072086049873258,True,75.64484126984127,RUSH,COOLING,TRIM_REVIEW_5_PERCENT,0.05
HERD_GIVEBACK_S1-F05-CRM-2020-12-18,HERD_GIVEBACK_S1,SERVICE_CANDIDATE,F05,CRM,2020-12-18,2020-12-18,2020-08-03,199.7344971,223.5622559,266.4895935,0.3342191627847748,-0.16108448002116826,0.6430570835038149,True,38.33498677248677,SCATTER,BREAKING,TRIM_REVIEW_5_PERCENT,0.05
HERD_GIVEBACK_S1-F05-DIS-2021-05-21,HERD_GIVEBACK_S1,SERVICE_CANDIDATE,F05,DIS,2021-05-21,2021-05-21,2020-08-03,112.80867,167.1526794,191.1590729,0.6945423866800309,-0.1255833329582966,0.30639783091657846,True,51.391730314602654,CALM,BREAKING,TRIM_REVIEW_5_PERCENT,0.05
HERD_GIVEBACK_S1-F05-EOG-2021-07-30,HERD_GIVEBACK_S1,SERVICE_CANDIDATE,F05,EOG,2021-07-30,2021-07-30,2020-08-03,35.19155121,57.53633499,67.98802185,0.9319416028095,-0.15372835648990124,0.31868328073242935,True,82.10152116402116,RUSH,BREAKING,TRIM_REVIEW_5_PERCENT,0.05
HERD_GIVEBACK_S1-F05-FCX-2021-07-16,HERD_GIVEBACK_S1,SERVICE_CANDIDATE,F05,FCX,2021-07-16,2021-07-16,2020-08-03,12.17364216,30.98608208,40.95175552,2.3639690555845942,-0.24335155632419636,0.34629349448083485,True,44.32043650793651,CALM,BREAKING,TRIM_REVIEW_5_PERCENT,0.05
HERD_GIVEBACK_S1-F05-JPM-2021-06-18,HERD_GIVEBACK_S1,SERVICE_CANDIDATE,F05,JPM,2021-06-18,2021-06-18,2020-08-03,82.45526123,129.7776947,146.0262604,0.7709756566373078,-0.11127153195248163,0.25559714196954,True,62.82242063492063,DRIFT,BREAKING,TRIM_REVIEW_5_PERCENT,0.05
HERD_GIVEBACK_S1-F05-NVDA-2020-11-20,HERD_GIVEBACK_S1,SERVICE_CANDIDATE,F05,NVDA,2020-11-20,2020-11-20,2020-08-03,10.95948315,13.03129959,14.49919033,0.32298121467525576,-0.10123949728163883,0.4146927034795008,True,54.66269841269842,CALM,BREAKING,TRIM_REVIEW_5_PERCENT,0.05
HERD_GIVEBACK_S1-F05-NVDA-2021-01-15,HERD_GIVEBACK_S1,SERVICE_CANDIDATE,F05,NVDA,2021-01-15,2021-01-15,2020-08-03,10.95948315,12.80781746,14.49919033,0.32298121467525576,-0.11665291864611305,0.47782847111099147,True,44.17989417989418,CALM,BREAKING,TRIM_REVIEW_5_PERCENT,0.05
HERD_GIVEBACK_S1-F05-SLB-2021-06-18,HERD_GIVEBACK_S1,SERVICE_CANDIDATE,F05,SLB,2021-06-18,2021-06-18,2020-08-03,16.42136574,28.03896904,32.63595963,0.9874083646102387,-0.14085660854214022,0.2835094496467836,True,79.8859126984127,RUSH,COOLING,TRIM_REVIEW_5_PERCENT,0.05
HERD_GIVEBACK_S1-F05-TSLA-2021-02-26,HERD_GIVEBACK_S1,SERVICE_CANDIDATE,F05,TSLA,2021-02-26,2021-02-26,2020-08-03,99.0,225.1666718,293.3399963,1.9630302656565655,-0.232403781822779,0.35079410207851286,True,56.97751322751323,CALM,BREAKING,TRIM_REVIEW_5_PERCENT,0.05
HERD_GIVEBACK_S1-F05-XOM-2021-07-30,HERD_GIVEBACK_S1,SERVICE_CANDIDATE,F05,XOM,2021-07-30,2021-07-30,2020-08-03,32.62517929,47.90211487,53.80147934,0.6490784268729148,-0.10965059961862378,0.27858334345805613,True,80.94411375661376,RUSH,BREAKING,TRIM_REVIEW_5_PERCENT,0.05
HERD_GIVEBACK_S1-F06-ABBV-2022-05-06,HERD_GIVEBACK_S1,SERVICE_CANDIDATE,F06,ABBV,2022-05-06,2022-05-06,2021-08-03,96.75954437,131.1903229,148.9212036,0.5390854160137257,-0.11906216355613719,0.3399217157149469,True,73.98313492063491,DRIFT,BREAKING,TRIM_REVIEW_5_PERCENT,0.05
HERD_GIVEBACK_S1-F06-AVGO-2022-02-04,HERD_GIVEBACK_S1,SERVICE_CANDIDATE,F06,AVGO,2022-02-04,2022-02-04,2021-08-03,44.31653595,54.46710968,61.41210175,0.38576042629523255,-0.11308833067254531,0.40624523056148276,True,38.070436507936506,SCATTER,BREAKING,TRIM_REVIEW_5_PERCENT,0.05
HERD_GIVEBACK_S1-F06-COP-2022-06-24,HERD_GIVEBACK_S1,SERVICE_CANDIDATE,F06,COP,2022-06-24,2022-06-24,2021-08-03,47.75252533,78.29066467,101.7235794,1.1302240812821114,-0.23035873165509158,0.4341755990091969,True,52.09160052910053,CALM,BREAKING,TRIM_REVIEW_5_PERCENT,0.05
HERD_GIVEBACK_S1-F06-COST-2022-01-21,HERD_GIVEBACK_S1,SERVICE_CANDIDATE,F06,COST,2022-01-21,2022-01-21,2021-08-03,412.9594421,457.8738098,539.7209473,0.30695872833270665,-0.1516471389695866,0.645678176279655,True,37.98776455026455,SCATTER,BREAKING,TRIM_REVIEW_5_PERCENT,0.05
HERD_GIVEBACK_S1-F06-CVX-2022-06-24,HERD_GIVEBACK_S1,SERVICE_CANDIDATE,F06,CVX,2022-06-24,2022-06-24,2021-08-03,83.56976318,123.1633072,151.671936,0.8149140338391945,-0.18796245074632645,0.4186155539464326,True,51.54596560846561,CALM,BREAKING,TRIM_REVIEW_5_PERCENT,0.05
HERD_GIVEBACK_S1-F06-EOG-2022-07-01,HERD_GIVEBACK_S1,SERVICE_CANDIDATE,F06,EOG,2022-07-01,2022-07-01,2021-08-03,58.18387222,93.89360046,119.4886627,1.0536388889381487,-0.21420494347870878,0.4175050928254963,True,58.53174603174604,CALM,BREAKING,TRIM_REVIEW_5_PERCENT,0.05
HERD_GIVEBACK_S1-F06-NEM-2022-05-13,HERD_GIVEBACK_S1,SERVICE_CANDIDATE,F06,NEM,2022-05-13,2022-05-13,2021-08-03,54.19271469,57.9513588,75.28791809,0.38926271770424203,-0.2302701380223543,0.8218247039988248,True,37.73148148148148,SCATTER,BREAKING,TRIM_REVIEW_5_PERCENT,0.05
HERD_GIVEBACK_S1-F06-NEM-2022-07-08,HERD_GIVEBACK_S1,SERVICE_CANDIDATE,F06,NEM,2022-07-08,2022-07-08,2021-08-03,54.19271469,53.15104294,75.28791809,0.38926271770424203,-0.29402958285467984,1.0493795546906175,True,22.213955026455025,SCATTER,BREAKING,TRIM_REVIEW_5_PERCENT,0.05
HERD_GIVEBACK_S1-F06-NFLX-2021-12-10,HERD_GIVEBACK_S1,SERVICE_CANDIDATE,F06,NFLX,2021-12-10,2021-12-10,2021-08-03,51.08200073,61.16600037,69.03099823,0.3513761646665243,-0.1139342912845489,0.43818591316868793,True,51.69178486997636,CALM,BREAKING,TRIM_REVIEW_5_PERCENT,0.05
HERD_GIVEBACK_S1-F06-NVDA-2021-12-24,HERD_GIVEBACK_S1,SERVICE_CANDIDATE,F06,NVDA,2021-12-24,2021-12-23,2021-08-03,19.74670029,29.54665947,32.87709427,0.6649411692671212,-0.10129954833140431,0.2536431736224261,True,50.96726190476191,CALM,BREAKING,TRIM_REVIEW_5_PERCENT,0.05
HERD_GIVEBACK_S1-F06-PLD-2022-02-11,HERD_GIVEBACK_S1,SERVICE_CANDIDATE,F06,PLD,2022-02-11,2022-02-11,2021-08-03,112.2673035,127.781723,147.0393677,0.309725655787217,-0.1309693111527166,0.5538251795819474,True,32.24206349206349,SCATTER,BREAKING,TRIM_REVIEW_5_PERCENT,0.05
HERD_GIVEBACK_S1-F06-SLB-2022-07-15,HERD_GIVEBACK_S1,SERVICE_CANDIDATE,F06,SLB,2022-07-15,2022-07-15,2021-08-03,25.89728928,29.3932209,43.71218109,0.6879056575144378,-0.32757368387814756,0.8037635222663752,True,36.54927248677249,SCATTER,BREAKING,TRIM_REVIEW_5_PERCENT,0.05
HERD_GIVEBACK_S1-F06-TSLA-2021-12-24,HERD_GIVEBACK_S1,SERVICE_CANDIDATE,F06,TSLA,2021-12-24,2021-12-23,2021-08-03,236.5800018,355.6666565,407.3633423,0.7218840950232845,-0.12690559122997458,0.3027033295440196,True,57.32473544973545,CALM,BREAKING,TRIM_REVIEW_5_PERCENT,0.05
HERD_GIVEBACK_S1-F06-UNH-2022-05-13,HERD_GIVEBACK_S1,SERVICE_CANDIDATE,F06,UNH,2022-05-13,2022-05-13,2021-08-03,386.4631042,448.9702148,504.9850464,0.30668371938207906,-0.11092374318670517,0.47261148914922163,True,53.414351851851855,CALM,BREAKING,TRIM_REVIEW_5_PERCENT,0.05
HERD_GIVEBACK_S1-F06-XOM-2022-07-22,HERD_GIVEBACK_S1,SERVICE_CANDIDATE,F06,XOM,2022-07-22,2022-07-22,2021-08-03,48.42631912,76.1399765,87.83903503,0.8138697432760815,-0.13318746643794954,0.296834619484613,True,64.75694444444444,DRIFT,COOLING,TRIM_REVIEW_5_PERCENT,0.05
HERD_GIVEBACK_S1-F07-APD-2023-02-17,HERD_GIVEBACK_S1,SERVICE_CANDIDATE,F07,APD,2023-02-17,2023-02-17,2022-08-03,221.8808441,255.6915741,289.5815735,0.3051220112065547,-0.1170309249666398,0.5005854397781421,True,53.348214285714285,CALM,BREAKING,TRIM_REVIEW_5_PERCENT,0.05
HERD_GIVEBACK_S1-F07-CAT-2023-03-17,HERD_GIVEBACK_S1,SERVICE_CANDIDATE,F07,CAT,2023-03-17,2023-03-17,2022-08-03,171.5456696,204.0132904,251.0100708,0.4632259233665901,-0.18723065672311667,0.5914192983310369,True,48.379629629629626,CALM,BREAKING,TRIM_REVIEW_5_PERCENT,0.05
HERD_GIVEBACK_S1-F07-CAT-2023-05-12,HERD_GIVEBACK_S1,SERVICE_CANDIDATE,F07,CAT,2023-05-12,2023-05-12,2022-08-03,171.5456696,199.9022827,251.0100708,0.4632259233665901,-0.20360851633208654,0.6431532526290527,True,21.50297619047619,SCATTER,BREAKING,TRIM_REVIEW_5_PERCENT,0.05
HERD_GIVEBACK_S1-F07-COP-2022-12-09,HERD_GIVEBACK_S1,SERVICE_CANDIDATE,F07,COP,2022-12-09,2022-12-09,2022-08-03,79.25397491,97.66355896,118.4621124,0.4947150920130423,-0.1755713537318282,0.5304652240954992,True,36.37566137566137,SCATTER,BREAKING,TRIM_REVIEW_5_PERCENT,0.05
HERD_GIVEBACK_S1-F07-MRK-2023-02-03,HERD_GIVEBACK_S1,SERVICE_CANDIDATE,F07,MRK,2023-02-03,2023-02-03,2022-08-03,77.66473389,92.58908844,103.2925262,0.32997978653088267,-0.10362257709987155,0.41764962157210483,True,70.70932539682539,DRIFT,BREAKING,TRIM_REVIEW_5_PERCENT,0.05
HERD_GIVEBACK_S1-F07-SLB-2023-03-17,HERD_GIVEBACK_S1,SERVICE_CANDIDATE,F07,SLB,2023-03-17,2023-03-17,2022-08-03,32.34164429,41.1803894,53.46220398,0.6530453275849817,-0.22972892371954168,0.5815099012653104,True,41.38558201058201,CALM,BREAKING,TRIM_REVIEW_5_PERCENT,0.05
HERD_GIVEBACK_S1-F07-XOM-2023-03-17,HERD_GIVEBACK_S1,SERVICE_CANDIDATE,F07,XOM,2023-03-17,2023-03-17,2022-08-03,79.58499146,89.53842163,106.0578461,0.3326362691551643,-0.15575862680092656,0.6240137187562481,True,34.88756613756614,SCATTER,BREAKING,TRIM_REVIEW_5_PERCENT,0.05
HERD_GIVEBACK_S1-F08-AVGO-2024-03-15,HERD_GIVEBACK_S1,SERVICE_CANDIDATE,F08,AVGO,2024-03-15,2024-03-15,2023-08-03,85.36264801,120.3728256,136.3189392,0.5969389701222787,-0.11697650886649502,0.31293709231195704,True,65.56712962962962,DRIFT,BREAKING,TRIM_REVIEW_5_PERCENT,0.05
HERD_GIVEBACK_S1-F08-AVGO-2024-08-02,HERD_GIVEBACK_S1,SERVICE_CANDIDATE,F08,AVGO,2024-08-02,2024-08-02,2023-08-03,85.36264801,141.1651306,169.7621307,0.9887167825453684,-0.16845335283011975,0.33882909217627577,True,34.81316137566138,SCATTER,BREAKING,TRIM_REVIEW_5_PERCENT,0.05
HERD_GIVEBACK_S1-F08-CAT-2024-06-14,HERD_GIVEBACK_S1,SERVICE_CANDIDATE,F08,CAT,2024-06-14,2024-06-14,2023-08-03,269.8345032,312.3651733,367.2186279,0.3609031593258458,-0.14937546854223738,0.5632689595863873,True,50.76884920634921,CALM,BREAKING,TRIM_REVIEW_5_PERCENT,0.05
HERD_GIVEBACK_S1-F08-CRM-2024-04-26,HERD_GIVEBACK_S1,SERVICE_CANDIDATE,F08,CRM,2024-04-26,2024-04-26,2023-08-03,211.894104,269.9775085,311.4910889,0.47003188394519957,-0.13327373359732742,0.416815633943955,True,61.656746031746025,DRIFT,BREAKING,TRIM_REVIEW_5_PERCENT,0.05
HERD_GIVEBACK_S1-F08-CRM-2024-06-21,HERD_GIVEBACK_S1,SERVICE_CANDIDATE,F08,CRM,2024-06-21,2024-06-21,2023-08-03,211.894104,241.2070923,311.4910889,0.47003188394519957,-0.2256372625239489,0.7056839789936252,True,38.93022486772487,SCATTER,BREAKING,TRIM_REVIEW_5_PERCENT,0.05
HERD_GIVEBACK_S1-F08-DIS-2024-05-24,HERD_GIVEBACK_S1,SERVICE_CANDIDATE,F08,DIS,2024-05-24,2024-05-24,2023-08-03,82.88796234,98.98429871,119.0223923,0.43594303611638296,-0.16835566150857817,0.5545429556293462,True,70.36210317460316,DRIFT,BREAKING,TRIM_REVIEW_5_PERCENT,0.05
HERD_GIVEBACK_S1-F08-DIS-2024-07-26,HERD_GIVEBACK_S1,SERVICE_CANDIDATE,F08,DIS,2024-07-26,2024-07-26,2023-08-03,82.88796234,87.88056946,119.0223923,0.43594303611638296,-0.26164675602810916,0.8618324095460561,True,48.6276455026455,CALM,BREAKING,TRIM_REVIEW_5_PERCENT,0.05
HERD_GIVEBACK_S1-F08-LLY-2024-07-26,HERD_GIVEBACK_S1,SERVICE_CANDIDATE,F08,LLY,2024-07-26,2024-07-26,2023-08-03,439.6889954,793.5369873,935.3366089,1.127268634615457,-0.1516027708642379,0.2860895881222679,True,46.05654761904762,CALM,BREAKING,TRIM_REVIEW_5_PERCENT,0.05
HERD_GIVEBACK_S1-F08-META-2024-04-26,HERD_GIVEBACK_S1,SERVICE_CANDIDATE,F08,META,2024-04-26,2024-04-26,2023-08-03,310.4636536,439.8973999,523.3041382,0.6855568506393435,-0.1593848246392484,0.3918744051760161,True,56.53108465608466,CALM,BREAKING,TRIM_REVIEW_5_PERCENT,0.05
HERD_GIVEBACK_S1-F08-NFLX-2024-04-26,HERD_GIVEBACK_S1,SERVICE_CANDIDATE,F08,NFLX,2024-04-26,2024-04-26,2023-08-03,43.09999847,56.1230011,63.61800003,0.47605573754907815,-0.1178125518951495,0.3652889346012895,True,64.38492063492063,DRIFT,BREAKING,TRIM_REVIEW_5_PERCENT,0.05
HERD_GIVEBACK_S1-F08-NFLX-2024-08-02,HERD_GIVEBACK_S1,SERVICE_CANDIDATE,F08,NFLX,2024-08-02,2024-08-02,2023-08-03,43.09999847,61.36399841,69.06500244,0.6024363083927506,-0.11150371038776441,0.2965916754296572,True,52.62070105820106,CALM,BREAKING,TRIM_REVIEW_5_PERCENT,0.05
HERD_GIVEBACK_S1-F08-NVDA-2024-08-02,HERD_GIVEBACK_S1,SERVICE_CANDIDATE,F08,NVDA,2024-08-02,2024-08-02,2023-08-03,44.42844772,107.0934753,131.6629944,1.9634840098347688,-0.18660914717886745,0.28164895715143307,True,42.76620370370371,CALM,BREAKING,TRIM_REVIEW_5_PERCENT,0.05
HERD_GIVEBACK_S1-F09-AMZN-2025-03-14,HERD_GIVEBACK_S1,SERVICE_CANDIDATE,F09,AMZN,2025-03-14,2025-03-14,2024-08-05,161.0200043,197.9499969,237.6799927,0.4760898419625741,-0.1671575101828081,0.5182624812398225,True,43.73346560846561,CALM,BREAKING,TRIM_REVIEW_5_PERCENT,0.05
HERD_GIVEBACK_S1-F09-BAC-2025-03-28,HERD_GIVEBACK_S1,SERVICE_CANDIDATE,F09,BAC,2025-03-28,2025-03-28,2024-08-05,35.01062393,40.13407898,45.82849503,0.30898824087308974,-0.12425492144728634,0.5263897117428218,True,55.11739417989418,CALM,BREAKING,TRIM_REVIEW_5_PERCENT,0.05
HERD_GIVEBACK_S1-F09-CRM-2025-01-10,HERD_GIVEBACK_S1,SERVICE_CANDIDATE,F09,CRM,2025-01-10,2025-01-10,2024-08-05,235.6184235,314.1896973,357.4135742,0.5169169239433435,-0.12093518551092586,0.3548899660748155,True,58.05224867724869,CALM,BREAKING,TRIM_REVIEW_5_PERCENT,0.05
HERD_GIVEBACK_S1-F09-CRM-2025-03-07,HERD_GIVEBACK_S1,SERVICE_CANDIDATE,F09,CRM,2025-03-07,2025-03-07,2024-08-05,235.6184235,279.6322632,357.4135742,0.5169169239433435,-0.21762271109623688,0.6386240384199467,True,40.211640211640216,CALM,BREAKING,TRIM_REVIEW_5_PERCENT,0.05
HERD_GIVEBACK_S1-F09-DIS-2025-03-14,HERD_GIVEBACK_S1,SERVICE_CANDIDATE,F09,DIS,2025-03-14,2025-03-14,2024-08-05,85.77954865,96.81918335,114.7929535,0.338232192948243,-0.15657555278425683,0.6194988228001787,True,61.226851851851855,DRIFT,BREAKING,TRIM_REVIEW_5_PERCENT,0.05
HERD_GIVEBACK_S1-F09-GS-2025-03-14,HERD_GIVEBACK_S1,SERVICE_CANDIDATE,F09,GS,2025-03-14,2025-03-14,2024-08-05,440.7175293,528.093811,641.1244507,0.4547287277597287,-0.1763006224089404,0.5640056686185893,True,49.2228835978836,CALM,BREAKING,TRIM_REVIEW_5_PERCENT,0.05
HERD_GIVEBACK_S1-F09-JPM-2025-03-21,HERD_GIVEBACK_S1,SERVICE_CANDIDATE,F09,JPM,2025-03-21,2025-03-21,2024-08-05,187.0412292,234.5129852,268.4432068,0.4352087395285358,-0.12639627578759793,0.41682306253945345,True,50.12400793650794,CALM,BREAKING,TRIM_REVIEW_5_PERCENT,0.05
HERD_GIVEBACK_S1-F09-MA-2025-04-04,HERD_GIVEBACK_S1,SERVICE_CANDIDATE,F09,MA,2025-04-04,2025-04-04,2024-08-05,436.7492371,485.3094177,571.0612793,0.3075266784478603,-0.1501622762886562,0.6384525184443963,True,31.72123015873016,SCATTER,BREAKING,TRIM_REVIEW_5_PERCENT,0.05
HERD_GIVEBACK_S1-F09-META-2025-03-21,HERD_GIVEBACK_S1,SERVICE_CANDIDATE,F09,META,2025-03-21,2025-03-21,2024-08-05,472.5578308,593.8452148,733.0467529,0.5512318389878643,-0.18989448837922818,0.534385635203947,True,46.17228835978837,CALM,BREAKING,TRIM_REVIEW_5_PERCENT,0.05
HERD_GIVEBACK_S1-F09-NFLX-2025-03-07,HERD_GIVEBACK_S1,SERVICE_CANDIDATE,F09,NFLX,2025-03-07,2025-03-07,2024-08-05,59.85499954,89.11100006,105.8600006,0.7686074916641792,-0.15821840586688996,0.36406912627076915,True,48.60284391534391,CALM,BREAKING,TRIM_REVIEW_5_PERCENT,0.05
HERD_GIVEBACK_S1-F09-ORCL-2024-12-20,HERD_GIVEBACK_S1,SERVICE_CANDIDATE,F09,ORCL,2024-12-20,2024-12-20,2024-08-05,125.109993,166.3842621,188.5773163,0.5072921976744096,-0.11768676442872894,0.34967685804389365,True,62.03703703703704,DRIFT,BREAKING,TRIM_REVIEW_5_PERCENT,0.05
HERD_GIVEBACK_S1-F09-TMUS-2025-01-03,HERD_GIVEBACK_S1,SERVICE_CANDIDATE,F09,TMUS,2025-01-03,2025-01-03,2024-08-05,180.8866119,213.5529022,240.677063,0.33054105260733246,-0.11269940085649122,0.45365372398068415,True,65.94742063492063,DRIFT,BREAKING,TRIM_REVIEW_5_PERCENT,0.05
HERD_GIVEBACK_S1-F09-TSLA-2025-02-28,HERD_GIVEBACK_S1,SERVICE_CANDIDATE,F09,TSLA,2025-02-28,2025-02-28,2024-08-05,198.8800049,292.980011,436.230011,1.1934332273339563,-0.32838180865094124,0.6035390618007657,True,61.797288359788354,DRIFT,BREAKING,TRIM_REVIEW_5_PERCENT,0.05
HERD_GIVEBACK_S1-F09-V-2025-04-04,HERD_GIVEBACK_S1,SERVICE_CANDIDATE,F09,V,2025-04-04,2025-04-04,2024-08-05,252.5940247,310.1609497,359.270813,0.42232506658341373,-0.13669316160119016,0.4603612846113402,True,47.74305555555555,CALM,BREAKING,TRIM_REVIEW_5_PERCENT,0.05
HERD_GIVEBACK_S1-F09-WMT-2025-03-14,HERD_GIVEBACK_S1,SERVICE_CANDIDATE,F09,WMT,2025-03-14,2025-03-14,2024-08-05,66.34825134,84.20691681,102.6466217,0.5470885762156696,-0.179642589153034,0.5080036571096357,True,30.82837301587301,SCATTER,BREAKING,TRIM_REVIEW_5_PERCENT,0.05
