signal_date,ticker,state,horizon_months,outcome_end,forward_return,forward_trough_return,fold_id,group
2020-08-31,AMT,BREAKING_RUSH,1,2020-09-30,-0.025075624062,-0.0539435946263,F01,TREATMENT
2021-06-30,AMT,HEALTHY_RUSH,1,2021-07-31,0.046864174748,0.000703183252672,F01,CONTROL
2020-08-31,PG,EXTENDING_RUSH,3,2020-11-30,0.00947774450959,-0.0172777390598,F01,CONTROL
2021-01-31,PG,BREAKING_RUSH,3,2021-04-30,0.0472941235673,-0.0472662370591,F01,TREATMENT
2020-08-31,TMUS,HEALTHY_RUSH,3,2020-11-30,0.139355560898,-0.0658209766161,F01,CONTROL
2021-02-28,TMUS,BREAKING_RUSH,3,2021-05-31,0.17904486766,-0.0113361693409,F01,TREATMENT
2020-08-31,AMT,BREAKING_RUSH,6,2021-02-28,-0.123444387575,-0.128473543401,F01,TREATMENT
2020-08-31,CRM,EXTENDING_RUSH,6,2021-02-28,-0.205941683525,-0.218265108828,F01,CONTROL
2020-08-31,PG,EXTENDING_RUSH,6,2021-02-28,-0.0966159677135,-0.0966159677135,F01,CONTROL
2020-08-31,TMUS,HEALTHY_RUSH,6,2021-02-28,0.0281967314231,-0.0658209766161,F01,CONTROL
2020-08-31,CRM,EXTENDING_RUSH,3,2020-11-30,-0.0984779197737,-0.148102002792,F01,CONTROL
2020-08-31,AMT,BREAKING_RUSH,3,2020-11-30,-0.0675442593034,-0.080208017751,F01,TREATMENT
2020-08-31,PG,EXTENDING_RUSH,1,2020-09-30,0.00477101349578,-0.0172777390598,F01,CONTROL
2021-01-31,PG,BREAKING_RUSH,1,2021-02-28,-0.03650281873,-0.03650281873,F01,TREATMENT
2020-08-31,CRM,EXTENDING_RUSH,1,2020-09-30,-0.0782321583819,-0.134458074465,F01,CONTROL
2020-11-30,CRM,BREAKING_RUSH,1,2020-12-31,-0.0946705416031,-0.104353266447,F01,TREATMENT
2020-08-31,TMUS,HEALTHY_RUSH,1,2020-09-30,-0.01988340006,-0.0658209766161,F01,CONTROL
2020-11-30,TMUS,HEALTHY_RUSH,1,2020-12-31,0.0143672734704,-0.0269295450766,F01,CONTROL
2021-02-28,TMUS,BREAKING_RUSH,1,2021-03-31,0.0443444410226,-0.0113361693409,F01,TREATMENT
2021-05-31,TMUS,HEALTHY_RUSH,1,2021-06-30,0.0238954488676,-0.00332298911922,F01,CONTROL
2020-09-30,NKE,EXTENDING_RUSH,1,2020-10-31,-0.0434922254654,-0.0434922254654,F01,CONTROL
2021-03-31,NKE,BREAKING_RUSH,1,2021-04-30,-0.002031567057,-0.0434943721977,F01,TREATMENT
2021-06-30,NKE,EXTENDING_RUSH,1,2021-07-31,0.084276940698,0.0218781791722,F01,CONTROL
2020-09-30,ORCL,HEALTHY_RUSH,3,2020-12-31,0.0879724453866,-0.0650736384971,F01,CONTROL
2021-02-28,ORCL,EXTENDING_RUSH,3,2021-05-31,0.225866974561,0.0170513705211,F01,CONTROL
2020-09-30,SHW,EXTENDING_RUSH,3,2020-12-31,0.0567301486644,-0.0378334217734,F01,CONTROL
2021-02-28,SHW,BREAKING_RUSH,3,2021-05-31,0.252692087851,-0.0305434561353,F01,TREATMENT
2020-09-30,UNP,EXTENDING_RUSH,3,2020-12-31,0.0626259208486,-0.119368330235,F01,CONTROL
2020-09-30,MCD,EXTENDING_RUSH,1,2020-10-31,-0.029568386152,-0.029568386152,F01,CONTROL
2020-09-30,ABBV,BREAKING_RUSH,1,2020-10-31,-0.0151967869808,-0.0685452343949,F01,TREATMENT
2020-11-30,ABBV,EXTENDING_RUSH,1,2020-12-31,0.0245743322936,-0.0170205385677,F01,CONTROL
2020-09-30,APD,EXTENDING_RUSH,1,2020-10-31,-0.0725846195978,-0.0835295063831,F01,CONTROL
2020-09-30,AVGO,EXTENDING_RUSH,1,2020-10-31,-0.0403216059014,-0.0469640950125,F01,CONTROL
2021-02-28,AVGO,HEALTHY_RUSH,1,2021-03-31,-0.00550274930732,-0.103475433931,F01,CONTROL
2020-09-30,ABBV,BREAKING_RUSH,6,2021-03-31,0.26700220571,-0.0685452343949,F01,TREATMENT
2020-09-30,APD,EXTENDING_RUSH,6,2021-03-31,-0.0457053020004,-0.145882376741,F01,CONTROL
2020-09-30,AVGO,EXTENDING_RUSH,6,2021-03-31,0.293549598472,-0.0469640950125,F01,CONTROL
2020-09-30,COST,EXTENDING_RUSH,6,2021-03-31,0.0228831054943,-0.0962714799178,F01,CONTROL
2020-09-30,MCD,EXTENDING_RUSH,6,2021-03-31,0.0335755976511,-0.0554224107087,F01,CONTROL
2020-09-30,NKE,EXTENDING_RUSH,6,2021-03-31,0.0628331211585,-0.0434922254654,F01,CONTROL
2020-09-30,ORCL,HEALTHY_RUSH,6,2021-03-31,0.184652154433,-0.0650736384971,F01,CONTROL
2020-09-30,SHW,EXTENDING_RUSH,6,2021-03-31,0.0637949937287,-0.0492856774693,F01,CONTROL
2020-09-30,UNP,EXTENDING_RUSH,6,2021-03-31,0.130027223018,-0.119368330235,F01,CONTROL
2020-09-30,NKE,EXTENDING_RUSH,3,2020-12-31,0.129159136093,-0.0434922254654,F01,CONTROL
2021-03-31,NKE,BREAKING_RUSH,3,2021-06-30,0.164886584689,-0.0434943721977,F01,TREATMENT
2020-09-30,MCD,EXTENDING_RUSH,3,2020-12-31,-0.01655915352,-0.0478159937519,F01,CONTROL
2020-09-30,COST,EXTENDING_RUSH,1,2020-10-31,0.00931633508074,2.82906208664e-05,F01,CONTROL
2021-02-28,COST,BREAKING_RUSH,1,2021-03-31,0.0648943817853,-0.0591540533562,F01,TREATMENT
2021-06-30,COST,HEALTHY_RUSH,1,2021-07-31,0.088092432491,-0.00288112836799,F01,CONTROL
2020-09-30,AVGO,EXTENDING_RUSH,3,2020-12-31,0.212068830211,-0.0469640950125,F01,CONTROL
2021-02-28,AVGO,HEALTHY_RUSH,3,2021-05-31,0.0130934288006,-0.103475433931,F01,CONTROL
2020-09-30,APD,EXTENDING_RUSH,3,2020-12-31,-0.0781668126002,-0.114114177736,F01,CONTROL
2020-09-30,ABBV,BREAKING_RUSH,3,2020-12-31,0.239972186548,-0.0685452343949,F01,TREATMENT
2020-09-30,COST,EXTENDING_RUSH,3,2020-12-31,0.0912457683654,2.82906208664e-05,F01,CONTROL
2021-02-28,COST,BREAKING_RUSH,3,2021-05-31,0.145257612351,-0.0591540533562,F01,TREATMENT
2020-09-30,UNP,EXTENDING_RUSH,1,2020-10-31,-0.0999645174882,-0.119368330235,F01,CONTROL
2020-09-30,SHW,EXTENDING_RUSH,1,2020-10-31,-0.0125730167091,-0.0378334217734,F01,CONTROL
2020-11-30,SHW,EXTENDING_RUSH,1,2020-12-31,-0.0170137131193,-0.055802913464,F01,CONTROL
2021-02-28,SHW,BREAKING_RUSH,1,2021-03-31,0.0847664682863,-0.0305434561353,F01,TREATMENT
2021-04-30,SHW,EXTENDING_RUSH,1,2021-05-31,0.0373005778483,0.0147516774428,F01,CONTROL
2020-09-30,ORCL,HEALTHY_RUSH,1,2020-10-31,-0.0563280407631,-0.0650736384971,F01,CONTROL
2020-12-31,ORCL,HEALTHY_RUSH,1,2021-01-31,-0.0622780651853,-0.0633641419585,F01,CONTROL
2021-02-28,ORCL,EXTENDING_RUSH,1,2021-03-31,0.0877381904542,0.0170513705211,F01,CONTROL
2020-10-31,GOOGL,EXTENDING_RUSH,1,2020-11-30,0.0855696030983,0.00507999000901,F01,CONTROL
2021-01-31,GOOGL,HEALTHY_RUSH,1,2021-02-28,0.106465290261,0.0359590636071,F01,CONTROL
2021-04-30,GOOGL,EXTENDING_RUSH,1,2021-05-31,0.00142337259955,-0.0651158027951,F01,CONTROL
2020-10-31,FCX,HEALTHY_RUSH,1,2020-11-30,0.348904433757,0.0380620716385,F01,CONTROL
2021-02-28,FCX,EXHAUSTED_RUSH,1,2021-03-31,-0.0289000844109,-0.0825716094512,F01,TREATMENT
2021-05-31,FCX,EXHAUSTED_RUSH,1,2021-06-30,-0.131320115743,-0.181647965822,F01,TREATMENT
2020-10-31,CAT,EXTENDING_RUSH,1,2020-11-30,0.105316968027,-0.0115886559849,F01,CONTROL
2021-01-31,CAT,HEALTHY_RUSH,1,2021-02-28,0.180704801122,0.0102823021175,F01,CONTROL
2021-03-31,CAT,EXTENDING_RUSH,1,2021-04-30,-0.0117688128877,-0.0182857560661,F01,CONTROL
2021-05-31,CAT,EXHAUSTED_RUSH,1,2021-06-30,-0.0972704841681,-0.133648451818,F01,TREATMENT
2020-10-31,AMZN,BREAKING_RUSH,1,2020-11-30,0.0434398689976,-0.010430948083,F01,TREATMENT
2020-10-31,AMZN,BREAKING_RUSH,6,2021-04-30,0.142045075481,-0.0277324344047,F01,TREATMENT
2020-10-31,CAT,EXTENDING_RUSH,6,2021-04-30,0.466795724794,-0.0115886559849,F01,CONTROL
2020-10-31,FCX,HEALTHY_RUSH,6,2021-04-30,1.17958663528,0.0380620716385,F01,CONTROL
2020-10-31,GOOGL,EXTENDING_RUSH,6,2021-04-30,0.456274470711,0.00507999000901,F01,CONTROL
2020-10-31,LIN,BREAKING_RUSH,6,2021-04-30,0.307710956689,0.0373965598104,F01,TREATMENT
2020-10-31,MSFT,BREAKING_RUSH,6,2021-04-30,0.251654873995,-0.000691389659366,F01,TREATMENT
2020-10-31,NEE,HEALTHY_RUSH,6,2021-04-30,0.0692816557007,-0.0246651977997,F01,CONTROL
2020-10-31,NEM,BREAKING_RUSH,6,2021-04-30,0.00960106626556,-0.128817732044,F01,TREATMENT
2020-10-31,NVDA,EXHAUSTED_RUSH,6,2021-04-30,0.198269867117,-0.0747826489091,F01,TREATMENT
2020-10-31,PLD,BREAKING_RUSH,6,2021-04-30,0.188897055545,-0.0477953363759,F01,TREATMENT
2020-10-31,WMT,HEALTHY_RUSH,6,2021-04-30,0.016271735177,-0.0775051203178,F01,CONTROL
2020-10-31,MSFT,BREAKING_RUSH,1,2020-11-30,0.0600606393432,-0.000691389659366,F01,TREATMENT
2021-01-31,MSFT,HEALTHY_RUSH,1,2021-02-28,0.00411816771531,-0.0105302356909,F01,CONTROL
2021-06-30,MSFT,HEALTHY_RUSH,1,2021-07-31,0.0517168339577,0.00258419839042,F01,CONTROL
2020-10-31,NEE,HEALTHY_RUSH,1,2020-11-30,0.00990470583359,0.00150222881446,F01,CONTROL
2021-01-31,NEE,HEALTHY_RUSH,1,2021-02-28,-0.0866137408663,-0.0879191082652,F01,CONTROL
2021-03-31,NEE,BREAKING_RUSH,1,2021-04-30,0.0251292727164,0.00211627966151,F01,TREATMENT
2020-10-31,LIN,BREAKING_RUSH,1,2020-11-30,0.163746866248,0.0373965598104,F01,TREATMENT
2021-03-31,LIN,HEALTHY_RUSH,1,2021-04-30,0.0203473358619,0.00249880190005,F01,CONTROL
2021-05-31,LIN,EXTENDING_RUSH,1,2021-06-30,-0.0348720895358,-0.0585080885312,F01,CONTROL
2020-10-31,WMT,HEALTHY_RUSH,1,2020-11-30,0.101188997338,0.0118919302797,F01,CONTROL
2021-02-28,WMT,BREAKING_RUSH,1,2021-03-31,0.0498549204122,-0.0183957687803,F01,TREATMENT
2020-10-31,PLD,BREAKING_RUSH,1,2020-11-30,0.00856845851963,-0.00393129864862,F01,TREATMENT
2021-01-31,PLD,HEALTHY_RUSH,1,2021-02-28,-0.0400191937093,-0.0400191937093,F01,CONTROL
2021-04-30,PLD,HEALTHY_RUSH,1,2021-05-31,0.0112418973193,-0.0356991015949,F01,CONTROL
2020-10-31,AMZN,BREAKING_RUSH,3,2021-01-31,0.056008450007,-0.010430948083,F01,TREATMENT
2020-10-31,CAT,EXTENDING_RUSH,3,2021-01-31,0.170409336784,-0.0115886559849,F01,CONTROL
2021-03-31,CAT,EXTENDING_RUSH,3,2021-06-30,-0.0571707480705,-0.0951646448297,F01,CONTROL
2020-10-31,FCX,HEALTHY_RUSH,3,2021-01-31,0.551903174577,0.0380620716385,F01,CONTROL
2021-02-28,FCX,EXHAUSTED_RUSH,3,2021-05-31,0.262612955717,-0.0825716094512,F01,TREATMENT
2020-10-31,GOOGL,EXTENDING_RUSH,3,2021-01-31,0.130714845883,0.00507999000901,F01,CONTROL
2021-02-28,GOOGL,EXTENDING_RUSH,3,2021-05-31,0.16565510623,-0.00712689817665,F01,CONTROL
2020-10-31,NEM,BREAKING_RUSH,1,2020-11-30,-0.0639720095999,-0.0950031188155,F01,TREATMENT
2020-10-31,MSFT,BREAKING_RUSH,3,2021-01-31,0.148650410154,-0.000691389659366,F01,TREATMENT
2020-10-31,NEE,HEALTHY_RUSH,3,2021-01-31,0.109811180127,-0.00477940172911,F01,CONTROL
2021-03-31,NEE,BREAKING_RUSH,3,2021-06-30,-0.025692788532,-0.0538286172517,F01,TREATMENT
2020-10-31,NEM,BREAKING_RUSH,3,2021-01-31,-0.0451918554042,-0.0950031188155,F01,TREATMENT
2020-10-31,LIN,BREAKING_RUSH,3,2021-01-31,0.117891443422,0.0373965598104,F01,TREATMENT
2021-03-31,LIN,HEALTHY_RUSH,3,2021-06-30,0.0356159975609,0.00249880190005,F01,CONTROL
2020-10-31,NVDA,EXHAUSTED_RUSH,3,2021-01-31,0.0366671237709,0.0037298933775,F01,TREATMENT
2020-10-31,NVDA,EXHAUSTED_RUSH,1,2020-11-30,0.0692116495052,0.0037298933775,F01,TREATMENT
2020-12-31,NVDA,BREAKING_RUSH,1,2021-01-31,-0.00499833380157,-0.033741978686,F01,TREATMENT
2021-05-31,NVDA,HEALTHY_RUSH,1,2021-06-30,0.231622515873,0.00123174956725,F01,CONTROL
2020-10-31,WMT,HEALTHY_RUSH,3,2021-01-31,0.0162415799862,0.0118919302797,F01,CONTROL
2021-02-28,WMT,BREAKING_RUSH,3,2021-05-31,0.102086962703,-0.0183957687803,F01,TREATMENT
2020-10-31,PLD,BREAKING_RUSH,3,2021-01-31,0.0464007822208,-0.0477953363759,F01,TREATMENT
2021-02-28,PLD,BREAKING_RUSH,3,2021-05-31,0.196847179684,-0.0346220897345,F01,TREATMENT
2020-11-30,TSLA,EXHAUSTED_RUSH,6,2021-05-31,0.101515144898,-0.0081042554182,F01,TREATMENT
2020-11-30,HON,EXTENDING_RUSH,6,2021-05-31,0.142195605465,-0.0419281007405,F01,CONTROL
2020-11-30,HON,EXTENDING_RUSH,3,2021-02-28,-0.00330662244949,-0.0419281007405,F01,CONTROL
2021-03-31,HON,EXHAUSTED_RUSH,3,2021-06-30,0.0147927766402,-0.0168979385198,F01,TREATMENT
2020-11-30,TSLA,EXHAUSTED_RUSH,3,2021-02-28,0.19009870766,0.00214945722338,F01,TREATMENT
2021-03-31,TSLA,BREAKING_RUSH,3,2021-06-30,0.0176216366958,-0.156408544361,F01,TREATMENT
2020-11-30,HON,EXTENDING_RUSH,1,2020-12-31,0.0430560589373,0.0111809848558,F01,CONTROL
2021-02-28,HON,BREAKING_RUSH,1,2021-03-31,0.0727450722901,0.00291568419526,F01,TREATMENT
2021-05-31,HON,HEALTHY_RUSH,1,2021-06-30,-0.0500626074749,-0.0797279697237,F01,CONTROL
2020-11-30,TSLA,EXHAUSTED_RUSH,1,2020-12-31,0.243252280413,0.00214945722338,F01,TREATMENT
2021-03-31,TSLA,BREAKING_RUSH,1,2021-04-30,0.0621472476225,-0.00925245610933,F01,TREATMENT
2020-12-31,AAPL,HEALTHY_RUSH,3,2021-03-31,-0.0780577020437,-0.121758414654,F01,CONTROL
2020-12-31,DIS,EXTENDING_RUSH,3,2021-03-31,0.0184348008192,-0.100176496288,F01,CONTROL
2020-12-31,AAPL,HEALTHY_RUSH,6,2021-06-30,0.0354783103336,-0.121758414654,F01,CONTROL
2020-12-31,GS,EXTENDING_RUSH,6,2021-06-30,0.449727517772,0.00489192839234,F01,CONTROL
2020-12-31,DIS,EXTENDING_RUSH,6,2021-06-30,-0.0298596876628,-0.100176496288,F01,CONTROL
2020-12-31,GS,EXTENDING_RUSH,3,2021-03-31,0.244869182883,0.00489192839234,F01,CONTROL
2021-04-30,GS,EXTENDING_RUSH,3,2021-07-31,0.0794836895363,0.00398916759644,F01,CONTROL
2020-12-31,AAPL,HEALTHY_RUSH,1,2021-01-31,-0.00550168148146,-0.0458964855635,F01,CONTROL
2021-03-31,AAPL,BREAKING_RUSH,1,2021-04-30,0.0762179207428,0.00695871325569,F01,TREATMENT
2020-12-31,DIS,EXTENDING_RUSH,1,2021-01-31,-0.0718069394306,-0.100176496288,F01,CONTROL
2021-02-28,DIS,EXTENDING_RUSH,1,2021-03-31,-0.0239101486223,-0.0239101486223,F01,CONTROL
2021-05-31,DIS,BREAKING_RUSH,1,2021-06-30,-0.0161208255179,-0.0348727215203,F01,TREATMENT
2020-12-31,GS,EXTENDING_RUSH,1,2021-01-31,0.0282889047458,0.00489192839234,F01,CONTROL
2021-02-28,GS,EXTENDING_RUSH,1,2021-03-31,0.027558656828,0.0235679887191,F01,CONTROL
2021-04-30,GS,EXTENDING_RUSH,1,2021-05-31,0.0712480462761,0.00398916759644,F01,CONTROL
2021-01-31,JNJ,EXTENDING_RUSH,6,2021-07-31,0.0688091443711,-0.055817469604,F01,CONTROL
2021-01-31,LLY,EXTENDING_RUSH,6,2021-07-31,0.180927243273,-0.130055220856,F01,CONTROL
2021-01-31,LLY,EXTENDING_RUSH,3,2021-04-30,-0.117501213545,-0.130055220856,F01,CONTROL
2021-01-31,JNJ,EXTENDING_RUSH,3,2021-04-30,0.00376835875593,-0.055817469604,F01,CONTROL
2021-01-31,JNJ,EXTENDING_RUSH,1,2021-02-28,-0.0225703629565,-0.0225703629565,F01,CONTROL
2021-01-31,LLY,EXTENDING_RUSH,1,2021-02-28,-0.0106955677555,-0.0529403076549,F01,CONTROL
2021-04-30,LLY,BREAKING_RUSH,1,2021-05-31,0.0976783069708,0.0172346438258,F01,TREATMENT
2021-06-30,LLY,EXTENDING_RUSH,1,2021-07-31,0.0609098358874,0.00701460443767,F01,CONTROL
2021-02-28,GE,HEALTHY_RUSH,3,2021-05-31,0.122039251969,-0.0208096358695,F01,CONTROL
2021-02-28,JPM,EXTENDING_RUSH,3,2021-05-31,0.122560949345,0.0072565129343,F01,CONTROL
2021-02-28,BAC,HEALTHY_RUSH,3,2021-05-31,0.227327694138,0.0236242028083,F01,CONTROL
2021-02-28,JPM,EXTENDING_RUSH,1,2021-03-31,0.0343819275527,0.0155601654191,F01,CONTROL
2021-05-31,JPM,HEALTHY_RUSH,1,2021-06-30,-0.0529713623493,-0.0993668645478,F01,CONTROL
2021-02-28,GE,HEALTHY_RUSH,1,2021-03-31,0.0478215377148,-0.0208096358695,F01,CONTROL
2021-02-28,BAC,HEALTHY_RUSH,1,2021-03-31,0.120201095631,0.0236242028083,F01,CONTROL
2021-05-31,BAC,HEALTHY_RUSH,1,2021-06-30,-0.0232703937186,-0.0813104814909,F01,CONTROL
2021-03-31,UNH,HEALTHY_RUSH,3,2021-06-30,0.0801908800843,-0.0206949858994,F01,CONTROL
2021-03-31,UNH,HEALTHY_RUSH,1,2021-04-30,0.0718413313044,-0.0206949858994,F01,CONTROL
2021-03-31,HD,HEALTHY_RUSH,3,2021-06-30,0.0501631199219,-0.00345030984743,F01,CONTROL
2021-03-31,HD,HEALTHY_RUSH,1,2021-04-30,0.0603440044361,0.00818973481544,F01,CONTROL
2021-04-30,SO,EXTENDING_RUSH,3,2021-07-31,-0.0249685282213,-0.0770252795686,F01,CONTROL
2021-04-30,SO,EXTENDING_RUSH,1,2021-05-31,-0.0242050653449,-0.0281744419614,F01,CONTROL
2021-06-30,SO,BREAKING_RUSH,1,2021-07-31,0.0555280310292,0.0137166712868,F01,TREATMENT
2021-06-30,META,HEALTHY_RUSH,1,2021-07-31,0.0247044221508,-0.0309453819638,F01,CONTROL
2021-08-31,ABBV,HEALTHY_RUSH,6,2022-02-28,0.25114634419,-0.119059541134,F02,CONTROL
2021-08-31,AMT,HEALTHY_RUSH,6,2022-02-28,-0.216003521079,-0.216003521079,F02,CONTROL
2021-08-31,GOOGL,EXTENDING_RUSH,6,2022-02-28,-0.0666252322065,-0.122756022709,F02,CONTROL
2021-08-31,GS,HEALTHY_RUSH,6,2022-02-28,-0.170295647314,-0.172969755323,F02,CONTROL
2021-08-31,LIN,EXHAUSTED_RUSH,6,2022-02-28,-0.061582308805,-0.087151714202,F02,TREATMENT
2021-08-31,META,HEALTHY_RUSH,6,2022-02-28,-0.443750321649,-0.47690968651,F02,CONTROL
2021-08-31,ABBV,HEALTHY_RUSH,3,2021-11-30,-0.0339659256823,-0.119059541134,F02,CONTROL
2021-12-31,ABBV,EXTENDING_RUSH,3,2022-03-31,0.209691367056,-0.0151437902609,F02,CONTROL
2021-08-31,AMT,HEALTHY_RUSH,3,2021-11-30,-0.0974288054995,-0.114449835527,F02,CONTROL
2021-08-31,TMUS,BREAKING_RUSH,1,2021-09-30,-0.0675813417569,-0.0884542054043,F02,TREATMENT
2021-08-31,META,HEALTHY_RUSH,1,2021-09-30,-0.105408889367,-0.105408889367,F02,CONTROL
2021-08-31,LIN,EXHAUSTED_RUSH,1,2021-09-30,-0.0642607891046,-0.0642607891046,F02,TREATMENT
2021-12-31,LIN,EXTENDING_RUSH,1,2022-01-31,-0.0801028171425,-0.108246948881,F02,CONTROL
2022-02-28,LIN,BREAKING_RUSH,1,2022-03-31,0.0936833229313,-0.0758763312073,F02,TREATMENT
2021-08-31,GS,HEALTHY_RUSH,1,2021-09-30,-0.0858021743214,-0.0910980787425,F02,CONTROL
2021-11-30,GS,BREAKING_RUSH,1,2021-12-31,0.00939362192423,-0.0194727037227,F02,TREATMENT
2021-08-31,GOOGL,EXTENDING_RUSH,1,2021-09-30,-0.0761693093996,-0.0761693093996,F02,CONTROL
2021-11-30,GOOGL,BREAKING_RUSH,1,2021-12-31,0.0208213346662,-0.0059620330202,F02,TREATMENT
2022-01-31,GOOGL,BREAKING_RUSH,1,2022-02-28,-0.00182187170949,-0.0570236830371,F02,TREATMENT
2021-08-31,AMT,HEALTHY_RUSH,1,2021-09-30,-0.0873534859258,-0.0873534859258,F02,CONTROL
2021-11-30,AMT,BREAKING_RUSH,1,2021-12-31,0.119905673328,-0.0134482846161,F02,TREATMENT
2021-08-31,ABBV,HEALTHY_RUSH,1,2021-09-30,-0.106888489785,-0.119059541134,F02,CONTROL
2021-12-31,ABBV,EXTENDING_RUSH,1,2022-01-31,0.0214953772209,-0.0151437902609,F02,CONTROL
2022-03-31,ABBV,HEALTHY_RUSH,1,2022-04-30,-0.0862481999732,-0.0862481999732,F02,CONTROL
2022-06-30,ABBV,EXHAUSTED_RUSH,1,2022-07-31,-0.0542415929204,-0.0542415929204,F02,TREATMENT
2021-08-31,TMUS,BREAKING_RUSH,6,2022-02-28,-0.100788154885,-0.258356377161,F02,TREATMENT
2021-08-31,NVDA,HEALTHY_RUSH,1,2021-09-30,-0.0745590023359,-0.0834487969906,F02,CONTROL
2021-10-31,NVDA,HEALTHY_RUSH,1,2021-11-30,0.278053330401,0.0101692107893,F02,CONTROL
2022-01-31,NVDA,BREAKING_RUSH,1,2022-02-28,-0.00412478030861,-0.0857223095129,F02,TREATMENT
2021-08-31,NVDA,HEALTHY_RUSH,6,2022-02-28,0.0894788214389,-0.11851677041,F02,CONTROL
2021-08-31,GOOGL,EXTENDING_RUSH,3,2021-11-30,-0.0193505076374,-0.0762831446427,F02,CONTROL
2022-01-31,GOOGL,BREAKING_RUSH,3,2022-04-30,-0.156640456787,-0.156640456787,F02,TREATMENT
2021-08-31,GS,HEALTHY_RUSH,3,2021-11-30,-0.0786438617569,-0.0951851795829,F02,CONTROL
2021-08-31,LIN,EXHAUSTED_RUSH,3,2021-11-30,0.0147113979645,-0.0642607891046,F02,TREATMENT
2021-12-31,LIN,EXTENDING_RUSH,3,2022-03-31,-0.0742381570065,-0.21776403385,F02,CONTROL
2021-08-31,META,HEALTHY_RUSH,3,2021-11-30,-0.144762533566,-0.177025710429,F02,CONTROL
2021-08-31,NVDA,HEALTHY_RUSH,3,2021-11-30,0.459727114201,-0.11851677041,F02,CONTROL
2022-01-31,NVDA,BREAKING_RUSH,3,2022-04-30,-0.242417630985,-0.247809477216,F02,TREATMENT
2021-08-31,TMUS,BREAKING_RUSH,3,2021-11-30,-0.205882390516,-0.205882390516,F02,TREATMENT
2021-09-30,ORCL,HEALTHY_RUSH,3,2021-12-31,0.00440047160914,0.00440047160914,F02,CONTROL
2021-09-30,ORCL,HEALTHY_RUSH,6,2022-03-31,-0.0436563621339,-0.162260215875,F02,CONTROL
2021-09-30,TSLA,HEALTHY_RUSH,6,2022-03-31,0.38959093567,-0.0147522345983,F02,CONTROL
2021-09-30,HD,HEALTHY_RUSH,3,2021-12-31,0.269500713202,-0.00545286157089,F02,CONTROL
2022-02-28,HD,BREAKING_RUSH,3,2022-05-31,-0.0356296790985,-0.0986680089053,F02,TREATMENT
2021-09-30,BAC,HEALTHY_RUSH,3,2021-12-31,0.0531011529768,0.0148411079462,F02,CONTROL
2021-09-30,AVGO,HEALTHY_RUSH,3,2021-12-31,0.380955444701,-0.0185180895972,F02,CONTROL
2021-09-30,NKE,BREAKING_RUSH,6,2022-03-31,-0.0696858956923,-0.1871506606,F02,TREATMENT
2021-09-30,TSLA,HEALTHY_RUSH,3,2021-12-31,0.362743040065,-0.000335289093274,F02,CONTROL
2022-01-31,TSLA,BREAKING_RUSH,3,2022-04-30,-0.0704159124074,-0.184345373132,F02,TREATMENT
2021-09-30,NFLX,EXTENDING_RUSH,6,2022-03-31,-0.386260127396,-0.457662917012,F02,CONTROL
2021-09-30,MCD,EXTENDING_RUSH,6,2022-03-31,0.0370125854431,-0.0690034841162,F02,CONTROL
2021-09-30,NKE,BREAKING_RUSH,3,2021-12-31,0.149690858483,0.0126009395364,F02,TREATMENT
2022-01-31,NKE,BREAKING_RUSH,3,2022-04-30,-0.155909084136,-0.204171901044,F02,TREATMENT
2021-09-30,NFLX,EXTENDING_RUSH,3,2021-12-31,-0.0129436201924,-0.038683357547,F02,CONTROL
2021-09-30,MCD,EXTENDING_RUSH,3,2021-12-31,0.117980020351,-0.0194518259955,F02,CONTROL
2021-09-30,JPM,HEALTHY_RUSH,3,2021-12-31,-0.0267931114324,-0.0538964878041,F02,CONTROL
2021-09-30,AVGO,HEALTHY_RUSH,6,2022-03-31,0.315639932177,-0.0185180895972,F02,CONTROL
2021-09-30,BAC,HEALTHY_RUSH,6,2022-03-31,-0.019530837043,-0.0880352389245,F02,CONTROL
2021-09-30,COP,HEALTHY_RUSH,6,2022-03-31,0.500521769608,0.0183288981097,F02,CONTROL
2021-09-30,CRM,EXTENDING_RUSH,6,2022-03-31,-0.21716694529,-0.297470775357,F02,CONTROL
2021-09-30,HD,HEALTHY_RUSH,6,2022-03-31,-0.0788345104715,-0.0788345104715,F02,CONTROL
2021-09-30,JPM,HEALTHY_RUSH,6,2022-03-31,-0.157165841445,-0.206751626639,F02,CONTROL
2021-09-30,CRM,EXTENDING_RUSH,3,2021-12-31,-0.063011521183,-0.0885258295949,F02,CONTROL
2021-09-30,COP,HEALTHY_RUSH,3,2021-12-31,0.0744450582861,0.0183288981097,F02,CONTROL
2022-01-31,COP,HEALTHY_RUSH,3,2022-04-30,0.0865196592746,-0.00506299034543,F02,CONTROL
2021-09-30,AVGO,HEALTHY_RUSH,1,2021-10-31,0.0963850100765,-0.0185180895972,F02,CONTROL
2021-11-30,AVGO,EXTENDING_RUSH,1,2021-12-31,0.209483288099,-0.00222133078199,F02,CONTROL
2021-09-30,BAC,HEALTHY_RUSH,1,2021-10-31,0.12555933703,0.0148411079462,F02,CONTROL
2021-09-30,COP,HEALTHY_RUSH,1,2021-10-31,0.105762645446,0.0343815726459,F02,CONTROL
2022-01-31,COP,HEALTHY_RUSH,1,2022-02-28,0.0757974730121,-0.00506299034543,F02,CONTROL
2022-03-31,COP,EXTENDING_RUSH,1,2022-04-30,-0.0448001996602,-0.0867999974755,F02,CONTROL
2021-09-30,CRM,EXTENDING_RUSH,1,2021-10-31,0.104970287002,-0.00132723663713,F02,CONTROL
2021-12-31,CRM,BREAKING_RUSH,1,2022-01-31,-0.0846023835639,-0.169716390051,F02,TREATMENT
2021-09-30,HD,HEALTHY_RUSH,1,2021-10-31,0.132455834691,-0.00545286157089,F02,CONTROL
2022-02-28,HD,BREAKING_RUSH,1,2022-03-31,-0.0465236789567,-0.0465236789567,F02,TREATMENT
2021-09-30,JPM,HEALTHY_RUSH,1,2021-10-31,0.0441307868567,-0.0105064500955,F02,CONTROL
2021-11-30,JPM,BREAKING_RUSH,1,2021-12-31,-0.00302216721427,-0.0307875537458,F02,TREATMENT
2021-09-30,MCD,EXTENDING_RUSH,1,2021-10-31,0.0184146866936,-0.0194518259955,F02,CONTROL
2021-12-31,MCD,HEALTHY_RUSH,1,2022-01-31,-0.0321557943922,-0.0721080369643,F02,CONTROL
2022-06-30,MCD,HEALTHY_RUSH,1,2022-07-31,0.0667935284653,0.0141769904899,F02,CONTROL
2021-09-30,NFLX,EXTENDING_RUSH,1,2021-10-31,0.131025293731,-0.0114526545109,F02,CONTROL
2021-12-31,NFLX,BREAKING_RUSH,1,2022-01-31,-0.290983316701,-0.402928067019,F02,TREATMENT
2021-09-30,ORCL,HEALTHY_RUSH,1,2021-10-31,0.104944303895,0.0244465547933,F02,CONTROL
2021-09-30,TSLA,HEALTHY_RUSH,1,2021-10-31,0.436529595528,-0.000335289093274,F02,CONTROL
2022-01-31,TSLA,BREAKING_RUSH,1,2022-02-28,-0.0707681584471,-0.184345373132,F02,TREATMENT
2021-09-30,NKE,BREAKING_RUSH,1,2021-10-31,0.151897302194,0.0126009395364,F02,TREATMENT
2021-11-30,NKE,HEALTHY_RUSH,1,2021-12-31,-0.0134155326938,-0.0707743442898,F02,CONTROL
2022-01-31,NKE,BREAKING_RUSH,1,2022-02-28,-0.0778010998781,-0.0778010998781,F02,TREATMENT
2021-10-31,MSFT,EXTENDING_RUSH,3,2022-01-31,-0.0605240163605,-0.128466971067,F02,CONTROL
2021-10-31,PLD,HEALTHY_RUSH,3,2022-01-31,0.0861169495281,-0.00158672834571,F02,CONTROL
2022-03-31,PLD,EXHAUSTED_RUSH,3,2022-06-30,-0.266188022763,-0.32852349874,F02,TREATMENT
2021-10-31,UNH,HEALTHY_RUSH,6,2022-04-30,0.111296004643,-0.0497970344442,F02,CONTROL
2021-10-31,UNH,HEALTHY_RUSH,3,2022-01-31,0.0296246346127,-0.0497970344442,F02,CONTROL
2022-02-28,UNH,HEALTHY_RUSH,3,2022-05-31,0.0470297956599,-0.00650396535258,F02,CONTROL
2021-10-31,PLD,HEALTHY_RUSH,6,2022-04-30,0.11585288987,-0.0251126714237,F02,CONTROL
2021-10-31,UNH,HEALTHY_RUSH,1,2021-11-30,-0.0352899478017,-0.0497970344442,F02,CONTROL
2021-12-31,UNH,EXTENDING_RUSH,1,2022-01-31,-0.0588881161213,-0.0902137414848,F02,CONTROL
2022-02-28,UNH,HEALTHY_RUSH,1,2022-03-31,0.0748294664776,-0.00506458131832,F02,CONTROL
2022-06-30,UNH,HEALTHY_RUSH,1,2022-07-31,0.0558963567874,-0.0241225972744,F02,CONTROL
2021-10-31,PLD,HEALTHY_RUSH,1,2021-11-30,0.0399418592809,-0.00158672834571,F02,CONTROL
2021-12-31,PLD,EXTENDING_RUSH,1,2022-01-31,-0.0685435418172,-0.117308061539,F02,CONTROL
2022-03-31,PLD,EXHAUSTED_RUSH,1,2022-04-30,-0.00736916424016,-0.00736916424016,F02,TREATMENT
2022-05-31,PLD,BREAKING_RUSH,1,2022-06-30,-0.0704742516975,-0.149435118719,F02,TREATMENT
2021-10-31,MSFT,EXTENDING_RUSH,6,2022-04-30,-0.159873781244,-0.181972775309,F02,CONTROL
2021-10-31,MSFT,EXTENDING_RUSH,1,2021-11-30,-0.00128199864886,-0.00678468641592,F02,CONTROL
2022-01-31,MSFT,BREAKING_RUSH,1,2022-02-28,-0.037211866258,-0.0968887678226,F02,TREATMENT
2021-11-30,SHW,EXTENDING_RUSH,6,2022-05-31,-0.187040308087,-0.293163539633,F02,CONTROL
2021-11-30,NEE,HEALTHY_RUSH,1,2021-12-31,0.0758239354766,0.0122146844831,F02,CONTROL
2022-01-31,NEE,BREAKING_RUSH,1,2022-02-28,0.00746926192848,-0.0742448941343,F02,TREATMENT
2021-11-30,NEE,HEALTHY_RUSH,6,2022-05-31,-0.117968229128,-0.206160078116,F02,CONTROL
2021-11-30,AAPL,HEALTHY_RUSH,6,2022-05-31,-0.0971046583517,-0.166805449837,F02,CONTROL
2021-11-30,AAPL,HEALTHY_RUSH,1,2021-12-31,0.0742286662706,-0.0209317651473,F02,CONTROL
2022-01-31,AAPL,HEALTHY_RUSH,1,2022-02-28,-0.0540658707792,-0.0829961598106,F02,CONTROL
2022-04-30,AAPL,BREAKING_RUSH,1,2022-05-31,-0.0544960825792,-0.127486127334,F02,TREATMENT
2021-11-30,SHW,EXTENDING_RUSH,1,2021-12-31,0.0631565948415,-0.00087528365752,F02,CONTROL
2022-01-31,SHW,BREAKING_RUSH,1,2022-02-28,-0.079469780467,-0.0962270157642,F02,TREATMENT
2021-11-30,AAPL,HEALTHY_RUSH,3,2022-02-28,0.000183743648853,-0.0367813095289,F02,CONTROL
2022-04-30,AAPL,BREAKING_RUSH,3,2022-07-31,0.0323422849859,-0.173795636111,F02,TREATMENT
2021-11-30,NEE,HEALTHY_RUSH,3,2022-02-28,-0.0930687396795,-0.166628425662,F02,CONTROL
2021-11-30,SHW,EXTENDING_RUSH,3,2022-02-28,-0.203776328454,-0.218270700426,F02,CONTROL
2021-12-31,PEP,EXTENDING_RUSH,3,2022-03-31,-0.0301025759911,-0.109198399357,F02,CONTROL
2022-04-30,PEP,HEALTHY_RUSH,3,2022-07-31,0.0260142262692,-0.0844688682294,F02,CONTROL
2021-12-31,PG,EXTENDING_RUSH,3,2022-03-31,-0.0608567481492,-0.119737843602,F02,CONTROL
2022-04-30,PG,HEALTHY_RUSH,3,2022-07-31,-0.129169827789,-0.175583977976,F02,CONTROL
2021-12-31,PEP,EXTENDING_RUSH,1,2022-01-31,-0.00109361665695,-0.0249841422201,F02,CONTROL
2022-04-30,PEP,HEALTHY_RUSH,1,2022-05-31,-0.02306244478,-0.0612081682162,F02,CONTROL
2022-06-30,PEP,HEALTHY_RUSH,1,2022-07-31,0.0498020085901,0.00960051099756,F02,CONTROL
2021-12-31,PG,EXTENDING_RUSH,1,2022-01-31,-0.0138381512609,-0.0418754325043,F02,CONTROL
2022-03-31,PG,BREAKING_RUSH,1,2022-04-30,0.056614752652,0.00837693530164,F02,TREATMENT
2021-12-31,PEP,EXTENDING_RUSH,6,2022-06-30,-0.0275575725952,-0.109198399357,F02,CONTROL
2021-12-31,PG,EXTENDING_RUSH,6,2022-06-30,-0.111276080188,-0.181921581536,F02,CONTROL
2022-01-31,CVX,EXTENDING_RUSH,1,2022-02-28,0.107985981782,0.0187319436654,F02,CONTROL
2022-04-30,CVX,HEALTHY_RUSH,1,2022-05-31,0.123998769255,0.0164678784389,F02,CONTROL
2022-01-31,EOG,EXHAUSTED_RUSH,1,2022-02-28,0.0308574060378,-0.0376749646225,F02,TREATMENT
2022-03-31,EOG,EXTENDING_RUSH,1,2022-04-30,-0.0147844082744,-0.0584089018504,F02,CONTROL
2022-05-31,EOG,HEALTHY_RUSH,1,2022-06-30,-0.182547508544,-0.206751291405,F02,CONTROL
2022-01-31,XOM,HEALTHY_RUSH,1,2022-02-28,0.0438304370815,0.00895588732232,F02,CONTROL
2022-04-30,XOM,HEALTHY_RUSH,1,2022-05-31,0.137634564268,-0.00926695492098,F02,CONTROL
2022-01-31,SO,EXTENDING_RUSH,1,2022-02-28,-0.0583310210028,-0.0863904224162,F02,CONTROL
2022-03-31,SO,HEALTHY_RUSH,1,2022-04-30,0.0121360277967,0.00841277212291,F02,CONTROL
2022-01-31,KO,HEALTHY_RUSH,1,2022-02-28,0.0201606673374,-0.0118012338914,F02,CONTROL
2022-04-30,KO,HEALTHY_RUSH,1,2022-05-31,-0.0190372319488,-0.0713512328432,F02,CONTROL
2022-06-30,KO,HEALTHY_RUSH,1,2022-07-31,0.0200287592614,-0.0246382541895,F02,CONTROL
2022-01-31,SLB,EXTENDING_RUSH,1,2022-02-28,0.00747839529,-0.0161420867695,F02,CONTROL
2022-05-31,SLB,HEALTHY_RUSH,1,2022-06-30,-0.221932240034,-0.23890336526,F02,CONTROL
2022-01-31,SLB,EXTENDING_RUSH,3,2022-04-30,0.0015731937188,-0.032831075704,F02,CONTROL
2022-01-31,XOM,HEALTHY_RUSH,3,2022-04-30,0.134742877308,0.00895588732232,F02,CONTROL
2022-01-31,CVX,EXTENDING_RUSH,3,2022-04-30,0.205473542963,0.0187319436654,F02,CONTROL
2022-01-31,EOG,EXHAUSTED_RUSH,3,2022-04-30,0.0628157951466,-0.0376749646225,F02,TREATMENT
2022-01-31,KO,HEALTHY_RUSH,3,2022-04-30,0.0671132884524,-0.0513030106674,F02,CONTROL
2022-01-31,SO,EXTENDING_RUSH,3,2022-04-30,0.0669921318018,-0.0863904224162,F02,CONTROL
2022-01-31,XOM,HEALTHY_RUSH,6,2022-07-31,0.303428553269,0.00895588732232,F02,CONTROL
2022-01-31,SO,EXTENDING_RUSH,6,2022-07-31,0.128234034729,-0.0863904224162,F02,CONTROL
2022-01-31,SLB,EXTENDING_RUSH,6,2022-07-31,-0.04579933821,-0.192678589125,F02,CONTROL
2022-01-31,KO,HEALTHY_RUSH,6,2022-07-31,0.0675034691117,-0.0513030106674,F02,CONTROL
2022-01-31,EOG,EXHAUSTED_RUSH,6,2022-07-31,0.0341088840595,-0.115586824427,F02,TREATMENT
2022-01-31,CVX,EXTENDING_RUSH,6,2022-07-31,0.270547528005,0.0187319436654,F02,CONTROL
2022-02-28,FCX,EXTENDING_RUSH,3,2022-05-31,-0.165015759277,-0.266290837912,F02,CONTROL
2022-02-28,UNP,HEALTHY_RUSH,3,2022-05-31,-0.101123109433,-0.131612064394,F02,CONTROL
2022-02-28,COST,EXHAUSTED_RUSH,3,2022-05-31,-0.100667395976,-0.19671166602,F02,TREATMENT
2022-02-28,UNP,HEALTHY_RUSH,1,2022-03-31,0.110835420351,-0.0143119929261,F02,CONTROL
2022-05-31,UNP,BREAKING_RUSH,1,2022-06-30,-0.0295749581703,-0.0606517558056,F02,TREATMENT
2022-02-28,COST,EXHAUSTED_RUSH,1,2022-03-31,0.109003194823,0.00708721284467,F02,TREATMENT
2022-05-31,COST,BREAKING_RUSH,1,2022-06-30,0.0280125892513,-0.0418900219259,F02,TREATMENT
2022-02-28,FCX,EXTENDING_RUSH,1,2022-03-31,0.0594247876844,-0.0568689853358,F02,CONTROL
2022-05-31,FCX,BREAKING_RUSH,1,2022-06-30,-0.251279505294,-0.251279505294,F02,TREATMENT
2022-03-31,DUK,HEALTHY_RUSH,1,2022-04-30,-0.013433864493,-0.013433864493,F02,CONTROL
2022-05-31,DUK,HEALTHY_RUSH,1,2022-06-30,-0.0471914372591,-0.130643300198,F02,CONTROL
2022-03-31,LLY,EXHAUSTED_RUSH,1,2022-04-30,0.0201140708663,-0.0266784571052,F02,TREATMENT
2022-03-31,LLY,EXHAUSTED_RUSH,3,2022-06-30,0.136022327715,-0.0266784571052,F02,TREATMENT
2022-03-31,NEM,HEALTHY_RUSH,1,2022-04-30,-0.0830711380411,-0.0921333633746,F02,CONTROL
2022-06-30,NEM,BREAKING_RUSH,1,2022-07-31,-0.241159603919,-0.252723299094,F02,TREATMENT
2022-03-31,DUK,HEALTHY_RUSH,3,2022-06-30,-0.0311707881874,-0.116025821776,F02,CONTROL
2022-03-31,NEM,HEALTHY_RUSH,3,2022-06-30,-0.242823850543,-0.242823850543,F02,CONTROL
2022-04-30,JNJ,HEALTHY_RUSH,3,2022-07-31,-0.0267016255976,-0.062004032311,F02,CONTROL
2022-04-30,MRK,EXTENDING_RUSH,3,2022-07-31,0.0155729653736,-0.0416056608683,F02,CONTROL
2022-04-30,WMT,EXTENDING_RUSH,3,2022-07-31,-0.13373407068,-0.224001569416,F02,CONTROL
2022-04-30,WMT,EXTENDING_RUSH,1,2022-05-31,-0.156169734695,-0.218884609575,F02,CONTROL
2022-06-30,WMT,BREAKING_RUSH,1,2022-07-31,0.0861161557715,0.00328972003308,F02,TREATMENT
2022-04-30,JNJ,HEALTHY_RUSH,1,2022-05-31,0.00123928382874,-0.0361298692366,F02,CONTROL
2022-04-30,MRK,EXTENDING_RUSH,1,2022-05-31,0.0376594125076,-0.0179276814446,F02,CONTROL
2022-08-31,CVX,EXHAUSTED_RUSH,1,2022-09-30,-0.0910415240519,-0.108186628699,F03,TREATMENT
2022-12-31,CVX,HEALTHY_RUSH,1,2023-01-31,-0.0304750669203,-0.0409495107758,F03,CONTROL
2022-08-31,DUK,BREAKING_RUSH,1,2022-09-30,-0.129922561101,-0.129922561101,F03,TREATMENT
2022-08-31,EOG,HEALTHY_RUSH,1,2022-09-30,-0.0675151307264,-0.122180703761,F03,CONTROL
2022-08-31,MRK,BREAKING_RUSH,1,2022-09-30,0.0170369224339,-0.00174042675056,F03,TREATMENT
2022-10-31,MRK,EXTENDING_RUSH,1,2022-11-30,0.0881422732426,-0.032015969389,F03,CONTROL
2023-02-28,MRK,BREAKING_RUSH,1,2023-03-31,0.00837429109667,-0.0133307454455,F03,TREATMENT
2023-04-30,MRK,HEALTHY_RUSH,1,2023-05-31,-0.0438209347719,-0.0545598114923,F03,CONTROL
2022-08-31,TMUS,EXTENDING_RUSH,1,2022-09-30,-0.0680052363995,-0.0808559027602,F03,CONTROL
2022-10-31,TMUS,HEALTHY_RUSH,1,2022-11-30,-0.000659681910128,-0.0440747614816,F03,CONTROL
2022-08-31,UNH,EXHAUSTED_RUSH,1,2022-09-30,-0.0244646852132,-0.0244646852132,F03,TREATMENT
2022-10-31,UNH,HEALTHY_RUSH,1,2022-11-30,-0.013311804278,-0.0939206947469,F03,CONTROL
2023-01-31,UNH,BREAKING_RUSH,1,2023-02-28,-0.0465755333175,-0.0568121655253,F03,TREATMENT
2022-08-31,XOM,EXHAUSTED_RUSH,1,2022-09-30,-0.0866199426643,-0.121456193526,F03,TREATMENT
2023-02-28,XOM,EXHAUSTED_RUSH,1,2023-03-31,-0.00227451297804,-0.0916204716529,F03,TREATMENT
2023-04-30,XOM,HEALTHY_RUSH,1,2023-05-31,-0.129063146825,-0.129063146825,F03,CONTROL
2022-08-31,COP,EXHAUSTED_RUSH,1,2022-09-30,-0.0515155536895,-0.0976703778429,F03,TREATMENT
2022-10-31,COP,EXTENDING_RUSH,1,2022-11-30,-0.0167179070291,-0.0167179070291,F03,CONTROL
2022-08-31,CVX,EXHAUSTED_RUSH,3,2022-11-30,0.168720601632,-0.108186628699,F03,TREATMENT
2022-12-31,CVX,HEALTHY_RUSH,3,2023-03-31,-0.0829439800537,-0.143758998033,F03,CONTROL
2022-08-31,DUK,BREAKING_RUSH,3,2022-11-30,-0.0555977568341,-0.195865661494,F03,TREATMENT
2022-08-31,MRK,BREAKING_RUSH,6,2023-02-28,0.262957003261,-0.00174042675056,F03,TREATMENT
2022-08-31,TMUS,EXTENDING_RUSH,6,2023-02-28,-0.0123648101817,-0.0864129073684,F03,CONTROL
2022-08-31,UNH,EXHAUSTED_RUSH,6,2023-02-28,-0.0778403328559,-0.0877412842992,F03,TREATMENT
2022-08-31,XOM,EXHAUSTED_RUSH,6,2023-02-28,0.167981581528,-0.121456193526,F03,TREATMENT
2022-08-31,COP,EXHAUSTED_RUSH,3,2022-11-30,0.149062073967,-0.0976703778429,F03,TREATMENT
2022-08-31,CVX,EXHAUSTED_RUSH,6,2023-02-28,0.0340748635965,-0.108186628699,F03,TREATMENT
2022-08-31,COP,EXHAUSTED_RUSH,6,2023-02-28,-0.0281880680646,-0.0976703778429,F03,TREATMENT
2022-08-31,EOG,HEALTHY_RUSH,6,2023-02-28,-0.0337505155154,-0.122180703761,F03,CONTROL
2022-08-31,DUK,BREAKING_RUSH,6,2023-02-28,-0.100071139326,-0.195865661494,F03,TREATMENT
2022-08-31,EOG,HEALTHY_RUSH,3,2022-11-30,0.191548268289,-0.122180703761,F03,CONTROL
2022-08-31,MRK,BREAKING_RUSH,3,2022-11-30,0.300465518847,-0.00174042675056,F03,TREATMENT
2023-02-28,MRK,BREAKING_RUSH,3,2023-05-31,0.0464761301716,-0.0133307454455,F03,TREATMENT
2022-08-31,TMUS,EXTENDING_RUSH,3,2022-11-30,0.0520977269404,-0.0864129073684,F03,CONTROL
2022-08-31,UNH,EXHAUSTED_RUSH,3,2022-11-30,0.0580531173566,-0.0364020549341,F03,TREATMENT
2023-01-31,UNH,BREAKING_RUSH,3,2023-04-30,-0.0107121409783,-0.0745617741533,F03,TREATMENT
2022-08-31,XOM,EXHAUSTED_RUSH,3,2022-11-30,0.174142651912,-0.121456193526,F03,TREATMENT
2023-02-28,XOM,EXHAUSTED_RUSH,3,2023-05-31,-0.0622631086685,-0.0916204716529,F03,TREATMENT
2022-09-30,MCD,BREAKING_RUSH,3,2022-12-31,0.148540460778,0.0106181306263,F03,TREATMENT
2023-01-31,MCD,BREAKING_RUSH,3,2023-04-30,0.112407011725,-0.0252056833511,F03,TREATMENT
2022-09-30,MCD,BREAKING_RUSH,6,2023-03-31,0.225657777823,0.0106181306263,F03,TREATMENT
2022-09-30,KO,BREAKING_RUSH,1,2022-10-31,0.0683681981746,-0.0290968989995,F03,TREATMENT
2022-12-31,KO,HEALTHY_RUSH,1,2023-01-31,-0.036000557776,-0.0611538191044,F03,CONTROL
2023-02-28,KO,BREAKING_RUSH,1,2023-03-31,0.0503410845919,-0.0109224510742,F03,TREATMENT
2023-04-30,KO,HEALTHY_RUSH,1,2023-05-31,-0.0699920958233,-0.0699920958233,F03,CONTROL
2023-06-30,KO,BREAKING_RUSH,1,2023-07-31,0.0283958294845,-0.0151112575312,F03,TREATMENT
2022-09-30,LLY,EXHAUSTED_RUSH,6,2023-03-31,0.0684773033034,-0.0335417356956,F03,TREATMENT
2022-09-30,KO,BREAKING_RUSH,6,2023-03-31,0.123689696229,-0.0290968989995,F03,TREATMENT
2022-09-30,SLB,HEALTHY_RUSH,6,2023-03-31,0.378855278127,0.0668522943194,F03,CONTROL
2022-09-30,LLY,EXHAUSTED_RUSH,3,2022-12-31,0.134561470667,-0.00556686921889,F03,TREATMENT
2023-01-31,LLY,BREAKING_RUSH,3,2023-04-30,0.153975880057,-0.0944790180514,F03,TREATMENT
2022-09-30,LLY,EXHAUSTED_RUSH,1,2022-10-31,0.119808319297,-0.00556686921889,F03,TREATMENT
2022-11-30,LLY,EXTENDING_RUSH,1,2022-12-31,-0.0141210262358,-0.0358411840185,F03,CONTROL
2023-01-31,LLY,BREAKING_RUSH,1,2023-02-28,-0.0927590442899,-0.0927590442899,F03,TREATMENT
2023-04-30,LLY,EXTENDING_RUSH,1,2023-05-31,0.0877004468472,0.0210681687838,F03,CONTROL
2022-09-30,SLB,HEALTHY_RUSH,3,2022-12-31,0.49422590128,0.0668522943194,F03,CONTROL
2023-01-31,SLB,EXHAUSTED_RUSH,3,2023-04-30,-0.129809042792,-0.214094821687,F03,TREATMENT
2022-09-30,MCD,BREAKING_RUSH,1,2022-10-31,0.18167650226,0.0106181306263,F03,TREATMENT
2023-01-31,MCD,BREAKING_RUSH,1,2023-02-28,-0.00735292686551,-0.0252056833511,F03,TREATMENT
2023-03-31,MCD,HEALTHY_RUSH,1,2023-04-30,0.0577233320648,0.00861911003486,F03,CONTROL
2023-06-30,MCD,HEALTHY_RUSH,1,2023-07-31,-0.0174591667523,-0.0223183802559,F03,CONTROL
2022-09-30,KO,BREAKING_RUSH,3,2022-12-31,0.143540321259,-0.0290968989995,F03,TREATMENT
2023-02-28,KO,BREAKING_RUSH,3,2023-05-31,0.0102104589154,-0.0109224510742,F03,TREATMENT
2022-09-30,SLB,HEALTHY_RUSH,1,2022-10-31,0.449303511721,0.0668522943194,F03,CONTROL
2022-12-31,SLB,EXTENDING_RUSH,1,2023-01-31,0.0658437224491,-0.036662999605,F03,CONTROL
2023-03-31,SLB,BREAKING_RUSH,1,2023-04-30,0.00509166611387,-0.0268839260425,F03,TREATMENT
2022-10-31,NEE,BREAKING_RUSH,1,2022-11-30,0.0984536199797,-0.00283863632229,F03,TREATMENT
2022-10-31,PEP,EXTENDING_RUSH,1,2022-11-30,0.0216433682963,-0.0267101473403,F03,CONTROL
2023-01-31,PEP,BREAKING_RUSH,1,2023-02-28,0.0146765862923,-0.0111099832588,F03,TREATMENT
2023-03-31,PEP,HEALTHY_RUSH,1,2023-04-30,0.0471201710045,-0.00246826138295,F03,CONTROL
2022-10-31,SO,BREAKING_RUSH,1,2022-11-30,0.0439217104456,-0.0323763005933,F03,TREATMENT
2022-10-31,CAT,EXTENDING_RUSH,1,2022-11-30,0.0921645869221,-0.00887034617528,F03,CONTROL
2023-03-31,CAT,BREAKING_RUSH,1,2023-04-30,-0.0386834972517,-0.0859552845224,F03,TREATMENT
2022-10-31,CAT,EXTENDING_RUSH,3,2023-01-31,0.171085273719,-0.00887034617528,F03,CONTROL
2023-03-31,CAT,BREAKING_RUSH,3,2023-06-30,0.0810415681649,-0.0960198004744,F03,TREATMENT
2022-10-31,NEE,BREAKING_RUSH,3,2023-01-31,-0.0321417206629,-0.0321417206629,F03,TREATMENT
2022-10-31,PEP,EXTENDING_RUSH,3,2023-01-31,-0.0522812403577,-0.0628103799114,F03,CONTROL
2023-03-31,PEP,HEALTHY_RUSH,3,2023-06-30,0.0231152201065,-0.00511124979389,F03,CONTROL
2022-10-31,SO,BREAKING_RUSH,3,2023-01-31,0.0445389586063,-0.0323763005933,F03,TREATMENT
2022-10-31,CAT,EXTENDING_RUSH,6,2023-04-30,0.0211437775969,-0.0290699566824,F03,CONTROL
2022-10-31,NEE,BREAKING_RUSH,6,2023-04-30,0.000215273848498,-0.0880197915968,F03,TREATMENT
2022-10-31,PEP,EXTENDING_RUSH,6,2023-04-30,0.0649778860362,-0.0628103799114,F03,CONTROL
2022-10-31,SO,BREAKING_RUSH,6,2023-04-30,0.146975727512,-0.0323763005933,F03,TREATMENT
2022-11-30,HON,EXTENDING_RUSH,3,2023-02-28,-0.123233004952,-0.123233004952,F03,CONTROL
2022-11-30,GS,EXTENDING_RUSH,1,2022-12-31,-0.110759989161,-0.117260266012,F03,CONTROL
2023-02-28,GS,BREAKING_RUSH,1,2023-03-31,-0.0631247673619,-0.130631510399,F03,TREATMENT
2022-11-30,HON,EXTENDING_RUSH,6,2023-05-31,-0.118080391469,-0.154552553375,F03,CONTROL
2022-11-30,GS,EXTENDING_RUSH,6,2023-05-31,-0.148768312324,-0.208303979149,F03,CONTROL
2022-11-30,APD,EXTENDING_RUSH,6,2023-05-31,-0.122224953638,-0.134846787718,F03,CONTROL
2022-11-30,APD,EXTENDING_RUSH,1,2022-12-31,-0.000928450622124,-0.00167642632946,F03,CONTROL
2023-02-28,APD,BREAKING_RUSH,1,2023-03-31,0.0106237045332,-0.06657804451,F03,TREATMENT
2022-11-30,APD,EXTENDING_RUSH,3,2023-02-28,-0.0731381373735,-0.100589270223,F03,CONTROL
2022-11-30,GS,EXTENDING_RUSH,3,2023-02-28,-0.0893435518758,-0.117260266012,F03,CONTROL
2022-11-30,HON,EXTENDING_RUSH,1,2022-12-31,-0.0239125726067,-0.0481894537997,F03,CONTROL
2023-02-28,HON,BREAKING_RUSH,1,2023-03-31,-0.00188022653168,-0.0357216325427,F03,TREATMENT
2022-12-31,ABBV,EXTENDING_RUSH,3,2023-03-31,-0.0044863875929,-0.0966854844508,F03,CONTROL
2022-12-31,ABBV,EXTENDING_RUSH,6,2023-06-30,-0.150659134171,-0.164654270128,F03,CONTROL
2022-12-31,ABBV,EXTENDING_RUSH,1,2023-01-31,-0.0770712798438,-0.0901890199907,F03,CONTROL
2023-03-31,ABBV,HEALTHY_RUSH,1,2023-04-30,-0.0430430759375,-0.057291184078,F03,CONTROL
2023-05-31,ABBV,BREAKING_RUSH,1,2023-06-30,-0.0234124615457,-0.0395043228049,F03,TREATMENT
2023-01-31,V,HEALTHY_RUSH,6,2023-07-31,0.0367057350594,-0.0665475894266,F03,CONTROL
2023-01-31,GE,EXTENDING_RUSH,3,2023-04-30,0.230886232518,0.00385189926901,F03,CONTROL
2023-01-31,V,HEALTHY_RUSH,3,2023-04-30,0.012926620566,-0.0665475894266,F03,CONTROL
2023-01-31,ORCL,EXTENDING_RUSH,6,2023-07-31,0.335451618169,-0.0619489064695,F03,CONTROL
2023-01-31,GE,EXTENDING_RUSH,6,2023-07-31,0.421849516423,0.00385189926901,F03,CONTROL
2023-01-31,BA,EXTENDING_RUSH,6,2023-07-31,0.121361530986,-0.079061015493,F03,CONTROL
2023-01-31,ORCL,EXTENDING_RUSH,3,2023-04-30,0.0752505091668,-0.0619489064695,F03,CONTROL
2023-01-31,V,HEALTHY_RUSH,1,2023-02-28,-0.0427400869858,-0.0444375397206,F03,CONTROL
2023-01-31,BA,EXTENDING_RUSH,1,2023-02-28,-0.0537558539906,-0.0697183384977,F03,CONTROL
2023-01-31,GE,EXTENDING_RUSH,1,2023-02-28,0.0525592779227,0.00385189926901,F03,CONTROL
2023-04-30,GE,HEALTHY_RUSH,1,2023-05-31,0.0258665690784,-0.00171754058324,F03,CONTROL
2023-06-30,GE,EXHAUSTED_RUSH,1,2023-07-31,0.0407326528606,-0.0225761983807,F03,TREATMENT
2023-01-31,ORCL,EXTENDING_RUSH,1,2023-02-28,-0.0119827687481,-0.0255483541241,F03,CONTROL
2023-05-31,ORCL,EXTENDING_RUSH,1,2023-06-30,0.124126699296,-0.00651318051206,F03,CONTROL
2023-01-31,BA,EXTENDING_RUSH,3,2023-04-30,-0.0292018835681,-0.079061015493,F03,CONTROL
2023-02-28,AVGO,HEALTHY_RUSH,1,2023-03-31,0.0872764495856,-0.00121147676226,F03,CONTROL
2023-05-31,AVGO,EXTENDING_RUSH,1,2023-06-30,0.0793246968219,-0.0222906335196,F03,CONTROL
2023-02-28,JPM,HEALTHY_RUSH,1,2023-03-31,-0.0909662333733,-0.12863619792,F03,CONTROL
2023-02-28,LIN,HEALTHY_RUSH,1,2023-03-31,0.0241175057847,-0.0477700842124,F03,CONTROL
2023-06-30,LIN,EXHAUSTED_RUSH,1,2023-07-31,0.0251656128568,-0.0434815244491,F03,TREATMENT
2023-02-28,LIN,HEALTHY_RUSH,3,2023-05-31,0.0189887303064,-0.0477700842124,F03,CONTROL
2023-02-28,JPM,HEALTHY_RUSH,3,2023-05-31,-0.0458663994289,-0.12863619792,F03,CONTROL
2023-02-28,AVGO,HEALTHY_RUSH,3,2023-05-31,0.369323692144,-0.00121147676226,F03,CONTROL
2023-03-31,NVDA,EXTENDING_RUSH,1,2023-04-30,-0.00100795908112,-0.0552974513845,F03,CONTROL
2023-06-30,NVDA,HEALTHY_RUSH,1,2023-07-31,0.104652449773,-0.00470415908455,F03,CONTROL
2023-03-31,NVDA,EXTENDING_RUSH,3,2023-06-30,0.523072072888,-0.0552974513845,F03,CONTROL
2023-04-30,MSFT,EXTENDING_RUSH,3,2023-07-31,0.0956658269048,-0.00930832211467,F03,CONTROL
2023-04-30,META,EXTENDING_RUSH,3,2023-07-31,0.325732377564,-0.0313749038753,F03,CONTROL
2023-04-30,MSFT,EXTENDING_RUSH,1,2023-05-31,0.0711052983549,-0.00930832211467,F03,CONTROL
2023-04-30,META,EXTENDING_RUSH,1,2023-05-31,0.101531144219,-0.0313749038753,F03,CONTROL
2023-06-30,META,EXTENDING_RUSH,1,2023-07-31,0.110181818212,-0.00334534743346,F03,CONTROL
2023-05-31,CRM,EXTENDING_RUSH,1,2023-06-30,-0.0542573004599,-0.0790132691319,F03,CONTROL
2023-05-31,GOOGL,EXTENDING_RUSH,1,2023-06-30,-0.0257996075136,-0.0369495811942,F03,CONTROL
2023-05-31,NFLX,HEALTHY_RUSH,1,2023-06-30,0.114515626756,0.010272551482,F03,CONTROL
2023-05-31,AAPL,HEALTHY_RUSH,1,2023-06-30,0.0943296150571,0.00321561561451,F03,CONTROL
2023-06-30,WMT,EXHAUSTED_RUSH,1,2023-07-31,0.0170504762236,-0.0234762440406,F03,TREATMENT
2023-06-30,SHW,EXTENDING_RUSH,1,2023-07-31,0.0413526746164,-0.0380385685072,F03,CONTROL
2023-08-31,AVGO,EXHAUSTED_RUSH,1,2023-09-30,-0.095121144757,-0.119328841445,F04,TREATMENT
2023-10-31,AVGO,EXHAUSTED_RUSH,1,2023-11-30,0.100264837541,0.0137513574812,F04,TREATMENT
2023-12-31,AVGO,EXTENDING_RUSH,1,2024-01-31,0.0571107579526,-0.0602375922071,F04,CONTROL
2024-02-29,AVGO,HEALTHY_RUSH,1,2024-03-31,0.023502423024,-0.0499733944337,F04,CONTROL
2024-04-30,AVGO,EXHAUSTED_RUSH,1,2024-05-31,0.0217491755146,-0.0474517316791,F04,TREATMENT
2024-06-30,AVGO,HEALTHY_RUSH,1,2024-07-31,0.00079107117479,-0.106089331354,F04,CONTROL
2023-08-31,LIN,HEALTHY_RUSH,3,2023-11-30,0.072595838921,-0.0554353207828,F04,CONTROL
2024-02-29,LIN,HEALTHY_RUSH,3,2024-05-31,-0.026764013545,-0.0622949567615,F04,CONTROL
2023-08-31,LLY,EXTENDING_RUSH,3,2023-11-30,0.0684446605024,-0.052345832548,F04,CONTROL
2024-01-31,LLY,HEALTHY_RUSH,3,2024-04-30,0.211984280194,0.0229551707193,F04,CONTROL
2023-08-31,MA,HEALTHY_RUSH,3,2023-11-30,0.00433749294399,-0.116402268932,F04,CONTROL
2024-01-31,MA,EXTENDING_RUSH,3,2024-04-30,0.00577658650969,0.00560952790677,F04,CONTROL
2023-08-31,MCD,BREAKING_RUSH,3,2023-11-30,0.00846064852447,-0.124346431108,F04,TREATMENT
2023-12-31,MCD,EXTENDING_RUSH,3,2024-03-31,-0.0436944091807,-0.0551247370334,F04,CONTROL
2023-08-31,NVDA,EXHAUSTED_RUSH,3,2023-11-30,-0.0522974553675,-0.182872541872,F04,TREATMENT
2024-01-31,NVDA,HEALTHY_RUSH,3,2024-04-30,0.404359802213,0.0243793957268,F04,CONTROL
2023-08-31,ORCL,EXHAUSTED_RUSH,3,2023-11-30,-0.031188469886,-0.162992128684,F04,TREATMENT
2023-08-31,SLB,EXTENDING_RUSH,3,2023-11-30,-0.113682104197,-0.116577473528,F04,CONTROL
2023-08-31,V,EXTENDING_RUSH,3,2023-11-30,0.046997971073,-0.0686666557702,F04,CONTROL
2024-01-31,V,EXTENDING_RUSH,3,2024-04-30,-0.0151839901577,-0.0151839901577,F04,CONTROL
2023-08-31,WMT,EXTENDING_RUSH,3,2023-11-30,-0.0425556627101,-0.0488283970221,F04,CONTROL
2023-08-31,WMT,EXTENDING_RUSH,1,2023-09-30,-0.016481134615,-0.016481134615,F04,CONTROL
2023-11-30,WMT,BREAKING_RUSH,1,2023-12-31,0.0163499027123,-0.0274243980261,F04,TREATMENT
2024-05-31,WMT,HEALTHY_RUSH,1,2024-06-30,0.0296531995051,0.000912309820122,F04,CONTROL
2023-08-31,V,EXTENDING_RUSH,1,2023-09-30,-0.063782176409,-0.0658579563983,F04,CONTROL
2023-11-30,V,HEALTHY_RUSH,1,2023-12-31,0.0142978244221,-0.00931130445909,F04,CONTROL
2024-01-31,V,EXTENDING_RUSH,1,2024-02-29,0.0362548273849,0.00849006102115,F04,CONTROL
2024-04-30,V,BREAKING_RUSH,1,2024-05-31,0.0162104677811,-0.00480228834035,F04,TREATMENT
2023-08-31,SLB,EXTENDING_RUSH,1,2023-09-30,-0.00706499463762,-0.00706499463762,F04,CONTROL
2023-11-30,SLB,BREAKING_RUSH,1,2023-12-31,0.00482818868772,-0.0642971003407,F04,TREATMENT
2023-08-31,ORCL,EXHAUSTED_RUSH,1,2023-09-30,-0.120192810073,-0.130991048455,F04,TREATMENT
2024-06-30,ORCL,HEALTHY_RUSH,1,2024-07-31,-0.00960543063954,-0.0364516620562,F04,CONTROL
2023-08-31,NVDA,EXHAUSTED_RUSH,1,2023-09-30,-0.118577993062,-0.168870950657,F04,TREATMENT
2023-10-31,NVDA,BREAKING_RUSH,1,2023-11-30,0.146885858748,0.0378863774382,F04,TREATMENT
2024-01-31,NVDA,HEALTHY_RUSH,1,2024-02-29,0.285809465628,0.0243793957268,F04,CONTROL
2024-04-30,NVDA,EXHAUSTED_RUSH,1,2024-05-31,0.268871228118,-0.0388995657511,F04,TREATMENT
2024-06-30,NVDA,EXHAUSTED_RUSH,1,2024-07-31,-0.0527765974791,-0.160353051961,F04,TREATMENT
2023-08-31,CAT,EXTENDING_RUSH,3,2023-11-30,-0.103562290112,-0.191768808287,F04,CONTROL
2023-12-31,CAT,HEALTHY_RUSH,3,2024-03-31,0.245062505358,-0.0576320146858,F04,CONTROL
2023-08-31,MA,HEALTHY_RUSH,1,2023-09-30,-0.0405439497765,-0.0418283633106,F04,CONTROL
2024-01-31,MA,EXTENDING_RUSH,1,2024-02-29,0.0568306000334,0.00560952790677,F04,CONTROL
2024-05-31,MA,BREAKING_RUSH,1,2024-06-30,-0.0132195252427,-0.0132195252427,F04,TREATMENT
2023-08-31,LIN,HEALTHY_RUSH,1,2023-09-30,-0.0347751191976,-0.0377561549271,F04,CONTROL
2023-10-31,LIN,HEALTHY_RUSH,1,2023-11-30,0.0827138868365,0.0129263968291,F04,CONTROL
2024-02-29,LIN,HEALTHY_RUSH,1,2024-03-31,0.0375938988532,0.000868808687333,F04,CONTROL
2024-05-31,LIN,BREAKING_RUSH,1,2024-06-30,0.0107890944663,-0.00687859486521,F04,TREATMENT
2023-08-31,CAT,EXTENDING_RUSH,1,2023-09-30,-0.0289189898991,-0.041297908057,F04,CONTROL
2023-10-31,CAT,BREAKING_RUSH,1,2023-11-30,0.109135256197,0.025569580642,F04,TREATMENT
2023-12-31,CAT,HEALTHY_RUSH,1,2024-01-31,0.0203986858196,-0.0576320146858,F04,CONTROL
2024-02-29,CAT,EXTENDING_RUSH,1,2024-03-31,0.0972270516924,-0.0012878853544,F04,CONTROL
2024-06-30,CAT,BREAKING_RUSH,1,2024-07-31,0.0435603555288,-0.0211348942684,F04,TREATMENT
2023-08-31,LLY,EXTENDING_RUSH,1,2023-09-30,-0.0308012087315,-0.0308012087315,F04,CONTROL
2023-10-31,LLY,EXTENDING_RUSH,1,2023-11-30,0.0689653663177,0.000956615383244,F04,CONTROL
2024-01-31,LLY,HEALTHY_RUSH,1,2024-02-29,0.169438309138,0.0229551707193,F04,CONTROL
2024-03-31,LLY,HEALTHY_RUSH,1,2024-04-30,0.00403621284112,-0.0682426046463,F04,CONTROL
2024-05-31,LLY,EXHAUSTED_RUSH,1,2024-06-30,0.103664332176,0.0133114844353,F04,TREATMENT
2023-08-31,MCD,BREAKING_RUSH,1,2023-09-30,-0.06299126264,-0.06299126264,F04,TREATMENT
2023-12-31,MCD,EXTENDING_RUSH,1,2024-01-31,-0.0127822864609,-0.0253617628473,F04,CONTROL
2024-03-31,MCD,BREAKING_RUSH,1,2024-04-30,-0.0316013844533,-0.058592068299,F04,TREATMENT
2023-08-31,CAT,EXTENDING_RUSH,6,2024-02-29,0.199590450967,-0.191768808287,F04,CONTROL
2023-08-31,AVGO,EXHAUSTED_RUSH,6,2024-02-29,0.423339008354,-0.119328841445,F04,TREATMENT
2023-08-31,WMT,EXTENDING_RUSH,6,2024-02-29,0.0853149993871,-0.0688129973038,F04,CONTROL
2023-08-31,V,EXTENDING_RUSH,6,2024-02-29,0.15503848703,-0.0686666557702,F04,CONTROL
2023-08-31,SLB,EXTENDING_RUSH,6,2024-02-29,-0.168182912991,-0.189696967098,F04,CONTROL
2023-08-31,ORCL,EXHAUSTED_RUSH,6,2024-02-29,-0.0653462043459,-0.16374243763,F04,TREATMENT
2023-08-31,AVGO,EXHAUSTED_RUSH,3,2023-11-30,0.00854040920459,-0.119328841445,F04,TREATMENT
2023-12-31,AVGO,EXTENDING_RUSH,3,2024-03-31,0.192433919055,-0.0602375922071,F04,CONTROL
2024-04-30,AVGO,EXHAUSTED_RUSH,3,2024-07-31,0.239667065804,-0.0474517316791,F04,TREATMENT
2023-08-31,MCD,BREAKING_RUSH,6,2024-02-29,0.0517665189532,-0.124346431108,F04,TREATMENT
2023-08-31,MA,HEALTHY_RUSH,6,2024-02-29,0.154026625028,-0.116402268932,F04,CONTROL
2023-08-31,LLY,EXTENDING_RUSH,6,2024-02-29,0.364843075052,-0.052345832548,F04,CONTROL
2023-08-31,LIN,HEALTHY_RUSH,6,2024-02-29,0.167050668069,-0.0554353207828,F04,CONTROL
2023-08-31,NVDA,EXHAUSTED_RUSH,6,2024-02-29,0.603190778535,-0.182872541872,F04,TREATMENT
2023-09-30,NFLX,BREAKING_RUSH,3,2023-12-31,0.289406829878,-0.0831832356925,F04,TREATMENT
2024-01-31,NFLX,EXTENDING_RUSH,3,2024-04-30,-0.0238783240275,-0.0238783240275,F04,CONTROL
2023-09-30,MSFT,BREAKING_RUSH,3,2023-12-31,0.193359315083,-0.00747437172156,F04,TREATMENT
2024-01-31,MSFT,HEALTHY_RUSH,3,2024-04-30,-0.0189396395857,-0.0189396395857,F04,CONTROL
2023-09-30,META,EXHAUSTED_RUSH,3,2023-12-31,0.179041587608,-0.0395053346379,F04,TREATMENT
2024-02-29,META,EXTENDING_RUSH,3,2024-05-31,-0.0475385255306,-0.122334811549,F04,CONTROL
2023-09-30,GE,EXHAUSTED_RUSH,3,2023-12-31,0.155225337215,-0.0404342757843,F04,TREATMENT
2024-02-29,GE,EXTENDING_RUSH,3,2024-05-31,0.32123464171,0.00618263358781,F04,CONTROL
2023-09-30,COST,EXTENDING_RUSH,3,2023-12-31,0.197127856032,-0.0388171568319,F04,CONTROL
2024-02-29,COST,HEALTHY_RUSH,3,2024-05-31,0.0904702687025,-0.0524405611373,F04,CONTROL
2023-09-30,COP,EXTENDING_RUSH,3,2023-12-31,-0.0262502043607,-0.0728108979432,F04,CONTROL
2023-09-30,BA,BREAKING_RUSH,3,2023-12-31,0.359870688789,-0.0727775330304,F04,TREATMENT
2024-02-29,BA,BREAKING_RUSH,3,2024-05-31,-0.128166112538,-0.193353618535,F04,TREATMENT
2023-09-30,AAPL,BREAKING_RUSH,3,2023-12-31,0.126006714082,-0.0252322266521,F04,TREATMENT
2023-09-30,AAPL,BREAKING_RUSH,6,2024-03-31,0.00417617528217,-0.0252322266521,F04,TREATMENT
2023-09-30,BA,BREAKING_RUSH,6,2024-03-31,0.00683437421688,-0.0727775330304,F04,TREATMENT
2023-09-30,COP,EXTENDING_RUSH,6,2024-03-31,0.0754116523259,-0.102928506356,F04,CONTROL
2023-09-30,COST,EXTENDING_RUSH,6,2024-03-31,0.330658539333,-0.0388171568319,F04,CONTROL
2023-09-30,GE,EXHAUSTED_RUSH,6,2024-03-31,0.588785627594,-0.0404342757843,F04,TREATMENT
2023-09-30,META,EXHAUSTED_RUSH,6,2024-03-31,0.619184250654,-0.0395053346379,F04,TREATMENT
2023-09-30,XOM,EXTENDING_RUSH,3,2023-12-31,-0.141909673838,-0.158474296192,F04,CONTROL
2024-04-30,XOM,EXTENDING_RUSH,3,2024-07-31,0.0108501092391,-0.0763493795749,F04,CONTROL
2023-09-30,AAPL,BREAKING_RUSH,1,2023-10-31,-0.00256998113631,-0.0252322266521,F04,TREATMENT
2023-09-30,BA,BREAKING_RUSH,1,2023-10-31,-0.0253546827269,-0.0727775330304,F04,TREATMENT
2023-12-31,BA,EXTENDING_RUSH,1,2024-01-31,-0.19036296208,-0.231028928279,F04,CONTROL
2024-02-29,BA,BREAKING_RUSH,1,2024-03-31,-0.0526703104103,-0.117219736694,F04,TREATMENT
2023-09-30,COP,EXTENDING_RUSH,1,2023-10-31,-0.00834715730033,-0.0540068136473,F04,CONTROL
2023-11-30,COP,BREAKING_RUSH,1,2023-12-31,0.0043261592152,-0.0436965697913,F04,TREATMENT
2023-09-30,COST,EXTENDING_RUSH,1,2023-10-31,-0.0221608535487,-0.0388171568319,F04,CONTROL
2023-11-30,COST,EXTENDING_RUSH,1,2023-12-31,0.138931972126,0.00592174319419,F04,CONTROL
2024-02-29,COST,HEALTHY_RUSH,1,2024-03-31,-0.0151366380375,-0.0400732347696,F04,CONTROL
2024-05-31,COST,HEALTHY_RUSH,1,2024-06-30,0.0495127176875,0.00679099384704,F04,CONTROL
2023-09-30,GE,EXHAUSTED_RUSH,1,2023-10-31,-0.017367872282,-0.0404342757843,F04,TREATMENT
2024-02-29,GE,EXTENDING_RUSH,1,2024-03-31,0.118809472759,0.00618263358781,F04,CONTROL
2024-05-31,GE,HEALTHY_RUSH,1,2024-06-30,-0.0373620896318,-0.0572241238003,F04,CONTROL
2023-09-30,META,EXHAUSTED_RUSH,1,2023-10-31,0.00353099411088,-0.0395053346379,F04,TREATMENT
2023-12-31,META,HEALTHY_RUSH,1,2024-01-31,0.102215115398,-0.0268109114639,F04,CONTROL
2024-02-29,META,EXTENDING_RUSH,1,2024-03-31,-0.00928323047234,-0.0133434869898,F04,CONTROL
2024-05-31,META,BREAKING_RUSH,1,2024-06-30,0.0811659544216,0.0217639513901,F04,TREATMENT
2023-09-30,MSFT,BREAKING_RUSH,1,2023-10-31,0.0708152956891,-0.00747437172156,F04,TREATMENT
2023-11-30,MSFT,EXTENDING_RUSH,1,2023-12-31,-0.00757421414934,-0.0342560572149,F04,CONTROL
2024-01-31,MSFT,HEALTHY_RUSH,1,2024-02-29,0.0423183073713,0.0134407189635,F04,CONTROL
2024-04-30,MSFT,BREAKING_RUSH,1,2024-05-31,0.0681909505185,0.0144094247427,F04,TREATMENT
2024-06-30,MSFT,HEALTHY_RUSH,1,2024-07-31,-0.0639892968912,-0.0639892968912,F04,CONTROL
2023-09-30,NFLX,BREAKING_RUSH,1,2023-10-31,0.0902807349489,-0.0831832356925,F04,TREATMENT
2024-01-31,NFLX,EXTENDING_RUSH,1,2024-02-29,0.0687986486352,-0.0170002242807,F04,CONTROL
2024-04-30,NFLX,BREAKING_RUSH,1,2024-05-31,0.165225982774,0.00194323426546,F04,TREATMENT
2023-09-30,SHW,BREAKING_RUSH,1,2023-10-31,-0.0660263411624,-0.0786904933673,F04,TREATMENT
2023-12-31,SHW,EXTENDING_RUSH,1,2024-01-31,-0.0241102439564,-0.0517151481258,F04,CONTROL
2024-02-29,SHW,EXTENDING_RUSH,1,2024-03-31,0.0460802422406,0.0037648340686,F04,CONTROL
2024-04-30,SHW,BREAKING_RUSH,1,2024-05-31,0.0162817122909,-0.00502735538175,F04,TREATMENT
2023-09-30,XOM,EXTENDING_RUSH,1,2023-10-31,-0.0997620357513,-0.102313493053,F04,CONTROL
2023-11-30,XOM,BREAKING_RUSH,1,2023-12-31,-0.0268637679278,-0.0456492427095,F04,TREATMENT
2024-04-30,XOM,EXTENDING_RUSH,1,2024-05-31,-0.000486602417984,-0.0332184594015,F04,CONTROL
2024-06-30,XOM,BREAKING_RUSH,1,2024-07-31,0.0301425121241,-0.0363098803102,F04,TREATMENT
2023-09-30,SHW,BREAKING_RUSH,6,2024-03-31,0.36798060232,-0.0786904933673,F04,TREATMENT
2023-09-30,XOM,EXTENDING_RUSH,6,2024-03-31,0.00691523076353,-0.169202554322,F04,CONTROL
2023-09-30,MSFT,BREAKING_RUSH,6,2024-03-31,0.337619748404,-0.00747437172156,F04,TREATMENT
2023-09-30,SHW,BREAKING_RUSH,3,2023-12-31,0.225697858799,-0.0786904933673,F04,TREATMENT
2024-02-29,SHW,EXTENDING_RUSH,3,2024-05-31,-0.0829498172753,-0.102178230191,F04,CONTROL
2023-09-30,NFLX,BREAKING_RUSH,6,2024-03-31,0.608395243965,-0.0831832356925,F04,TREATMENT
2023-10-31,JPM,BREAKING_RUSH,3,2024-01-31,0.261579143333,-0.000862777773955,F04,TREATMENT
2024-02-29,JPM,HEALTHY_RUSH,3,2024-05-31,0.0954098123919,-0.0264945914291,F04,CONTROL
2023-10-31,JPM,BREAKING_RUSH,6,2024-04-30,0.395424217155,-0.000862777773955,F04,TREATMENT
2023-10-31,JPM,BREAKING_RUSH,1,2023-11-30,0.122393223761,-0.000862777773955,F04,TREATMENT
2024-02-29,JPM,HEALTHY_RUSH,1,2024-03-31,0.0765345052023,-0.00413846704716,F04,CONTROL
2024-04-30,JPM,EXTENDING_RUSH,1,2024-05-31,0.0567956161404,-0.00641496481755,F04,CONTROL
2024-06-30,JPM,EXHAUSTED_RUSH,1,2024-07-31,0.0579410694782,0.0157716554442,F04,TREATMENT
2023-11-30,GOOGL,BREAKING_RUSH,1,2023-12-31,0.05402556758,-0.0245980260146,F04,TREATMENT
2024-04-30,GOOGL,EXTENDING_RUSH,1,2024-05-31,0.0597124919069,0.00663474198211,F04,CONTROL
2023-11-30,CRM,HEALTHY_RUSH,6,2024-05-31,-0.0680974691096,-0.133406939424,F04,CONTROL
2023-11-30,GOOGL,BREAKING_RUSH,6,2024-05-31,0.301592167112,-0.0245980260146,F04,TREATMENT
2023-11-30,UNH,EXTENDING_RUSH,6,2024-05-31,-0.0975650499867,-0.199892154287,F04,CONTROL
2023-11-30,UNH,EXTENDING_RUSH,1,2023-12-31,-0.0446751726882,-0.0638007817591,F04,CONTROL
2024-01-31,UNH,BREAKING_RUSH,1,2024-02-29,-0.0354476236595,-0.0354476236595,F04,TREATMENT
2023-11-30,CRM,HEALTHY_RUSH,1,2023-12-31,0.044620982711,-0.0121079487576,F04,CONTROL
2024-02-29,CRM,HEALTHY_RUSH,1,2024-03-31,-0.0234655188046,-0.0456754227431,F04,CONTROL
2024-04-30,CRM,BREAKING_RUSH,1,2024-05-31,-0.128281446046,-0.189373110823,F04,TREATMENT
2023-11-30,UNH,EXTENDING_RUSH,3,2024-02-29,-0.104320415134,-0.104683424777,F04,CONTROL
2023-11-30,CRM,HEALTHY_RUSH,3,2024-02-29,0.225962607737,-0.0121079487576,F04,CONTROL
2024-04-30,CRM,BREAKING_RUSH,3,2024-07-31,-0.0362056595526,-0.189373110823,F04,TREATMENT
2023-11-30,GOOGL,BREAKING_RUSH,3,2024-02-29,0.0447447403072,-0.0245980260146,F04,TREATMENT
2024-04-30,GOOGL,EXTENDING_RUSH,3,2024-07-31,0.0550244720438,0.00663474198211,F04,CONTROL
2023-12-31,TMUS,EXTENDING_RUSH,6,2024-06-30,0.10745326852,0.00049890926718,F04,CONTROL
2023-12-31,UNP,EXTENDING_RUSH,6,2024-06-30,-0.0687878357137,-0.0888722524918,F04,CONTROL
2023-12-31,GS,EXTENDING_RUSH,1,2024-01-31,-0.00456232277653,-0.0229670523918,F04,CONTROL
2024-03-31,GS,HEALTHY_RUSH,1,2024-04-30,0.0215947896464,-0.0675142547513,F04,CONTROL
2024-05-31,GS,EXTENDING_RUSH,1,2024-06-30,-0.0092000294343,-0.0268335236929,F04,CONTROL
2023-12-31,GS,EXTENDING_RUSH,6,2024-06-30,0.187967161861,-0.0229670523918,F04,CONTROL
2023-12-31,GS,EXTENDING_RUSH,3,2024-03-31,0.0904166680815,-0.0229670523918,F04,CONTROL
2023-12-31,TMUS,EXTENDING_RUSH,3,2024-03-31,0.0220811203675,0.00049890926718,F04,CONTROL
2024-04-30,TMUS,EXHAUSTED_RUSH,3,2024-07-31,0.114556543858,-0.0120605569616,F04,TREATMENT
2023-12-31,UNP,EXTENDING_RUSH,3,2024-03-31,0.00642754405291,-0.0399396962679,F04,CONTROL
2023-12-31,TMUS,EXTENDING_RUSH,1,2024-01-31,0.00561334876877,0.00561334876877,F04,CONTROL
2024-04-30,TMUS,EXHAUSTED_RUSH,1,2024-05-31,0.0697983034803,-0.0120605569616,F04,TREATMENT
2023-12-31,UNP,EXTENDING_RUSH,1,2024-01-31,-0.00688062949592,-0.0399396962679,F04,CONTROL
2024-01-31,ABBV,EXTENDING_RUSH,6,2024-07-31,0.148229994535,-0.0496616271943,F04,CONTROL
2024-01-31,ABBV,EXTENDING_RUSH,1,2024-02-29,0.0708637353963,0.0194039842291,F04,CONTROL
2024-04-30,ABBV,BREAKING_RUSH,1,2024-05-31,-0.00860797593371,-0.0482660389282,F04,TREATMENT
2024-01-31,MRK,EXTENDING_RUSH,1,2024-02-29,0.0527405852752,0.0377545114272,F04,CONTROL
2024-03-31,MRK,EXTENDING_RUSH,1,2024-04-30,-0.0206896421912,-0.0522168152185,F04,CONTROL
2024-05-31,MRK,BREAKING_RUSH,1,2024-06-30,-0.00796063872186,-0.00796063872186,F04,TREATMENT
2024-01-31,MRK,EXTENDING_RUSH,6,2024-07-31,-0.0517577648414,-0.0517577648414,F04,CONTROL
2024-01-31,MRK,EXTENDING_RUSH,3,2024-04-30,0.0766655071584,0.00409347033483,F04,CONTROL
2024-01-31,ABBV,EXTENDING_RUSH,3,2024-04-30,-0.00146636384022,-0.0200079351548,F04,CONTROL
2024-02-29,HD,EXTENDING_RUSH,3,2024-05-31,-0.108760529051,-0.1407361966,F04,CONTROL
2024-02-29,HD,EXTENDING_RUSH,1,2024-03-31,0.0138835816115,-0.0180446939879,F04,CONTROL
2024-04-30,HD,BREAKING_RUSH,1,2024-05-31,0.00891013434372,-0.0272872919312,F04,TREATMENT
2024-03-31,BAC,EXTENDING_RUSH,1,2024-04-30,-0.0239981114402,-0.0854429395965,F04,CONTROL
2024-05-31,BAC,EXTENDING_RUSH,1,2024-06-30,0.000547335128391,-0.0223468060168,F04,CONTROL
2024-03-31,BAC,EXTENDING_RUSH,3,2024-06-30,0.0551657258864,-0.0854429395965,F04,CONTROL
2024-04-30,PG,HEALTHY_RUSH,1,2024-05-31,0.00821071863123,-0.00949753243623,F04,CONTROL
2024-04-30,FCX,EXTENDING_RUSH,1,2024-05-31,0.0558670147455,-0.023228093604,F04,CONTROL
2024-04-30,PG,HEALTHY_RUSH,3,2024-07-31,-0.00902651859034,-0.00949753243623,F04,CONTROL
2024-04-30,FCX,EXTENDING_RUSH,3,2024-07-31,-0.0880412482863,-0.119370495175,F04,CONTROL
2024-05-31,NEE,EXTENDING_RUSH,1,2024-06-30,-0.109363976551,-0.114017838519,F04,CONTROL
2024-05-31,SO,EXTENDING_RUSH,1,2024-06-30,-0.0320688663596,-0.0320688663596,F04,CONTROL
2024-05-31,DUK,EXTENDING_RUSH,1,2024-06-30,-0.0322488132188,-0.0360143564665,F04,CONTROL
2024-06-30,KO,EXTENDING_RUSH,1,2024-07-31,0.0485466090829,-0.0150826289113,F04,CONTROL
2024-06-30,AMZN,HEALTHY_RUSH,1,2024-07-31,-0.0324450416559,-0.0693402012937,F04,CONTROL
2024-08-31,COST,HEALTHY_RUSH,3,2024-11-30,0.0905346398933,-0.0210559802922,F05,CONTROL
2025-01-31,COST,EXTENDING_RUSH,3,2025-04-30,0.0160415749602,-0.0900884378038,F05,CONTROL
2024-08-31,COST,HEALTHY_RUSH,1,2024-09-30,-0.00656671265543,-0.0175934352032,F05,CONTROL
2024-11-30,COST,HEALTHY_RUSH,1,2024-12-31,-0.0572188433821,-0.0572188433821,F05,CONTROL
2025-01-31,COST,EXTENDING_RUSH,1,2025-02-28,0.0713235374775,0.0264828520166,F05,CONTROL
2025-04-30,COST,HEALTHY_RUSH,1,2025-05-31,0.0472955172702,-0.00167739938662,F05,CONTROL
2024-08-31,NFLX,HEALTHY_RUSH,3,2024-11-30,0.264432837444,-0.0507307129313,F05,CONTROL
2025-02-28,NFLX,HEALTHY_RUSH,3,2025-05-31,0.231163823687,-0.127172240868,F05,CONTROL
2024-08-31,JPM,EXHAUSTED_RUSH,6,2025-02-28,0.190600609744,-0.0911030622571,F05,TREATMENT
2024-08-31,WMT,EXTENDING_RUSH,3,2024-11-30,0.197720892736,-0.00763960658544,F05,CONTROL
2024-12-31,WMT,EXHAUSTED_RUSH,3,2025-03-31,-0.0256659846382,-0.0647481219841,F05,TREATMENT
2025-04-30,WMT,EXHAUSTED_RUSH,3,2025-07-31,0.0099422913124,-0.0285052051941,F05,TREATMENT
2024-08-31,ABBV,EXTENDING_RUSH,6,2025-02-28,0.0834198872899,-0.15283194194,F05,CONTROL
2024-08-31,COST,HEALTHY_RUSH,6,2025-02-28,0.177932526492,-0.0210559802922,F05,CONTROL
2024-08-31,DUK,HEALTHY_RUSH,6,2025-02-28,0.0505281004701,-0.0630270783397,F05,CONTROL
2024-08-31,NEM,EXTENDING_RUSH,3,2024-11-30,-0.20593743956,-0.234350779393,F05,CONTROL
2025-04-30,NEM,EXTENDING_RUSH,3,2025-07-31,0.184334300077,-0.0763097922274,F05,CONTROL
2024-08-31,ABBV,EXTENDING_RUSH,1,2024-09-30,0.0059599568329,-0.0257247138979,F05,CONTROL
2024-10-31,ABBV,HEALTHY_RUSH,1,2024-11-30,-0.102712614038,-0.190709654814,F05,CONTROL
2025-02-28,ABBV,EXTENDING_RUSH,1,2025-03-31,0.00234416746465,-0.0369804135042,F05,CONTROL
2025-05-31,ABBV,BREAKING_RUSH,1,2025-06-30,-0.0026328794859,-0.0204180280064,F05,TREATMENT
2024-08-31,WMT,EXTENDING_RUSH,6,2025-02-28,0.279664149925,-0.00763960658544,F05,CONTROL
2024-08-31,SHW,HEALTHY_RUSH,6,2025-02-28,-0.0174134162162,-0.10450550324,F05,CONTROL
2024-08-31,NFLX,HEALTHY_RUSH,6,2025-02-28,0.398103611151,-0.0507307129313,F05,CONTROL
2024-08-31,NEM,EXTENDING_RUSH,6,2025-02-28,-0.188897417514,-0.299467787581,F05,CONTROL
2024-08-31,LLY,HEALTHY_RUSH,6,2025-02-28,-0.0377866834658,-0.242805470949,F05,CONTROL
2024-08-31,LIN,EXTENDING_RUSH,6,2025-02-28,-0.0175760849066,-0.131457767975,F05,CONTROL
2024-08-31,GOOGL,BREAKING_RUSH,6,2025-02-28,0.0448118234323,-0.0888891776286,F05,TREATMENT
2024-08-31,ABBV,EXTENDING_RUSH,3,2024-11-30,-0.0607163216402,-0.15283194194,F05,CONTROL
2025-02-28,ABBV,EXTENDING_RUSH,3,2025-05-31,-0.101421225296,-0.178431070902,F05,CONTROL
2024-08-31,SHW,HEALTHY_RUSH,3,2024-11-30,0.0778698236468,-0.0308634175751,F05,CONTROL
2024-12-31,SHW,BREAKING_RUSH,3,2025-03-31,0.0294858909747,-0.0287412350323,F05,TREATMENT
2024-08-31,LIN,EXTENDING_RUSH,3,2024-11-30,-0.0332552877054,-0.0687592264587,F05,CONTROL
2025-03-31,LIN,HEALTHY_RUSH,3,2025-06-30,0.0108158764043,-0.112340120721,F05,CONTROL
2024-08-31,DUK,HEALTHY_RUSH,1,2024-09-30,0.0118474543108,0.0104433144898,F05,CONTROL
2025-02-28,DUK,HEALTHY_RUSH,1,2025-03-31,0.03813095643,-0.0225551687534,F05,CONTROL
2024-08-31,GOOGL,BREAKING_RUSH,1,2024-09-30,0.0164652561525,-0.0888891776286,F05,TREATMENT
2024-12-31,GOOGL,EXTENDING_RUSH,1,2025-01-31,0.0777602210951,0.000686707085418,F05,CONTROL
2025-03-31,GOOGL,BREAKING_RUSH,1,2025-04-30,0.026901138454,-0.0642783888036,F05,TREATMENT
2024-08-31,GS,EXHAUSTED_RUSH,1,2024-09-30,-0.0296717757502,-0.0845075114064,F05,TREATMENT
2024-10-31,GS,EXHAUSTED_RUSH,1,2024-11-30,0.175322131342,-0.0122056806493,F05,TREATMENT
2025-01-31,GS,EXTENDING_RUSH,1,2025-02-28,-0.0234607961482,-0.0505934206191,F05,CONTROL
2025-04-30,GS,BREAKING_RUSH,1,2025-05-31,0.102078382001,0.00330567248814,F05,TREATMENT
2025-06-30,GS,EXTENDING_RUSH,1,2025-07-31,0.0223808439536,-0.0158106573728,F05,CONTROL
2024-08-31,JPM,EXHAUSTED_RUSH,1,2024-09-30,-0.0620105500339,-0.0911030622571,F05,TREATMENT
2024-10-31,JPM,HEALTHY_RUSH,1,2024-11-30,0.125270395881,-0.00964305894221,F05,CONTROL
2025-01-31,JPM,EXTENDING_RUSH,1,2025-02-28,-0.00991389134769,-0.0370370784388,F05,CONTROL
2025-05-31,JPM,HEALTHY_RUSH,1,2025-06-30,0.0981437950832,-0.00776522181868,F05,CONTROL
2024-08-31,LIN,EXTENDING_RUSH,1,2024-09-30,2.58652906695e-05,-0.0419372165721,F05,CONTROL
2024-11-30,LIN,BREAKING_RUSH,1,2024-12-31,-0.0890478571582,-0.091245368052,F05,TREATMENT
2025-03-31,LIN,HEALTHY_RUSH,1,2025-04-30,-0.0266515533803,-0.112340120721,F05,CONTROL
2024-08-31,LLY,HEALTHY_RUSH,1,2024-09-30,-0.0771651663746,-0.0856544850982,F05,CONTROL
2024-11-30,LLY,BREAKING_RUSH,1,2024-12-31,-0.0293580830511,-0.0475388871259,F05,TREATMENT
2025-04-30,LLY,EXTENDING_RUSH,1,2025-05-31,-0.177727354171,-0.204435223949,F05,CONTROL
2024-08-31,NEM,EXTENDING_RUSH,1,2024-09-30,0.00599689797545,-0.0525372583916,F05,CONTROL
2024-10-31,NEM,BREAKING_RUSH,1,2024-11-30,-0.0715307607282,-0.104753473061,F05,TREATMENT
2025-04-30,NEM,EXTENDING_RUSH,1,2025-05-31,0.00544461246508,-0.0763097922274,F05,CONTROL
2024-08-31,NFLX,HEALTHY_RUSH,1,2024-09-30,0.0112925042537,-0.0507307129313,F05,CONTROL
2024-10-31,NFLX,HEALTHY_RUSH,1,2024-11-30,0.172982599611,-0.000687728425857,F05,CONTROL
2025-02-28,NFLX,HEALTHY_RUSH,1,2025-03-31,-0.0489822287443,-0.116137722504,F05,CONTROL
2024-08-31,SHW,HEALTHY_RUSH,1,2024-09-30,0.0332998858581,-0.0251510247739,F05,CONTROL
2024-12-31,SHW,BREAKING_RUSH,1,2025-01-31,0.0536286811414,-0.0287412350323,F05,TREATMENT
2024-08-31,WMT,EXTENDING_RUSH,1,2024-09-30,0.0455780316301,-0.00763960658544,F05,CONTROL
2024-11-30,WMT,HEALTHY_RUSH,1,2024-12-31,-0.0210791667538,-0.0210791667538,F05,CONTROL
2025-01-31,WMT,HEALTHY_RUSH,1,2025-02-28,0.00458423682806,-0.0457416881938,F05,CONTROL
2025-04-30,WMT,EXHAUSTED_RUSH,1,2025-05-31,0.0175699377563,-0.0117038288907,F05,TREATMENT
2024-08-31,DUK,HEALTHY_RUSH,3,2024-11-30,0.0369959476831,-0.0326457426164,F05,CONTROL
2025-02-28,DUK,HEALTHY_RUSH,3,2025-05-31,0.0110707080681,-0.04281215719,F05,CONTROL
2024-08-31,GOOGL,BREAKING_RUSH,3,2024-11-30,0.0354643606703,-0.0888891776286,F05,TREATMENT
2024-12-31,GOOGL,EXTENDING_RUSH,3,2025-03-31,-0.18215479926,-0.183794307634,F05,CONTROL
2024-08-31,GS,EXHAUSTED_RUSH,3,2024-11-30,0.192689897913,-0.0845075114064,F05,TREATMENT
2025-01-31,GS,EXTENDING_RUSH,3,2025-04-30,-0.140747887159,-0.27465335722,F05,CONTROL
2024-08-31,JPM,EXHAUSTED_RUSH,3,2024-11-30,0.117661491686,-0.0911030622571,F05,TREATMENT
2025-01-31,JPM,EXTENDING_RUSH,3,2025-04-30,-0.0792115539759,-0.208472808681,F05,CONTROL
2024-08-31,LLY,HEALTHY_RUSH,3,2024-11-30,-0.170155692765,-0.241261180071,F05,CONTROL
2025-04-30,LLY,EXTENDING_RUSH,3,2025-07-31,-0.175052058823,-0.204435223949,F05,CONTROL
2024-08-31,GS,EXHAUSTED_RUSH,6,2025-02-28,0.231697899683,-0.0845075114064,F05,TREATMENT
2024-09-30,SO,EXTENDING_RUSH,3,2024-12-31,-0.0796226982939,-0.0887907000202,F05,CONTROL
2025-03-31,SO,EXTENDING_RUSH,3,2025-06-30,0.00709617330783,-0.0765631696237,F05,CONTROL
2024-09-30,ORCL,EXTENDING_RUSH,3,2024-12-31,-0.019866667959,-0.0271012184434,F05,CONTROL
2024-09-30,META,HEALTHY_RUSH,3,2024-12-31,0.0236571743821,-0.0320730750493,F05,CONTROL
2025-01-31,META,EXTENDING_RUSH,3,2025-04-30,-0.202692366756,-0.296132792306,F05,CONTROL
2024-09-30,HD,EXTENDING_RUSH,3,2024-12-31,-0.0349497461604,-0.0447988929155,F05,CONTROL
2025-02-28,HD,BREAKING_RUSH,3,2025-05-31,-0.0654886660715,-0.149350847792,F05,TREATMENT
2024-09-30,GE,HEALTHY_RUSH,3,2024-12-31,-0.114106897689,-0.151818858978,F05,CONTROL
2025-01-31,GE,HEALTHY_RUSH,3,2025-04-30,-0.00812998895311,-0.179052054026,F05,CONTROL
2024-09-30,CAT,HEALTHY_RUSH,3,2024-12-31,-0.0691773688586,-0.075309970753,F05,CONTROL
2024-09-30,GE,HEALTHY_RUSH,6,2025-03-31,0.0650602865285,-0.151818858978,F05,CONTROL
2024-09-30,HD,EXTENDING_RUSH,6,2025-03-31,-0.085000226642,-0.133035812009,F05,CONTROL
2024-09-30,CAT,HEALTHY_RUSH,1,2024-10-31,-0.0346910621136,-0.0346910621136,F05,CONTROL
2024-12-31,CAT,BREAKING_RUSH,1,2025-01-31,0.0276813678098,-0.032418107692,F05,TREATMENT
2024-09-30,GE,HEALTHY_RUSH,1,2024-10-31,-0.0890868477389,-0.0890868477389,F05,CONTROL
2024-12-31,GE,BREAKING_RUSH,1,2025-01-31,0.220516863899,0.0107921099082,F05,TREATMENT
2025-05-31,GE,EXTENDING_RUSH,1,2025-06-30,0.0466837286428,-0.0413159060191,F05,CONTROL
2024-09-30,SO,EXTENDING_RUSH,1,2024-10-31,0.00942555251913,-0.021290625928,F05,CONTROL
2024-12-31,SO,BREAKING_RUSH,1,2025-01-31,0.0198006993537,-0.016520876759,F05,TREATMENT
2025-03-31,SO,EXTENDING_RUSH,1,2025-04-30,-0.000652364772045,-0.055356044315,F05,CONTROL
2024-09-30,ORCL,EXTENDING_RUSH,1,2024-10-31,-0.0128085579012,-0.0207744981792,F05,CONTROL
2024-12-31,ORCL,BREAKING_RUSH,1,2025-01-31,0.0230317084933,-0.0740618564628,F05,TREATMENT
2025-06-30,ORCL,EXTENDING_RUSH,1,2025-07-31,0.163194622965,0.00150948281275,F05,CONTROL
2024-09-30,HD,EXTENDING_RUSH,1,2024-10-31,-0.0282577220157,-0.0312933263713,F05,CONTROL
2024-11-30,HD,HEALTHY_RUSH,1,2024-12-31,-0.0935382563327,-0.102789458232,F05,CONTROL
2025-02-28,HD,BREAKING_RUSH,1,2025-03-31,-0.0700561284755,-0.11887624792,F05,TREATMENT
2024-09-30,CAT,HEALTHY_RUSH,6,2025-03-31,-0.150648599243,-0.158503381296,F05,CONTROL
2024-09-30,META,HEALTHY_RUSH,1,2024-10-31,-0.00848989375274,-0.0152852403764,F05,CONTROL
2024-12-31,META,EXHAUSTED_RUSH,1,2025-01-31,0.177059303354,0.014927172809,F05,TREATMENT
2025-04-30,META,BREAKING_RUSH,1,2025-05-31,0.179398895415,0.0422768713693,F05,TREATMENT
2025-06-30,META,HEALTHY_RUSH,1,2025-07-31,0.0478938573729,-0.0580959901017,F05,CONTROL
2024-09-30,SO,EXTENDING_RUSH,6,2025-03-31,0.0367677708558,-0.0948281382672,F05,CONTROL
2024-09-30,ORCL,EXTENDING_RUSH,6,2025-03-31,-0.175652436724,-0.175652436724,F05,CONTROL
2024-09-30,META,HEALTHY_RUSH,6,2025-03-31,0.00855648758244,-0.0320730750493,F05,CONTROL
2024-10-31,NVDA,HEALTHY_RUSH,6,2025-04-30,-0.179440162216,-0.289505967829,F05,CONTROL
2024-10-31,UNH,BREAKING_RUSH,6,2025-04-30,-0.265220137084,-0.269166903382,F05,TREATMENT
2024-10-31,KO,BREAKING_RUSH,6,2025-04-30,0.12754116998,-0.0618400501687,F05,TREATMENT
2024-10-31,UNH,BREAKING_RUSH,1,2024-11-30,0.0809567505921,-0.0119218476374,F05,TREATMENT
2024-10-31,KO,BREAKING_RUSH,3,2025-01-31,-0.0206480199831,-0.0618400501687,F05,TREATMENT
2025-02-28,KO,EXTENDING_RUSH,3,2025-05-31,0.0199699746924,-0.0327969176498,F05,CONTROL
2024-10-31,NVDA,HEALTHY_RUSH,3,2025-01-31,-0.0955236483194,-0.10795293166,F05,CONTROL
2024-10-31,UNH,BREAKING_RUSH,3,2025-01-31,-0.0353040882675,-0.136612459425,F05,TREATMENT
2024-10-31,NVDA,HEALTHY_RUSH,1,2024-11-30,0.0413528973737,0.0194337849264,F05,CONTROL
2024-12-31,NVDA,HEALTHY_RUSH,1,2025-01-31,-0.105890274888,-0.118177100398,F05,CONTROL
2025-06-30,NVDA,EXTENDING_RUSH,1,2025-07-31,0.125830878773,-0.0296854237902,F05,CONTROL
2024-10-31,KO,BREAKING_RUSH,1,2024-11-30,-0.0113913376733,-0.0546623345887,F05,TREATMENT
2025-02-28,KO,EXTENDING_RUSH,1,2025-03-31,0.0131795952921,-0.0285526790457,F05,CONTROL
2025-06-30,KO,BREAKING_RUSH,1,2025-07-31,-0.0404240476256,-0.0404240476256,F05,TREATMENT
2024-11-30,V,HEALTHY_RUSH,6,2025-05-31,0.162917547523,-0.0258981250451,F05,CONTROL
2024-11-30,MA,EXTENDING_RUSH,6,2025-05-31,0.102175107913,-0.0981587565421,F05,CONTROL
2024-11-30,V,HEALTHY_RUSH,1,2024-12-31,0.00304697644094,-0.0215183656942,F05,CONTROL
2025-01-31,V,EXTENDING_RUSH,1,2025-02-28,0.0629618230739,0.00980102785835,F05,CONTROL
2025-04-30,V,HEALTHY_RUSH,1,2025-05-31,0.0587454338401,-0.00882771920752,F05,CONTROL
2024-11-30,MA,EXTENDING_RUSH,1,2024-12-31,-0.0119526362903,-0.024355649372,F05,CONTROL
2024-11-30,BAC,HEALTHY_RUSH,1,2024-12-31,-0.0697858600582,-0.0818500612881,F05,CONTROL
2024-11-30,BAC,HEALTHY_RUSH,6,2025-05-31,-0.0600816722641,-0.267532519709,F05,CONTROL
2024-11-30,V,HEALTHY_RUSH,3,2025-02-28,0.15310508421,-0.0258981250451,F05,CONTROL
2025-04-30,V,HEALTHY_RUSH,3,2025-07-31,0.00157383687169,-0.0184303630971,F05,CONTROL
2024-11-30,MA,EXTENDING_RUSH,3,2025-02-28,0.0829723432118,-0.0516497437156,F05,CONTROL
2024-11-30,BAC,HEALTHY_RUSH,3,2025-02-28,-0.02428055344,-0.0818500612881,F05,CONTROL
2024-12-31,TSLA,HEALTHY_RUSH,3,2025-03-31,-0.358260682264,-0.449905913393,F05,CONTROL
2024-12-31,AAPL,HEALTHY_RUSH,6,2025-06-30,-0.178720044954,-0.310719769883,F05,CONTROL
2024-12-31,AMZN,EXTENDING_RUSH,6,2025-06-30,0,-0.237339861627,F05,CONTROL
2024-12-31,AVGO,EXTENDING_RUSH,6,2025-06-30,0.195371208072,-0.367095143317,F05,CONTROL
2024-12-31,CRM,EXTENDING_RUSH,6,2025-06-30,-0.181791687672,-0.292222465138,F05,CONTROL
2024-12-31,TSLA,HEALTHY_RUSH,6,2025-06-30,-0.213401330699,-0.45062400299,F05,CONTROL
2024-12-31,AVGO,EXTENDING_RUSH,1,2025-01-31,-0.0455917011167,-0.128148626838,F05,CONTROL
2025-03-31,AVGO,BREAKING_RUSH,1,2025-04-30,0.149555073482,-0.126261801116,F05,TREATMENT
2025-05-31,AVGO,HEALTHY_RUSH,1,2025-06-30,0.141400233188,0.009129498105,F05,CONTROL
2024-12-31,AMZN,EXTENDING_RUSH,1,2025-01-31,0.0833674887188,-0.00742971377209,F05,CONTROL
2025-03-31,AMZN,BREAKING_RUSH,1,2025-04-30,-0.0306948200821,-0.120571785258,F05,TREATMENT
2024-12-31,AAPL,HEALTHY_RUSH,1,2025-01-31,-0.0575832829273,-0.110933686026,F05,CONTROL
2025-03-31,AAPL,BREAKING_RUSH,1,2025-04-30,-0.0433529511318,-0.22378795979,F05,TREATMENT
2024-12-31,CRM,EXTENDING_RUSH,1,2025-01-31,0.0220441761119,-0.0492924475908,F05,CONTROL
2025-02-28,CRM,BREAKING_RUSH,1,2025-03-31,-0.0990097489072,-0.0990097489072,F05,TREATMENT
2024-12-31,TSLA,HEALTHY_RUSH,1,2025-01-31,0.00188195772326,-0.0608161591844,F05,CONTROL
2025-02-28,TSLA,BREAKING_RUSH,1,2025-03-31,-0.115434521231,-0.241757165816,F05,TREATMENT
2024-12-31,AVGO,EXTENDING_RUSH,3,2025-03-31,-0.275635587993,-0.275635587993,F05,CONTROL
2024-12-31,AMZN,EXTENDING_RUSH,3,2025-03-31,-0.132777268698,-0.132777268698,F05,CONTROL
2024-12-31,AAPL,HEALTHY_RUSH,3,2025-03-31,-0.111994926115,-0.161766142505,F05,CONTROL
2024-12-31,CRM,EXTENDING_RUSH,3,2025-03-31,-0.197320033105,-0.197320033105,F05,CONTROL
2025-01-31,APD,HEALTHY_RUSH,6,2025-07-31,-0.130562047361,-0.253927921149,F05,CONTROL
2025-01-31,APD,HEALTHY_RUSH,3,2025-04-30,-0.186466059565,-0.253927921149,F05,CONTROL
2025-01-31,APD,HEALTHY_RUSH,1,2025-02-28,-0.0570005107095,-0.0771639523782,F05,CONTROL
2025-04-30,APD,BREAKING_RUSH,1,2025-05-31,0.0288467287487,-0.0239033597677,F05,TREATMENT
2025-02-28,TMUS,EXHAUSTED_RUSH,1,2025-03-31,-0.0110495917297,-0.0522079282127,F05,TREATMENT
2025-05-31,TMUS,BREAKING_RUSH,1,2025-06-30,-0.0162676015193,-0.0875723271256,F05,TREATMENT
2025-02-28,TMUS,EXHAUSTED_RUSH,3,2025-05-31,-0.0986169873035,-0.136897760007,F05,TREATMENT
2025-03-31,XOM,EXTENDING_RUSH,3,2025-06-30,-0.0852362135921,-0.159757867271,F05,CONTROL
2025-03-31,CVX,EXTENDING_RUSH,1,2025-04-30,-0.18668174097,-0.200609666823,F05,CONTROL
2025-03-31,JNJ,EXTENDING_RUSH,1,2025-04-30,-0.0574650416649,-0.103412800899,F05,CONTROL
2025-06-30,JNJ,BREAKING_RUSH,1,2025-07-31,0.0784942961755,0.0158429828141,F05,TREATMENT
2025-03-31,MCD,EXTENDING_RUSH,1,2025-04-30,0.0233057406939,-0.0401445800463,F05,CONTROL
2025-06-30,MCD,BREAKING_RUSH,1,2025-07-31,0.0270389516462,-0.00171145200621,F05,TREATMENT
2025-03-31,JNJ,EXTENDING_RUSH,3,2025-06-30,-0.0710352235942,-0.117462560983,F05,CONTROL
2025-03-31,MCD,EXTENDING_RUSH,3,2025-06-30,-0.0593619263369,-0.0806750953233,F05,CONTROL
2025-03-31,CVX,EXTENDING_RUSH,3,2025-06-30,-0.133635540555,-0.200609666823,F05,CONTROL
2025-03-31,XOM,EXTENDING_RUSH,1,2025-04-30,-0.111830546948,-0.159757867271,F05,CONTROL
2025-05-31,XOM,BREAKING_RUSH,1,2025-06-30,0.0537634016303,-0.00459442191994,F05,TREATMENT
2025-04-30,AMT,EXTENDING_RUSH,1,2025-05-31,-0.0477353556517,-0.0951599111294,F05,CONTROL
2025-04-30,AMT,EXTENDING_RUSH,3,2025-07-31,-0.0682308608076,-0.0951599111294,F05,CONTROL
2025-05-31,MSFT,EXTENDING_RUSH,1,2025-06-30,0.0804805012874,0.00349730155346,F05,CONTROL
2025-05-31,BA,EXTENDING_RUSH,1,2025-06-30,0.0106598081332,-0.04649823587,F05,CONTROL
2025-06-30,DIS,EXTENDING_RUSH,1,2025-07-31,-0.0395129670564,-0.0405612602352,F05,CONTROL
