ticker,episode_id,signal_date,last_observed_session,source_regime,downside_asymmetry_score,previous_score_5d,feature_cutoff_date,session_position,path_label,mae_126d,mfe_126d,terminal_return_126d,low_before_high,recovered_after_low,time_to_low_sessions,time_to_high_sessions,outcome_end,execution_date,execution_adjusted_open,partial_sale_uplift_21d,partial_sale_uplift_63d,partial_sale_uplift_126d,sector_etf,fold_id,transition_triggered
ALLE,ALLE-V61-001,2019-05-08,2019-05-08,HEALTHY_RUSH,-1.1917032687303901,-1.0905171728251035,2019-05-08,1375,TEMPORARY_PULLBACK,-0.05980841464534159,0.1926900865726504,0.18169049791348035,True,True,75,124,2019-11-05,2019-05-09,90.30019927429773,-0.002608787163727561,0.00019496266777544464,-0.00946254103662912,XLI,OOS_2016_2019,False
ALLE,ALLE-V61-002,2019-07-09,2019-07-09,HEALTHY_RUSH,-0.14559761517647749,-0.5963037146576569,2019-07-09,1417,LARGE_PULLBACK,-0.15203789878052276,0.14395182377108506,0.1139961221496788,True,True,33,109,2020-01-07,2019-07-10,101.21679379830636,0.005561222037392983,0.0035177089331134338,-0.005453106041616512,XLI,OOS_2016_2019,False
ALLE,ALLE-V61-003,2019-11-22,2019-11-22,HEALTHY_RUSH,0.3211983753927537,-1.2064815172248708,2019-11-22,1514,STRUCTURAL_BREAK,-0.3364216158412916,0.1693030493017611,-0.1639420677001021,False,False,81,56,2020-05-27,2019-11-25,109.03110862238925,-0.0022150925764508112,-0.0021266553393922195,0.008126029166197136,XLI,OOS_2016_2019,False
ALLE,ALLE-V61-004,2021-04-26,2021-04-26,HEALTHY_RUSH,-0.4697792280596108,-0.6110434861711896,2021-04-26,1870,TEMPORARY_PULLBACK,-0.05300694199140754,0.09002983768775374,-0.014938410489886644,False,True,118,92,2021-10-22,2021-04-27,127.07509198215057,-0.001132270165988064,-0.000827851106386418,0.0007113642657926856,XLI,OOS_2020_2022,False
ALLE,ALLE-V61-005,2025-07-31,2025-07-31,HEALTHY_RUSH,-0.9325684514233207,-0.9440468086532119,2025-07-31,2941,TEMPORARY_PULLBACK,-0.05080756831835598,0.08166584837091917,-0.003194214624503089,False,True,91,57,2026-01-30,2025-08-01,163.81209265116522,-0.0014702606393483808,-0.00019535622527235282,-0.0001347913131255651,XLI,OOS_2023_2026,False
AMCR,AMCR-V61-001,2016-08-23,2016-08-23,NORMAL_RUSH,-0.42638288361097887,0.8236594690781663,2016-08-23,1075,UNRESOLVED,-0.07484720123310518,0.019147408022616386,-0.07484720123310518,False,False,78,9,2017-02-23,2016-08-24,37.89015198,-0.0010073704011308194,-0.0010073704011308194,0.003692360061655259,XLB,OOS_2016_2019,False
AMCR,AMCR-V61-002,2017-07-05,2017-07-05,NORMAL_RUSH,-1.3256417042922806,-2.0923307367606543,2017-07-05,1292,UNRESOLVED,-0.07017797340715337,0.05078079092909826,-0.029035769583454663,False,False,103,43,2018-01-03,2017-07-06,41.76795578,0.0004729277107801078,0.0003732128355313114,0.0014017884791727333,XLB,OOS_2016_2019,False
AMCR,AMCR-V61-003,2019-07-02,2019-07-02,HEALTHY_RUSH,0.1939220022371313,0.8464187126789959,2019-07-02,1793,LARGE_PULLBACK,-0.19306552546263522,0.008635441318056047,-0.04140691489936388,False,False,68,1,2019-12-31,2019-07-03,43.45379019642942,0.005264622919600865,0.008843427398957389,0.0027539546325117295,XLB,OOS_2016_2019,False
AMCR,AMCR-V61-004,2020-09-03,2020-09-03,HEALTHY_RUSH,0.5105128707666864,0.18564778735948453,2020-09-03,2090,TEMPORARY_PULLBACK,-0.06859236494983534,0.09657018814349327,0.08316675781803662,True,True,38,51,2021-03-08,2020-09-04,43.63452271163012,3.9680769682459755e-05,-0.001862924125268578,-0.0038683307061609332,XLB,OOS_2020_2022,True
AMCR,AMCR-V61-005,2021-01-05,2021-01-05,HEALTHY_RUSH,0.4123225957436722,-0.14718108547242492,2021-01-05,2174,CONTINUATION,-0.04973827264003294,0.1012567378073459,0.02854077333483085,True,True,18,84,2021-07-07,2021-01-06,45.37474610672664,0.001256628111965186,-0.0012321657698645737,-0.0013874447874799578,XLB,OOS_2020_2022,False
AMCR,AMCR-V61-006,2021-05-10,2021-05-10,HEALTHY_RUSH,-0.5542631141868827,0.20340353331515135,2021-05-10,2260,TEMPORARY_PULLBACK,-0.08736644904703106,0.04243050507985524,-0.005915864683305627,True,True,48,79,2021-11-05,2021-05-11,49.72244319689516,0.0009922662788218353,0.002006302934268178,0.0002457823650483138,XLB,OOS_2020_2022,False
AMCR,AMCR-V61-007,2021-09-08,2021-09-08,HEALTHY_RUSH,-0.36170191417794084,-0.7040556294960312,2021-09-08,2344,LARGE_PULLBACK,-0.10628421721357673,0.017514192615251556,-0.08143580147396146,False,False,124,92,2022-03-09,2021-09-09,50.24259629456531,0.0019759223395124535,0.002512932436319859,0.004096223326257504,XLB,OOS_2020_2022,False
AMCR,AMCR-V61-008,2022-06-03,2022-06-03,HEALTHY_RUSH,-0.2317683075085848,-0.7966185901095325,2022-06-03,2530,LARGE_PULLBACK,-0.2010201787629844,0.007468379171083228,-0.0471422292407252,False,False,90,1,2022-12-02,2022-06-06,56.4000990513388,0.002923979317204023,0.005265993032104844,0.0025196525538903228,XLB,OOS_2020_2022,False
AMCR,AMCR-V61-009,2024-09-26,2024-09-26,HEALTHY_RUSH,1.0572866683036677,0.7102493233631667,2024-09-26,3111,STRUCTURAL_BREAK,-0.16767009433480262,0.0017621203787054895,-0.12379475119534888,False,False,68,13,2025-03-31,2024-09-27,53.13086034435095,0.0016195949988880467,0.007864881332469504,0.006255231517922634,XLB,OOS_2023_2026,False
ANET,ANET-V61-001,2021-11-11,2021-11-11,HEALTHY_RUSH,-1.3136043267362345,-1.4289621755993318,2021-11-11,1873,STRUCTURAL_BREAK,-0.22003794786179787,0.12648398680479778,-0.16649080668815885,False,False,125,30,2022-05-13,2021-11-12,32.4375,-0.0009864133641618478,0.0033526982042389186,0.008081020608863199,XLK,OOS_2020_2022,False
ANET,ANET-V61-002,2023-04-03,2023-04-03,HEALTHY_RUSH,-0.2117065991618677,-0.4668536030868621,2023-04-03,2221,LARGE_PULLBACK,-0.20871592116511717,0.17765581749401527,0.10224152473897963,True,True,21,107,2023-10-03,2023-04-04,41.9375,0.010388153287630405,0.0023553673084947824,-0.0051587926676602116,XLK,OOS_2023_2026,False
ANET,ANET-V61-003,2023-11-09,2023-11-09,HEALTHY_RUSH,-0.5753322974564611,-0.5909514277988674,2023-11-09,2374,CONTINUATION,-0.022680037297335143,0.48379323214078607,0.46413719523002417,True,True,1,125,2024-05-13,2023-11-10,52.15999985,-0.004346876910362956,-0.017362117927469663,-0.0243094890747493,XLK,OOS_2023_2026,False
ANET,ANET-V61-004,2024-07-15,2024-07-15,HEALTHY_RUSH,-0.16668028104998195,-0.9566129468248404,2024-07-15,2542,LARGE_PULLBACK,-0.13595249479162774,0.3204594524527633,0.2752899330228715,True,True,11,121,2025-01-14,2024-07-16,90.45249939,0.002108590866109178,-0.007667257070247108,-0.01356952929711079,XLK,OOS_2023_2026,False
ANET,ANET-V61-005,2024-10-11,2024-10-11,HEALTHY_RUSH,-0.23510469201376527,-0.26573137314549394,2024-10-11,2605,STRUCTURAL_BREAK,-0.3824382619469827,0.24548494511666608,-0.29772385566788606,False,False,119,68,2025-04-15,2024-10-14,104.7925034,0.002557535764815022,-0.004877396985345811,0.01502383897940165,XLK,OOS_2023_2026,False
ANET,ANET-V61-006,2024-12-11,2024-12-11,HEALTHY_RUSH,-0.4901188871401235,0.7280779327470494,2024-12-11,2647,STRUCTURAL_BREAK,-0.3997015694396593,0.21066868585028864,-0.11321464772050915,False,False,77,26,2025-06-16,2024-12-12,106.1999969,-0.004150756616877077,0.009888795280699298,0.005180697214832031,XLK,OOS_2023_2026,False
ANET,ANET-V61-007,2025-08-28,2025-08-28,HEALTHY_RUSH,-1.5819204512207432,-2.078227670426807,2025-08-28,2824,LARGE_PULLBACK,-0.1380018791265365,0.18938562661938052,-0.050869799741174004,False,True,60,43,2026-03-02,2025-08-29,135.5099945,-0.0029501553092085744,0.0028501525049873743,0.0022413407320668157,XLK,OOS_2023_2026,False
APP,APP-V61-001,2025-09-10,2025-09-10,NORMAL_RUSH,-0.7010069136047979,-0.9285638824093642,2025-09-10,1106,STRUCTURAL_BREAK,-0.35302932911878204,0.29355336073214033,-0.2076985638272728,False,False,107,72,2026-03-12,2025-09-11,568.0,-0.0028950710651408475,-0.013836971399647886,0.010396303996478874,XLK,OOS_2023_2026,False
ARES,ARES-V61-001,2019-03-19,2019-03-19,NORMAL_RUSH,-0.16492626134396798,-0.8231657945472434,2019-03-19,1227,CONTINUATION,-0.028571451901316602,0.31997856729434315,0.31997856729434315,True,True,3,126,2019-09-17,2019-03-20,18.57148390160434,-0.00026043783795033914,-0.008198266596333232,-0.0161600303295601,XLF,OOS_2016_2019,False
ARES,ARES-V61-002,2019-11-14,2019-11-14,HEALTHY_RUSH,-0.7946613360343351,-0.9359985338858974,2019-11-14,1395,LARGE_PULLBACK,-0.2679081429894832,0.30901803468641753,0.11764118423348191,False,True,87,64,2020-05-18,2019-11-15,25.515041562979015,-0.0033551270029443417,-0.01349720042897668,-0.005599220114008624,XLF,OOS_2016_2019,False
ARES,ARES-V61-003,2020-06-11,2020-06-11,HEALTHY_RUSH,0.09109867970576983,0.39795679683664803,2020-06-11,1538,CONTINUATION,0.022470856681648943,0.3224944973878765,0.3224944973878765,True,True,12,126,2020-12-09,2020-06-12,31.421056256368768,-0.0013931703834910768,-0.0018401803402984084,-0.014282006684718669,XLF,OOS_2020_2022,False
ARES,ARES-V61-004,2021-06-11,2021-06-11,HEALTHY_RUSH,-1.0606578800037891,-0.7693431183276324,2021-06-11,1790,CONTINUATION,-0.027625421133757877,0.519635041795262,0.3675692807121802,True,True,5,111,2021-12-09,2021-06-14,50.385973520800896,-0.004333172128665158,-0.017048765700267074,-0.01832481917323326,XLF,OOS_2020_2022,False
ARES,ARES-V61-005,2023-09-28,2023-09-28,HEALTHY_RUSH,-0.6065647332509974,-0.580343061261209,2023-09-28,2368,TEMPORARY_PULLBACK,-0.06006287069097449,0.3200978459677586,0.2796000487403383,True,True,23,120,2024-04-01,2023-09-29,96.93307658241353,0.0020723030556114687,-0.0073549027312911075,-0.013774830912059327,XLF,OOS_2023_2026,False
ARES,ARES-V61-006,2023-12-05,2023-12-05,HEALTHY_RUSH,0.47669960743766693,0.6646058192947579,2023-12-05,2415,CONTINUATION,-0.015508275912949565,0.3855846527438138,0.23927583062367108,True,True,1,111,2024-06-06,2023-12-06,101.41568613863855,-0.003529011891570183,-0.011981479775366405,-0.011698863485014449,XLF,OOS_2023_2026,False
ARES,ARES-V61-007,2024-10-15,2024-10-15,HEALTHY_RUSH,0.5222134493480689,0.3233420066998975,2024-10-15,2631,STRUCTURAL_BREAK,-0.2647834199617213,0.22504205036957803,-0.1202812632981971,False,False,117,73,2025-04-17,2024-10-16,154.4260714288022,-0.0013206675546710233,-0.007874875957664978,0.00614453634084804,XLF,OOS_2023_2026,True
CARR,CARR-V61-001,2024-09-16,2024-09-16,NORMAL_RUSH,-0.3710444337207356,-0.14610299466938104,2024-09-16,1130,STRUCTURAL_BREAK,-0.19021054953830374,0.07210480544924991,-0.11702026769015761,False,False,115,20,2025-03-19,2024-09-17,75.67484227258664,-0.0027016174708084984,0.002723682254576276,0.0060231766836575,XLI,OOS_2023_2026,False
CDW,CDW-V61-001,2018-06-13,2018-06-13,NORMAL_RUSH,-0.6489238517497699,-0.8002319479931831,2018-06-13,1249,TEMPORARY_PULLBACK,-0.05881273596497283,0.1522250259894251,0.09915820387347485,True,True,96,120,2018-12-12,2018-06-14,75.7677032764763,-0.0009391308138292309,-0.003277071900067713,-0.005001350211939965,XLK,OOS_2016_2019,False
CDW,CDW-V61-002,2018-09-13,2018-09-13,HEALTHY_RUSH,0.09592783940777387,0.1695198593465299,2018-09-13,1313,LARGE_PULLBACK,-0.15460169998197093,0.1012140070845633,0.09232045117486387,True,True,70,125,2019-03-18,2018-09-14,81.36495930977665,0.004066550795700902,-0.00024857652050992994,-0.0044530674820004446,XLK,OOS_2016_2019,False
CDW,CDW-V61-003,2019-11-01,2019-11-01,HEALTHY_RUSH,0.2470261345846083,0.43417730582819636,2019-11-01,1599,STRUCTURAL_BREAK,-0.3901876840116957,0.10541552488869277,-0.1569475781591314,False,False,95,37,2020-05-05,2019-11-04,121.39090881602802,-0.0004915663802289749,-0.0016319414408506648,0.008160484998608093,XLK,OOS_2016_2019,False
CDW,CDW-V61-004,2021-04-12,2021-04-12,HEALTHY_RUSH,-0.24608852610846493,-0.06862372641589382,2021-04-12,1960,TEMPORARY_PULLBACK,-0.06180757791859959,0.17164812146215058,0.019586340583132467,True,True,22,101,2021-10-08,2021-04-13,162.56900503179858,0.0017914295611354382,-0.0008258250004999524,-0.001087883164611042,XLK,OOS_2020_2022,False
CDW,CDW-V61-005,2021-09-03,2021-09-03,HEALTHY_RUSH,-0.5926515448939185,-0.5572446519590113,2021-09-03,2062,STRUCTURAL_BREAK,-0.17930674321193252,0.029411623158576372,-0.17930674321193252,False,False,126,84,2022-03-07,2021-09-07,189.32275924552033,0.0043280945860878,0.002338581246534499,0.008732321253409253,XLK,OOS_2020_2022,False
CFG,CFG-V61-001,2021-03-03,2021-03-03,HEALTHY_RUSH,0.46251146288622563,-0.2423134504179096,2021-03-03,1620,TEMPORARY_PULLBACK,-0.06856037023881045,0.14711750878328855,-0.0010083717572330064,False,True,95,52,2021-08-31,2021-03-04,35.729816905761076,-0.0007037433643601931,-0.006808352578431792,-0.00028108705632955974,XLF,OOS_2020_2022,True
CFG,CFG-V61-002,2021-10-25,2021-10-25,HEALTHY_RUSH,-0.16096071969550668,-0.27449318096997477,2021-10-25,1784,STRUCTURAL_BREAK,-0.19288730482940153,0.12930632418009158,-0.19288730482940153,False,False,126,57,2022-04-26,2021-10-26,41.296814445658924,-0.000923249128319742,-0.001693761949396305,0.009650438645457228,XLF,OOS_2020_2022,False
CFG,CFG-V61-003,2022-02-02,2022-02-02,HEALTHY_RUSH,-0.27950581285519244,-0.4691400866926037,2022-02-02,1853,STRUCTURAL_BREAK,-0.3361081435427663,0.04196455420916978,-0.2965870327439678,False,False,111,4,2022-08-04,2022-02-03,45.093205918707824,0.005471694185688681,0.011256750541412858,0.015435344736726603,XLF,OOS_2020_2022,False
CFG,CFG-V61-004,2024-07-31,2024-07-31,HEALTHY_RUSH,-0.25488210517799187,-0.8335849345260471,2024-07-31,2478,LARGE_PULLBACK,-0.10241391001062183,0.1470983286191887,0.1358961743242486,True,True,3,82,2025-01-31,2024-08-01,40.047219622785846,-0.00014389597820089746,0.0003725336814559888,-0.006938129174984114,XLF,OOS_2023_2026,False
CFG,CFG-V61-005,2024-11-27,2024-11-27,HEALTHY_RUSH,-0.4468411970234961,-0.5481571380306789,2024-11-27,2562,STRUCTURAL_BREAK,-0.2821794880731351,0.012112188094533627,-0.13509942680071307,False,False,86,46,2025-06-03,2024-11-29,45.86165458525577,0.004856827016989829,0.004430442258811335,0.006830312651524651,XLF,OOS_2023_2026,False
CFG,CFG-V61-006,2025-01-31,2025-01-31,HEALTHY_RUSH,0.2284864733356652,0.0013594979077051492,2025-01-31,2604,LARGE_PULLBACK,-0.27958793032167073,0.0604210060658712,0.02032569428764286,True,True,44,118,2025-08-04,2025-02-03,44.19453133588312,0.0027133358495420703,0.007592838120107115,-0.002647404276864479,XLF,OOS_2023_2026,False
CFG,CFG-V61-007,2025-07-30,2025-07-30,HEALTHY_RUSH,-0.9071205762231952,-1.5693511459358587,2025-07-30,2727,CONTINUATION,-0.03376830376443507,0.3430908786402609,0.3272037420339138,True,True,6,121,2026-01-29,2025-07-31,46.900730261129695,-0.0043833349462141175,-0.0035187501247362645,-0.016783457892316653,XLF,OOS_2023_2026,False
COIN,COIN-V61-001,2025-06-23,2025-06-23,NORMAL_RUSH,-0.6378041378794118,-0.16863958444088656,2025-06-23,1052,STRUCTURAL_BREAK,-0.22572253140600596,0.3647387881580464,-0.2030950354415021,False,False,106,18,2025-12-19,2025-06-24,314.3900146,-0.013316958097593474,-0.002842709180401565,0.010966574363554861,XLF,OOS_2023_2026,False
COIN,COIN-V61-002,2025-09-22,2025-09-22,NORMAL_RUSH,0.10912720180069178,0.13610179973019695,2025-09-22,1115,STRUCTURAL_BREAK,-0.5749661361211422,0.16665152814234485,-0.4546166993633869,False,False,99,12,2026-03-24,2025-09-23,333.3800049,-0.0008358884940582623,0.01318714807468347,0.02279780271175766,XLF,OOS_2023_2026,False
CRWD,CRWD-V61-001,2023-12-04,2023-12-04,NORMAL_RUSH,-0.8866968956468304,0.13837006364181886,2023-12-04,1128,CONTINUATION,0.0066557219933165435,0.4805594259586994,0.441425475145774,True,True,1,119,2024-06-05,2023-12-05,58.49000167999999,-0.002548287490218454,-0.02048297953791409,-0.0231778814437538,XLK,OOS_2023_2026,False
CRWD,CRWD-V61-002,2024-07-08,2024-07-08,NORMAL_RUSH,-0.2805599610160766,-0.6155239608028996,2024-07-08,1275,LARGE_PULLBACK,-0.44232293984357807,-0.006424149100332066,-0.06232245556417859,True,True,19,113,2025-01-06,2024-07-09,98.12750244,0.020436102687971358,0.012722925151808236,0.003281128347018386,XLK,OOS_2023_2026,False
CRWD,CRWD-V61-003,2025-06-27,2025-06-27,HEALTHY_RUSH,0.3330335395687988,0.0912249686380439,2025-06-27,1519,LARGE_PULLBACK,-0.17397311831060502,0.11655627417772862,-0.036328649378306155,True,True,47,94,2025-12-26,2025-06-30,125.65625,0.003642115433971649,0.002059424163143497,0.0020823051579209107,XLK,OOS_2023_2026,False
CTVA,CTVA-V61-001,2025-06-09,2025-06-09,HEALTHY_RUSH,0.14495205540040335,-1.0493945357744605,2025-06-09,1518,LARGE_PULLBACK,-0.15083519346042795,0.07096242063352354,-0.09147561983351526,False,False,90,17,2025-12-08,2025-06-10,71.33812475853217,-0.001993639407998432,-0.0004986494519126416,0.004536391351525915,XLB,OOS_2023_2026,False
CVNA,CVNA-V61-001,2024-05-13,2024-05-13,CROWDED_RUSH,-0.7856071706367549,-0.7999280634305868,2024-05-13,1771,LARGE_PULLBACK,-0.15346447685672204,1.1390933634233713,1.1390933634233713,True,True,14,126,2024-11-11,2024-05-14,24.30800056,0.004257223571990898,-0.010314109891891493,-0.052921482408753086,XLY,OOS_2023_2026,False
CVNA,CVNA-V61-002,2024-07-15,2024-07-15,CROWDED_RUSH,0.36236712782632474,0.5546765701010006,2024-07-15,1813,LARGE_PULLBACK,-0.131395571325173,0.8354564427434443,0.37370677749334735,True,True,7,94,2025-01-14,2024-07-16,28.57999992,-0.0013061239013467507,-0.017317321321951924,-0.01834600823875719,XLY,OOS_2023_2026,False
CVNA,CVNA-V61-003,2024-10-11,2024-10-11,NORMAL_RUSH,-0.37327137290567447,0.10619341539210189,2024-10-11,1876,LARGE_PULLBACK,-0.15438233296929593,0.4841612681934313,0.11214564875862965,False,True,119,85,2025-04-15,2024-10-14,38.7159996,-0.014638285924044687,-0.00046584694096338253,-0.005275231792801233,XLY,OOS_2023_2026,False
CVNA,CVNA-V61-004,2025-02-18,2025-02-18,HEALTHY_RUSH,-0.6963109523682872,-1.1528512873204346,2025-02-18,1962,LARGE_PULLBACK,-0.4286366824005716,0.37127893380599075,0.20985487842131123,True,True,33,113,2025-08-19,2025-02-19,56.59999847,0.01883869306359895,-0.003974029567204334,-0.010869789250075574,XLY,OOS_2023_2026,False
CVNA,CVNA-V61-005,2025-06-02,2025-06-02,HEALTHY_RUSH,-0.14797723664106274,-0.10977743584445407,2025-06-02,2034,LARGE_PULLBACK,-0.12487936638595931,0.19300625048360853,0.13221095332874722,True,True,10,84,2025-12-01,2025-06-03,67.0,-0.0013022398507462729,-0.004735074537313427,-0.006058956679104483,XLY,OOS_2023_2026,False
DASH,DASH-V61-001,2025-02-18,2025-02-18,NORMAL_RUSH,-0.30608148079439834,0.41090172925540336,2025-02-18,1051,LARGE_PULLBACK,-0.23026842111467616,0.27843557421275333,0.17172238379927873,True,True,33,118,2025-08-19,2025-02-19,212.08999630000002,0.0050020988669563235,0.0022862732266689225,-0.00860297266087981,XLY,OOS_2023_2026,False
DASH,DASH-V61-002,2025-06-27,2025-06-27,NORMAL_RUSH,-0.8762645200915343,-0.3057746108085963,2025-06-27,1141,LARGE_PULLBACK,-0.2252646602949253,0.16270139037829545,-0.034521203463050654,False,False,102,69,2025-12-26,2025-06-30,244.3000031,0.00017513429923079476,-0.0037687879388938086,0.002068298417655645,XLY,OOS_2023_2026,False
DASH,DASH-V61-003,2025-09-26,2025-09-26,NORMAL_RUSH,-0.4235833316817946,-0.32011280138290604,2025-09-26,1204,STRUCTURAL_BREAK,-0.4414599556911192,0.07341787218310114,-0.43608795739206174,False,False,125,6,2026-03-30,2025-09-29,267.6700134,0.0007569651219287544,0.006248803528957425,0.022302152446972607,XLY,OOS_2023_2026,False
DDOG,DDOG-V61-001,2023-12-27,2023-12-27,NORMAL_RUSH,-0.020176208796401092,-0.16209346676360478,2023-12-27,1075,LARGE_PULLBACK,-0.11941749497674958,0.10153718084389785,0.049271876811551873,False,True,109,33,2024-06-28,2023-12-28,124.0,-0.002013707701612905,0.00011129092741935526,-0.0023443558064516093,XLK,OOS_2023_2026,False
DDOG,DDOG-V61-002,2025-10-28,2025-10-28,HEALTHY_RUSH,0.13460711148375928,-0.00021084757713865128,2025-10-28,1535,STRUCTURAL_BREAK,-0.34752339864977033,0.2699179483649319,-0.15947098120604564,False,False,79,9,2026-04-30,2025-10-29,156.7599945,-0.0005730924526474113,0.009065846773010694,0.007786818372687555,XLK,OOS_2023_2026,False
DELL,DELL-V61-001,2021-03-29,2021-03-29,NORMAL_RUSH,-0.2715086262547034,-0.5302923206404538,2021-03-29,1160,CONTINUATION,-0.0006799354284039438,0.18886779431233047,0.18886779431233047,True,True,2,126,2021-09-27,2021-03-30,40.43645967370708,-0.006744793609507599,-0.006932979174252979,-0.009852695043364229,XLK,OOS_2020_2022,False
DELL,DELL-V61-002,2021-10-25,2021-10-25,HEALTHY_RUSH,0.05032688203728641,-0.2309146728438883,2021-10-25,1306,STRUCTURAL_BREAK,-0.17706799550345964,0.06776404621556065,-0.17706799550345964,False,False,126,74,2022-04-26,2021-10-26,51.93834834309194,0.002061566668045267,0.0013870841206105602,0.008923972854810459,XLK,OOS_2020_2022,False
DELL,DELL-V61-003,2023-09-07,2023-09-07,HEALTHY_RUSH,-1.4372363175009697,-0.5073337061534556,2023-09-07,1775,TEMPORARY_PULLBACK,-0.05952182063109557,0.8244868262755352,0.7023564862192972,True,True,35,121,2024-03-08,2023-09-08,66.22083847585714,0.0020834800577066827,0.000928949644627214,-0.0346893068103998,XLK,OOS_2023_2026,False
DELL,DELL-V61-004,2023-11-06,2023-11-06,HEALTHY_RUSH,0.3360277288882792,0.669961722313389,2023-11-06,1817,TEMPORARY_PULLBACK,-0.06030298848424842,0.8523400278211348,0.8439917261570089,True,True,21,103,2024-05-08,2023-11-07,68.73546942951269,0.0027223446941909593,-0.00878891060190325,-0.04272604830330701,XLK,OOS_2023_2026,False
DELL,DELL-V61-005,2024-01-08,2024-01-08,HEALTHY_RUSH,-0.27511715294709316,1.1547057370761282,2024-01-08,1859,CONTINUATION,-0.028351880902131477,1.2771004437562818,0.8522007725245926,True,True,1,98,2024-07-10,2024-01-09,76.00260667503976,-0.0031724752759164257,-0.028541088739975504,-0.04288230258360489,XLK,OOS_2023_2026,False
DELL,DELL-V61-006,2025-10-30,2025-10-30,HEALTHY_RUSH,-0.2597387624035041,-0.5310613115949632,2025-10-30,2314,LARGE_PULLBACK,-0.3071491206895639,0.35213282280833424,0.32428800364543364,True,True,54,120,2026-05-04,2025-10-31,161.72984813780852,0.00941667714413383,0.013224422233186652,-0.015480098969629747,XLK,OOS_2023_2026,False
EG,EG-V61-001,2017-03-07,2017-03-07,NORMAL_RUSH,-0.2913510761918568,-0.5121306925813142,2017-03-07,1301,CONTINUATION,-0.0034567943771866005,0.17740937527665723,0.008998391985209908,True,True,27,96,2017-09-05,2017-03-08,191.16684516534127,-0.000492292813169598,-0.004710583120270412,-0.00043026529480079677,XLF,OOS_2016_2019,False
EG,EG-V61-002,2017-05-05,2017-05-05,HEALTHY_RUSH,-0.40201542343938135,-0.6296863616770132,2017-05-05,1343,LARGE_PULLBACK,-0.13128346868244745,0.1057863811654518,-0.06775071516383557,False,True,86,54,2017-11-02,2017-05-08,203.05345585145236,-0.0015107898998004742,-0.004285121923049168,0.0032883087952392033,XLF,OOS_2016_2019,False
EG,EG-V61-003,2022-10-31,2022-10-31,HEALTHY_RUSH,-0.8697391986255674,-0.7130642890912497,2022-10-31,2725,CONTINUATION,-0.04323447914378531,0.21750519498987386,0.17681546120443237,True,True,9,82,2023-05-03,2022-11-01,303.027066942335,-0.002466529916855903,-0.005318918314769156,-0.008645611257323476,XLF,OOS_2020_2022,False
EG,EG-V61-004,2023-02-01,2023-02-01,HEALTHY_RUSH,-0.09882658089116617,0.2809225472148926,2023-02-01,2788,TEMPORARY_PULLBACK,-0.057855375607155035,0.09684833802993098,0.026290559641228395,False,True,31,19,2023-08-03,2023-02-02,333.8973352859416,-0.003930909605322858,-0.0032281908345993373,-0.0015277750929948597,XLF,OOS_2023_2026,False
EXE,EXE-V61-001,2025-05-20,2025-05-20,NORMAL_RUSH,-0.10526688967347896,0.05051434189592741,2025-05-20,1073,LARGE_PULLBACK,-0.17799609440369135,0.06621997780750344,0.04022113965747187,False,True,61,23,2025-11-18,2025-05-21,111.34483873105992,-0.0031521565739683626,0.008421263507159577,-0.0020610580427338713,XLE,OOS_2023_2026,False
FANG,FANG-V61-001,2018-01-23,2018-01-23,HEALTHY_RUSH,0.7497444829157764,0.07111411510409467,2018-01-23,1326,LARGE_PULLBACK,-0.16476471171187912,0.0345819998282364,0.009542195306812662,True,True,13,82,2018-07-24,2018-01-24,101.6310024950728,0.003571940163106102,0.002661751788210509,-0.0002879000959626621,XLE,OOS_2016_2019,True
FANG,FANG-V61-002,2022-01-26,2022-01-26,HEALTHY_RUSH,1.3761353019887463,1.035083858354321,2022-01-26,2336,LARGE_PULLBACK,-0.13847096937997272,0.29499838923283894,-0.0020277438125875236,False,True,116,91,2022-07-28,2022-01-27,107.45888662721806,-0.0007230096589403823,0.001585577073961475,0.0016071569550935474,XLE,OOS_2020_2022,False
FANG,FANG-V61-003,2022-11-11,2022-11-11,HEALTHY_RUSH,-0.10427094509309592,0.38352216012672335,2022-11-11,2537,STRUCTURAL_BREAK,-0.22717156424092622,0.016306403122981372,-0.2088826862248302,False,False,83,2,2023-05-16,2022-11-14,140.45888384584043,0.0076331720980814316,0.0034269610431194087,0.01013490118333933,XLE,OOS_2020_2022,False
FANG,FANG-V61-004,2024-03-15,2024-03-15,HEALTHY_RUSH,1.0611072767057428,-1.1757801008715394,2024-03-15,2872,UNRESOLVED,-0.09328656696162807,0.12156632683348811,-0.05933185023152221,False,False,123,84,2024-09-16,2024-03-18,178.49694652749537,-0.003518433862143772,0.0007121527371831694,0.003108947743052354,XLE,OOS_2023_2026,True
FANG,FANG-V61-005,2024-07-17,2024-07-17,HEALTHY_RUSH,0.3333016568849686,0.33138406791902814,2024-07-17,2956,STRUCTURAL_BREAK,-0.26199890731954534,-0.004314042880371294,-0.13634683426416183,False,False,109,1,2025-01-16,2024-07-18,199.500289048948,0.002821141391213039,0.006851230314055324,0.006793939194055016,XLE,OOS_2023_2026,False
FOX,FOX-V61-001,2024-06-05,2024-06-05,HEALTHY_RUSH,-0.7657459926667571,-0.617687649239495,2024-06-05,1317,CONTINUATION,-0.040917433575557216,0.39646130690662007,0.37429538111158744,True,True,7,123,2024-12-04,2024-06-06,31.39980933556463,-8.113358782919073e-05,-0.00863843838316954,-0.019064269763273155,XLC,OOS_2023_2026,False
FOX,FOX-V61-002,2025-06-09,2025-06-09,HEALTHY_RUSH,0.022558174313165907,-0.35174960050620113,2025-06-09,1569,CONTINUATION,-0.010088854960325633,0.24233147139476752,0.24233147139476752,True,True,41,126,2025-12-08,2025-06-10,49.17557004895305,-0.0022737909381322086,-0.0036707102912096946,-0.012004069062486905,XLC,OOS_2023_2026,False
FOX,FOX-V61-003,2025-09-09,2025-09-09,HEALTHY_RUSH,0.2285787144803921,-0.24332387896444338,2025-09-09,1632,TEMPORARY_PULLBACK,-0.06412673150994386,0.27800834122730045,0.0006337263444722296,False,True,116,81,2026-03-11,2025-09-10,52.597330479082814,-0.0008820683131107566,-0.007973598693123769,-0.00021414329334247802,XLC,OOS_2023_2026,False
FOXA,FOXA-V61-001,2024-06-07,2024-06-07,HEALTHY_RUSH,-0.38100407267350905,-0.8302489439643062,2024-06-07,1320,CONTINUATION,-0.027264744034629973,0.4011876577234361,0.38702232426515915,True,True,5,111,2024-12-06,2024-06-10,33.19862372191606,-0.002144384242750902,-0.009526928050981227,-0.019830714613500132,XLC,OOS_2023_2026,False
FOXA,FOXA-V61-002,2025-06-11,2025-06-11,HEALTHY_RUSH,1.0101659357597723,-0.1963083908598675,2025-06-11,1572,CONTINUATION,-0.0177460743022001,0.3185243418452204,0.3185243418452204,True,True,2,126,2025-12-10,2025-06-12,54.23286154746724,-0.0011550212346657374,-0.003931827302112362,-0.0158678445623012,XLC,OOS_2023_2026,True
FTV,FTV-V61-001,2023-08-18,2023-08-18,HEALTHY_RUSH,-0.44183518497506713,-0.8990320643230675,2023-08-18,1793,LARGE_PULLBACK,-0.15014249764733845,0.11442544393921272,0.10296633496504426,True,True,47,124,2024-02-20,2023-08-21,56.605737397933375,0.00017546357460108692,0.005464055796189738,-0.005198300304872822,XLI,OOS_2023_2026,False
FTV,FTV-V61-002,2024-03-04,2024-03-04,HEALTHY_RUSH,0.987888341106964,-1.7320105099007022,2024-03-04,1928,STRUCTURAL_BREAK,-0.2088343924121545,0.016629195212995107,-0.14070973333819314,False,False,108,6,2024-09-03,2024-03-05,63.112850593790974,-0.0001505034355249901,0.0067731102166682,0.006873719750863828,XLI,OOS_2023_2026,True
GDDY,GDDY-V61-001,2023-12-06,2023-12-06,HEALTHY_RUSH,-1.0185587527317843,-3.2161502588851305,2023-12-06,2187,CONTINUATION,-0.025286894646820324,0.3644232027750143,0.35537834085405096,True,True,20,122,2024-06-07,2023-12-07,103.0699997,0.000498169837629292,-0.005095115712753812,-0.017654541091310403,XLK,OOS_2023_2026,False
HLT,HLT-V61-001,2018-02-20,2018-02-20,NORMAL_RUSH,0.08826275140778404,-0.04458378710228126,2018-02-20,1053,LARGE_PULLBACK,-0.10865202781363625,0.008082024745448724,-0.09002250808850332,True,True,34,74,2018-08-20,2018-02-21,82.00627309547775,0.0013936558363779163,6.926634883773768e-05,0.0045157932209400125,XLY,OOS_2016_2019,False
HLT,HLT-V61-002,2019-05-23,2019-05-23,HEALTHY_RUSH,-1.020145475238157,-0.9891224607677159,2019-05-23,1369,CONTINUATION,-0.02459743541700765,0.11074346948006775,0.09827577857024172,True,True,6,33,2019-11-20,2019-05-24,89.5592632651869,-0.002418676633845379,-0.0008004326218232716,-0.004644623618354487,XLY,OOS_2016_2019,False
HLT,HLT-V61-003,2019-11-26,2019-11-26,HEALTHY_RUSH,-0.4843134249905874,-0.7139345848896954,2019-11-26,1499,STRUCTURAL_BREAK,-0.46804175897163247,0.08165583204755333,-0.24580595414503004,False,False,88,35,2020-05-29,2019-11-27,103.99571468356352,-0.003285123791836381,0.003839186582436177,0.012326034604833532,XLY,OOS_2016_2019,False
HLT,HLT-V61-004,2021-03-19,2021-03-19,HEALTHY_RUSH,0.06434258943590827,-0.24563330420181884,2021-03-19,1828,TEMPORARY_PULLBACK,-0.0593295771890997,0.08127649708526663,0.05482757993039411,True,True,83,91,2021-09-17,2021-03-22,122.85313202040057,0.0008696080650289651,0.0002672397022288109,-0.0027405467817058497,XLY,OOS_2020_2022,False
HLT,HLT-V61-005,2021-10-22,2021-10-22,HEALTHY_RUSH,-0.045665125170058,-0.44860054940892613,2021-10-22,1979,TEMPORARY_PULLBACK,-0.08873356372219054,0.1516308224956633,0.1008049096665331,True,True,92,122,2022-04-25,2021-10-25,139.8834812893812,-0.0007906141138039058,0.0004049861347630801,-0.005047522681643529,XLY,OOS_2020_2022,False
HLT,HLT-V61-006,2022-04-20,2022-04-20,HEALTHY_RUSH,-0.33826186682919496,0.48515751850641803,2022-04-20,2102,STRUCTURAL_BREAK,-0.325547140873491,-0.010373637180916662,-0.20820163779530443,False,False,52,6,2022-10-19,2022-04-21,164.49156213174246,0.010447263593400537,0.013326805065689814,0.011262498084836637,XLY,OOS_2020_2022,False
HLT,HLT-V61-007,2023-12-11,2023-12-11,HEALTHY_RUSH,-0.21427830984231422,-0.4331578239568861,2023-12-11,2515,CONTINUATION,-0.0014122625412894552,0.2118054558929443,0.19215683994912625,True,True,3,73,2024-06-12,2023-12-12,176.0507382072564,-0.0014728309246979042,-0.008964578919797411,-0.009624166668093565,XLY,OOS_2023_2026,False
HLT,HLT-V61-008,2024-07-15,2024-07-15,HEALTHY_RUSH,0.14346421762580772,0.15691061806782072,2024-07-15,2662,TEMPORARY_PULLBACK,-0.09493698540597695,0.16056772234447836,0.0999932499878502,True,True,15,102,2025-01-14,2024-07-16,222.99170002199887,0.004155355809240569,-0.0032409879777133333,-0.004801678061540066,XLY,OOS_2023_2026,False
HLT,HLT-V61-009,2024-10-17,2024-10-17,HEALTHY_RUSH,-0.3897057536887007,-0.5254241696193291,2024-10-17,2729,STRUCTURAL_BREAK,-0.1549724961809965,0.14737347153120295,-0.11567663349932478,False,False,117,79,2025-04-22,2024-10-18,239.0858297299359,-0.0018331537694424248,-0.0016434542793001994,0.0060157119793963825,XLY,OOS_2023_2026,False
HLT,HLT-V61-010,2025-07-30,2025-07-30,HEALTHY_RUSH,0.36897746114048974,0.2876841239829667,2025-07-30,2923,TEMPORARY_PULLBACK,-0.06001153169292883,0.10576837551325169,0.09631750554197649,True,True,44,117,2026-01-29,2025-07-31,272.50144034995304,-0.0006432742678157245,0.002150665221172865,-0.004912050548433283,XLY,OOS_2023_2026,False
HLT,HLT-V61-011,2026-01-13,2026-01-13,HEALTHY_RUSH,-0.11631409522858965,-0.24090213173353625,2026-01-13,3038,CONTINUATION,-0.0353934175741899,0.1660843867818791,0.07611925858828661,True,True,4,106,2026-07-16,2026-01-14,299.5592314588964,-0.003773651768709502,-0.004923478526918629,-0.003995927592678345,XLY,OOS_2023_2026,False
HPE,HPE-V61-001,2021-03-15,2021-03-15,HEALTHY_RUSH,0.3312920204249313,0.03871030791828293,2021-03-15,1359,LARGE_PULLBACK,-0.1417350118388031,0.03052967246416327,-0.09477090024810997,False,False,87,44,2021-09-13,2021-03-16,13.78540970588591,0.0006375028741618661,0.0008249944725360836,0.004547105464862412,XLK,OOS_2020_2022,False
HPE,HPE-V61-002,2022-03-28,2022-03-28,HEALTHY_RUSH,-0.8376697267585026,-0.3683945537682291,2022-03-28,1621,STRUCTURAL_BREAK,-0.2969659754154128,0.01035681382051834,-0.2952097699475308,False,False,125,1,2022-09-27,2022-03-29,15.623176196813851,0.006207110373025727,0.010520757780634427,0.015111396783644994,XLK,OOS_2020_2022,False
HPE,HPE-V61-003,2023-07-13,2023-07-13,HEALTHY_RUSH,-0.1514136384700397,-0.6918617288280968,2023-07-13,1945,LARGE_PULLBACK,-0.1202626292446044,0.04330249346865922,-0.04067670987557637,False,True,74,18,2024-01-11,2023-07-14,15.93566193487399,-0.0011533656667767121,-0.00022833402640660134,0.0017052792822798205,XLK,OOS_2023_2026,False
HPE,HPE-V61-004,2024-06-20,2024-06-20,HEALTHY_RUSH,-0.4484642500125001,-0.43785021658610546,2024-06-20,2181,LARGE_PULLBACK,-0.25046549516451133,0.1229681461090657,-0.03457565502727533,True,True,56,118,2024-12-18,2024-06-21,20.2274039080692,0.0015029354160436272,0.0052797299492028885,0.0011563201246367562,XLK,OOS_2023_2026,False
HPE,HPE-V61-005,2024-11-22,2024-11-22,HEALTHY_RUSH,-0.7080783122834776,-0.2228600520400725,2024-11-22,2290,STRUCTURAL_BREAK,-0.4257926314709154,0.11189668439578648,-0.18986738931424507,False,False,91,38,2025-05-29,2024-11-25,21.474612653107084,0.0007824171170914163,0.005386959680781995,0.009985862235874695,XLK,OOS_2023_2026,False
HPE,HPE-V61-006,2025-09-09,2025-09-09,HEALTHY_RUSH,-1.5488474361969395,-1.6703190609636451,2025-09-09,2486,LARGE_PULLBACK,-0.1572110795889924,0.10505539131598063,-0.0924280834815252,False,True,52,22,2026-03-11,2025-09-10,23.5200845855015,-0.004647710983215808,-2.0756533346539787e-07,0.004817107656816878,XLK,OOS_2023_2026,False
HWM,HWM-V61-001,2021-01-11,2021-01-11,NORMAL_RUSH,0.14634854286192864,-0.5190590959588921,2021-01-11,1054,LARGE_PULLBACK,-0.16341714302496368,0.26657211699335126,0.1658983827678837,True,True,11,102,2021-07-13,2021-01-12,27.80108423082063,-0.00026269589379586676,-0.00701563020172728,-0.008344931738788568,XLI,OOS_2020_2022,False
HWM,HWM-V61-002,2023-03-03,2023-03-03,HEALTHY_RUSH,-1.793445486343361,-0.5724502966244414,2023-03-03,1593,LARGE_PULLBACK,-0.10377138689947674,0.1699611172926847,0.1377358826806523,True,True,10,102,2023-09-01,2023-03-06,43.366857620542156,0.0008750784407331514,-0.0016379617927463619,-0.006897800676990334,XLI,OOS_2023_2026,False
HWM,HWM-V61-003,2023-05-03,2023-05-03,HEALTHY_RUSH,-0.17711200068590122,0.11321747137001063,2023-05-03,1635,CONTINUATION,-0.04276755831395085,0.14509613655711573,0.002177775751918576,True,True,19,60,2023-11-01,2023-05-04,44.21867792868801,-0.0006441809840622537,-0.004108464465061951,-0.0002263029997905452,XLI,OOS_2023_2026,False
HWM,HWM-V61-004,2023-07-05,2023-07-05,HEALTHY_RUSH,0.11764901536778682,0.027379559039381114,2023-07-05,1677,LARGE_PULLBACK,-0.11807987031306266,0.11066125479515443,0.08095343183500403,True,True,81,113,2024-01-03,2023-07-06,48.22413939523279,0.00038159174062309955,0.003118243885275912,-0.004386584112458708,XLI,OOS_2023_2026,False
HWM,HWM-V61-005,2023-12-13,2023-12-13,HEALTHY_RUSH,0.3389015898820775,-0.01045360852668865,2023-12-13,1790,CONTINUATION,-0.029699413394294827,0.5754413572077293,0.45831773008647003,True,True,14,113,2024-06-14,2023-12-14,54.015855244527664,0.0006120065453838419,-0.011006315198463396,-0.022737939036154994,XLI,OOS_2023_2026,False
HWM,HWM-V61-006,2025-05-19,2025-05-19,HEALTHY_RUSH,-0.05518139014001499,0.0195917344474447,2025-05-19,2147,CONTINUATION,-0.020933680467069116,0.26324090862567906,0.20626435502034846,True,True,2,121,2025-11-17,2025-05-20,165.36627846575513,-0.0014045240226146117,-0.0019426167391319582,-0.0105451660508684,XLI,OOS_2023_2026,False
HWM,HWM-V61-007,2025-09-18,2025-09-18,HEALTHY_RUSH,-0.2955803883335289,0.21519310219940285,2025-09-18,2231,CONTINUATION,-0.04039826430528026,0.3835312867273437,0.20661722025197626,True,True,16,112,2026-03-20,2025-09-19,192.5922832664401,0.0007846316664184562,0.0003643128269143315,-0.010049340622665399,XLI,OOS_2023_2026,False
HWM,HWM-V61-008,2025-11-17,2025-11-17,HEALTHY_RUSH,-0.30803673353243355,-0.517232368669398,2025-11-17,2273,CONTINUATION,-0.046435015878207864,0.36737206243372755,0.30554595474803437,True,True,13,119,2026-05-20,2025-11-18,200.60667742874438,0.00234529993515743,-0.012657427833308948,-0.015155009177170081,XLI,OOS_2023_2026,False
IEX,IEX-V61-001,2017-05-23,2017-05-23,HEALTHY_RUSH,-0.5360778604092811,-1.2990220996713304,2017-05-23,1355,CONTINUATION,-0.008559403145541267,0.19666826477767163,0.1951865115303968,True,True,3,109,2017-11-20,2017-05-24,96.91970071500374,-0.001351633623702303,-0.0029449083331865747,-0.009776335123772023,XLI,OOS_2016_2019,False
IEX,IEX-V61-002,2017-09-21,2017-09-21,HEALTHY_RUSH,0.533695559206331,0.42316886450212426,2017-09-21,1439,CONTINUATION,-0.01364179990166281,0.22803750793646027,0.1660514654957559,True,True,6,123,2018-03-23,2017-09-22,110.2145278811637,-0.0012368111986366392,-0.003975856184842968,-0.008319448351895358,XLI,OOS_2016_2019,False
INVH,INVH-V61-001,2021-04-12,2021-04-12,NORMAL_RUSH,-0.19304046445230655,-0.616430855404595,2021-04-12,1054,CONTINUATION,0.0024617392571022467,0.31872963541433363,0.19607914377626345,True,True,2,101,2021-10-08,2021-04-13,27.501226533809294,-0.004099470599888538,-0.01181861706192074,-0.009652208395501622,XLRE,OOS_2020_2022,False
INVH,INVH-V61-002,2021-12-14,2021-12-14,NORMAL_RUSH,-0.07990446517761816,-0.31711806420257116,2021-12-14,1226,STRUCTURAL_BREAK,-0.1930929730809069,0.07593722473114894,-0.1784567466581709,False,False,125,12,2022-06-15,2021-12-15,36.022023575936274,-0.0017937791930475566,0.0024903606658551016,0.008882574224168927,XLRE,OOS_2020_2022,False
IQV,IQV-V61-001,2017-07-17,2017-07-17,NORMAL_RUSH,-0.1931378556726031,-0.14917877653174524,2017-07-17,1054,CONTINUATION,-0.027864143972120448,0.20515092578345695,0.10934722779634298,True,True,18,79,2018-01-16,2017-07-18,89.94000244,-0.0009339205564068698,-0.005559226017984082,-0.005603701133522004,XLV,OOS_2016_2019,False
IQV,IQV-V61-002,2017-09-14,2017-09-14,NORMAL_RUSH,-0.03219281477376365,-0.44720759700846807,2017-09-14,1096,CONTINUATION,-0.014353013764030309,0.1373494087890592,0.10728135963549645,True,True,8,37,2018-03-16,2017-09-15,94.94000244,-0.0026358415335005995,-0.003883999669739208,-0.0057114702357911554,XLV,OOS_2016_2019,False
IQV,IQV-V61-003,2018-08-16,2018-08-16,HEALTHY_RUSH,-0.7869691204529257,-0.8248122715445796,2018-08-16,1328,LARGE_PULLBACK,-0.12666282782777316,0.1720235272777677,0.16904905315094476,True,True,89,125,2019-02-19,2018-08-17,121.0,-0.0017318180578512366,0.0014334695454545413,-0.008516944421487599,XLV,OOS_2016_2019,False
IQV,IQV-V61-004,2019-03-04,2019-03-04,HEALTHY_RUSH,-1.1913869740095913,-1.33737763933938,2019-03-04,1463,TEMPORARY_PULLBACK,-0.06509298425322352,0.1411407196531631,0.09654383962830515,True,True,49,85,2019-08-30,2019-03-05,141.6900024,-0.0009710250038078961,0.003034199785432423,-0.00479980283436004,XLV,OOS_2016_2019,False
IQV,IQV-V61-005,2019-07-15,2019-07-15,HEALTHY_RUSH,-0.7473306797125675,-0.802157174455967,2019-07-15,1555,LARGE_PULLBACK,-0.13137625253406027,0.013952063037295348,-0.0015782828890626988,False,True,83,7,2020-01-13,2019-07-16,159.3899994,0.0006746369310168921,0.004156664078825512,0.00033898472447073673,XLV,OOS_2016_2019,False
IQV,IQV-V61-006,2021-01-20,2021-01-20,HEALTHY_RUSH,-0.1333752965329364,-0.6326195497368883,2021-01-20,1938,TEMPORARY_PULLBACK,-0.09205412992947759,0.3327385920507431,0.2754802526803699,True,True,5,116,2021-07-21,2021-01-21,189.64999389999997,0.0002004605933446258,-0.007787940164521151,-0.0141232946525025,XLV,OOS_2020_2022,False
IQV,IQV-V61-007,2021-04-21,2021-04-21,HEALTHY_RUSH,-0.5560586223176742,-0.4958894976477824,2021-04-21,2001,CONTINUATION,0.031689508675799116,0.2110959406392694,0.1370776452054796,True,True,1,94,2021-10-19,2021-04-22,225.9499969,-0.0024376983288420698,-0.003829597728332607,-0.005155113457959076,XLV,OOS_2020_2022,False
IR,IR-V61-001,2021-09-09,2021-09-09,NORMAL_RUSH,-0.9769402124493521,-0.3769461811913053,2021-09-09,1089,LARGE_PULLBACK,-0.16653369582158184,0.14847592463419979,-0.09800657601498686,False,False,123,79,2022-03-10,2021-09-10,54.1464735509832,0.0031272268490795617,-0.005303236033608233,0.005314166500624973,XLI,OOS_2020_2022,False
IR,IR-V61-002,2021-11-17,2021-11-17,NORMAL_RUSH,-0.7660854771154988,-0.6340966534112044,2021-11-17,1138,STRUCTURAL_BREAK,-0.2858293616538804,0.042635862830366245,-0.25311662919875033,False,False,119,30,2022-05-19,2021-11-18,59.686138736949225,0.0014333356072446571,0.0055249989174868406,0.013016624853798082,XLI,OOS_2020_2022,False
IR,IR-V61-003,2023-07-07,2023-07-07,HEALTHY_RUSH,1.0382465314066942,0.3276989690905528,2023-07-07,1547,TEMPORARY_PULLBACK,-0.07675388513214709,0.2121935159726811,0.16470248528028564,True,True,75,120,2024-01-05,2023-07-10,64.78012669537401,-0.002312587057301424,0.0015901150273805733,-0.007648712720122713,XLI,OOS_2023_2026,True
IR,IR-V61-004,2023-12-13,2023-12-13,HEALTHY_RUSH,0.4567917273559462,0.24236856912945853,2023-12-13,1658,CONTINUATION,0.013839714153663252,0.30695311288683014,0.24152401940494905,True,True,13,110,2024-06-14,2023-12-14,73.95658723825984,-0.0026265569532449907,-0.011084759296800268,-0.011766128886471256,XLI,OOS_2023_2026,False
IR,IR-V61-005,2024-07-17,2024-07-17,HEALTHY_RUSH,0.028785831785949526,-0.2499050961579735,2024-07-17,1805,LARGE_PULLBACK,-0.11386364917109004,0.07522282093373178,-0.07378754075068217,True,True,36,92,2025-01-16,2024-07-18,97.55435427246884,0.0027634446552417926,-0.0015601994931469243,0.003506704559330598,XLI,OOS_2023_2026,False
KEYS,KEYS-V61-001,2019-02-14,2019-02-14,NORMAL_RUSH,-0.3422778396060946,-0.4280940754434445,2019-02-14,1087,TEMPORARY_PULLBACK,-0.09617816746594088,0.185902341997366,0.05466970240053404,True,True,71,110,2019-08-15,2019-02-15,79.88999939,-0.0037112833362546397,-0.003367062893020506,-0.0022092170336352746,XLK,OOS_2016_2019,False
KEYS,KEYS-V61-002,2021-08-05,2021-08-05,HEALTHY_RUSH,-0.8096671805961921,-0.05914912023103993,2021-08-05,1710,UNRESOLVED,-0.03173076318243773,0.24957932886078082,-0.0031249340087866617,False,True,121,99,2022-02-03,2021-08-06,166.5899963,-0.004459029001220999,-0.0051133323652940155,0.00016309544863709618,XLK,OOS_2020_2022,False
KEYS,KEYS-V61-003,2021-11-29,2021-11-29,HEALTHY_RUSH,-0.11547308718786446,-0.07560948478647615,2021-11-29,1790,STRUCTURAL_BREAK,-0.3394862093295532,0.05153224899652398,-0.2636795688771233,False,False,114,19,2022-05-31,2021-11-30,196.3099976,-0.00284659615766813,0.010907160823682883,0.012865794437358804,XLK,OOS_2020_2022,False
KHC,KHC-V61-001,2020-01-02,2020-01-02,NORMAL_RUSH,0.012778812147994164,-0.16716618095380342,2020-01-02,1132,LARGE_PULLBACK,-0.3544775017495624,0.10741589073574276,0.037000365934405144,True,True,48,108,2020-07-02,2020-01-03,22.86712181448265,0.0036801556757400933,0.010166303416732293,-0.0020810958524938583,XLP,OOS_2020_2022,False
KHC,KHC-V61-002,2020-05-12,2020-05-12,NORMAL_RUSH,-0.13159116603506926,-0.1716473651578081,2020-05-12,1222,CONTINUATION,-0.021102866043592905,0.23891141704187935,0.06791359798377883,True,True,1,67,2020-11-09,2020-05-13,21.739210239876037,-0.0036967081890942836,-0.009632612073187536,-0.0033368607331066336,XLP,OOS_2020_2022,False
KHC,KHC-V61-003,2020-11-09,2020-11-09,HEALTHY_RUSH,-0.02060491594583499,-0.43210332144296265,2020-11-09,1348,CONTINUATION,-0.004572212760171057,0.4563476269888507,0.4329774607744312,True,True,1,124,2021-05-12,2020-11-10,22.72943494338933,-0.007688894665132523,-0.007133056122226972,-0.023082239522645605,XLP,OOS_2020_2022,False
KHC,KHC-V61-004,2022-04-21,2022-04-21,HEALTHY_RUSH,-0.18255460047920075,-0.20163062686246902,2022-04-21,1712,STRUCTURAL_BREAK,-0.2356918884433813,0.006590739631987086,-0.18025353159812818,False,False,109,16,2022-10-20,2022-04-22,35.510832354296355,0.0063675466922629214,0.005983341237322377,0.008981299675407806,XLP,OOS_2020_2022,False
KHC,KHC-V61-005,2022-11-23,2022-11-23,HEALTHY_RUSH,-0.7268155181540592,-0.44876156707549375,2022-11-23,1862,UNRESOLVED,-0.02789901741731693,0.09485865149583561,-0.003998953812012984,False,True,81,29,2023-05-26,2022-11-25,32.509696491539565,-0.0018923723807636682,-0.0007920665994005816,0.00037932394279996954,XLP,OOS_2020_2022,False
KHC,KHC-V61-006,2024-01-02,2024-01-02,NORMAL_RUSH,-0.5629313951540701,-0.43288215560212384,2024-01-02,2138,LARGE_PULLBACK,-0.14478588864924113,0.025507602055184098,-0.13861204069835342,False,False,124,81,2024-07-03,2024-01-03,33.25796484902909,0.0005840798977683082,0.0005347931928409045,0.007021374000755193,XLP,OOS_2023_2026,False
KHC,KHC-V61-007,2024-04-24,2024-04-24,HEALTHY_RUSH,-0.706353508382713,-0.762311144689911,2024-04-24,2216,LARGE_PULLBACK,-0.1643279034191043,0.0020743068838535716,-0.05816818915718469,False,False,46,3,2024-10-23,2024-04-25,34.09860432426863,0.0037778979242717448,0.006513972870705821,0.0030989239322622764,XLP,OOS_2023_2026,False
LITE,LITE-V61-001,2019-12-04,2019-12-04,NORMAL_RUSH,-0.8415150604110786,-1.9507003779463064,2019-12-04,1100,LARGE_PULLBACK,-0.14395918827511545,0.2791018480715355,0.09615654638287596,False,True,73,47,2020-06-05,2019-12-05,73.11000061,-0.0051655763011831226,-0.006437632514068442,-0.004467999607509515,XLK,OOS_2016_2019,False
LITE,LITE-V61-002,2021-01-07,2021-01-07,HEALTHY_RUSH,-0.9645412012225143,-0.7905581083628692,2021-01-07,1375,STRUCTURAL_BREAK,-0.35541535299446325,0.041296240084334634,-0.20973140525916412,False,False,87,3,2021-07-09,2021-01-08,105.5199966,0.008185404553642679,0.006735443570607547,0.010777330916536439,XLK,OOS_2020_2022,False
LITE,LITE-V61-003,2022-01-12,2022-01-12,HEALTHY_RUSH,-0.11896528418034555,-1.3338548168239481,2022-01-12,1631,STRUCTURAL_BREAK,-0.29991623503700204,-0.009959971116187294,-0.2370846239306954,False,False,107,2,2022-07-15,2022-01-13,108.0999985,0.0063283538997921445,0.008321877313208288,0.012040656698760267,XLK,OOS_2020_2022,False
LITE,LITE-V61-004,2024-12-20,2024-12-20,HEALTHY_RUSH,0.2420905186378245,0.07820916572927387,2024-12-20,2370,LARGE_PULLBACK,-0.41748941814755947,0.17983069041972066,0.11318755339523712,False,True,70,19,2025-06-26,2024-12-23,85.25,-0.006149707642228735,0.011175806093841646,-0.005598386557184748,XLK,OOS_2023_2026,False
LITE,LITE-V61-005,2025-07-10,2025-07-10,HEALTHY_RUSH,-0.29115059933758025,-0.3008581271922285,2025-07-10,2505,CONTINUATION,-0.004102838250023666,3.2908659209686757,2.7600950060433895,True,True,2,124,2026-01-08,2025-07-11,92.19000244,-0.013109981300939861,-0.03850319014181817,-0.13893165776254207,XLK,OOS_2023_2026,False
NCLH,NCLH-V61-001,2023-07-13,2023-07-13,HEALTHY_RUSH,-0.23232893924853842,-0.7664064050873622,2023-07-13,2637,STRUCTURAL_BREAK,-0.40623544129521416,0.026989293913798784,-0.18520240030695923,False,False,84,12,2024-01-11,2023-07-14,21.44000053,0.008718657012715098,0.013429478864546464,0.009115112413362426,XLY,OOS_2023_2026,False
NCLH,NCLH-V61-002,2024-10-15,2024-10-15,HEALTHY_RUSH,-1.1124363369786778,-0.7346680143277927,2024-10-15,2954,STRUCTURAL_BREAK,-0.36213989774593913,0.19629632095412375,-0.32592593941167536,False,False,118,72,2025-04-17,2024-10-16,24.45999908,-0.005855397111241428,-0.0040974274825688215,0.016466762518210196,XLY,OOS_2023_2026,False
NCLH,NCLH-V61-003,2025-09-09,2025-09-09,HEALTHY_RUSH,0.022470874954140532,0.35517328689304095,2025-09-09,3178,STRUCTURAL_BREAK,-0.31020893099820646,0.06188410082843343,-0.19392983512412043,False,True,52,2,2026-03-11,2025-09-10,25.37000084,0.003280706492006563,0.01228740643029478,0.009646491756206023,XLY,OOS_2023_2026,False
NOW,NOW-V61-001,2017-05-31,2017-05-31,NORMAL_RUSH,-0.8805106793545614,-0.8929537201744251,2017-05-31,1236,CONTINUATION,-0.032967058279035455,0.22599137457920082,0.21003343692735954,True,True,12,124,2017-11-28,2017-06-01,21.0359993,-0.00035424097798862354,-0.003173220012657069,-0.010246807978596955,XLK,OOS_2016_2019,False
NOW,NOW-V61-002,2017-09-28,2017-09-28,HEALTHY_RUSH,-0.12345685687230384,-0.4381235201080913,2017-09-28,1320,CONTINUATION,-0.025975096102786477,0.5031290574475065,0.3855122769327468,True,True,46,114,2018-04-02,2017-09-29,23.36199951,-0.0038681671890635153,-0.005991274373393735,-0.01923072508340704,XLK,OOS_2016_2019,False
NOW,NOW-V61-003,2018-08-29,2018-08-29,HEALTHY_RUSH,-0.5151294265392592,-0.8131707745078639,2018-08-29,1551,LARGE_PULLBACK,-0.21690057708215982,0.21620128928812266,0.18348897062405167,True,True,57,125,2019-03-04,2018-08-30,39.90000153,0.000919927381353658,0.005371052699393215,-0.009440976431874843,XLK,OOS_2016_2019,False
NOW,NOW-V61-004,2019-03-04,2019-03-04,HEALTHY_RUSH,0.7303212133969583,-1.2088471895808393,2019-03-04,1677,CONTINUATION,-0.016288967876696203,0.2757311159959399,0.10494997075580303,True,True,2,90,2019-08-30,2019-03-05,47.51399994,-0.001996793021358073,-0.0023251175997917872,-0.005157968278959429,XLK,OOS_2016_2019,True
NOW,NOW-V61-005,2019-07-02,2019-07-02,HEALTHY_RUSH,0.9126525152902476,1.3121591025818995,2019-07-02,1761,LARGE_PULLBACK,-0.23689778616978663,0.048558896859259404,-0.020776214421460715,False,True,79,6,2019-12-31,2019-07-03,57.979999539999994,0.0026923252201012326,0.006809260627031039,0.0012573463711862578,XLK,OOS_2016_2019,False
NOW,NOW-V61-006,2020-02-10,2020-02-10,HEALTHY_RUSH,-0.725937115845276,-1.3690026192722087,2020-02-10,1914,LARGE_PULLBACK,-0.271902429601233,0.31070390007733617,0.2798086030306428,True,True,38,111,2020-08-10,2020-02-11,69.19200134,0.007946590411963363,-0.005497162875777567,-0.01345039192455016,XLK,OOS_2020_2022,False
NOW,NOW-V61-007,2020-06-03,2020-06-03,HEALTHY_RUSH,0.5635072260784277,-0.6252378720021544,2020-06-03,1993,CONTINUATION,-0.03360037886842526,0.3903734256952196,0.3903734256952196,True,True,6,126,2020-12-01,2020-06-04,77.13800049,-0.003747271347304021,-0.014504615694174577,-0.020001255292124317,XLK,OOS_2020_2022,True
NOW,NOW-V61-008,2021-09-03,2021-09-03,HEALTHY_RUSH,-0.9921173509592361,-0.5255896569747337,2021-09-03,2310,STRUCTURAL_BREAK,-0.2861794778522678,0.034039131570090975,-0.23431026326607696,False,False,99,43,2022-03-07,2021-09-07,135.7259979,0.0032809756199626396,0.004777371506840844,0.011665513163303848,XLK,OOS_2020_2022,False
NOW,NOW-V61-009,2024-11-13,2024-11-13,HEALTHY_RUSH,-1.2455278881710024,-0.7453791254486407,2024-11-13,3113,LARGE_PULLBACK,-0.30978909958455625,0.11940128271416595,-0.018937433353916844,False,True,96,49,2025-05-19,2024-11-14,209.8000031,-0.003486605788114977,0.0024056722468418336,0.0010582004602696761,XLK,OOS_2023_2026,False
NWS,NWS-V61-001,2017-11-30,2017-11-30,NORMAL_RUSH,,,2017-11-30,1122,UNRESOLVED,-0.05230249077012916,0.07012202143220603,-0.04003469732192555,False,False,124,29,2018-06-04,2017-12-01,15.057544388830774,-0.000959087677577436,0.00025303626034291486,0.0022426391614787933,XLC,OOS_2016_2019,False
NWS,NWS-V61-002,2020-01-16,2020-01-16,HEALTHY_RUSH,-0.4688569691013492,-0.3634356104773451,2020-01-16,1656,STRUCTURAL_BREAK,-0.46109209697154285,-0.0013114357453140046,-0.15257734924048771,False,False,45,1,2020-07-17,2020-01-17,14.312002230697376,0.0010319692301091977,0.01959505499669481,0.007578870424620427,XLC,OOS_2020_2022,False
NWS,NWS-V61-003,2020-09-02,2020-09-02,HEALTHY_RUSH,-0.4318234094903978,-0.4232804146090671,2020-09-02,1815,LARGE_PULLBACK,-0.14701983169189214,0.5715231575260424,0.5562913825068738,True,True,39,122,2021-03-05,2020-09-03,14.440274280066786,0.003152624001898491,-0.01094933594363367,-0.02766033147736143,XLC,OOS_2020_2022,False
NWS,NWS-V61-004,2020-12-08,2020-12-08,HEALTHY_RUSH,-0.4629614017808269,-0.7601416588606724,2020-12-08,1882,TEMPORARY_PULLBACK,-0.06236426684840901,0.4129828943197358,0.36724475405528034,True,True,8,117,2021-06-10,2020-12-09,17.72159443232294,0.0010802408026906632,-0.016008033063212555,-0.017897128518356183,XLC,OOS_2020_2022,False
NWS,NWS-V61-005,2021-10-21,2021-10-21,HEALTHY_RUSH,-0.15944198701450807,-1.2253984557376825,2021-10-21,2101,LARGE_PULLBACK,-0.14748649095664734,0.01578734650400726,-0.1188724811080697,False,False,93,2,2022-04-22,2021-10-22,23.149649085682086,0.0035659602883949203,0.004937529523957896,0.00587530838270643,XLC,OOS_2020_2022,False
NWS,NWS-V61-006,2023-08-08,2023-08-08,HEALTHY_RUSH,-0.19020089947651603,-0.02492151988024807,2023-08-08,2551,CONTINUATION,-0.026771895239848242,0.2636503128421628,0.22257549089617323,True,True,39,119,2024-02-07,2023-08-09,20.26031475239606,-0.0020538574857478843,-0.004526518651788031,-0.01141490571317338,XLC,OOS_2023_2026,False
NWS,NWS-V61-007,2023-11-06,2023-11-06,HEALTHY_RUSH,-0.04697926658378213,0.10902901748753083,2023-11-06,2614,TEMPORARY_PULLBACK,-0.051647363387850476,0.2462153896660637,0.11403760017922693,True,True,5,78,2024-05-08,2023-11-07,21.936633174679073,-0.0012148718407500147,-0.006725620848466357,-0.006101263915889793,XLC,OOS_2023_2026,False
NWS,NWS-V61-008,2024-06-07,2024-06-07,HEALTHY_RUSH,-0.34939630104706726,-0.6916869752739685,2024-06-07,2761,TEMPORARY_PULLBACK,-0.05253697361180498,0.18423185953878707,0.16653512747127897,True,True,39,123,2024-12-06,2024-06-10,27.304183494247223,-0.0017660337644782864,2.225772610181536e-05,-0.008608548613507312,XLC,OOS_2023_2026,False
NWS,NWS-V61-009,2024-11-06,2024-11-06,HEALTHY_RUSH,-0.6164541485323599,-0.3098900844037684,2024-11-06,2866,LARGE_PULLBACK,-0.11234988213653097,0.1297610834983225,0.06705849648080475,False,True,102,68,2025-05-12,2024-11-07,30.770034622136,-0.0020126765499234815,-0.004876256347022961,-0.0032312583279571487,XLC,OOS_2023_2026,False
NWS,NWS-V61-010,2025-02-10,2025-02-10,HEALTHY_RUSH,-0.6216870653543872,-0.07044285850547269,2025-02-10,2929,LARGE_PULLBACK,-0.19309277617269816,0.026995165243669517,-0.020289280498184792,False,True,39,5,2025-08-12,2025-02-11,33.46290335232402,0.004372834296771272,0.0010484105960324066,0.0005586589499349759,XLC,OOS_2023_2026,False
NWS,NWS-V61-011,2025-06-27,2025-06-27,HEALTHY_RUSH,0.027530516393058167,-0.15646116176249358,2025-06-27,3024,STRUCTURAL_BREAK,-0.17134655806062937,0.03838195017247181,-0.11537240828207762,False,False,102,39,2025-12-26,2025-06-30,33.69123651126641,0.0004659135093634248,0.00022423431194729124,0.005783818476730419,XLC,OOS_2023_2026,False
NWSA,NWSA-V61-001,2017-10-31,2017-10-31,NORMAL_RUSH,,,2017-10-31,1101,CONTINUATION,0.00366027843989869,0.2606153438578409,0.1695854034414268,True,True,1,54,2018-05-03,2017-11-01,12.4970128572332,-0.00889924164692138,-0.011302739614246831,-0.008231128506974711,XLC,OOS_2016_2019,False
NWSA,NWSA-V61-002,2020-01-14,2020-01-14,HEALTHY_RUSH,-0.3248601057929608,-0.4093452540405995,2020-01-14,1654,STRUCTURAL_BREAK,-0.43684557549837444,0.01635988699280211,-0.1291073401408671,False,False,56,2,2020-07-15,2020-01-15,13.74134006331664,0.0008702420657348832,0.019210581107542403,0.006405365179604023,XLC,OOS_2020_2022,False
NWSA,NWSA-V61-003,2020-08-18,2020-08-18,HEALTHY_RUSH,-0.8539426186885204,-0.8184944317639142,2020-08-18,1804,LARGE_PULLBACK,-0.13996879059964107,0.5774976445178173,0.501905000021228,True,True,50,124,2021-02-18,2020-08-19,14.39852142,-0.000345662788964346,-0.007554379432315355,-0.02494788677204329,XLC,OOS_2020_2022,False
NWSA,NWSA-V61-004,2023-09-07,2023-09-07,HEALTHY_RUSH,-0.7385224276453665,-0.8826690623168237,2023-09-07,2572,TEMPORARY_PULLBACK,-0.07034344828337968,0.28611263966015077,0.2602755297309942,True,True,18,120,2024-03-08,2023-09-08,20.59728914497919,0.001926590558223218,-0.0019562590943241476,-0.012794869987661956,XLC,OOS_2023_2026,False
NWSA,NWSA-V61-005,2023-11-06,2023-11-06,HEALTHY_RUSH,-0.1262644361579802,0.001414592190365677,2023-11-06,2614,TEMPORARY_PULLBACK,-0.055863302115420566,0.24099723081354196,0.11872147395026444,True,True,5,78,2024-05-08,2023-11-07,21.225554174361662,-0.0004198616402392774,-0.006152640322973452,-0.006063655508514215,XLC,OOS_2023_2026,False
NWSA,NWSA-V61-006,2024-06-07,2024-06-07,HEALTHY_RUSH,-0.4757714314033243,-0.7337601604653535,2024-06-07,2761,TEMPORARY_PULLBACK,-0.06546536850394091,0.1023766999916591,0.083548434149473,True,True,39,123,2024-12-06,2024-06-10,26.66453250668927,-0.0013798833631019248,0.0008181232205611123,-0.004467589081525653,XLC,OOS_2023_2026,False
NWSA,NWSA-V61-007,2024-11-07,2024-11-07,HEALTHY_RUSH,-1.0809957209449501,-0.4035344020840624,2024-11-07,2867,LARGE_PULLBACK,-0.17492091131871046,0.04561041897153273,-0.02863028393246747,False,True,102,68,2025-05-13,2024-11-08,28.53589256250889,-0.0009509006400707898,-0.0010721790964014987,0.0008766444730095969,XLC,OOS_2023_2026,False
NWSA,NWSA-V61-008,2025-02-20,2025-02-20,HEALTHY_RUSH,0.2874470574671348,-0.1027771652796536,2025-02-20,2936,LARGE_PULLBACK,-0.16605524449959264,0.04965016343601336,0.034689922661265804,True,True,33,101,2025-08-21,2025-02-21,28.61499393460713,0.003058592122494813,0.0014978586971423238,-0.0016236081535626445,XLC,OOS_2023_2026,False
NWSA,NWSA-V61-009,2025-07-11,2025-07-11,HEALTHY_RUSH,-0.6978863363220594,-0.5382986722585369,2025-07-11,3033,STRUCTURAL_BREAK,-0.15759704249177064,0.05402276948626783,-0.10087073393395729,False,False,93,55,2026-01-09,2025-07-14,29.317080931249624,0.0019134431100923277,0.0050105225639753845,0.004993538830118405,XLC,OOS_2023_2026,False
OTIS,OTIS-V61-001,2024-09-30,2024-09-30,NORMAL_RUSH,-0.9229195205142904,-0.36430820836633127,2024-09-30,1140,LARGE_PULLBACK,-0.12327892291200493,0.019915285360573742,0.007936638966633991,False,True,70,14,2025-04-02,2024-10-01,100.78244191824847,0.0012565541170280027,0.005309081588343901,-0.0003742140542107697,XLI,OOS_2023_2026,False
PANW,PANW-V61-001,2018-05-23,2018-05-23,HEALTHY_RUSH,-0.004430676833347727,0.0674245784220258,2018-05-23,1469,STRUCTURAL_BREAK,-0.21051108479761538,0.14109743403188602,-0.19935273617420168,False,False,125,77,2018-11-20,2018-05-24,34.70000076,9.649756163290229e-05,-0.0018247356527723634,0.010144525367497432,XLK,OOS_2016_2019,False
PANW,PANW-V61-002,2020-12-17,2020-12-17,HEALTHY_RUSH,-0.6726218802910906,-0.8890385508110203,2020-12-17,2117,CONTINUATION,-0.043904632988493786,0.19764637095843263,0.11931201181731899,False,True,62,42,2021-06-21,2020-12-18,56.91333389,-0.00430646951148938,0.0025914443545085376,-0.004363576023757349,XLK,OOS_2020_2022,False
PANW,PANW-V61-003,2021-07-23,2021-07-23,HEALTHY_RUSH,-0.32960451247855366,-0.11267865157545626,2021-07-23,2266,TEMPORARY_PULLBACK,-0.09775411768178177,0.41511876127375347,0.20419801712150942,True,True,18,108,2022-01-21,2021-07-26,66.32833099,0.0031411927428403375,-0.01387390665970834,-0.010812122427106169,XLK,OOS_2020_2022,False
PANW,PANW-V61-004,2021-09-23,2021-09-23,HEALTHY_RUSH,0.11786647677451415,-1.9751156269663233,2021-09-23,2309,CONTINUATION,-0.02816930638809012,0.2877160450766154,0.2877160450766154,True,True,7,126,2022-03-24,2021-09-24,80.02666473,-0.002546044764253669,-0.007818244741892305,-0.01483674130044555,XLK,OOS_2020_2022,False
PANW,PANW-V61-005,2022-03-25,2022-03-25,HEALTHY_RUSH,-0.38822790230867865,-0.45475005429004084,2022-03-25,2436,STRUCTURAL_BREAK,-0.2988913721344748,0.010620205695932361,-0.21351219287670065,False,False,38,13,2022-09-26,2022-03-28,102.8666687,0.002899612623160608,0.00929219094624963,0.010294298055410829,XLK,OOS_2020_2022,False
PANW,PANW-V61-006,2023-06-29,2023-06-29,HEALTHY_RUSH,-0.2068575435170854,-0.6901069526977621,2023-06-29,2752,LARGE_PULLBACK,-0.18063393232092095,0.2389372880034457,0.16677844905774597,True,True,34,116,2023-12-28,2023-06-30,127.7450027,0.0010322338414651745,0.00392471767402452,-0.00789570440186777,XLK,OOS_2023_2026,False
PANW,PANW-V61-007,2023-12-12,2023-12-12,HEALTHY_RUSH,0.03723770560738328,-0.025124138342385312,2023-12-12,2867,LARGE_PULLBACK,-0.14271217786616652,0.2333922715081369,0.04607637154729827,False,True,47,40,2024-06-13,2023-12-13,152.5200043,-0.0033610380655818063,0.0028119232736279255,-0.0024464061414598286,XLK,OOS_2023_2026,False
PLTR,PLTR-V61-001,2024-12-09,2024-12-09,NORMAL_RUSH,0.0425451493778332,-1.0039350519965193,2024-12-09,1054,LARGE_PULLBACK,-0.10322931017072823,0.8822798941719223,0.8657190741990275,True,True,22,125,2025-06-12,2024-12-10,71.98999786,0.003235175622034675,-0.0053493506853814436,-0.04394498987269452,XLK,OOS_2023_2026,False
PLTR,PLTR-V61-002,2025-05-13,2025-05-13,NORMAL_RUSH,0.724977265835666,0.8553380214830667,2025-05-13,1159,TEMPORARY_PULLBACK,-0.0639344419203739,0.6173300767703866,0.49071036383034183,True,True,16,120,2025-11-11,2025-05-14,129.0099945,-0.002445166329535803,-0.021505702255688416,-0.024059772436661873,XLK,OOS_2023_2026,False
PSX,PSX-V61-001,2017-10-10,2017-10-10,HEALTHY_RUSH,-0.5335642355865351,-0.4013231084515309,2017-10-10,1383,CONTINUATION,-0.034556557785054176,0.15239658928613609,0.11477720391822177,True,True,6,71,2018-04-12,2017-10-11,66.83009267343579,-0.0006277068874776026,-0.005071831601643301,-0.005788854421500128,XLE,OOS_2016_2019,False
PSX,PSX-V61-002,2018-05-01,2018-05-01,HEALTHY_RUSH,-1.2141713646763206,-1.237001640882071,2018-05-01,1522,LARGE_PULLBACK,-0.13635078443516102,0.11001366722210526,-0.1071700836751237,False,False,123,63,2018-10-29,2018-05-02,80.89595371228855,-0.002661163824544727,-0.005754877718939205,0.005144262213767526,XLE,OOS_2016_2019,False
PSX,PSX-V61-003,2019-10-24,2019-10-24,HEALTHY_RUSH,-0.5976508650419794,-0.7147870341135224,2019-10-24,1896,STRUCTURAL_BREAK,-0.6127965191147657,0.08198513247246875,-0.415928949193215,False,False,102,11,2020-04-27,2019-10-25,85.61908623842956,-0.002404761425706853,0.006442984652666795,0.021162789603520433,XLE,OOS_2016_2019,False
PSX,PSX-V61-004,2022-06-03,2022-06-03,HEALTHY_RUSH,-0.17076451655019825,-0.43380060274086407,2022-06-03,2553,LARGE_PULLBACK,-0.2822721886429881,0.09632483977088979,0.041357093838122916,True,True,78,119,2022-12-02,2022-06-06,90.84655293897038,0.012035236351081764,0.007315182929923753,-0.0019093443954329935,XLE,OOS_2020_2022,False
PSX,PSX-V61-005,2022-11-17,2022-11-17,HEALTHY_RUSH,-0.6425838970148254,-0.40533417221751494,2022-11-17,2669,STRUCTURAL_BREAK,-0.1541156387848357,0.023330045376338093,-0.11063270010968229,False,False,122,3,2023-05-22,2022-11-18,95.38214724416993,0.0033583612877394866,0.003336440670932156,0.004756769510386761,XLE,OOS_2020_2022,False
PSX,PSX-V61-006,2023-01-20,2023-01-20,HEALTHY_RUSH,0.25456907914670684,0.6960131289579565,2023-01-20,2711,LARGE_PULLBACK,-0.13295294230623256,0.04235252453970606,0.0201961635375405,False,True,105,4,2023-07-24,2023-01-23,94.96692304286876,0.0031326320466021906,0.00289772552562404,-0.0008035665583716767,XLE,OOS_2023_2026,False
PSX,PSX-V61-007,2023-08-21,2023-08-21,HEALTHY_RUSH,-0.10332006633253706,-0.24039745178192165,2023-08-21,2857,CONTINUATION,-0.036530403766829145,0.31113511288372453,0.2875127520096008,True,True,33,115,2024-02-21,2023-08-22,103.53791713880706,-0.0028512397880364475,-0.001693676565672969,-0.014216149354668644,XLE,OOS_2023_2026,False
PSX,PSX-V61-008,2023-12-19,2023-12-19,HEALTHY_RUSH,-1.496745432133002,-1.5494924221639492,2023-12-19,2941,CONTINUATION,-0.04581469546775396,0.3001338008523857,0.04778137176228858,True,True,19,71,2024-06-21,2023-12-20,123.40965907386637,0.0016738758723576221,-0.009707993104034756,-0.002247919501133461,XLE,OOS_2023_2026,False
PYPL,PYPL-V61-001,2020-06-01,2020-06-01,NORMAL_RUSH,-0.619134448955196,-0.5411927381292563,2020-06-01,1235,CONTINUATION,-0.009642218537152303,0.38782125000977463,0.3679544608165004,True,True,8,125,2020-11-27,2020-06-02,154.66057467627687,-0.005892944997958621,-0.015588460568999669,-0.01780320153137462,XLF,OOS_2020_2022,False
PYPL,PYPL-V61-002,2020-12-29,2020-12-29,HEALTHY_RUSH,-0.2773585242152377,-0.9282609300323799,2020-12-29,1382,CONTINUATION,-0.021382563692580625,0.31926597835132897,0.2616544563043348,False,True,46,32,2021-06-30,2020-12-30,230.19638605557185,-0.0005065235103040965,-0.0023433804316717655,-0.012817570106473736,XLF,OOS_2020_2022,False
PYPL,PYPL-V61-003,2021-07-14,2021-07-14,HEALTHY_RUSH,-0.12875453224024302,-0.12671144813937216,2021-07-14,1517,STRUCTURAL_BREAK,-0.40375728211865614,0.025868749913651845,-0.36319199083427556,False,False,98,7,2022-01-11,2021-07-15,298.27679907346953,0.004315822091153399,0.0074302256179633605,0.01812124300485216,XLF,OOS_2020_2022,False
SYF,SYF-V61-001,2019-07-31,2019-07-31,NORMAL_RUSH,1.2223520212785746,1.0306221690672452,2019-07-31,1258,LARGE_PULLBACK,-0.11968671811953824,0.06558362595870038,-0.06535676271434065,True,True,19,90,2020-01-30,2019-08-01,30.27541517499625,0.0047647902813963815,-0.00017953137810067794,0.0032698810047309293,XLF,OOS_2016_2019,False
SYF,SYF-V61-002,2021-03-03,2021-03-03,HEALTHY_RUSH,0.11299009957086492,0.2625096584531176,2021-03-03,1658,CONTINUATION,-0.03290131830077403,0.3072594935513533,0.25189916155019043,True,True,14,124,2021-08-31,2021-03-04,35.40023472427679,-0.0024261843231077333,-0.012592479089317139,-0.013195849212887318,XLF,OOS_2020_2022,False
SYF,SYF-V61-003,2024-03-15,2024-03-15,HEALTHY_RUSH,0.07805255195658313,-0.22023105617804087,2024-03-15,2422,TEMPORARY_PULLBACK,-0.05026323333997995,0.25682425916287355,0.1454975312376019,True,True,22,84,2024-09-16,2024-03-18,40.143762639478126,0.0022444503683201277,-0.00014753215116520275,-0.0072427504185204996,XLF,OOS_2023_2026,False
SYF,SYF-V61-004,2024-05-15,2024-05-15,HEALTHY_RUSH,-0.3278609167120178,-0.7489596996407725,2024-05-15,2464,TEMPORARY_PULLBACK,-0.05550532283198806,0.5449889256298197,0.4905218864957166,True,True,21,121,2024-11-13,2024-05-16,42.45073807468582,0.002575006520222106,-0.002489115995663999,-0.02481322139361269,XLF,OOS_2023_2026,False
SYF,SYF-V61-005,2024-07-17,2024-07-17,HEALTHY_RUSH,-0.8729900343747822,-0.4281952392953847,2024-07-17,2506,LARGE_PULLBACK,-0.15713191294538864,0.32605091867926705,0.31173595412168953,True,True,13,106,2025-01-16,2024-07-18,49.91820711334053,0.005355466126905717,-0.0018356302136531,-0.016245261129819718,XLF,OOS_2023_2026,False
SYF,SYF-V61-006,2024-10-15,2024-10-15,HEALTHY_RUSH,-0.10141858022398217,-0.3862777839719569,2024-10-15,2569,LARGE_PULLBACK,-0.17115372618089442,0.3314139179640445,-0.09434213685190374,False,False,117,68,2025-04-17,2024-10-16,53.56367201806032,-0.009301985710200938,-0.011740108808930366,0.006241886267419878,XLF,OOS_2023_2026,False
SYF,SYF-V61-007,2025-07-10,2025-07-10,HEALTHY_RUSH,-1.5473663990394433,-1.1929505137282366,2025-07-10,2751,TEMPORARY_PULLBACK,-0.05074488335730787,0.2541481270765824,0.24365798003461103,True,True,16,124,2026-01-08,2025-07-11,69.43102301768896,0.0005576726447441061,-0.0005378760047496656,-0.012717388126939727,XLF,OOS_2023_2026,False
SYF,SYF-V61-008,2025-11-06,2025-11-06,HEALTHY_RUSH,-0.6864587333922172,-0.7792962190075695,2025-11-06,2835,LARGE_PULLBACK,-0.12930454086188736,0.20285512297880093,-0.036676754725940786,False,True,86,40,2026-05-11,2025-11-07,72.46973167463123,-0.004648963464702721,-0.0008651245479099401,0.0014607913635326544,XLF,OOS_2023_2026,False
TTD,TTD-V61-001,2020-11-30,2020-11-30,NORMAL_RUSH,-0.866752273392357,-0.6354540735655966,2020-11-30,1055,STRUCTURAL_BREAK,-0.45664601138624095,0.07774087556244935,-0.3542233375814893,False,False,110,16,2021-06-02,2020-12-01,90.40599823,0.0047096372743463686,0.011460849013054476,0.017767954383976492,XLC,OOS_2020_2022,False
TTD,TTD-V61-002,2024-10-18,2024-10-18,HEALTHY_RUSH,-0.038400341931766765,-0.07512341459711021,2024-10-18,2032,STRUCTURAL_BREAK,-0.6188110503578377,0.1747220615786771,-0.5783091870625691,False,False,116,32,2025-04-23,2024-10-21,117.8899994,0.00021719709186799889,-0.0012375489923872219,0.02870986000301905,XLC,OOS_2023_2026,False
UBER,UBER-V61-001,2023-07-17,2023-07-17,NORMAL_RUSH,0.5755815738138298,0.4852722420259984,2023-07-17,1052,LARGE_PULLBACK,-0.10744890288978592,0.3985938009149106,0.3985938009149106,True,True,72,126,2024-01-16,2023-07-18,45.34000015,0.0013394996866249456,0.0020011696116525035,-0.020241885001570734,XLI,OOS_2023_2026,False
UBER,UBER-V61-002,2023-09-14,2023-09-14,NORMAL_RUSH,0.0055557564711750445,0.16289540054447302,2023-09-14,1094,LARGE_PULLBACK,-0.15935432138658612,0.6843956935464126,0.5742963613003285,True,True,30,106,2024-03-15,2023-09-15,48.189998630000005,0.004836905191846031,-0.014347575204143554,-0.028977165234077947,XLI,OOS_2023_2026,False
UBER,UBER-V61-003,2023-11-13,2023-11-13,NORMAL_RUSH,-0.13736328812447104,0.49887229225822954,2023-11-13,1136,CONTINUATION,0.02909641254054418,0.5580014696125102,0.2752680055043979,True,True,2,64,2024-05-15,2023-11-14,52.90000153,-0.008622778287025507,-0.024860963365580833,-0.013017864672195973,XLI,OOS_2023_2026,False
UBER,UBER-V61-004,2025-07-01,2025-07-01,HEALTHY_RUSH,-0.4317106959867283,-0.12753861154805154,2025-07-01,1543,LARGE_PULLBACK,-0.14099639908542383,0.08650821109190909,-0.10865076303907095,False,False,118,67,2025-12-30,2025-07-02,91.87999725,0.002197495305622682,-0.0033641076144296403,0.0052612727427731884,XLI,OOS_2023_2026,False
UBER,UBER-V61-005,2025-09-30,2025-09-30,HEALTHY_RUSH,0.09486187211519076,0.09368242826577552,2025-09-30,1606,STRUCTURAL_BREAK,-0.29386547465024115,0.021741321358329957,-0.2680412556189615,False,False,123,4,2026-04-01,2025-10-01,97.47499847,0.0008297108781324226,0.00782637648680027,0.013166209178977173,XLI,OOS_2023_2026,False
VEEV,VEEV-V61-001,2018-03-29,2018-03-29,NORMAL_RUSH,-0.3316146237203268,-2.2070990837978615,2018-03-29,1120,CONTINUATION,-0.04930154253154184,0.4642564108449949,0.46096966870526,True,True,18,117,2018-09-27,2018-04-02,72.69000244,0.0017109059733579515,-0.00246435850335624,-0.023430105048184678,XLV,OOS_2016_2019,False
VEEV,VEEV-V61-002,2018-05-30,2018-05-30,NORMAL_RUSH,-0.04357215187115353,0.024231261896083406,2018-05-30,1162,CONTINUATION,-0.023261772072104003,0.4148149059803179,0.16686165664623842,True,True,42,85,2018-11-27,2018-05-31,77.25,0.0006296136245954709,-0.016535437669902914,-0.008166505449838185,XLV,OOS_2016_2019,False
VEEV,VEEV-V61-003,2018-08-28,2018-08-28,NORMAL_RUSH,-1.4680216056312607,0.4112588047781409,2018-08-28,1225,LARGE_PULLBACK,-0.221086436864255,0.17610977598002608,0.17056071354485147,True,True,81,117,2019-03-01,2018-08-29,103.00000000000001,-0.0018364079126213571,0.006362620912621365,-0.008418931019417469,XLV,OOS_2016_2019,False
VEEV,VEEV-V61-004,2019-02-14,2019-02-14,HEALTHY_RUSH,-0.3265893920917279,-0.28495668529807994,2019-02-14,1341,TEMPORARY_PULLBACK,-0.05928691284353538,0.45646762922638007,0.3150912775508865,True,True,13,101,2019-08-15,2019-02-15,121.5,-0.00044094522633744693,-0.009395681769547332,-0.015317492222222224,XLV,OOS_2016_2019,False
VEEV,VEEV-V61-005,2020-05-18,2020-05-18,HEALTHY_RUSH,0.13145711684550485,-0.6405355299251464,2020-05-18,1657,CONTINUATION,-0.026271708410453343,0.5648931917472624,0.34361219160370204,True,True,6,103,2020-11-13,2020-05-19,196.99999999999997,-0.008166750177664977,-0.01635456604060915,-0.017288582081218293,XLV,OOS_2020_2022,False
VICI,VICI-V61-001,2022-08-02,2022-08-02,NORMAL_RUSH,-0.0838029033241801,-0.23840486526977994,2022-08-02,1153,LARGE_PULLBACK,-0.13035970352824944,0.038888791862502936,0.032109574512852124,False,True,41,9,2023-02-01,2022-08-03,27.657438509258423,0.0021384029297456418,0.0029888723248823637,-0.001206738503689314,XLRE,OOS_2020_2022,False
VRT,VRT-V61-001,2023-06-22,2023-06-22,NORMAL_RUSH,-0.9185735656996282,-1.0753872149250139,2023-06-22,1229,CONTINUATION,0.0017161069015043662,1.1217239512141788,1.0281498389443429,True,True,4,120,2023-12-20,2023-06-23,22.757444455263283,-0.0064860673284192595,-0.02955963204840508,-0.05354424240625931,XLI,OOS_2023_2026,False
VRT,VRT-V61-002,2023-11-20,2023-11-20,NORMAL_RUSH,1.1144350927930522,1.2482782820352527,2023-11-20,1334,TEMPORARY_PULLBACK,-0.05162748448418475,1.3500165257947998,1.2495908065621406,True,True,5,121,2024-05-22,2023-11-21,44.0701213242119,-0.003493566802844944,-0.02119499447219459,-0.06334333176255527,XLI,OOS_2023_2026,False
VRT,VRT-V61-003,2024-11-22,2024-11-22,HEALTHY_RUSH,-1.1909491278423605,-0.46154392528484234,2024-11-22,1588,STRUCTURAL_BREAK,-0.575789299086529,0.09551129926639068,-0.22548158411054586,False,False,89,39,2025-05-29,2024-11-25,140.72439395721878,0.007839976653219638,0.017177661151612133,0.01146571800944189,XLI,OOS_2023_2026,False
VST,VST-V61-001,2021-12-31,2021-12-31,HEALTHY_RUSH,0.12047642596409824,-0.027800196520647944,2021-12-31,1319,TEMPORARY_PULLBACK,-0.08607816050784001,0.21209348488337443,-0.033849493244656914,True,True,36,108,2022-07-05,2022-01-03,21.12915465589402,0.0025135512956781457,-0.0018010339768836092,0.0017483245621282674,XLU,OOS_2020_2022,False
VST,VST-V61-002,2022-08-24,2022-08-24,HEALTHY_RUSH,0.1561739111354748,0.4089855139954444,2022-08-24,1481,LARGE_PULLBACK,-0.16030526810959167,0.023819103321970347,-0.09869821363414932,False,True,26,12,2023-02-24,2022-08-25,23.782888045794,0.003411733395505767,0.0032922538775208786,0.0050631018468215725,XLU,OOS_2020_2022,False
VST,VST-V61-003,2023-07-17,2023-07-17,HEALTHY_RUSH,0.041640694150046266,-0.1520768624877326,2023-07-17,1704,CONTINUATION,0.024875744377934828,0.5331423837906981,0.5226864876001001,True,True,1,122,2024-01-16,2023-07-18,25.40395878119426,-0.007803996892252358,-0.010851799152792791,-0.026038910847589143,XLU,OOS_2023_2026,False
VST,VST-V61-004,2024-09-16,2024-09-16,HEALTHY_RUSH,0.09554821973946226,0.8283625789138437,2024-09-16,1998,CONTINUATION,0.019574840801432458,1.1550114111040286,0.4582741059924189,True,True,1,88,2025-03-19,2024-09-17,89.22303986762294,-0.02123858620400892,-0.030449979541642087,-0.022221014679098434,XLU,OOS_2023_2026,False
VST,VST-V61-005,2025-06-04,2025-06-04,HEALTHY_RUSH,-0.22478193179349787,-0.3301750430092371,2025-06-04,2177,UNRESOLVED,-0.0465574710638581,0.2648741298723676,-0.0036910902116172872,True,True,4,75,2025-12-03,2025-06-05,172.29666903840314,-0.005967865555790747,-0.0048217914552172335,0.00034424982676256046,XLU,OOS_2023_2026,False
VST,VST-V61-006,2025-10-03,2025-10-03,HEALTHY_RUSH,0.15354004451026257,-0.0015015413660991908,2025-10-03,2261,STRUCTURAL_BREAK,-0.29343672419582245,0.04386357132799268,-0.23707019110054572,False,False,84,8,2026-04-07,2025-10-06,205.30499519367913,0.003131997613198212,0.010379482208477122,0.0125751001698168,XLU,OOS_2023_2026,False
WDAY,WDAY-V61-001,2017-05-31,2017-05-31,NORMAL_RUSH,-1.0378808198722522,-1.127617753760655,2017-05-31,1163,CONTINUATION,-0.04450894609371814,0.16163228142544028,0.14782954834259576,True,True,23,124,2017-11-28,2017-06-01,100.1200027,0.0017828034613606772,-0.002192429526722334,-0.0073612260313592635,XLK,OOS_2016_2019,False
WDAY,WDAY-V61-002,2017-10-27,2017-10-27,NORMAL_RUSH,0.6827726323548126,0.2709189820880395,2017-10-27,1268,LARGE_PULLBACK,-0.10994378434354479,0.2816330716852875,0.15768132217186648,True,True,25,91,2018-05-01,2017-10-30,108.5999985,-0.0028860974609037416,-0.005418325856836909,-0.00788609780620761,XLK,OOS_2016_2019,True
WDAY,WDAY-V61-003,2018-02-07,2018-02-07,HEALTHY_RUSH,-0.6863871444698425,-0.8299101509572532,2018-02-07,1337,TEMPORARY_PULLBACK,-0.05773962466090454,0.18086109633121938,0.14638701195309367,True,True,1,22,2018-08-08,2018-02-08,117.7099991,-0.008507223749991516,-0.008031480351570235,-0.007398566618075869,XLK,OOS_2016_2019,False
WDAY,WDAY-V61-004,2018-05-09,2018-05-09,HEALTHY_RUSH,0.26576631257505334,0.44743907458399834,2018-05-09,1400,LARGE_PULLBACK,-0.13758240879120875,0.1479121054945054,-0.011135562637362706,True,True,34,81,2018-11-06,2018-05-10,136.9499969,0.004714511024242308,0.0006582885885045242,0.0006692410531555171,XLK,OOS_2016_2019,False
WDAY,WDAY-V61-005,2018-09-07,2018-09-07,HEALTHY_RUSH,0.20636947615280407,-1.089682692184774,2018-09-07,1484,LARGE_PULLBACK,-0.16752909972374552,0.365693801625369,0.2926240649703695,True,True,35,118,2019-03-12,2018-09-10,145.1900024,0.004347687164718989,-0.005298291909939396,-0.014565460156780048,XLK,OOS_2016_2019,False
WDAY,WDAY-V61-006,2019-02-04,2019-02-04,HEALTHY_RUSH,0.01772291317175343,0.16960953655440678,2019-02-04,1585,CONTINUATION,-0.0404754130451358,0.20087806264618102,0.005675112468198629,True,True,19,109,2019-08-05,2019-02-05,188.2100067,0.001485522499930925,-0.003973805449819362,4.829721768986332e-05,XLK,OOS_2016_2019,False
WDAY,WDAY-V61-007,2021-11-16,2021-11-16,HEALTHY_RUSH,0.265024716832154,-0.30829952114463116,2021-11-16,2288,STRUCTURAL_BREAK,-0.4565434934938998,0.0035352108227064694,-0.4565434934938998,False,False,126,1,2022-05-18,2021-11-17,304.519989,0.0052517829972402955,0.012463134466190991,0.02319477821060213,XLK,OOS_2020_2022,False
WDAY,WDAY-V61-008,2024-01-02,2024-01-02,HEALTHY_RUSH,1.1612429246751574,-1.3794910735657508,2024-01-02,2821,STRUCTURAL_BREAK,-0.2281198645957352,0.14510956043734713,-0.15927387763205847,False,False,113,37,2024-07-03,2024-01-03,267.2000122,-0.005064967547969296,-0.00035501016571434785,0.007743788772139887,XLK,OOS_2023_2026,True
XYZ,XYZ-V61-001,2020-07-01,2020-07-01,NORMAL_RUSH,-0.7318430345357286,-0.6365431491277855,2020-07-01,1160,CONTINUATION,-0.021656618356471813,1.08438307742386,0.9071612634966186,True,True,1,121,2020-12-30,2020-07-02,118.0,-0.005071189025423734,-0.018927119957627123,-0.043711014110169484,XLF,OOS_2020_2022,False
XYZ,XYZ-V61-002,2020-11-30,2020-11-30,NORMAL_RUSH,-0.4729170853200083,-0.18114377586349512,2020-11-30,1265,TEMPORARY_PULLBACK,-0.06555745809994806,0.31100681890526305,0.044795206199621296,False,True,113,55,2021-06-02,2020-12-01,212.5599976,-0.002044729910553972,-0.0051403273297741135,-0.0018965389039880154,XLF,OOS_2020_2022,False
ZTS,ZTS-V61-001,2017-05-31,2017-05-31,NORMAL_RUSH,-1.082254784069439,-1.1696574357387437,2017-05-31,1089,CONTINUATION,-0.03931330060720528,0.15240455137222186,0.14998820210778652,True,True,51,125,2017-11-28,2017-06-01,57.54882405867585,-0.0001751221929203239,0.0006268854111436906,-0.007392879076649034,XLV,OOS_2016_2019,False
ZTS,ZTS-V61-002,2017-11-28,2017-11-28,NORMAL_RUSH,-0.6989072472337277,-0.7056557111352617,2017-11-28,1215,CONTINUATION,-0.00756404744854533,0.20621025210235255,0.1760843398875933,True,True,5,96,2018-05-31,2017-11-29,66.55498299151512,-0.00032782598076242506,-0.006010749114379915,-0.008364135066262263,XLV,OOS_2016_2019,False
ZTS,ZTS-V61-003,2019-04-01,2019-04-01,HEALTHY_RUSH,-0.10028040208741285,-0.3001693893897566,2019-04-01,1550,CONTINUATION,-0.03346172884492715,0.26874712359949293,0.23081202145469737,True,True,12,110,2019-09-30,2019-04-02,94.8064710950658,-0.00015744488355119986,-0.005956302320705748,-0.011469640323508007,XLV,OOS_2016_2019,False
ZTS,ZTS-V61-004,2019-07-01,2019-07-01,HEALTHY_RUSH,0.28742595644129054,-0.22494218458741144,2019-07-01,1613,CONTINUATION,-0.007372988906309885,0.1764865959934656,0.1673040231813372,True,True,24,125,2019-12-30,2019-07-02,106.35093348596541,-0.000539727677929619,-0.0048024987711408115,-0.008225674366003305,XLV,OOS_2016_2019,False
ZTS,ZTS-V61-005,2020-01-16,2020-01-16,HEALTHY_RUSH,-0.6371464743359365,-0.6317915209001949,2020-01-16,1751,LARGE_PULLBACK,-0.3345305116462506,0.04206499053043422,0.04206499053043422,True,True,45,126,2020-07-17,2020-01-17,130.86499264462716,-0.0014931973666289344,0.0030614898950638183,-0.0020114470423399367,XLV,OOS_2020_2022,False
ZTS,ZTS-V61-006,2020-08-18,2020-08-18,HEALTHY_RUSH,-0.7462240023601914,-0.7632051597077001,2020-08-18,1899,CONTINUATION,-0.041580756575605116,0.08989350005440122,0.05151275140972955,True,True,14,55,2021-02-18,2020-08-19,150.4577504936901,-0.00018435492853751675,-0.0017548643853428636,-0.002668356807959965,XLV,OOS_2020_2022,False
ZTS,ZTS-V61-007,2020-10-16,2020-10-16,HEALTHY_RUSH,0.45779904253124565,0.3620914223334552,2020-10-16,1941,LARGE_PULLBACK,-0.11706706373036746,0.06736924756463503,0.03616664631016997,False,True,94,13,2021-04-20,2020-10-19,154.76357166316302,-0.0003163352971173372,0.00043422285265718455,-0.001521585169522538,XLV,OOS_2020_2022,True
ZTS,ZTS-V61-008,2021-07-12,2021-07-12,HEALTHY_RUSH,-0.5809273296210966,-0.6611614075135588,2021-07-12,2124,CONTINUATION,-0.02680395107631106,0.24861599934543643,0.06695678951244388,True,True,55,119,2022-01-07,2021-07-13,187.52075791545744,-0.0001510736327957451,7.074423666247892e-05,-0.0033226260071101245,XLV,OOS_2020_2022,False
ZTS,ZTS-V61-009,2021-11-18,2021-11-18,HEALTHY_RUSH,-0.5553942373281193,-0.4362869207118002,2021-11-18,2216,STRUCTURAL_BREAK,-0.29430261472354347,0.09528265387371326,-0.27681933087606425,False,False,125,27,2022-05-20,2021-11-19,214.37987507540117,-0.0017630221579837124,0.007648182062050402,0.01394422985816592,XLV,OOS_2020_2022,False
