ticker,cik,accession_number,form,filing_date,accepted_at,items,primary_document,archive_dir,index_json_url,classification_status
LMT,0000936468,0001144204-16-113450,8-K,2016-07-19,2016-07-19T11:32:50.000Z,2.02,v444273_8k.htm,https://www.sec.gov/Archives/edgar/data/936468/000114420416113450,https://www.sec.gov/Archives/edgar/data/936468/000114420416113450/index.json,NOT_CLASSIFIED
NUE,0000073309,0001144204-16-113842,8-K,2016-07-21,2016-07-21T15:24:36.000Z,2.02,v444652_8k.htm,https://www.sec.gov/Archives/edgar/data/73309/000114420416113842,https://www.sec.gov/Archives/edgar/data/73309/000114420416113842/index.json,NOT_CLASSIFIED
PWR,0001050915,0001193125-16-670853,8-K,2016-08-04,2016-08-04T10:10:56.000Z,2.02,d231264d8k.htm,https://www.sec.gov/Archives/edgar/data/1050915/000119312516670853,https://www.sec.gov/Archives/edgar/data/1050915/000119312516670853/index.json,NOT_CLASSIFIED
SRE,0001032208,0000086521-16-000118,8-K,2016-08-04,2016-08-04T15:25:27.000Z,2.02,se8k08042016.htm,https://www.sec.gov/Archives/edgar/data/1032208/000008652116000118,https://www.sec.gov/Archives/edgar/data/1032208/000008652116000118/index.json,NOT_CLASSIFIED
YUM,0001041061,0001041061-16-000091,8-K,2016-10-05,2016-10-05T20:39:17.000Z,2.02,a8k10516.htm,https://www.sec.gov/Archives/edgar/data/1041061/000104106116000091,https://www.sec.gov/Archives/edgar/data/1041061/000104106116000091/index.json,NOT_CLASSIFIED
YUM,0001041061,0001041061-16-000093,8-K,2016-10-11,2016-10-11T12:44:28.000Z,7.01,form8-k10_11x16.htm,https://www.sec.gov/Archives/edgar/data/1041061/000104106116000093,https://www.sec.gov/Archives/edgar/data/1041061/000104106116000093/index.json,NOT_CLASSIFIED
NUE,0000073309,0001144204-16-128715,8-K,2016-10-20,2016-10-20T15:01:49.000Z,2.02,v450831_8k.htm,https://www.sec.gov/Archives/edgar/data/73309/000114420416128715,https://www.sec.gov/Archives/edgar/data/73309/000114420416128715/index.json,NOT_CLASSIFIED
VRSN,0001014473,0001014473-16-000113,8-K,2016-10-20,2016-10-20T20:11:53.000Z,7.01,a8-kxcomagreementamendment.htm,https://www.sec.gov/Archives/edgar/data/1014473/000101447316000113,https://www.sec.gov/Archives/edgar/data/1014473/000101447316000113/index.json,NOT_CLASSIFIED
LMT,0000936468,0001144204-16-129270,8-K,2016-10-25,2016-10-25T11:32:11.000Z,2.02,v450813_8k.htm,https://www.sec.gov/Archives/edgar/data/936468/000114420416129270,https://www.sec.gov/Archives/edgar/data/936468/000114420416129270/index.json,NOT_CLASSIFIED
FFIV,0001048695,0001048695-16-000047,8-K,2016-10-26,2016-10-26T20:10:35.000Z,2.02,ffiv8-k9302016.htm,https://www.sec.gov/Archives/edgar/data/1048695/000104869516000047,https://www.sec.gov/Archives/edgar/data/1048695/000104869516000047/index.json,NOT_CLASSIFIED
TYL,0000860731,0001193125-16-748900,8-K,2016-10-27,2016-10-27T13:58:02.000Z,2.02,d279156d8k.htm,https://www.sec.gov/Archives/edgar/data/860731/000119312516748900,https://www.sec.gov/Archives/edgar/data/860731/000119312516748900/index.json,NOT_CLASSIFIED
VRSN,0001014473,0001014473-16-000116,8-K,2016-10-27,2016-10-27T20:10:47.000Z,2.02,vrsn-20161027x8xk.htm,https://www.sec.gov/Archives/edgar/data/1014473/000101447316000116,https://www.sec.gov/Archives/edgar/data/1014473/000101447316000116/index.json,NOT_CLASSIFIED
PWR,0001050915,0001193125-16-757918,8-K,2016-11-03,2016-11-03T10:13:02.000Z,2.02,d270455d8k.htm,https://www.sec.gov/Archives/edgar/data/1050915/000119312516757918,https://www.sec.gov/Archives/edgar/data/1050915/000119312516757918/index.json,NOT_CLASSIFIED
ROK,0001024478,0001024478-16-000068,8-K,2016-11-07,2016-11-07T12:38:09.000Z,2.02,fy168-kearningsrelease.htm,https://www.sec.gov/Archives/edgar/data/1024478/000102447816000068,https://www.sec.gov/Archives/edgar/data/1024478/000102447816000068/index.json,NOT_CLASSIFIED
LMT,0000936468,0001144204-17-003517,8-K,2017-01-24,2017-01-24T12:30:06.000Z,2.02,v457219_8k.htm,https://www.sec.gov/Archives/edgar/data/936468/000114420417003517,https://www.sec.gov/Archives/edgar/data/936468/000114420417003517/index.json,NOT_CLASSIFIED
ROK,0001024478,0001024478-17-000005,8-K,2017-01-25,2017-01-25T12:18:12.000Z,2.02,q1fy178-kearningsrelease.htm,https://www.sec.gov/Archives/edgar/data/1024478/000102447817000005,https://www.sec.gov/Archives/edgar/data/1024478/000102447817000005/index.json,NOT_CLASSIFIED
FFIV,0001048695,0001048695-17-000002,8-K,2017-01-25,2017-01-25T21:08:06.000Z,2.02,ffiv8-k12312016.htm,https://www.sec.gov/Archives/edgar/data/1048695/000104869517000002,https://www.sec.gov/Archives/edgar/data/1048695/000104869517000002/index.json,NOT_CLASSIFIED
NUE,0000073309,0001144204-17-004938,8-K,2017-01-31,2017-01-31T16:00:09.000Z,2.02,v458015_8k.htm,https://www.sec.gov/Archives/edgar/data/73309/000114420417004938,https://www.sec.gov/Archives/edgar/data/73309/000114420417004938/index.json,NOT_CLASSIFIED
TYL,0000860731,0001628280-17-001008,8-K,2017-02-08,2017-02-08T21:31:08.000Z,2.02,tly8-k12312016.htm,https://www.sec.gov/Archives/edgar/data/860731/000162828017001008,https://www.sec.gov/Archives/edgar/data/860731/000162828017001008/index.json,NOT_CLASSIFIED
YUM,0001041061,0001041061-17-000007,8-K,2017-02-09,2017-02-09T12:12:53.000Z,2.02,a8k2_9x17.htm,https://www.sec.gov/Archives/edgar/data/1041061/000104106117000007,https://www.sec.gov/Archives/edgar/data/1041061/000104106117000007/index.json,NOT_CLASSIFIED
VRSN,0001014473,0001014473-17-000002,8-K,2017-02-09,2017-02-09T21:10:57.000Z,2.02,vrsn-2017209x8xk.htm,https://www.sec.gov/Archives/edgar/data/1014473/000101447317000002,https://www.sec.gov/Archives/edgar/data/1014473/000101447317000002/index.json,NOT_CLASSIFIED
PWR,0001050915,0001193125-17-049180,8-K,2017-02-21,2017-02-21T11:12:56.000Z,2.02,d348105d8k.htm,https://www.sec.gov/Archives/edgar/data/1050915/000119312517049180,https://www.sec.gov/Archives/edgar/data/1050915/000119312517049180/index.json,NOT_CLASSIFIED
SRE,0001032208,0000086521-17-000014,8-K,2017-02-28,2017-02-28T16:37:22.000Z,2.02,sre8k20170228.htm,https://www.sec.gov/Archives/edgar/data/1032208/000008652117000014,https://www.sec.gov/Archives/edgar/data/1032208/000008652117000014/index.json,NOT_CLASSIFIED
YUM,0001041061,0001041061-17-000025,8-K,2017-04-13,2017-04-12T22:38:50.000Z,2.02,form8-k4122017.htm,https://www.sec.gov/Archives/edgar/data/1041061/000104106117000025,https://www.sec.gov/Archives/edgar/data/1041061/000104106117000025/index.json,NOT_CLASSIFIED
NUE,0000073309,0001144204-17-021152,8-K,2017-04-20,2017-04-20T13:12:35.000Z,2.02,v464674_8k.htm,https://www.sec.gov/Archives/edgar/data/73309/000114420417021152,https://www.sec.gov/Archives/edgar/data/73309/000114420417021152/index.json,NOT_CLASSIFIED
FFIV,0001048695,0001048695-17-000014,8-K,2017-04-26,2017-04-26T20:08:37.000Z,2.02,ffiv8-k3312017.htm,https://www.sec.gov/Archives/edgar/data/1048695/000104869517000014,https://www.sec.gov/Archives/edgar/data/1048695/000104869517000014/index.json,NOT_CLASSIFIED
TYL,0000860731,0000860731-17-000017,8-K,2017-04-26,2017-04-26T20:33:01.000Z,2.02,tly8-k3312017.htm,https://www.sec.gov/Archives/edgar/data/860731/000086073117000017,https://www.sec.gov/Archives/edgar/data/860731/000086073117000017/index.json,NOT_CLASSIFIED
VRSN,0001014473,0001014473-17-000011,8-K,2017-04-27,2017-04-27T20:09:22.000Z,2.02,vrsn33117form8-k.htm,https://www.sec.gov/Archives/edgar/data/1014473/000101447317000011,https://www.sec.gov/Archives/edgar/data/1014473/000101447317000011/index.json,NOT_CLASSIFIED
YUM,0001041061,0001041061-17-000032,8-K,2017-05-03,2017-05-03T11:17:18.000Z,2.02,a8k532017.htm,https://www.sec.gov/Archives/edgar/data/1041061/000104106117000032,https://www.sec.gov/Archives/edgar/data/1041061/000104106117000032/index.json,NOT_CLASSIFIED
SRE,0001032208,0000086521-17-000029,8-K,2017-05-09,2017-05-09T15:10:36.000Z,2.02,sre8k20170509.htm,https://www.sec.gov/Archives/edgar/data/1032208/000008652117000029,https://www.sec.gov/Archives/edgar/data/1032208/000008652117000029/index.json,NOT_CLASSIFIED
LMT,0000936468,0001144204-17-037080,8-K,2017-07-18,2017-07-18T11:35:14.000Z,2.02,v470758_8k.htm,https://www.sec.gov/Archives/edgar/data/936468/000114420417037080,https://www.sec.gov/Archives/edgar/data/936468/000114420417037080/index.json,NOT_CLASSIFIED
NUE,0000073309,0001144204-17-037421,8-K,2017-07-20,2017-07-20T15:16:50.000Z,2.02,v471112_8k.htm,https://www.sec.gov/Archives/edgar/data/73309/000114420417037421,https://www.sec.gov/Archives/edgar/data/73309/000114420417037421/index.json,NOT_CLASSIFIED
TYL,0000860731,0000860731-17-000026,8-K,2017-07-26,2017-07-26T20:27:22.000Z,2.02,tyl8-k6302017.htm,https://www.sec.gov/Archives/edgar/data/860731/000086073117000026,https://www.sec.gov/Archives/edgar/data/860731/000086073117000026/index.json,NOT_CLASSIFIED
VRSN,0001014473,0001014473-17-000026,8-K,2017-07-27,2017-07-27T20:10:06.000Z,2.02,vrsn63017form8-k.htm,https://www.sec.gov/Archives/edgar/data/1014473/000101447317000026,https://www.sec.gov/Archives/edgar/data/1014473/000101447317000026/index.json,NOT_CLASSIFIED
PWR,0001050915,0001193125-17-246716,8-K,2017-08-03,2017-08-03T11:11:56.000Z,2.02,d627605d8k.htm,https://www.sec.gov/Archives/edgar/data/1050915/000119312517246716,https://www.sec.gov/Archives/edgar/data/1050915/000119312517246716/index.json,NOT_CLASSIFIED
YUM,0001041061,0001041061-17-000053,8-K,2017-08-03,2017-08-03T11:24:56.000Z,2.02,a8k832017.htm,https://www.sec.gov/Archives/edgar/data/1041061/000104106117000053,https://www.sec.gov/Archives/edgar/data/1041061/000104106117000053/index.json,NOT_CLASSIFIED
SRE,0001032208,0000086521-17-000051,8-K,2017-08-04,2017-08-04T15:29:20.000Z,2.02,sre20170804form8k.htm,https://www.sec.gov/Archives/edgar/data/1032208/000008652117000051,https://www.sec.gov/Archives/edgar/data/1032208/000008652117000051/index.json,NOT_CLASSIFIED
NUE,0000073309,0001144204-17-053157,8-K,2017-10-19,2017-10-19T15:16:24.000Z,2.02,tv477297_8k.htm,https://www.sec.gov/Archives/edgar/data/73309/000114420417053157,https://www.sec.gov/Archives/edgar/data/73309/000114420417053157/index.json,NOT_CLASSIFIED
LMT,0000936468,0000936468-17-000011,8-K,2017-10-24,2017-10-24T11:32:51.000Z,2.02,lmt8kq32017.htm,https://www.sec.gov/Archives/edgar/data/936468/000093646817000011,https://www.sec.gov/Archives/edgar/data/936468/000093646817000011/index.json,NOT_CLASSIFIED
VRSN,0001014473,0001014473-17-000047,8-K,2017-10-26,2017-10-26T20:09:54.000Z,2.02,q32017-earningsrelease8xk.htm,https://www.sec.gov/Archives/edgar/data/1014473/000101447317000047,https://www.sec.gov/Archives/edgar/data/1014473/000101447317000047/index.json,NOT_CLASSIFIED
SRE,0001032208,0000086521-17-000077,8-K,2017-10-30,2017-10-30T15:48:32.000Z,2.02,sre20171030form8k.htm,https://www.sec.gov/Archives/edgar/data/1032208/000008652117000077,https://www.sec.gov/Archives/edgar/data/1032208/000008652117000077/index.json,NOT_CLASSIFIED
YUM,0001041061,0001041061-17-000061,8-K,2017-11-02,2017-11-02T11:19:46.000Z,2.02,a8k1122017.htm,https://www.sec.gov/Archives/edgar/data/1041061/000104106117000061,https://www.sec.gov/Archives/edgar/data/1041061/000104106117000061/index.json,NOT_CLASSIFIED
ROK,0001024478,0001024478-17-000031,8-K,2017-11-08,2017-11-08T12:17:10.000Z,2.02,fy178-kearningsrelease.htm,https://www.sec.gov/Archives/edgar/data/1024478/000102447817000031,https://www.sec.gov/Archives/edgar/data/1024478/000102447817000031/index.json,NOT_CLASSIFIED
ROK,0001024478,0001024478-18-000004,8-K,2018-01-24,2018-01-24T12:13:21.000Z,2.02,q1fy188-kearningsrelease.htm,https://www.sec.gov/Archives/edgar/data/1024478/000102447818000004,https://www.sec.gov/Archives/edgar/data/1024478/000102447818000004/index.json,NOT_CLASSIFIED
FFIV,0001048695,0001048695-18-000003,8-K,2018-01-24,2018-01-24T21:10:03.000Z,2.02,ffiv8-k12312017.htm,https://www.sec.gov/Archives/edgar/data/1048695/000104869518000003,https://www.sec.gov/Archives/edgar/data/1048695/000104869518000003/index.json,NOT_CLASSIFIED
LMT,0000936468,0000936468-18-000004,8-K,2018-01-29,2018-01-29T12:31:31.000Z,2.02,lmt8kq42017.htm,https://www.sec.gov/Archives/edgar/data/936468/000093646818000004,https://www.sec.gov/Archives/edgar/data/936468/000093646818000004/index.json,NOT_CLASSIFIED
YUM,0001041061,0001041061-18-000007,8-K,2018-02-08,2018-02-08T12:12:47.000Z,2.02,a8k2_8x18.htm,https://www.sec.gov/Archives/edgar/data/1041061/000104106118000007,https://www.sec.gov/Archives/edgar/data/1041061/000104106118000007/index.json,NOT_CLASSIFIED
VRSN,0001014473,0001014473-18-000004,8-K,2018-02-08,2018-02-08T21:10:11.000Z,2.02,q42017-earningsrelease8xk.htm,https://www.sec.gov/Archives/edgar/data/1014473/000101447318000004,https://www.sec.gov/Archives/edgar/data/1014473/000101447318000004/index.json,NOT_CLASSIFIED
PWR,0001050915,0001193125-18-053049,8-K,2018-02-22,2018-02-22T11:58:56.000Z,2.02,d541969d8k.htm,https://www.sec.gov/Archives/edgar/data/1050915/000119312518053049,https://www.sec.gov/Archives/edgar/data/1050915/000119312518053049/index.json,NOT_CLASSIFIED
FFIV,0001048695,0001628280-18-002900,8-K,2018-03-08,2018-03-08T00:32:04.000Z,"2.02,7.01",ffiv8-k382018.htm,https://www.sec.gov/Archives/edgar/data/1048695/000162828018002900,https://www.sec.gov/Archives/edgar/data/1048695/000162828018002900/index.json,NOT_CLASSIFIED
NUE,0000073309,0001144204-18-021272,8-K,2018-04-19,2018-04-19T14:28:06.000Z,2.02,tv491416_8k.htm,https://www.sec.gov/Archives/edgar/data/73309/000114420418021272,https://www.sec.gov/Archives/edgar/data/73309/000114420418021272/index.json,NOT_CLASSIFIED
LMT,0000936468,0000936468-18-000019,8-K,2018-04-24,2018-04-24T11:32:42.000Z,2.02,lmt8kq12018.htm,https://www.sec.gov/Archives/edgar/data/936468/000093646818000019,https://www.sec.gov/Archives/edgar/data/936468/000093646818000019/index.json,NOT_CLASSIFIED
ROK,0001024478,0001024478-18-000010,8-K,2018-04-25,2018-04-25T11:06:48.000Z,2.02,q2fy188-kearningsrelease.htm,https://www.sec.gov/Archives/edgar/data/1024478/000102447818000010,https://www.sec.gov/Archives/edgar/data/1024478/000102447818000010/index.json,NOT_CLASSIFIED
YUM,0001041061,0001041061-18-000021,8-K,2018-05-02,2018-05-02T11:06:31.000Z,2.02,a8k522018.htm,https://www.sec.gov/Archives/edgar/data/1041061/000104106118000021,https://www.sec.gov/Archives/edgar/data/1041061/000104106118000021/index.json,NOT_CLASSIFIED
SRE,0001032208,0000086521-18-000037,8-K,2018-05-07,2018-05-07T15:05:48.000Z,2.02,sre20180507form8k.htm,https://www.sec.gov/Archives/edgar/data/1032208/000008652118000037,https://www.sec.gov/Archives/edgar/data/1032208/000008652118000037/index.json,NOT_CLASSIFIED
NUE,0000073309,0001144204-18-038940,8-K,2018-07-19,2018-07-19T14:55:20.000Z,2.02,tv498841_8k.htm,https://www.sec.gov/Archives/edgar/data/73309/000114420418038940,https://www.sec.gov/Archives/edgar/data/73309/000114420418038940/index.json,NOT_CLASSIFIED
LMT,0000936468,0000936468-18-000051,8-K,2018-07-24,2018-07-24T11:31:27.000Z,2.02,lmt8kq22018.htm,https://www.sec.gov/Archives/edgar/data/936468/000093646818000051,https://www.sec.gov/Archives/edgar/data/936468/000093646818000051/index.json,NOT_CLASSIFIED
ROK,0001024478,0001024478-18-000021,8-K,2018-07-25,2018-07-25T11:12:24.000Z,2.02,q3fy188-kearningsrelease.htm,https://www.sec.gov/Archives/edgar/data/1024478/000102447818000021,https://www.sec.gov/Archives/edgar/data/1024478/000102447818000021/index.json,NOT_CLASSIFIED
FFIV,0001048695,0001048695-18-000023,8-K,2018-07-25,2018-07-25T20:04:28.000Z,2.02,ffiv8-k6302018.htm,https://www.sec.gov/Archives/edgar/data/1048695/000104869518000023,https://www.sec.gov/Archives/edgar/data/1048695/000104869518000023/index.json,NOT_CLASSIFIED
VRSN,0001014473,0001014473-18-000035,8-K,2018-07-26,2018-07-26T20:12:58.000Z,2.02,q2-2018earnings8xk.htm,https://www.sec.gov/Archives/edgar/data/1014473/000101447318000035,https://www.sec.gov/Archives/edgar/data/1014473/000101447318000035/index.json,NOT_CLASSIFIED
TYL,0000860731,0000860731-18-000030,8-K,2018-07-26,2018-07-26T20:26:12.000Z,2.02,tyl8-k6302018.htm,https://www.sec.gov/Archives/edgar/data/860731/000086073118000030,https://www.sec.gov/Archives/edgar/data/860731/000086073118000030/index.json,NOT_CLASSIFIED
PWR,0001050915,0001193125-18-235583,8-K,2018-08-02,2018-08-02T11:00:06.000Z,2.02,d559960d8k.htm,https://www.sec.gov/Archives/edgar/data/1050915/000119312518235583,https://www.sec.gov/Archives/edgar/data/1050915/000119312518235583/index.json,NOT_CLASSIFIED
YUM,0001041061,0001041061-18-000036,8-K,2018-08-02,2018-08-02T11:04:08.000Z,2.02,a8k822018.htm,https://www.sec.gov/Archives/edgar/data/1041061/000104106118000036,https://www.sec.gov/Archives/edgar/data/1041061/000104106118000036/index.json,NOT_CLASSIFIED
SRE,0001032208,0000086521-18-000051,8-K,2018-08-06,2018-08-06T15:18:57.000Z,2.02,sre20180806form8k.htm,https://www.sec.gov/Archives/edgar/data/1032208/000008652118000051,https://www.sec.gov/Archives/edgar/data/1032208/000008652118000051/index.json,NOT_CLASSIFIED
NUE,0000073309,0001144204-18-054311,8-K,2018-10-18,2018-10-18T15:02:26.000Z,2.02,tv505022_8k.htm,https://www.sec.gov/Archives/edgar/data/73309/000114420418054311,https://www.sec.gov/Archives/edgar/data/73309/000114420418054311/index.json,NOT_CLASSIFIED
SRE,0001032208,0001193125-18-302117,8-K,2018-10-18,2018-10-18T21:26:11.000Z,7.01,d640528d8k.htm,https://www.sec.gov/Archives/edgar/data/1032208/000119312518302117,https://www.sec.gov/Archives/edgar/data/1032208/000119312518302117/index.json,NOT_CLASSIFIED
FFIV,0001048695,0001048695-18-000027,8-K,2018-10-24,2018-10-24T20:12:37.000Z,2.02,ffiv8-k9302018.htm,https://www.sec.gov/Archives/edgar/data/1048695/000104869518000027,https://www.sec.gov/Archives/edgar/data/1048695/000104869518000027/index.json,NOT_CLASSIFIED
VRSN,0001014473,0001014473-18-000039,8-K,2018-10-25,2018-10-25T20:08:49.000Z,2.02,q32018earnings8-k.htm,https://www.sec.gov/Archives/edgar/data/1014473/000101447318000039,https://www.sec.gov/Archives/edgar/data/1014473/000101447318000039/index.json,NOT_CLASSIFIED
YUM,0001041061,0001041061-18-000046,8-K,2018-10-31,2018-10-31T11:15:38.000Z,2.02,a8k10312018.htm,https://www.sec.gov/Archives/edgar/data/1041061/000104106118000046,https://www.sec.gov/Archives/edgar/data/1041061/000104106118000046/index.json,NOT_CLASSIFIED
TYL,0000860731,0000860731-18-000041,8-K,2018-10-31,2018-10-31T20:26:23.000Z,2.02,tyl8-k9302018.htm,https://www.sec.gov/Archives/edgar/data/860731/000086073118000041,https://www.sec.gov/Archives/edgar/data/860731/000086073118000041/index.json,NOT_CLASSIFIED
PWR,0001050915,0001193125-18-314716,8-K,2018-11-01,2018-11-01T10:58:05.000Z,2.02,d634154d8k.htm,https://www.sec.gov/Archives/edgar/data/1050915/000119312518314716,https://www.sec.gov/Archives/edgar/data/1050915/000119312518314716/index.json,NOT_CLASSIFIED
TYL,0000860731,0000860731-18-000045,8-K/A,2018-11-02,2018-11-02T18:57:50.000Z,2.02,tyl8-ka9302018.htm,https://www.sec.gov/Archives/edgar/data/860731/000086073118000045,https://www.sec.gov/Archives/edgar/data/860731/000086073118000045/index.json,NOT_CLASSIFIED
ROK,0001024478,0001024478-18-000028,8-K,2018-11-07,2018-11-07T12:03:09.000Z,2.02,fy188-kearningsrelease.htm,https://www.sec.gov/Archives/edgar/data/1024478/000102447818000028,https://www.sec.gov/Archives/edgar/data/1024478/000102447818000028/index.json,NOT_CLASSIFIED
SRE,0001032208,0000086521-18-000084,8-K,2018-11-07,2018-11-07T16:26:51.000Z,2.02,sre20181107form8k.htm,https://www.sec.gov/Archives/edgar/data/1032208/000008652118000084,https://www.sec.gov/Archives/edgar/data/1032208/000008652118000084/index.json,NOT_CLASSIFIED
NUE,0000073309,0001193125-18-349468,8-K,2018-12-14,2018-12-14T14:08:35.000Z,7.01,d663651d8k.htm,https://www.sec.gov/Archives/edgar/data/73309/000119312518349468,https://www.sec.gov/Archives/edgar/data/73309/000119312518349468/index.json,NOT_CLASSIFIED
ROK,0001024478,0001024478-19-000005,8-K,2019-01-29,2019-01-29T12:05:32.000Z,2.02,q1fy198-kearningsrelease.htm,https://www.sec.gov/Archives/edgar/data/1024478/000102447819000005,https://www.sec.gov/Archives/edgar/data/1024478/000102447819000005/index.json,NOT_CLASSIFIED
LMT,0000936468,0000936468-19-000004,8-K,2019-01-29,2019-01-29T12:31:47.000Z,2.02,lmt8kq42018.htm,https://www.sec.gov/Archives/edgar/data/936468/000093646819000004,https://www.sec.gov/Archives/edgar/data/936468/000093646819000004/index.json,NOT_CLASSIFIED
NUE,0000073309,0001144204-19-003388,8-K,2019-01-29,2019-01-29T16:54:41.000Z,2.02,tv511858_8k.htm,https://www.sec.gov/Archives/edgar/data/73309/000114420419003388,https://www.sec.gov/Archives/edgar/data/73309/000114420419003388/index.json,NOT_CLASSIFIED
YUM,0001041061,0001041061-19-000006,8-K,2019-02-07,2019-02-07T12:05:57.000Z,2.02,a8k2_7x19.htm,https://www.sec.gov/Archives/edgar/data/1041061/000104106119000006,https://www.sec.gov/Archives/edgar/data/1041061/000104106119000006/index.json,NOT_CLASSIFIED
TYL,0000860731,0000860731-19-000008,8-K,2019-02-20,2019-02-20T21:39:13.000Z,2.02,tyl123120188-k.htm,https://www.sec.gov/Archives/edgar/data/860731/000086073119000008,https://www.sec.gov/Archives/edgar/data/860731/000086073119000008/index.json,NOT_CLASSIFIED
PWR,0001050915,0001193125-19-046147,8-K,2019-02-21,2019-02-21T11:57:03.000Z,2.02,d708430d8k.htm,https://www.sec.gov/Archives/edgar/data/1050915/000119312519046147,https://www.sec.gov/Archives/edgar/data/1050915/000119312519046147/index.json,NOT_CLASSIFIED
FFIV,0001048695,0001193125-19-070884,8-K,2019-03-11,2019-03-11T20:30:07.000Z,7.01,d713823d8k.htm,https://www.sec.gov/Archives/edgar/data/1048695/000119312519070884,https://www.sec.gov/Archives/edgar/data/1048695/000119312519070884/index.json,NOT_CLASSIFIED
FFIV,0001048695,0001048695-19-000012,8-K,2019-04-24,2019-04-24T20:08:53.000Z,2.02,ffiv8-k3312019.htm,https://www.sec.gov/Archives/edgar/data/1048695/000104869519000012,https://www.sec.gov/Archives/edgar/data/1048695/000104869519000012/index.json,NOT_CLASSIFIED
ROK,0001024478,0001024478-19-000016,8-K,2019-04-25,2019-04-25T11:02:23.000Z,2.02,q2fy198-kearningsrelease.htm,https://www.sec.gov/Archives/edgar/data/1024478/000102447819000016,https://www.sec.gov/Archives/edgar/data/1024478/000102447819000016/index.json,NOT_CLASSIFIED
VRSN,0001014473,0001014473-19-000014,8-K,2019-04-25,2019-04-25T20:08:23.000Z,2.02,q12019earnings8-k.htm,https://www.sec.gov/Archives/edgar/data/1014473/000101447319000014,https://www.sec.gov/Archives/edgar/data/1014473/000101447319000014/index.json,NOT_CLASSIFIED
YUM,0001041061,0001041061-19-000014,8-K,2019-05-01,2019-05-01T11:11:15.000Z,2.02,a8k512019.htm,https://www.sec.gov/Archives/edgar/data/1041061/000104106119000014,https://www.sec.gov/Archives/edgar/data/1041061/000104106119000014/index.json,NOT_CLASSIFIED
TYL,0000860731,0000860731-19-000014,8-K,2019-05-01,2019-05-01T20:44:53.000Z,2.02,tyl8-k3312019.htm,https://www.sec.gov/Archives/edgar/data/860731/000086073119000014,https://www.sec.gov/Archives/edgar/data/860731/000086073119000014/index.json,NOT_CLASSIFIED
PWR,0001050915,0001193125-19-133793,8-K,2019-05-02,2019-05-02T10:57:56.000Z,2.02,d738842d8k.htm,https://www.sec.gov/Archives/edgar/data/1050915/000119312519133793,https://www.sec.gov/Archives/edgar/data/1050915/000119312519133793/index.json,NOT_CLASSIFIED
SRE,0001032208,0000086521-19-000029,8-K,2019-05-07,2019-05-07T15:11:20.000Z,2.02,sre20190507form8k.htm,https://www.sec.gov/Archives/edgar/data/1032208/000008652119000029,https://www.sec.gov/Archives/edgar/data/1032208/000008652119000029/index.json,NOT_CLASSIFIED
FFIV,0001048695,0001193125-19-142363,8-K,2019-05-09,2019-05-09T13:01:03.000Z,7.01,d745009d8k.htm,https://www.sec.gov/Archives/edgar/data/1048695/000119312519142363,https://www.sec.gov/Archives/edgar/data/1048695/000119312519142363/index.json,NOT_CLASSIFIED
NUE,0000073309,0001193125-19-177032,8-K,2019-06-20,2019-06-20T13:01:04.000Z,7.01,d744603d8k.htm,https://www.sec.gov/Archives/edgar/data/73309/000119312519177032,https://www.sec.gov/Archives/edgar/data/73309/000119312519177032/index.json,NOT_CLASSIFIED
LMT,0000936468,0000936468-19-000055,8-K,2019-07-23,2019-07-23T11:33:07.000Z,2.02,lmt8kq22019.htm,https://www.sec.gov/Archives/edgar/data/936468/000093646819000055,https://www.sec.gov/Archives/edgar/data/936468/000093646819000055/index.json,NOT_CLASSIFIED
ROK,0001024478,0001024478-19-000034,8-K,2019-07-25,2019-07-25T11:07:11.000Z,2.02,q3fy198-kearningsrelea.htm,https://www.sec.gov/Archives/edgar/data/1024478/000102447819000034,https://www.sec.gov/Archives/edgar/data/1024478/000102447819000034/index.json,NOT_CLASSIFIED
VRSN,0001014473,0001014473-19-000028,8-K,2019-07-25,2019-07-25T20:08:54.000Z,2.02,q22019earnings8-k.htm,https://www.sec.gov/Archives/edgar/data/1014473/000101447319000028,https://www.sec.gov/Archives/edgar/data/1014473/000101447319000028/index.json,NOT_CLASSIFIED
PWR,0001050915,0001193125-19-209637,8-K,2019-08-01,2019-08-01T10:57:33.000Z,2.02,d783285d8k.htm,https://www.sec.gov/Archives/edgar/data/1050915/000119312519209637,https://www.sec.gov/Archives/edgar/data/1050915/000119312519209637/index.json,NOT_CLASSIFIED
PWR,0001050915,0001193125-19-266827,8-K,2019-10-11,2019-10-11T21:03:13.000Z,7.01,d792772d8k.htm,https://www.sec.gov/Archives/edgar/data/1050915/000119312519266827,https://www.sec.gov/Archives/edgar/data/1050915/000119312519266827/index.json,NOT_CLASSIFIED
LMT,0000936468,0000936468-19-000066,8-K,2019-10-22,2019-10-22T11:34:01.000Z,2.02,lmt8kq32019.htm,https://www.sec.gov/Archives/edgar/data/936468/000093646819000066,https://www.sec.gov/Archives/edgar/data/936468/000093646819000066/index.json,NOT_CLASSIFIED
NUE,0000073309,0001564590-19-037303,8-K,2019-10-22,2019-10-22T14:29:03.000Z,2.02,nue-8k_20191022.htm,https://www.sec.gov/Archives/edgar/data/73309/000156459019037303,https://www.sec.gov/Archives/edgar/data/73309/000156459019037303/index.json,NOT_CLASSIFIED
FFIV,0001048695,0001048695-19-000032,8-K,2019-10-23,2019-10-23T20:11:27.000Z,2.02,ffiv8-k9302019.htm,https://www.sec.gov/Archives/edgar/data/1048695/000104869519000032,https://www.sec.gov/Archives/edgar/data/1048695/000104869519000032/index.json,NOT_CLASSIFIED
VRSN,0001014473,0001014473-19-000035,8-K,2019-10-24,2019-10-25T14:39:07.000Z,2.02,vrsnq3-2019earnings8xk.htm,https://www.sec.gov/Archives/edgar/data/1014473/000101447319000035,https://www.sec.gov/Archives/edgar/data/1014473/000101447319000035/index.json,NOT_CLASSIFIED
TYL,0000860731,0000860731-19-000045,8-K,2019-10-30,2019-10-30T20:33:33.000Z,2.02,tyl8-k9302019.htm,https://www.sec.gov/Archives/edgar/data/860731/000086073119000045,https://www.sec.gov/Archives/edgar/data/860731/000086073119000045/index.json,NOT_CLASSIFIED
PWR,0001050915,0001193125-19-279565,8-K,2019-10-31,2019-10-31T10:58:04.000Z,2.02,d798791d8k.htm,https://www.sec.gov/Archives/edgar/data/1050915/000119312519279565,https://www.sec.gov/Archives/edgar/data/1050915/000119312519279565/index.json,NOT_CLASSIFIED
SRE,0001032208,0001032208-19-000033,8-K,2019-11-01,2019-11-01T14:50:16.000Z,2.02,sempra-20191101.htm,https://www.sec.gov/Archives/edgar/data/1032208/000103220819000033,https://www.sec.gov/Archives/edgar/data/1032208/000103220819000033/index.json,NOT_CLASSIFIED
ROK,0001024478,0001024478-19-000041,8-K,2019-11-12,2019-11-12T12:04:51.000Z,2.02,fy198-kearningsrelease.htm,https://www.sec.gov/Archives/edgar/data/1024478/000102447819000041,https://www.sec.gov/Archives/edgar/data/1024478/000102447819000041/index.json,NOT_CLASSIFIED
LMT,0000936468,0000936468-20-000010,8-K,2020-01-28,2020-01-28T12:33:42.000Z,2.02,lmt8kq42019.htm,https://www.sec.gov/Archives/edgar/data/936468/000093646820000010,https://www.sec.gov/Archives/edgar/data/936468/000093646820000010/index.json,NOT_CLASSIFIED
NUE,0000073309,0001564590-20-002176,8-K,2020-01-28,2020-01-28T16:00:37.000Z,2.02,nue-8k_20200128.htm,https://www.sec.gov/Archives/edgar/data/73309/000156459020002176,https://www.sec.gov/Archives/edgar/data/73309/000156459020002176/index.json,NOT_CLASSIFIED
ROK,0001024478,0001024478-20-000003,8-K,2020-01-29,2020-01-29T12:16:35.000Z,2.02,q1fy208-kearningsrelea.htm,https://www.sec.gov/Archives/edgar/data/1024478/000102447820000003,https://www.sec.gov/Archives/edgar/data/1024478/000102447820000003/index.json,NOT_CLASSIFIED
VRSN,0001014473,0001014473-20-000002,8-K,2020-02-06,2020-02-06T21:11:25.000Z,2.02,vrsnq4-2019earnings8xk.htm,https://www.sec.gov/Archives/edgar/data/1014473/000101447320000002,https://www.sec.gov/Archives/edgar/data/1014473/000101447320000002/index.json,NOT_CLASSIFIED
TYL,0000860731,0000860731-20-000003,8-K,2020-02-12,2020-02-12T21:43:10.000Z,2.02,tyl8-k12312019.htm,https://www.sec.gov/Archives/edgar/data/860731/000086073120000003,https://www.sec.gov/Archives/edgar/data/860731/000086073120000003/index.json,NOT_CLASSIFIED
PWR,0001050915,0001193125-20-050982,8-K,2020-02-27,2020-02-27T11:57:40.000Z,"2.02,7.01",d889984d8k.htm,https://www.sec.gov/Archives/edgar/data/1050915/000119312520050982,https://www.sec.gov/Archives/edgar/data/1050915/000119312520050982/index.json,NOT_CLASSIFIED
SRE,0001032208,0001032208-20-000004,8-K,2020-02-27,2020-02-27T15:33:49.000Z,2.02,sempra-20200227.htm,https://www.sec.gov/Archives/edgar/data/1032208/000103220820000004,https://www.sec.gov/Archives/edgar/data/1032208/000103220820000004/index.json,NOT_CLASSIFIED
FFIV,0001048695,0001140361-20-004468,8-K,2020-03-02,2020-03-02T12:02:35.000Z,7.01,form8k.htm,https://www.sec.gov/Archives/edgar/data/1048695/000114036120004468,https://www.sec.gov/Archives/edgar/data/1048695/000114036120004468/index.json,NOT_CLASSIFIED
YUM,0001041061,0001041061-20-000017,8-K,2020-03-24,2020-03-24T20:21:16.000Z,7.01,a8k3242020.htm,https://www.sec.gov/Archives/edgar/data/1041061/000104106120000017,https://www.sec.gov/Archives/edgar/data/1041061/000104106120000017/index.json,NOT_CLASSIFIED
ROK,0001024478,0001024478-20-000013,8-K,2020-04-08,2020-04-08T13:20:50.000Z,2.02,a040820form8-k.htm,https://www.sec.gov/Archives/edgar/data/1024478/000102447820000013,https://www.sec.gov/Archives/edgar/data/1024478/000102447820000013/index.json,NOT_CLASSIFIED
LMT,0000936468,0000936468-20-000041,8-K,2020-04-21,2020-04-21T11:33:25.000Z,2.02,lmt8kq12020.htm,https://www.sec.gov/Archives/edgar/data/936468/000093646820000041,https://www.sec.gov/Archives/edgar/data/936468/000093646820000041/index.json,NOT_CLASSIFIED
VRSN,0001014473,0001014473-20-000018,8-K,2020-04-23,2020-04-23T20:09:39.000Z,2.02,vrsnq1-2020earnings8xk.htm,https://www.sec.gov/Archives/edgar/data/1014473/000101447320000018,https://www.sec.gov/Archives/edgar/data/1014473/000101447320000018/index.json,NOT_CLASSIFIED
FFIV,0001048695,0001048695-20-000023,8-K,2020-04-27,2020-04-27T20:08:13.000Z,2.02,ffiv8-k3312020.htm,https://www.sec.gov/Archives/edgar/data/1048695/000104869520000023,https://www.sec.gov/Archives/edgar/data/1048695/000104869520000023/index.json,NOT_CLASSIFIED
ROK,0001024478,0001024478-20-000015,8-K,2020-04-28,2020-04-28T11:18:31.000Z,2.02,q2fy208-kearningsrelea.htm,https://www.sec.gov/Archives/edgar/data/1024478/000102447820000015,https://www.sec.gov/Archives/edgar/data/1024478/000102447820000015/index.json,NOT_CLASSIFIED
YUM,0001041061,0001041061-20-000030,8-K,2020-04-29,2020-04-29T11:08:48.000Z,2.02,a8k4292020.htm,https://www.sec.gov/Archives/edgar/data/1041061/000104106120000030,https://www.sec.gov/Archives/edgar/data/1041061/000104106120000030/index.json,NOT_CLASSIFIED
SRE,0001032208,0001032208-20-000019,8-K,2020-05-04,2020-05-04T15:01:06.000Z,2.02,sempra-20200504.htm,https://www.sec.gov/Archives/edgar/data/1032208/000103220820000019,https://www.sec.gov/Archives/edgar/data/1032208/000103220820000019/index.json,NOT_CLASSIFIED
PWR,0001050915,0001193125-20-135551,8-K,2020-05-07,2020-05-07T10:57:14.000Z,"2.02,7.01",d889801d8k.htm,https://www.sec.gov/Archives/edgar/data/1050915/000119312520135551,https://www.sec.gov/Archives/edgar/data/1050915/000119312520135551/index.json,NOT_CLASSIFIED
YUM,0001041061,0001041061-20-000039,8-K,2020-06-10,2020-06-10T12:31:08.000Z,7.01,a8k6102020.htm,https://www.sec.gov/Archives/edgar/data/1041061/000104106120000039,https://www.sec.gov/Archives/edgar/data/1041061/000104106120000039/index.json,NOT_CLASSIFIED
YUM,0001041061,0001041061-20-000045,8-K,2020-06-25,2020-06-25T12:30:43.000Z,7.01,a8k6252020.htm,https://www.sec.gov/Archives/edgar/data/1041061/000104106120000045,https://www.sec.gov/Archives/edgar/data/1041061/000104106120000045/index.json,NOT_CLASSIFIED
LMT,0000936468,0000936468-20-000113,8-K,2020-07-21,2020-07-21T11:41:52.000Z,2.02,lmt-20200721.htm,https://www.sec.gov/Archives/edgar/data/936468/000093646820000113,https://www.sec.gov/Archives/edgar/data/936468/000093646820000113/index.json,NOT_CLASSIFIED
NUE,0000073309,0001564590-20-033154,8-K,2020-07-23,2020-07-23T14:21:14.000Z,2.02,nue-8k_20200723.htm,https://www.sec.gov/Archives/edgar/data/73309/000156459020033154,https://www.sec.gov/Archives/edgar/data/73309/000156459020033154/index.json,NOT_CLASSIFIED
VRSN,0001014473,0001014473-20-000028,8-K,2020-07-23,2020-07-23T20:09:16.000Z,2.02,vrsn-20200723.htm,https://www.sec.gov/Archives/edgar/data/1014473/000101447320000028,https://www.sec.gov/Archives/edgar/data/1014473/000101447320000028/index.json,NOT_CLASSIFIED
FFIV,0001048695,0001048695-20-000032,8-K,2020-07-27,2020-07-27T20:10:52.000Z,2.02,ffiv-20200727.htm,https://www.sec.gov/Archives/edgar/data/1048695/000104869520000032,https://www.sec.gov/Archives/edgar/data/1048695/000104869520000032/index.json,NOT_CLASSIFIED
ROK,0001024478,0001024478-20-000023,8-K,2020-07-28,2020-07-28T11:14:15.000Z,2.02,q3fy208-kearningsrelea.htm,https://www.sec.gov/Archives/edgar/data/1024478/000102447820000023,https://www.sec.gov/Archives/edgar/data/1024478/000102447820000023/index.json,NOT_CLASSIFIED
TYL,0000860731,0000860731-20-000025,8-K,2020-07-29,2020-07-29T21:04:12.000Z,2.02,tyl-20200729.htm,https://www.sec.gov/Archives/edgar/data/860731/000086073120000025,https://www.sec.gov/Archives/edgar/data/860731/000086073120000025/index.json,NOT_CLASSIFIED
YUM,0001041061,0001041061-20-000049,8-K,2020-07-30,2020-07-30T11:08:38.000Z,2.02,a8k7302020.htm,https://www.sec.gov/Archives/edgar/data/1041061/000104106120000049,https://www.sec.gov/Archives/edgar/data/1041061/000104106120000049/index.json,NOT_CLASSIFIED
SRE,0001032208,0001032208-20-000037,8-K,2020-08-05,2020-08-05T14:49:21.000Z,2.02,sempra-20200805.htm,https://www.sec.gov/Archives/edgar/data/1032208/000103220820000037,https://www.sec.gov/Archives/edgar/data/1032208/000103220820000037/index.json,NOT_CLASSIFIED
PWR,0001050915,0001193125-20-211280,8-K,2020-08-06,2020-08-06T10:58:32.000Z,"2.02,7.01",d722876d8k.htm,https://www.sec.gov/Archives/edgar/data/1050915/000119312520211280,https://www.sec.gov/Archives/edgar/data/1050915/000119312520211280/index.json,NOT_CLASSIFIED
NUE,0000073309,0001564590-20-047204,8-K,2020-10-22,2020-10-22T14:57:00.000Z,2.02,nue-8k_20201022.htm,https://www.sec.gov/Archives/edgar/data/73309/000156459020047204,https://www.sec.gov/Archives/edgar/data/73309/000156459020047204/index.json,NOT_CLASSIFIED
VRSN,0001014473,0001014473-20-000033,8-K,2020-10-22,2020-10-22T20:07:46.000Z,2.02,vrsn-20201022.htm,https://www.sec.gov/Archives/edgar/data/1014473/000101447320000033,https://www.sec.gov/Archives/edgar/data/1014473/000101447320000033/index.json,NOT_CLASSIFIED
FFIV,0001048695,0001048695-20-000039,8-K,2020-10-26,2020-10-26T20:08:15.000Z,2.02,ffiv-20201026.htm,https://www.sec.gov/Archives/edgar/data/1048695/000104869520000039,https://www.sec.gov/Archives/edgar/data/1048695/000104869520000039/index.json,NOT_CLASSIFIED
PWR,0001050915,0001193125-20-280411,8-K,2020-10-29,2020-10-29T10:58:54.000Z,"2.02,7.01",d63599d8k.htm,https://www.sec.gov/Archives/edgar/data/1050915/000119312520280411,https://www.sec.gov/Archives/edgar/data/1050915/000119312520280411/index.json,NOT_CLASSIFIED
TYL,0000860731,0000860731-20-000032,8-K,2020-11-04,2020-11-04T21:34:28.000Z,2.02,tyl-20201104.htm,https://www.sec.gov/Archives/edgar/data/860731/000086073120000032,https://www.sec.gov/Archives/edgar/data/860731/000086073120000032/index.json,NOT_CLASSIFIED
SRE,0001032208,0001032208-20-000044,8-K,2020-11-05,2020-11-05T15:56:54.000Z,2.02,sempra-20201105.htm,https://www.sec.gov/Archives/edgar/data/1032208/000103220820000044,https://www.sec.gov/Archives/edgar/data/1032208/000103220820000044/index.json,NOT_CLASSIFIED
FFIV,0001048695,0001140361-20-024941,8-K,2020-11-09,2020-11-09T12:18:28.000Z,7.01,brhc10016767_8k.htm,https://www.sec.gov/Archives/edgar/data/1048695/000114036120024941,https://www.sec.gov/Archives/edgar/data/1048695/000114036120024941/index.json,NOT_CLASSIFIED
ROK,0001024478,0001024478-20-000033,8-K,2020-11-10,2020-11-10T12:19:07.000Z,2.02,fy208-kearningsrelease.htm,https://www.sec.gov/Archives/edgar/data/1024478/000102447820000033,https://www.sec.gov/Archives/edgar/data/1024478/000102447820000033/index.json,NOT_CLASSIFIED
ROK,0001024478,0001024478-20-000035,8-K,2020-11-10,2020-11-10T12:40:43.000Z,7.01,a8-ksegments.htm,https://www.sec.gov/Archives/edgar/data/1024478/000102447820000035,https://www.sec.gov/Archives/edgar/data/1024478/000102447820000035/index.json,NOT_CLASSIFIED
FFIV,0001048695,0001140361-21-001982,8-K,2021-01-25,2021-01-25T14:08:00.000Z,7.01,nc10019264x1_8k.htm,https://www.sec.gov/Archives/edgar/data/1048695/000114036121001982,https://www.sec.gov/Archives/edgar/data/1048695/000114036121001982/index.json,NOT_CLASSIFIED
ROK,0001024478,0001024478-21-000003,8-K,2021-01-26,2021-01-26T12:12:01.000Z,2.02,rok-20210126.htm,https://www.sec.gov/Archives/edgar/data/1024478/000102447821000003,https://www.sec.gov/Archives/edgar/data/1024478/000102447821000003/index.json,NOT_CLASSIFIED
LMT,0000936468,0000936468-21-000009,8-K,2021-01-26,2021-01-26T12:35:02.000Z,2.02,lmt-20210126.htm,https://www.sec.gov/Archives/edgar/data/936468/000093646821000009,https://www.sec.gov/Archives/edgar/data/936468/000093646821000009/index.json,NOT_CLASSIFIED
FFIV,0001048695,0001048695-21-000002,8-K,2021-01-26,2021-01-26T21:07:48.000Z,2.02,ffiv-20210126.htm,https://www.sec.gov/Archives/edgar/data/1048695/000104869521000002,https://www.sec.gov/Archives/edgar/data/1048695/000104869521000002/index.json,NOT_CLASSIFIED
NUE,0000073309,0001564590-21-002836,8-K,2021-01-28,2021-01-28T16:28:01.000Z,2.02,nue-8k_20210128.htm,https://www.sec.gov/Archives/edgar/data/73309/000156459021002836,https://www.sec.gov/Archives/edgar/data/73309/000156459021002836/index.json,NOT_CLASSIFIED
TYL,0000860731,0000860731-21-000005,8-K,2021-02-10,2021-02-10T11:51:32.000Z,7.01,tyl-20210210.htm,https://www.sec.gov/Archives/edgar/data/860731/000086073121000005,https://www.sec.gov/Archives/edgar/data/860731/000086073121000005/index.json,NOT_CLASSIFIED
TYL,0000860731,0000860731-21-000007,8-K,2021-02-10,2021-02-10T11:54:35.000Z,2.02,tyl-20210210.htm,https://www.sec.gov/Archives/edgar/data/860731/000086073121000007,https://www.sec.gov/Archives/edgar/data/860731/000086073121000007/index.json,NOT_CLASSIFIED
TYL,0000860731,0000860731-21-000009,8-K,2021-02-11,2021-02-11T20:41:13.000Z,7.01,tyl-20210211.htm,https://www.sec.gov/Archives/edgar/data/860731/000086073121000009,https://www.sec.gov/Archives/edgar/data/860731/000086073121000009/index.json,NOT_CLASSIFIED
SRE,0001032208,0001032208-21-000004,8-K,2021-02-25,2021-02-25T16:00:38.000Z,2.02,sempra-20210225.htm,https://www.sec.gov/Archives/edgar/data/1032208/000103220821000004,https://www.sec.gov/Archives/edgar/data/1032208/000103220821000004/index.json,NOT_CLASSIFIED
TYL,0000860731,0000860731-21-000018,8-K,2021-03-09,2021-03-09T21:32:24.000Z,7.01,tyl-20210309.htm,https://www.sec.gov/Archives/edgar/data/860731/000086073121000018,https://www.sec.gov/Archives/edgar/data/860731/000086073121000018/index.json,NOT_CLASSIFIED
LMT,0000936468,0000936468-21-000040,8-K,2021-04-20,2021-04-20T11:32:14.000Z,2.02,lmt-20210420.htm,https://www.sec.gov/Archives/edgar/data/936468/000093646821000040,https://www.sec.gov/Archives/edgar/data/936468/000093646821000040/index.json,NOT_CLASSIFIED
TYL,0000860731,0000860731-21-000020,8-K,2021-04-21,2021-04-21T16:22:24.000Z,7.01,tyl-20210421.htm,https://www.sec.gov/Archives/edgar/data/860731/000086073121000020,https://www.sec.gov/Archives/edgar/data/860731/000086073121000020/index.json,NOT_CLASSIFIED
NUE,0000073309,0001564590-21-019982,8-K,2021-04-22,2021-04-22T15:03:49.000Z,2.02,nue-8k_20210422.htm,https://www.sec.gov/Archives/edgar/data/73309/000156459021019982,https://www.sec.gov/Archives/edgar/data/73309/000156459021019982/index.json,NOT_CLASSIFIED
VRSN,0001014473,0001014473-21-000014,8-K,2021-04-22,2021-04-22T20:08:12.000Z,2.02,vrsn-20210422.htm,https://www.sec.gov/Archives/edgar/data/1014473/000101447321000014,https://www.sec.gov/Archives/edgar/data/1014473/000101447321000014/index.json,NOT_CLASSIFIED
YUM,0001041061,0001041061-21-000018,8-K,2021-04-28,2021-04-28T11:06:36.000Z,2.02,yum-20210428.htm,https://www.sec.gov/Archives/edgar/data/1041061/000104106121000018,https://www.sec.gov/Archives/edgar/data/1041061/000104106121000018/index.json,NOT_CLASSIFIED
ROK,0001024478,0001024478-21-000011,8-K,2021-04-28,2021-04-28T11:19:41.000Z,2.02,rok-20210428.htm,https://www.sec.gov/Archives/edgar/data/1024478/000102447821000011,https://www.sec.gov/Archives/edgar/data/1024478/000102447821000011/index.json,NOT_CLASSIFIED
TYL,0000860731,0000860731-21-000022,8-K,2021-04-28,2021-04-28T20:26:59.000Z,2.02,tyl-20210428.htm,https://www.sec.gov/Archives/edgar/data/860731/000086073121000022,https://www.sec.gov/Archives/edgar/data/860731/000086073121000022/index.json,NOT_CLASSIFIED
TYL,0000860731,0000860731-21-000029,8-K,2021-06-07,2021-06-07T11:54:11.000Z,2.02,tyl-20210607.htm,https://www.sec.gov/Archives/edgar/data/860731/000086073121000029,https://www.sec.gov/Archives/edgar/data/860731/000086073121000029/index.json,NOT_CLASSIFIED
NUE,0000073309,0001193125-21-186791,8-K,2021-06-09,2021-06-09T20:35:08.000Z,7.01,d97731d8k.htm,https://www.sec.gov/Archives/edgar/data/73309/000119312521186791,https://www.sec.gov/Archives/edgar/data/73309/000119312521186791/index.json,NOT_CLASSIFIED
NUE,0000073309,0001564590-21-037529,8-K,2021-07-22,2021-07-22T16:48:55.000Z,2.02,nue-8k_20210722.htm,https://www.sec.gov/Archives/edgar/data/73309/000156459021037529,https://www.sec.gov/Archives/edgar/data/73309/000156459021037529/index.json,NOT_CLASSIFIED
VRSN,0001014473,0001014473-21-000022,8-K,2021-07-22,2021-07-22T20:08:50.000Z,2.02,vrsn-20210722.htm,https://www.sec.gov/Archives/edgar/data/1014473/000101447321000022,https://www.sec.gov/Archives/edgar/data/1014473/000101447321000022/index.json,NOT_CLASSIFIED
LMT,0000936468,0000936468-21-000069,8-K,2021-07-26,2021-07-26T11:33:11.000Z,2.02,lmt-20210726.htm,https://www.sec.gov/Archives/edgar/data/936468/000093646821000069,https://www.sec.gov/Archives/edgar/data/936468/000093646821000069/index.json,NOT_CLASSIFIED
FFIV,0001048695,0001048695-21-000031,8-K,2021-07-26,2021-07-26T20:07:21.000Z,2.02,ffiv-20210726.htm,https://www.sec.gov/Archives/edgar/data/1048695/000104869521000031,https://www.sec.gov/Archives/edgar/data/1048695/000104869521000031/index.json,NOT_CLASSIFIED
ROK,0001024478,0001024478-21-000033,8-K,2021-07-27,2021-07-27T11:16:20.000Z,2.02,rok-20210727.htm,https://www.sec.gov/Archives/edgar/data/1024478/000102447821000033,https://www.sec.gov/Archives/edgar/data/1024478/000102447821000033/index.json,NOT_CLASSIFIED
TYL,0000860731,0000860731-21-000032,8-K,2021-07-28,2021-07-28T20:52:14.000Z,2.02,tyl-20210728.htm,https://www.sec.gov/Archives/edgar/data/860731/000086073121000032,https://www.sec.gov/Archives/edgar/data/860731/000086073121000032/index.json,NOT_CLASSIFIED
YUM,0001041061,0001041061-21-000038,8-K,2021-07-29,2021-07-29T11:16:33.000Z,2.02,yum-20210729.htm,https://www.sec.gov/Archives/edgar/data/1041061/000104106121000038,https://www.sec.gov/Archives/edgar/data/1041061/000104106121000038/index.json,NOT_CLASSIFIED
LMT,0000936468,0000936468-21-000081,8-K,2021-08-03,2021-08-03T20:19:59.000Z,7.01,wk-20210803.htm,https://www.sec.gov/Archives/edgar/data/936468/000093646821000081,https://www.sec.gov/Archives/edgar/data/936468/000093646821000081/index.json,NOT_CLASSIFIED
PWR,0001050915,0001193125-21-236940,8-K,2021-08-05,2021-08-05T10:58:57.000Z,"2.02,7.01",d197635d8k.htm,https://www.sec.gov/Archives/edgar/data/1050915/000119312521236940,https://www.sec.gov/Archives/edgar/data/1050915/000119312521236940/index.json,NOT_CLASSIFIED
SRE,0001032208,0001032208-21-000027,8-K,2021-08-05,2021-08-05T15:24:51.000Z,2.02,sempra-20210805.htm,https://www.sec.gov/Archives/edgar/data/1032208/000103220821000027,https://www.sec.gov/Archives/edgar/data/1032208/000103220821000027/index.json,NOT_CLASSIFIED
PWR,0001050915,0001193125-21-266919,8-K,2021-09-08,2021-09-07T23:33:01.000Z,7.01,d211565d8k.htm,https://www.sec.gov/Archives/edgar/data/1050915/000119312521266919,https://www.sec.gov/Archives/edgar/data/1050915/000119312521266919/index.json,NOT_CLASSIFIED
PWR,0001050915,0001193125-21-300152,8-K,2021-10-15,2021-10-15T21:02:31.000Z,7.01,d73735d8k.htm,https://www.sec.gov/Archives/edgar/data/1050915/000119312521300152,https://www.sec.gov/Archives/edgar/data/1050915/000119312521300152/index.json,NOT_CLASSIFIED
NUE,0000073309,0001193125-21-303726,8-K,2021-10-21,2021-10-21T15:44:07.000Z,2.02,d247887d8k.htm,https://www.sec.gov/Archives/edgar/data/73309/000119312521303726,https://www.sec.gov/Archives/edgar/data/73309/000119312521303726/index.json,NOT_CLASSIFIED
FFIV,0001048695,0001048695-21-000035,8-K,2021-10-26,2021-10-26T20:08:36.000Z,2.02,ffiv-20211026.htm,https://www.sec.gov/Archives/edgar/data/1048695/000104869521000035,https://www.sec.gov/Archives/edgar/data/1048695/000104869521000035/index.json,NOT_CLASSIFIED
YUM,0001041061,0001041061-21-000051,8-K,2021-10-28,2021-10-28T11:02:10.000Z,2.02,yum-20211028.htm,https://www.sec.gov/Archives/edgar/data/1041061/000104106121000051,https://www.sec.gov/Archives/edgar/data/1041061/000104106121000051/index.json,NOT_CLASSIFIED
VRSN,0001014473,0001014473-21-000026,8-K,2021-10-28,2021-10-28T20:11:34.000Z,2.02,vrsn-20211028.htm,https://www.sec.gov/Archives/edgar/data/1014473/000101447321000026,https://www.sec.gov/Archives/edgar/data/1014473/000101447321000026/index.json,NOT_CLASSIFIED
ROK,0001024478,0001024478-21-000075,8-K,2021-11-02,2021-11-02T11:05:07.000Z,2.02,rok-20211102.htm,https://www.sec.gov/Archives/edgar/data/1024478/000102447821000075,https://www.sec.gov/Archives/edgar/data/1024478/000102447821000075/index.json,NOT_CLASSIFIED
SRE,0001032208,0001032208-21-000044,8-K,2021-11-05,2021-11-05T15:23:02.000Z,2.02,sempra-20211105.htm,https://www.sec.gov/Archives/edgar/data/1032208/000103220821000044,https://www.sec.gov/Archives/edgar/data/1032208/000103220821000044/index.json,NOT_CLASSIFIED
LMT,0000936468,0000936468-22-000006,8-K,2022-01-25,2022-01-25T12:32:04.000Z,2.02,lmt-20220125.htm,https://www.sec.gov/Archives/edgar/data/936468/000093646822000006,https://www.sec.gov/Archives/edgar/data/936468/000093646822000006/index.json,NOT_CLASSIFIED
FFIV,0001048695,0001048695-22-000005,8-K,2022-01-25,2022-01-25T21:07:39.000Z,2.02,ffiv-20220125.htm,https://www.sec.gov/Archives/edgar/data/1048695/000104869522000005,https://www.sec.gov/Archives/edgar/data/1048695/000104869522000005/index.json,NOT_CLASSIFIED
ROK,0001024478,0001024478-22-000007,8-K,2022-01-27,2022-01-27T12:08:03.000Z,2.02,rok-20220127.htm,https://www.sec.gov/Archives/edgar/data/1024478/000102447822000007,https://www.sec.gov/Archives/edgar/data/1024478/000102447822000007/index.json,NOT_CLASSIFIED
NUE,0000073309,0001193125-22-019362,8-K,2022-01-27,2022-01-27T17:12:02.000Z,2.02,d299286d8k.htm,https://www.sec.gov/Archives/edgar/data/73309/000119312522019362,https://www.sec.gov/Archives/edgar/data/73309/000119312522019362/index.json,NOT_CLASSIFIED
PWR,0001050915,0001193125-22-021674,8-K,2022-01-28,2022-01-28T21:40:19.000Z,7.01,d98329d8k.htm,https://www.sec.gov/Archives/edgar/data/1050915/000119312522021674,https://www.sec.gov/Archives/edgar/data/1050915/000119312522021674/index.json,NOT_CLASSIFIED
VRSN,0001014473,0001014473-22-000005,8-K,2022-02-10,2022-02-10T21:11:27.000Z,2.02,vrsn-20220210.htm,https://www.sec.gov/Archives/edgar/data/1014473/000101447322000005,https://www.sec.gov/Archives/edgar/data/1014473/000101447322000005/index.json,NOT_CLASSIFIED
PWR,0001050915,0001193125-22-051033,8-K,2022-02-24,2022-02-24T11:58:33.000Z,"2.02,7.01",d116745d8k.htm,https://www.sec.gov/Archives/edgar/data/1050915/000119312522051033,https://www.sec.gov/Archives/edgar/data/1050915/000119312522051033/index.json,NOT_CLASSIFIED
SRE,0001032208,0001032208-22-000004,8-K,2022-02-25,2022-02-25T15:50:38.000Z,2.02,sempra-20220225.htm,https://www.sec.gov/Archives/edgar/data/1032208/000103220822000004,https://www.sec.gov/Archives/edgar/data/1032208/000103220822000004/index.json,NOT_CLASSIFIED
LMT,0000936468,0000936468-22-000044,8-K,2022-04-19,2022-04-19T11:31:26.000Z,2.02,lmt-20220419.htm,https://www.sec.gov/Archives/edgar/data/936468/000093646822000044,https://www.sec.gov/Archives/edgar/data/936468/000093646822000044/index.json,NOT_CLASSIFIED
NUE,0000073309,0001193125-22-112567,8-K,2022-04-21,2022-04-21T16:50:59.000Z,2.02,d327281d8k.htm,https://www.sec.gov/Archives/edgar/data/73309/000119312522112567,https://www.sec.gov/Archives/edgar/data/73309/000119312522112567/index.json,NOT_CLASSIFIED
FFIV,0001048695,0001048695-22-000012,8-K,2022-04-26,2022-04-26T20:08:35.000Z,2.02,ffiv-20220426.htm,https://www.sec.gov/Archives/edgar/data/1048695/000104869522000012,https://www.sec.gov/Archives/edgar/data/1048695/000104869522000012/index.json,NOT_CLASSIFIED
TYL,0000860731,0000860731-22-000016,8-K,2022-04-27,2022-04-27T20:31:49.000Z,2.02,tyl-20220427.htm,https://www.sec.gov/Archives/edgar/data/860731/000086073122000016,https://www.sec.gov/Archives/edgar/data/860731/000086073122000016/index.json,NOT_CLASSIFIED
VRSN,0001014473,0001014473-22-000015,8-K,2022-04-28,2022-04-28T20:13:22.000Z,2.02,vrsn-20220428.htm,https://www.sec.gov/Archives/edgar/data/1014473/000101447322000015,https://www.sec.gov/Archives/edgar/data/1014473/000101447322000015/index.json,NOT_CLASSIFIED
ROK,0001024478,0001024478-22-000036,8-K,2022-05-03,2022-05-03T11:25:26.000Z,2.02,rok-20220503.htm,https://www.sec.gov/Archives/edgar/data/1024478/000102447822000036,https://www.sec.gov/Archives/edgar/data/1024478/000102447822000036/index.json,NOT_CLASSIFIED
YUM,0001041061,0001041061-22-000012,8-K,2022-05-04,2022-05-04T11:04:16.000Z,2.02,yum-20220504.htm,https://www.sec.gov/Archives/edgar/data/1041061/000104106122000012,https://www.sec.gov/Archives/edgar/data/1041061/000104106122000012/index.json,NOT_CLASSIFIED
PWR,0001050915,0001193125-22-141267,8-K,2022-05-05,2022-05-05T10:59:37.000Z,"2.02,7.01",d342384d8k.htm,https://www.sec.gov/Archives/edgar/data/1050915/000119312522141267,https://www.sec.gov/Archives/edgar/data/1050915/000119312522141267/index.json,NOT_CLASSIFIED
SRE,0001032208,0001032208-22-000020,8-K,2022-05-05,2022-05-05T15:01:58.000Z,2.02,sempra-20220505.htm,https://www.sec.gov/Archives/edgar/data/1032208/000103220822000020,https://www.sec.gov/Archives/edgar/data/1032208/000103220822000020/index.json,NOT_CLASSIFIED
NUE,0000073309,0001193125-22-151808,8-K,2022-05-16,2022-05-16T20:25:59.000Z,7.01,d362473d8k.htm,https://www.sec.gov/Archives/edgar/data/73309/000119312522151808,https://www.sec.gov/Archives/edgar/data/73309/000119312522151808/index.json,NOT_CLASSIFIED
LMT,0000936468,0000936468-22-000091,8-K,2022-07-19,2022-07-19T11:31:35.000Z,2.02,lmt-20220719.htm,https://www.sec.gov/Archives/edgar/data/936468/000093646822000091,https://www.sec.gov/Archives/edgar/data/936468/000093646822000091/index.json,NOT_CLASSIFIED
NUE,0000073309,0001193125-22-198782,8-K,2022-07-21,2022-07-21T14:52:38.000Z,2.02,d301203d8k.htm,https://www.sec.gov/Archives/edgar/data/73309/000119312522198782,https://www.sec.gov/Archives/edgar/data/73309/000119312522198782/index.json,NOT_CLASSIFIED
PWR,0001050915,0001193125-22-199198,8-K,2022-07-21,2022-07-21T20:32:06.000Z,7.01,d733474d8k.htm,https://www.sec.gov/Archives/edgar/data/1050915/000119312522199198,https://www.sec.gov/Archives/edgar/data/1050915/000119312522199198/index.json,NOT_CLASSIFIED
FFIV,0001048695,0001048695-22-000023,8-K,2022-07-25,2022-07-25T20:08:22.000Z,2.02,ffiv-20220722.htm,https://www.sec.gov/Archives/edgar/data/1048695/000104869522000023,https://www.sec.gov/Archives/edgar/data/1048695/000104869522000023/index.json,NOT_CLASSIFIED
ROK,0001024478,0001024478-22-000061,8-K,2022-07-27,2022-07-27T11:03:56.000Z,2.02,rok-20220727.htm,https://www.sec.gov/Archives/edgar/data/1024478/000102447822000061,https://www.sec.gov/Archives/edgar/data/1024478/000102447822000061/index.json,NOT_CLASSIFIED
VRSN,0001014473,0001014473-22-000022,8-K,2022-07-28,2022-07-28T20:09:36.000Z,2.02,vrsn-20220728.htm,https://www.sec.gov/Archives/edgar/data/1014473/000101447322000022,https://www.sec.gov/Archives/edgar/data/1014473/000101447322000022/index.json,NOT_CLASSIFIED
YUM,0001041061,0001041061-22-000029,8-K,2022-08-03,2022-08-03T11:02:03.000Z,2.02,yum-20220803.htm,https://www.sec.gov/Archives/edgar/data/1041061/000104106122000029,https://www.sec.gov/Archives/edgar/data/1041061/000104106122000029/index.json,NOT_CLASSIFIED
SRE,0001032208,0001032208-22-000035,8-K,2022-08-04,2022-08-04T15:19:41.000Z,2.02,sempra-20220804.htm,https://www.sec.gov/Archives/edgar/data/1032208/000103220822000035,https://www.sec.gov/Archives/edgar/data/1032208/000103220822000035/index.json,NOT_CLASSIFIED
LMT,0000936468,0000936468-22-000118,8-K,2022-10-18,2022-10-18T11:31:27.000Z,2.02,lmt-20221018.htm,https://www.sec.gov/Archives/edgar/data/936468/000093646822000118,https://www.sec.gov/Archives/edgar/data/936468/000093646822000118/index.json,NOT_CLASSIFIED
FFIV,0001048695,0001048695-22-000029,8-K,2022-10-25,2022-10-25T20:07:15.000Z,2.02,ffiv-20221025.htm,https://www.sec.gov/Archives/edgar/data/1048695/000104869522000029,https://www.sec.gov/Archives/edgar/data/1048695/000104869522000029/index.json,NOT_CLASSIFIED
TYL,0000860731,0000860731-22-000040,8-K,2022-10-26,2022-10-26T20:31:17.000Z,2.02,tyl-20221026.htm,https://www.sec.gov/Archives/edgar/data/860731/000086073122000040,https://www.sec.gov/Archives/edgar/data/860731/000086073122000040/index.json,NOT_CLASSIFIED
YUM,0001041061,0001041061-22-000036,8-K,2022-11-02,2022-11-02T11:02:03.000Z,2.02,yum-20221102.htm,https://www.sec.gov/Archives/edgar/data/1041061/000104106122000036,https://www.sec.gov/Archives/edgar/data/1041061/000104106122000036/index.json,NOT_CLASSIFIED
ROK,0001024478,0001024478-22-000089,8-K,2022-11-02,2022-11-02T11:03:29.000Z,2.02,rok-20221102.htm,https://www.sec.gov/Archives/edgar/data/1024478/000102447822000089,https://www.sec.gov/Archives/edgar/data/1024478/000102447822000089/index.json,NOT_CLASSIFIED
SRE,0001032208,0001032208-22-000050,8-K,2022-11-03,2022-11-03T14:48:52.000Z,2.02,sempra-20221103.htm,https://www.sec.gov/Archives/edgar/data/1032208/000103220822000050,https://www.sec.gov/Archives/edgar/data/1032208/000103220822000050/index.json,NOT_CLASSIFIED
LMT,0000936468,0000936468-23-000004,8-K,2023-01-24,2023-01-24T12:31:28.000Z,2.02,lmt-20230124.htm,https://www.sec.gov/Archives/edgar/data/936468/000093646823000004,https://www.sec.gov/Archives/edgar/data/936468/000093646823000004/index.json,NOT_CLASSIFIED
FFIV,0001048695,0001048695-23-000007,8-K,2023-01-24,2023-01-24T21:07:30.000Z,2.02,ffiv-20230124.htm,https://www.sec.gov/Archives/edgar/data/1048695/000104869523000007,https://www.sec.gov/Archives/edgar/data/1048695/000104869523000007/index.json,NOT_CLASSIFIED
ROK,0001024478,0001024478-23-000008,8-K,2023-01-26,2023-01-26T12:06:28.000Z,2.02,rok-20230126.htm,https://www.sec.gov/Archives/edgar/data/1024478/000102447823000008,https://www.sec.gov/Archives/edgar/data/1024478/000102447823000008/index.json,NOT_CLASSIFIED
YUM,0001041061,0001041061-23-000003,8-K,2023-02-08,2023-02-08T12:01:22.000Z,2.02,yum-20230208.htm,https://www.sec.gov/Archives/edgar/data/1041061/000104106123000003,https://www.sec.gov/Archives/edgar/data/1041061/000104106123000003/index.json,NOT_CLASSIFIED
VRSN,0001014473,0001014473-23-000003,8-K,2023-02-09,2023-02-09T21:07:42.000Z,2.02,vrsn-20230209.htm,https://www.sec.gov/Archives/edgar/data/1014473/000101447323000003,https://www.sec.gov/Archives/edgar/data/1014473/000101447323000003/index.json,NOT_CLASSIFIED
TYL,0000860731,0000860731-23-000004,8-K,2023-02-15,2023-02-15T21:48:36.000Z,2.02,tyl-20230215.htm,https://www.sec.gov/Archives/edgar/data/860731/000086073123000004,https://www.sec.gov/Archives/edgar/data/860731/000086073123000004/index.json,NOT_CLASSIFIED
PWR,0001050915,0001193125-23-045600,8-K,2023-02-23,2023-02-23T11:59:05.000Z,"2.02,7.01",d440666d8k.htm,https://www.sec.gov/Archives/edgar/data/1050915/000119312523045600,https://www.sec.gov/Archives/edgar/data/1050915/000119312523045600/index.json,NOT_CLASSIFIED
SRE,0001032208,0001032208-23-000005,8-K,2023-02-28,2023-02-28T16:05:16.000Z,2.02,sempra-20230228.htm,https://www.sec.gov/Archives/edgar/data/1032208/000103220823000005,https://www.sec.gov/Archives/edgar/data/1032208/000103220823000005/index.json,NOT_CLASSIFIED
FFIV,0001048695,0001048695-23-000016,8-K,2023-04-19,2023-04-19T20:36:59.000Z,"2.02,7.01",ffiv-20230419.htm,https://www.sec.gov/Archives/edgar/data/1048695/000104869523000016,https://www.sec.gov/Archives/edgar/data/1048695/000104869523000016/index.json,NOT_CLASSIFIED
NUE,0000073309,0001193125-23-107856,8-K,2023-04-20,2023-04-20T16:37:06.000Z,"2.02,7.01",d487596d8k.htm,https://www.sec.gov/Archives/edgar/data/73309/000119312523107856,https://www.sec.gov/Archives/edgar/data/73309/000119312523107856/index.json,NOT_CLASSIFIED
TYL,0000860731,0000860731-23-000016,8-K,2023-04-26,2023-04-26T20:38:53.000Z,2.02,tyl-20230426.htm,https://www.sec.gov/Archives/edgar/data/860731/000086073123000016,https://www.sec.gov/Archives/edgar/data/860731/000086073123000016/index.json,NOT_CLASSIFIED
ROK,0001024478,0001024478-23-000042,8-K,2023-04-27,2023-04-27T11:07:35.000Z,2.02,rok-20230427.htm,https://www.sec.gov/Archives/edgar/data/1024478/000102447823000042,https://www.sec.gov/Archives/edgar/data/1024478/000102447823000042/index.json,NOT_CLASSIFIED
VRSN,0001014473,0001014473-23-000018,8-K,2023-04-27,2023-04-27T20:08:03.000Z,2.02,vrsn-20230427.htm,https://www.sec.gov/Archives/edgar/data/1014473/000101447323000018,https://www.sec.gov/Archives/edgar/data/1014473/000101447323000018/index.json,NOT_CLASSIFIED
YUM,0001041061,0001041061-23-000014,8-K,2023-05-03,2023-05-03T11:00:55.000Z,2.02,yum-20230503.htm,https://www.sec.gov/Archives/edgar/data/1041061/000104106123000014,https://www.sec.gov/Archives/edgar/data/1041061/000104106123000014/index.json,NOT_CLASSIFIED
VRSN,0001014473,0001014473-23-000021,8-K,2023-05-03,2023-05-03T13:06:54.000Z,7.01,vrsn-20230503.htm,https://www.sec.gov/Archives/edgar/data/1014473/000101447323000021,https://www.sec.gov/Archives/edgar/data/1014473/000101447323000021/index.json,NOT_CLASSIFIED
PWR,0001050915,0001193125-23-134996,8-K,2023-05-04,2023-05-04T10:59:04.000Z,"2.02,7.01",d20434d8k.htm,https://www.sec.gov/Archives/edgar/data/1050915/000119312523134996,https://www.sec.gov/Archives/edgar/data/1050915/000119312523134996/index.json,NOT_CLASSIFIED
PWR,0001050915,0001193125-23-180422,8-K,2023-06-30,2023-06-30T20:15:31.000Z,7.01,d519773d8k.htm,https://www.sec.gov/Archives/edgar/data/1050915/000119312523180422,https://www.sec.gov/Archives/edgar/data/1050915/000119312523180422/index.json,NOT_CLASSIFIED
LMT,0000936468,0000936468-23-000096,8-K,2023-07-18,2023-07-18T11:38:58.000Z,2.02,lmt-20230718.htm,https://www.sec.gov/Archives/edgar/data/936468/000093646823000096,https://www.sec.gov/Archives/edgar/data/936468/000093646823000096/index.json,NOT_CLASSIFIED
NUE,0000073309,0001193125-23-192367,8-K,2023-07-24,2023-07-24T21:19:57.000Z,"2.02,7.01",d520760d8k.htm,https://www.sec.gov/Archives/edgar/data/73309/000119312523192367,https://www.sec.gov/Archives/edgar/data/73309/000119312523192367/index.json,NOT_CLASSIFIED
TYL,0000860731,0000860731-23-000026,8-K,2023-07-26,2023-07-26T20:37:04.000Z,2.02,tyl-20230726.htm,https://www.sec.gov/Archives/edgar/data/860731/000086073123000026,https://www.sec.gov/Archives/edgar/data/860731/000086073123000026/index.json,NOT_CLASSIFIED
VRSN,0001014473,0001014473-23-000032,8-K,2023-07-27,2023-07-27T20:07:25.000Z,2.02,vrsn-20230727.htm,https://www.sec.gov/Archives/edgar/data/1014473/000101447323000032,https://www.sec.gov/Archives/edgar/data/1014473/000101447323000032/index.json,NOT_CLASSIFIED
ROK,0001024478,0001024478-23-000088,8-K,2023-08-01,2023-08-01T11:03:34.000Z,2.02,rok-20230801.htm,https://www.sec.gov/Archives/edgar/data/1024478/000102447823000088,https://www.sec.gov/Archives/edgar/data/1024478/000102447823000088/index.json,NOT_CLASSIFIED
YUM,0001041061,0001041061-23-000037,8-K,2023-08-02,2023-08-02T11:01:59.000Z,2.02,yum-20230802.htm,https://www.sec.gov/Archives/edgar/data/1041061/000104106123000037,https://www.sec.gov/Archives/edgar/data/1041061/000104106123000037/index.json,NOT_CLASSIFIED
PWR,0001050915,0001193125-23-202254,8-K,2023-08-03,2023-08-03T10:58:30.000Z,"2.02,7.01",d470531d8k.htm,https://www.sec.gov/Archives/edgar/data/1050915/000119312523202254,https://www.sec.gov/Archives/edgar/data/1050915/000119312523202254/index.json,NOT_CLASSIFIED
LMT,0000936468,0000936468-23-000121,8-K,2023-10-17,2023-10-17T11:31:13.000Z,2.02,lmt-20231017.htm,https://www.sec.gov/Archives/edgar/data/936468/000093646823000121,https://www.sec.gov/Archives/edgar/data/936468/000093646823000121/index.json,NOT_CLASSIFIED
FFIV,0001048695,0001048695-23-000034,8-K,2023-10-24,2023-10-24T20:07:30.000Z,2.02,ffiv-20231024.htm,https://www.sec.gov/Archives/edgar/data/1048695/000104869523000034,https://www.sec.gov/Archives/edgar/data/1048695/000104869523000034/index.json,NOT_CLASSIFIED
VRSN,0001014473,0001014473-23-000037,8-K,2023-10-26,2023-10-26T20:07:46.000Z,2.02,vrsn-20231026.htm,https://www.sec.gov/Archives/edgar/data/1014473/000101447323000037,https://www.sec.gov/Archives/edgar/data/1014473/000101447323000037/index.json,NOT_CLASSIFIED
YUM,0001041061,0001041061-23-000046,8-K,2023-11-01,2023-11-01T11:01:41.000Z,2.02,yum-20231101.htm,https://www.sec.gov/Archives/edgar/data/1041061/000104106123000046,https://www.sec.gov/Archives/edgar/data/1041061/000104106123000046/index.json,NOT_CLASSIFIED
TYL,0000860731,0000860731-23-000035,8-K,2023-11-01,2023-11-01T20:30:24.000Z,2.02,tyl-20231101.htm,https://www.sec.gov/Archives/edgar/data/860731/000086073123000035,https://www.sec.gov/Archives/edgar/data/860731/000086073123000035/index.json,NOT_CLASSIFIED
ROK,0001024478,0001024478-23-000122,8-K,2023-11-02,2023-11-02T11:04:40.000Z,2.02,rok-20231102.htm,https://www.sec.gov/Archives/edgar/data/1024478/000102447823000122,https://www.sec.gov/Archives/edgar/data/1024478/000102447823000122/index.json,NOT_CLASSIFIED
SRE,0001032208,0001032208-23-000055,8-K,2023-11-03,2023-11-03T15:08:03.000Z,2.02,sempra-20231103.htm,https://www.sec.gov/Archives/edgar/data/1032208/000103220823000055,https://www.sec.gov/Archives/edgar/data/1032208/000103220823000055/index.json,NOT_CLASSIFIED
LMT,0000936468,0000936468-24-000006,8-K,2024-01-23,2024-01-23T12:34:45.000Z,2.02,lmt-20240123.htm,https://www.sec.gov/Archives/edgar/data/936468/000093646824000006,https://www.sec.gov/Archives/edgar/data/936468/000093646824000006/index.json,NOT_CLASSIFIED
NUE,0000073309,0001193125-24-018332,8-K,2024-01-29,2024-01-29T22:31:10.000Z,"2.02,7.01",d756569d8k.htm,https://www.sec.gov/Archives/edgar/data/73309/000119312524018332,https://www.sec.gov/Archives/edgar/data/73309/000119312524018332/index.json,NOT_CLASSIFIED
ROK,0001024478,0001024478-24-000006,8-K,2024-01-31,2024-01-31T12:04:21.000Z,2.02,rok-20240131.htm,https://www.sec.gov/Archives/edgar/data/1024478/000102447824000006,https://www.sec.gov/Archives/edgar/data/1024478/000102447824000006/index.json,NOT_CLASSIFIED
YUM,0001041061,0001041061-24-000003,8-K,2024-02-07,2024-02-07T12:01:19.000Z,2.02,yum-20240207.htm,https://www.sec.gov/Archives/edgar/data/1041061/000104106124000003,https://www.sec.gov/Archives/edgar/data/1041061/000104106124000003/index.json,NOT_CLASSIFIED
VRSN,0001014473,0001014473-24-000002,8-K,2024-02-08,2024-02-08T21:06:49.000Z,2.02,vrsn-20240208.htm,https://www.sec.gov/Archives/edgar/data/1014473/000101447324000002,https://www.sec.gov/Archives/edgar/data/1014473/000101447324000002/index.json,NOT_CLASSIFIED
PWR,0001050915,0001193125-24-042070,8-K,2024-02-22,2024-02-22T11:58:30.000Z,"2.02,7.01",d743849d8k.htm,https://www.sec.gov/Archives/edgar/data/1050915/000119312524042070,https://www.sec.gov/Archives/edgar/data/1050915/000119312524042070/index.json,NOT_CLASSIFIED
SRE,0001032208,0001032208-24-000004,8-K,2024-02-27,2024-02-27T15:55:00.000Z,2.02,sempra-20240227.htm,https://www.sec.gov/Archives/edgar/data/1032208/000103220824000004,https://www.sec.gov/Archives/edgar/data/1032208/000103220824000004/index.json,NOT_CLASSIFIED
NUE,0000073309,0001193125-24-105065,8-K,2024-04-22,2024-04-22T21:23:05.000Z,"2.02,7.01",d817744d8k.htm,https://www.sec.gov/Archives/edgar/data/73309/000119312524105065,https://www.sec.gov/Archives/edgar/data/73309/000119312524105065/index.json,NOT_CLASSIFIED
LMT,0000936468,0000936468-24-000050,8-K,2024-04-23,2024-04-23T11:31:37.000Z,2.02,lmt-20240423.htm,https://www.sec.gov/Archives/edgar/data/936468/000093646824000050,https://www.sec.gov/Archives/edgar/data/936468/000093646824000050/index.json,NOT_CLASSIFIED
VRSN,0001014473,0001014473-24-000022,8-K,2024-04-25,2024-04-25T20:07:19.000Z,2.02,vrsn-20240425.htm,https://www.sec.gov/Archives/edgar/data/1014473/000101447324000022,https://www.sec.gov/Archives/edgar/data/1014473/000101447324000022/index.json,NOT_CLASSIFIED
FFIV,0001048695,0001048695-24-000060,8-K,2024-04-29,2024-04-29T20:07:50.000Z,2.02,ffiv-20240429.htm,https://www.sec.gov/Archives/edgar/data/1048695/000104869524000060,https://www.sec.gov/Archives/edgar/data/1048695/000104869524000060/index.json,NOT_CLASSIFIED
PWR,0001050915,0001193125-24-128105,8-K,2024-05-02,2024-05-02T10:59:02.000Z,"2.02,7.01",d800145d8k.htm,https://www.sec.gov/Archives/edgar/data/1050915/000119312524128105,https://www.sec.gov/Archives/edgar/data/1050915/000119312524128105/index.json,NOT_CLASSIFIED
ROK,0001024478,0001024478-24-000050,8-K,2024-05-07,2024-05-07T11:07:20.000Z,2.02,rok-20240507.htm,https://www.sec.gov/Archives/edgar/data/1024478/000102447824000050,https://www.sec.gov/Archives/edgar/data/1024478/000102447824000050/index.json,NOT_CLASSIFIED
LMT,0000936468,0000936468-24-000088,8-K,2024-07-19,2024-07-19T19:40:35.000Z,7.01,lmt-20240719.htm,https://www.sec.gov/Archives/edgar/data/936468/000093646824000088,https://www.sec.gov/Archives/edgar/data/936468/000093646824000088/index.json,NOT_CLASSIFIED
PWR,0001050915,0001193125-24-182240,8-K,2024-07-22,2024-07-22T20:33:01.000Z,7.01,d841267d8k.htm,https://www.sec.gov/Archives/edgar/data/1050915/000119312524182240,https://www.sec.gov/Archives/edgar/data/1050915/000119312524182240/index.json,NOT_CLASSIFIED
NUE,0000073309,0001193125-24-182285,8-K,2024-07-22,2024-07-22T21:13:03.000Z,"2.02,7.01",d860082d8k.htm,https://www.sec.gov/Archives/edgar/data/73309/000119312524182285,https://www.sec.gov/Archives/edgar/data/73309/000119312524182285/index.json,NOT_CLASSIFIED
LMT,0000936468,0000936468-24-000093,8-K,2024-07-23,2024-07-23T11:31:54.000Z,2.02,lmt-20240723.htm,https://www.sec.gov/Archives/edgar/data/936468/000093646824000093,https://www.sec.gov/Archives/edgar/data/936468/000093646824000093/index.json,NOT_CLASSIFIED
TYL,0000860731,0000860731-24-000039,8-K,2024-07-24,2024-07-24T20:28:53.000Z,2.02,tyl-20240724.htm,https://www.sec.gov/Archives/edgar/data/860731/000086073124000039,https://www.sec.gov/Archives/edgar/data/860731/000086073124000039/index.json,NOT_CLASSIFIED
VRSN,0001014473,0001014473-24-000032,8-K,2024-07-25,2024-07-25T20:08:30.000Z,2.02,vrsn-20240725.htm,https://www.sec.gov/Archives/edgar/data/1014473/000101447324000032,https://www.sec.gov/Archives/edgar/data/1014473/000101447324000032/index.json,NOT_CLASSIFIED
YUM,0001041061,0001041061-24-000029,8-K,2024-08-06,2024-08-06T11:01:42.000Z,2.02,yum-20240806.htm,https://www.sec.gov/Archives/edgar/data/1041061/000104106124000029,https://www.sec.gov/Archives/edgar/data/1041061/000104106124000029/index.json,NOT_CLASSIFIED
SRE,0001032208,0001032208-24-000024,8-K,2024-08-06,2024-08-06T14:54:23.000Z,2.02,sempra-20240806.htm,https://www.sec.gov/Archives/edgar/data/1032208/000103220824000024,https://www.sec.gov/Archives/edgar/data/1032208/000103220824000024/index.json,NOT_CLASSIFIED
LMT,0000936468,0000936468-24-000101,8-K,2024-08-27,2024-08-27T01:50:03.000Z,7.01,lmt-20240823.htm,https://www.sec.gov/Archives/edgar/data/936468/000093646824000101,https://www.sec.gov/Archives/edgar/data/936468/000093646824000101/index.json,NOT_CLASSIFIED
NUE,0000073309,0001193125-24-240514,8-K,2024-10-21,2024-10-21T21:24:04.000Z,"2.02,7.01",d889437d8k.htm,https://www.sec.gov/Archives/edgar/data/73309/000119312524240514,https://www.sec.gov/Archives/edgar/data/73309/000119312524240514/index.json,NOT_CLASSIFIED
LMT,0000936468,0000936468-24-000107,8-K,2024-10-22,2024-10-22T11:31:37.000Z,2.02,lmt-20241022.htm,https://www.sec.gov/Archives/edgar/data/936468/000093646824000107,https://www.sec.gov/Archives/edgar/data/936468/000093646824000107/index.json,NOT_CLASSIFIED
TYL,0000860731,0000860731-24-000050,8-K,2024-10-23,2024-10-23T20:25:58.000Z,2.02,tyl-20241023.htm,https://www.sec.gov/Archives/edgar/data/860731/000086073124000050,https://www.sec.gov/Archives/edgar/data/860731/000086073124000050/index.json,NOT_CLASSIFIED
VRSN,0001014473,0001014473-24-000039,8-K,2024-10-24,2024-10-24T20:07:25.000Z,2.02,vrsn-20241024.htm,https://www.sec.gov/Archives/edgar/data/1014473/000101447324000039,https://www.sec.gov/Archives/edgar/data/1014473/000101447324000039/index.json,NOT_CLASSIFIED
FFIV,0001048695,0001048695-24-000154,8-K,2024-10-28,2024-10-28T20:07:16.000Z,2.02,ffiv-20241025.htm,https://www.sec.gov/Archives/edgar/data/1048695/000104869524000154,https://www.sec.gov/Archives/edgar/data/1048695/000104869524000154/index.json,NOT_CLASSIFIED
PWR,0001050915,0001193125-24-248130,8-K,2024-10-31,2024-10-31T10:58:52.000Z,"2.02,7.01",d886756d8k.htm,https://www.sec.gov/Archives/edgar/data/1050915/000119312524248130,https://www.sec.gov/Archives/edgar/data/1050915/000119312524248130/index.json,NOT_CLASSIFIED
YUM,0001041061,0001041061-24-000036,8-K,2024-11-05,2024-11-05T12:01:30.000Z,2.02,yum-20241105.htm,https://www.sec.gov/Archives/edgar/data/1041061/000104106124000036,https://www.sec.gov/Archives/edgar/data/1041061/000104106124000036/index.json,NOT_CLASSIFIED
ROK,0001024478,0001024478-24-000105,8-K,2024-11-07,2024-11-07T12:02:10.000Z,2.02,rok-20241107.htm,https://www.sec.gov/Archives/edgar/data/1024478/000102447824000105,https://www.sec.gov/Archives/edgar/data/1024478/000102447824000105/index.json,NOT_CLASSIFIED
TYL,0000860731,0000860731-25-000003,8-K,2025-02-12,2025-02-12T21:37:08.000Z,2.02,tyl-20250212.htm,https://www.sec.gov/Archives/edgar/data/860731/000086073125000003,https://www.sec.gov/Archives/edgar/data/860731/000086073125000003/index.json,NOT_CLASSIFIED
PWR,0001050915,0001193125-25-030081,8-K,2025-02-20,2025-02-20T11:59:54.000Z,"2.02,7.01",d893759d8k.htm,https://www.sec.gov/Archives/edgar/data/1050915/000119312525030081,https://www.sec.gov/Archives/edgar/data/1050915/000119312525030081/index.json,NOT_CLASSIFIED
SRE,0001032208,0001032208-25-000008,8-K,2025-02-25,2025-02-25T15:54:18.000Z,2.02,sempra-20250225.htm,https://www.sec.gov/Archives/edgar/data/1032208/000103220825000008,https://www.sec.gov/Archives/edgar/data/1032208/000103220825000008/index.json,NOT_CLASSIFIED
YUM,0001041061,0001041061-25-000018,8-K,2025-03-18,2025-03-18T20:14:20.000Z,7.01,yum-20250318.htm,https://www.sec.gov/Archives/edgar/data/1041061/000104106125000018,https://www.sec.gov/Archives/edgar/data/1041061/000104106125000018/index.json,NOT_CLASSIFIED
LMT,0000936468,0000936468-25-000031,8-K,2025-04-22,2025-04-22T11:31:37.000Z,2.02,lmt-20250422.htm,https://www.sec.gov/Archives/edgar/data/936468/000093646825000031,https://www.sec.gov/Archives/edgar/data/936468/000093646825000031/index.json,NOT_CLASSIFIED
TYL,0000860731,0000860731-25-000024,8-K,2025-04-23,2025-04-23T20:55:40.000Z,2.02,tyl-20250423.htm,https://www.sec.gov/Archives/edgar/data/860731/000086073125000024,https://www.sec.gov/Archives/edgar/data/860731/000086073125000024/index.json,NOT_CLASSIFIED
VRSN,0001014473,0001014473-25-000020,8-K,2025-04-24,2025-04-24T20:07:16.000Z,2.02,vrsn-20250424.htm,https://www.sec.gov/Archives/edgar/data/1014473/000101447325000020,https://www.sec.gov/Archives/edgar/data/1014473/000101447325000020/index.json,NOT_CLASSIFIED
FFIV,0001048695,0001048695-25-000075,8-K,2025-04-28,2025-04-28T20:08:26.000Z,2.02,ffiv-20250425.htm,https://www.sec.gov/Archives/edgar/data/1048695/000104869525000075,https://www.sec.gov/Archives/edgar/data/1048695/000104869525000075/index.json,NOT_CLASSIFIED
NUE,0000073309,0001193125-25-100774,8-K,2025-04-28,2025-04-28T21:00:40.000Z,"2.02,7.01",d809255d8k.htm,https://www.sec.gov/Archives/edgar/data/73309/000119312525100774,https://www.sec.gov/Archives/edgar/data/73309/000119312525100774/index.json,NOT_CLASSIFIED
PWR,0001050915,0001193125-25-108720,8-K,2025-05-01,2025-05-01T10:58:17.000Z,"2.02,7.01",d919020d8k.htm,https://www.sec.gov/Archives/edgar/data/1050915/000119312525108720,https://www.sec.gov/Archives/edgar/data/1050915/000119312525108720/index.json,NOT_CLASSIFIED
ROK,0001024478,0001024478-25-000033,8-K,2025-05-07,2025-05-07T11:01:18.000Z,2.02,rok-20250507.htm,https://www.sec.gov/Archives/edgar/data/1024478/000102447825000033,https://www.sec.gov/Archives/edgar/data/1024478/000102447825000033/index.json,NOT_CLASSIFIED
SRE,0001032208,0001032208-25-000038,8-K,2025-06-23,2025-06-23T10:56:49.000Z,7.01,sempra-20250620.htm,https://www.sec.gov/Archives/edgar/data/1032208/000103220825000038,https://www.sec.gov/Archives/edgar/data/1032208/000103220825000038/index.json,NOT_CLASSIFIED
LMT,0000936468,0001628280-25-035502,8-K,2025-07-22,2025-07-22T11:32:49.000Z,2.02,lmt-20250722.htm,https://www.sec.gov/Archives/edgar/data/936468/000162828025035502,https://www.sec.gov/Archives/edgar/data/936468/000162828025035502/index.json,NOT_CLASSIFIED
VRSN,0001014473,0001014473-25-000034,8-K,2025-07-24,2025-07-24T20:06:45.000Z,2.02,vrsn-20250724.htm,https://www.sec.gov/Archives/edgar/data/1014473/000101447325000034,https://www.sec.gov/Archives/edgar/data/1014473/000101447325000034/index.json,NOT_CLASSIFIED
NUE,0000073309,0001193125-25-166550,8-K,2025-07-28,2025-07-28T21:08:40.000Z,"2.02,7.01",d82440d8k.htm,https://www.sec.gov/Archives/edgar/data/73309/000119312525166550,https://www.sec.gov/Archives/edgar/data/73309/000119312525166550/index.json,NOT_CLASSIFIED
FFIV,0001048695,0001048695-25-000113,8-K,2025-07-30,2025-07-30T20:06:26.000Z,2.02,ffiv-20250724.htm,https://www.sec.gov/Archives/edgar/data/1048695/000104869525000113,https://www.sec.gov/Archives/edgar/data/1048695/000104869525000113/index.json,NOT_CLASSIFIED
PWR,0001050915,0001193125-25-169944,8-K,2025-07-31,2025-07-31T10:58:40.000Z,"2.02,7.01",d28227d8k.htm,https://www.sec.gov/Archives/edgar/data/1050915/000119312525169944,https://www.sec.gov/Archives/edgar/data/1050915/000119312525169944/index.json,NOT_CLASSIFIED
PWR,0001050915,0001193125-25-172984,8-K,2025-08-05,2025-08-05T10:04:08.000Z,7.01,d21390d8k.htm,https://www.sec.gov/Archives/edgar/data/1050915/000119312525172984,https://www.sec.gov/Archives/edgar/data/1050915/000119312525172984/index.json,NOT_CLASSIFIED
SRE,0001032208,0001032208-25-000045,8-K,2025-08-07,2025-08-07T14:52:15.000Z,2.02,sempra-20250807.htm,https://www.sec.gov/Archives/edgar/data/1032208/000103220825000045,https://www.sec.gov/Archives/edgar/data/1032208/000103220825000045/index.json,NOT_CLASSIFIED
FFIV,0001048695,0001048695-25-000143,8-K,2025-09-11,2025-09-11T13:33:01.000Z,7.01,ffiv-20250911.htm,https://www.sec.gov/Archives/edgar/data/1048695/000104869525000143,https://www.sec.gov/Archives/edgar/data/1048695/000104869525000143/index.json,NOT_CLASSIFIED
FFIV,0001048695,0001048695-25-000149,8-K,2025-10-15,2025-10-15T12:30:56.000Z,7.01,ffiv-20251015.htm,https://www.sec.gov/Archives/edgar/data/1048695/000104869525000149,https://www.sec.gov/Archives/edgar/data/1048695/000104869525000149/index.json,NOT_CLASSIFIED
LMT,0000936468,0001628280-25-045582,8-K,2025-10-21,2025-10-21T11:34:11.000Z,2.02,lmt-20251021.htm,https://www.sec.gov/Archives/edgar/data/936468/000162828025045582,https://www.sec.gov/Archives/edgar/data/936468/000162828025045582/index.json,NOT_CLASSIFIED
VRSN,0001014473,0001014473-25-000045,8-K,2025-10-23,2025-10-23T20:07:18.000Z,2.02,vrsn-20251023.htm,https://www.sec.gov/Archives/edgar/data/1014473/000101447325000045,https://www.sec.gov/Archives/edgar/data/1014473/000101447325000045/index.json,NOT_CLASSIFIED
VRSN,0001014473,0001014473-25-000048,8-K,2025-10-24,2025-10-24T18:00:53.000Z,7.01,vrsn-20251024.htm,https://www.sec.gov/Archives/edgar/data/1014473/000101447325000048,https://www.sec.gov/Archives/edgar/data/1014473/000101447325000048/index.json,NOT_CLASSIFIED
FFIV,0001048695,0001048695-25-000153,8-K,2025-10-27,2025-10-27T20:17:09.000Z,2.02,ffiv-20251024.htm,https://www.sec.gov/Archives/edgar/data/1048695/000104869525000153,https://www.sec.gov/Archives/edgar/data/1048695/000104869525000153/index.json,NOT_CLASSIFIED
NUE,0000073309,0001193125-25-251721,8-K,2025-10-27,2025-10-27T20:53:38.000Z,"2.02,7.01",d34902d8k.htm,https://www.sec.gov/Archives/edgar/data/73309/000119312525251721,https://www.sec.gov/Archives/edgar/data/73309/000119312525251721/index.json,NOT_CLASSIFIED
TYL,0000860731,0000860731-25-000045,8-K,2025-10-29,2025-10-29T20:53:53.000Z,2.02,tyl-20251029.htm,https://www.sec.gov/Archives/edgar/data/860731/000086073125000045,https://www.sec.gov/Archives/edgar/data/860731/000086073125000045/index.json,NOT_CLASSIFIED
YUM,0001041061,0001041061-25-000091,8-K,2025-11-04,2025-11-04T12:01:13.000Z,2.02,yum-20251104.htm,https://www.sec.gov/Archives/edgar/data/1041061/000104106125000091,https://www.sec.gov/Archives/edgar/data/1041061/000104106125000091/index.json,NOT_CLASSIFIED
SRE,0001032208,0001032208-25-000062,8-K,2025-11-05,2025-11-05T15:51:06.000Z,2.02,sempra-20251105.htm,https://www.sec.gov/Archives/edgar/data/1032208/000103220825000062,https://www.sec.gov/Archives/edgar/data/1032208/000103220825000062/index.json,NOT_CLASSIFIED
ROK,0001024478,0001024478-25-000112,8-K,2025-11-06,2025-11-06T12:02:23.000Z,2.02,rok-20251106.htm,https://www.sec.gov/Archives/edgar/data/1024478/000102447825000112,https://www.sec.gov/Archives/edgar/data/1024478/000102447825000112/index.json,NOT_CLASSIFIED
SRE,0001032208,0001032208-25-000070,8-K,2025-12-19,2025-12-19T22:22:25.000Z,7.01,sempra-20251218.htm,https://www.sec.gov/Archives/edgar/data/1032208/000103220825000070,https://www.sec.gov/Archives/edgar/data/1032208/000103220825000070/index.json,NOT_CLASSIFIED
SRE,0001032208,0001032208-26-000002,8-K,2026-01-21,2026-01-21T22:29:30.000Z,7.01,srescg-20260121.htm,https://www.sec.gov/Archives/edgar/data/1032208/000103220826000002,https://www.sec.gov/Archives/edgar/data/1032208/000103220826000002/index.json,NOT_CLASSIFIED
NUE,0000073309,0001193125-26-022733,8-K,2026-01-26,2026-01-26T21:51:23.000Z,"2.02,7.01",d20933d8k.htm,https://www.sec.gov/Archives/edgar/data/73309/000119312526022733,https://www.sec.gov/Archives/edgar/data/73309/000119312526022733/index.json,NOT_CLASSIFIED
FFIV,0001048695,0001048695-26-000018,8-K,2026-01-27,2026-01-27T21:12:08.000Z,2.02,ffiv-20260127.htm,https://www.sec.gov/Archives/edgar/data/1048695/000104869526000018,https://www.sec.gov/Archives/edgar/data/1048695/000104869526000018/index.json,NOT_CLASSIFIED
LMT,0000936468,0001628280-26-003970,8-K,2026-01-29,2026-01-29T12:25:24.000Z,2.02,lmt-20260129.htm,https://www.sec.gov/Archives/edgar/data/936468/000162828026003970,https://www.sec.gov/Archives/edgar/data/936468/000162828026003970/index.json,NOT_CLASSIFIED
TYL,0000860731,0000860731-26-000004,8-K,2026-02-03,2026-02-03T21:53:06.000Z,7.01,tyl-20260203.htm,https://www.sec.gov/Archives/edgar/data/860731/000086073126000004,https://www.sec.gov/Archives/edgar/data/860731/000086073126000004/index.json,NOT_CLASSIFIED
YUM,0001041061,0001041061-26-000003,8-K,2026-02-04,2026-02-04T12:01:45.000Z,2.02,yum-20260204.htm,https://www.sec.gov/Archives/edgar/data/1041061/000104106126000003,https://www.sec.gov/Archives/edgar/data/1041061/000104106126000003/index.json,NOT_CLASSIFIED
ROK,0001024478,0001024478-26-000003,8-K,2026-02-05,2026-02-05T12:01:23.000Z,2.02,rok-20260205.htm,https://www.sec.gov/Archives/edgar/data/1024478/000102447826000003,https://www.sec.gov/Archives/edgar/data/1024478/000102447826000003/index.json,NOT_CLASSIFIED
VRSN,0001014473,0001014473-26-000005,8-K,2026-02-05,2026-02-05T21:07:52.000Z,2.02,vrsn-20260205.htm,https://www.sec.gov/Archives/edgar/data/1014473/000101447326000005,https://www.sec.gov/Archives/edgar/data/1014473/000101447326000005/index.json,NOT_CLASSIFIED
TYL,0000860731,0000860731-26-000013,8-K,2026-02-11,2026-02-11T21:30:47.000Z,2.02,tyl-20260211.htm,https://www.sec.gov/Archives/edgar/data/860731/000086073126000013,https://www.sec.gov/Archives/edgar/data/860731/000086073126000013/index.json,NOT_CLASSIFIED
SRE,0001032208,0001032208-26-000016,8-K,2026-03-26,2026-03-26T20:18:30.000Z,7.01,sresdge-20260323.htm,https://www.sec.gov/Archives/edgar/data/1032208/000103220826000016,https://www.sec.gov/Archives/edgar/data/1032208/000103220826000016/index.json,NOT_CLASSIFIED
SRE,0001032208,0001032208-26-000020,8-K,2026-04-17,2026-04-17T20:18:28.000Z,7.01,sempra-20260417.htm,https://www.sec.gov/Archives/edgar/data/1032208/000103220826000020,https://www.sec.gov/Archives/edgar/data/1032208/000103220826000020/index.json,NOT_CLASSIFIED
TYL,0000860731,0000860731-26-000026,8-K,2026-04-20,2026-04-20T15:39:53.000Z,7.01,tyl-20260420.htm,https://www.sec.gov/Archives/edgar/data/860731/000086073126000026,https://www.sec.gov/Archives/edgar/data/860731/000086073126000026/index.json,NOT_CLASSIFIED
LMT,0000936468,0001628280-26-026683,8-K,2026-04-23,2026-04-23T10:36:10.000Z,2.02,lmt-20260423.htm,https://www.sec.gov/Archives/edgar/data/936468/000162828026026683,https://www.sec.gov/Archives/edgar/data/936468/000162828026026683/index.json,NOT_CLASSIFIED
NUE,0000073309,0001193125-26-182332,8-K,2026-04-27,2026-04-27T20:56:42.000Z,"2.02,7.01",d150975d8k.htm,https://www.sec.gov/Archives/edgar/data/73309/000119312526182332,https://www.sec.gov/Archives/edgar/data/73309/000119312526182332/index.json,NOT_CLASSIFIED
YUM,0001041061,0001041061-26-000108,8-K,2026-04-29,2026-04-29T11:02:14.000Z,2.02,yum-20260429.htm,https://www.sec.gov/Archives/edgar/data/1041061/000104106126000108,https://www.sec.gov/Archives/edgar/data/1041061/000104106126000108/index.json,NOT_CLASSIFIED
TYL,0000860731,0000860731-26-000031,8-K,2026-04-29,2026-04-29T20:31:53.000Z,2.02,tyl-20260429.htm,https://www.sec.gov/Archives/edgar/data/860731/000086073126000031,https://www.sec.gov/Archives/edgar/data/860731/000086073126000031/index.json,NOT_CLASSIFIED
PWR,0001050915,0001193125-26-193918,8-K,2026-04-30,2026-04-30T10:58:06.000Z,"2.02,7.01",d107542d8k.htm,https://www.sec.gov/Archives/edgar/data/1050915/000119312526193918,https://www.sec.gov/Archives/edgar/data/1050915/000119312526193918/index.json,NOT_CLASSIFIED
ROK,0001024478,0001024478-26-000020,8-K,2026-05-05,2026-05-05T11:04:32.000Z,2.02,rok-20260505.htm,https://www.sec.gov/Archives/edgar/data/1024478/000102447826000020,https://www.sec.gov/Archives/edgar/data/1024478/000102447826000020/index.json,NOT_CLASSIFIED
SRE,0001032208,0001032208-26-000027,8-K,2026-05-07,2026-05-07T14:56:43.000Z,2.02,sempra-20260507.htm,https://www.sec.gov/Archives/edgar/data/1032208/000103220826000027,https://www.sec.gov/Archives/edgar/data/1032208/000103220826000027/index.json,NOT_CLASSIFIED
SRE,0001032208,0001032208-26-000037,8-K,2026-06-16,2026-06-16T12:00:29.000Z,7.01,sempra-20260615.htm,https://www.sec.gov/Archives/edgar/data/1032208/000103220826000037,https://www.sec.gov/Archives/edgar/data/1032208/000103220826000037/index.json,NOT_CLASSIFIED
YUM,0001041061,0001193125-26-271893,8-K,2026-06-16,2026-06-16T13:01:41.000Z,7.01,d158986d8k.htm,https://www.sec.gov/Archives/edgar/data/1041061/000119312526271893,https://www.sec.gov/Archives/edgar/data/1041061/000119312526271893/index.json,NOT_CLASSIFIED
FFIV,0001048695,0001048695-26-000059,8-K,2026-06-23,2026-06-23T20:00:22.000Z,7.01,ffiv-20260617.htm,https://www.sec.gov/Archives/edgar/data/1048695/000104869526000059,https://www.sec.gov/Archives/edgar/data/1048695/000104869526000059/index.json,NOT_CLASSIFIED
