queue_id,priority,event_id,cik,accession_number,filing_date,matched_items,prior_identity_status,primary_document_url,source_sha256,source_bytes,extracted_symbols,extraction_status,adjudication_status
IDENTITY-0000009389-22-000017,P0_AMBIGUOUS,SEC8K-0000009389-22-000017,0000009389,0000009389-22-000017,2022-08-04,2.05,AMBIGUOUS,https://www.sec.gov/Archives/edgar/data/9389/000000938922000017/bll-20220804x8k.htm,af228061af1f9ce1ebfe7cec5444666381dd6c5f035e4eabe1853e7d9836e119,58243,BALL|TD,CANDIDATE_FOUND,PENDING_SOURCE_REVIEW
IDENTITY-0000014693-25-000002,P0_AMBIGUOUS,SEC8K-0000014693-25-000002,0000014693,0000014693-25-000002,2025-01-14,2.05,AMBIGUOUS,https://www.sec.gov/Archives/edgar/data/14693/000001469325000002/bfb-20250113.htm,0d6ec3bc24fe93e522477669067001c49df095eb6a8e33f270eb18ee9fe50fe4,32961,BF26|BF28|BFA|BFB|TD,CANDIDATE_FOUND,PENDING_SOURCE_REVIEW
IDENTITY-0001104659-16-089611,P1_TEN_YEAR_WINDOW,SEC8K-0001104659-16-089611,0001063761,0001104659-16-089611,2016-01-13,4.02,UNMAPPED,https://www.sec.gov/Archives/edgar/data/1063761/000110465916089611/a16-1864_18k.htm,60bbc688096fc9a266482b2cdce99e1c017f46f640dc39063c81b801d827f526,95293,,NO_CANDIDATE_FOUND,PENDING_SOURCE_REVIEW
IDENTITY-0000200406-16-000062,P1_TEN_YEAR_WINDOW,SEC8K-0000200406-16-000062,0000200406,0000200406-16-000062,2016-01-19,2.05,UNMAPPED,https://www.sec.gov/Archives/edgar/data/200406/000020040616000062/md8kcover.htm,fd4511903f1a6f21b480737a423b8ae5d2e6b852ee5bc8b8d298a69bec3be19c,25457,,NO_CANDIDATE_FOUND,PENDING_SOURCE_REVIEW
IDENTITY-0001193125-16-434942,P1_TEN_YEAR_WINDOW,SEC8K-0001193125-16-434942,0000106040,0001193125-16-434942,2016-01-22,2.05|2.06,UNMAPPED,https://www.sec.gov/Archives/edgar/data/106040/000119312516434942/d31155d8k.htm,4b195c7ed0b317da89758229910fe54ca84087dc2a135d5a8f58f392b1a6a855,14543,,NO_CANDIDATE_FOUND,PENDING_SOURCE_REVIEW
IDENTITY-0000764180-16-000113,P1_TEN_YEAR_WINDOW,SEC8K-0000764180-16-000113,0000764180,0000764180-16-000113,2016-01-28,2.05,UNMAPPED,https://www.sec.gov/Archives/edgar/data/764180/000076418016000113/form8-k2015fs.htm,61f9a43c6ae0128c3026da4b6fc6376d94cbf69a723983d3098125eec9010088,48139,,NO_CANDIDATE_FOUND,PENDING_SOURCE_REVIEW
IDENTITY-0001193125-16-445218,P1_TEN_YEAR_WINDOW,SEC8K-0001193125-16-445218,0000927653,0001193125-16-445218,2016-02-01,2.06,UNMAPPED,https://www.sec.gov/Archives/edgar/data/927653/000119312516445218/d125466d8k.htm,792d0a2a2fc848060904ee8e0fee163348f269777ca8ec8de0ae55ba0072fd73,11414,,NO_CANDIDATE_FOUND,PENDING_SOURCE_REVIEW
IDENTITY-0000769397-16-000055,P1_TEN_YEAR_WINDOW,SEC8K-0000769397-16-000055,0000769397,0000769397-16-000055,2016-02-03,2.05,UNMAPPED,https://www.sec.gov/Archives/edgar/data/769397/000076939716000055/form8-kxitem205xrestructur.htm,be1f5bcc14f8f80825e73ced62658f45e984ecc18f94c8e48a83043b61c8e8ed,48192,,NO_CANDIDATE_FOUND,PENDING_SOURCE_REVIEW
IDENTITY-0001193125-16-465602,P1_TEN_YEAR_WINDOW,SEC8K-0001193125-16-465602,0001090012,0001193125-16-465602,2016-02-16,2.05,UNMAPPED,https://www.sec.gov/Archives/edgar/data/1090012/000119312516465602/d111630d8k.htm,c1473b4d424c4155f005b51b417cf4927a2b43a0f5d6cb59f841befcfa044691,15244,,NO_CANDIDATE_FOUND,PENDING_SOURCE_REVIEW
IDENTITY-0001102624-16-002144,P1_TEN_YEAR_WINDOW,SEC8K-0001102624-16-002144,0001002047,0001102624-16-002144,2016-02-17,2.05,UNMAPPED,https://www.sec.gov/Archives/edgar/data/1002047/000110262416002144/netapp8k.htm,d9f2b25874fdb353fe14f9344ec81f550482154bc4011512ad683d4e3fdde170,35098,,NO_CANDIDATE_FOUND,PENDING_SOURCE_REVIEW
IDENTITY-0000105770-16-000057,P1_TEN_YEAR_WINDOW,SEC8K-0000105770-16-000057,0000105770,0000105770-16-000057,2016-02-18,2.05,UNMAPPED,https://www.sec.gov/Archives/edgar/data/105770/000010577016000057/wst-q42015form8k.htm,41d700a52a14ee911c1520df9e3cd1a0599d8317a517a9fe5e35cc7ae2a3c15d,40938,,NO_CANDIDATE_FOUND,PENDING_SOURCE_REVIEW
IDENTITY-0001104659-16-100035,P1_TEN_YEAR_WINDOW,SEC8K-0001104659-16-100035,0001144519,0001104659-16-100035,2016-02-25,4.02,UNMAPPED,https://www.sec.gov/Archives/edgar/data/1144519/000110465916100035/a16-5165_18k.htm,abffb8bb1ec9e3ee1a7a5c1cf7438e158a970295fdf6dc556c0f67f630706906,51891,,NO_CANDIDATE_FOUND,PENDING_SOURCE_REVIEW
IDENTITY-0001157523-16-004904,P1_TEN_YEAR_WINDOW,SEC8K-0001157523-16-004904,0000021665,0001157523-16-004904,2016-03-10,2.05,UNMAPPED,https://www.sec.gov/Archives/edgar/data/21665/000115752316004904/a51298376.htm,e9a798ec95fe6f0750cb9f7f22f8a65f88a552630e697303950cdd61602c47fe,20824,,NO_CANDIDATE_FOUND,PENDING_SOURCE_REVIEW
IDENTITY-0000093751-16-000566,P1_TEN_YEAR_WINDOW,SEC8K-0000093751-16-000566,0000093751,0000093751-16-000566,2016-03-15,2.05,UNMAPPED,https://www.sec.gov/Archives/edgar/data/93751/000009375116000566/form8-ka.htm,080984d9038a09bccbb4f5e02969455648a9f0dc9ce9aad9487cd13c152f8ed1,47822,,NO_CANDIDATE_FOUND,PENDING_SOURCE_REVIEW
IDENTITY-0001193125-16-509495,P1_TEN_YEAR_WINDOW,SEC8K-0001193125-16-509495,0000927653,0001193125-16-509495,2016-03-18,2.05,UNMAPPED,https://www.sec.gov/Archives/edgar/data/927653/000119312516509495/d167490d8k.htm,1891e0c550ba8774a1fc7f3caae1f7a1d08859d7138641402c082c3e1c8aab3e,13753,,NO_CANDIDATE_FOUND,PENDING_SOURCE_REVIEW
IDENTITY-0001193125-16-528737,P1_TEN_YEAR_WINDOW,SEC8K-0001193125-16-528737,0000002969,0001193125-16-528737,2016-04-04,2.05,UNMAPPED,https://www.sec.gov/Archives/edgar/data/2969/000119312516528737/d14261d8k.htm,f051e9d289ec4a1d0ce2e08228a5539ba601479d0e30aa6cb7c01817c19a4485,17132,,NO_CANDIDATE_FOUND,PENDING_SOURCE_REVIEW
IDENTITY-0001193125-16-530699,P1_TEN_YEAR_WINDOW,SEC8K-0001193125-16-530699,0001109357,0001193125-16-530699,2016-04-05,2.06,UNMAPPED,https://www.sec.gov/Archives/edgar/data/1109357/000119312516530699/d171533d8k.htm,93f135e5dd4a8eacebaa3282738e48582d6f6ba5182fef3c7030fd1306d6d249,14667,,NO_CANDIDATE_FOUND,PENDING_SOURCE_REVIEW
IDENTITY-0000050863-16-000122,P1_TEN_YEAR_WINDOW,SEC8K-0000050863-16-000122,0000050863,0000050863-16-000122,2016-04-19,2.05,UNMAPPED,https://www.sec.gov/Archives/edgar/data/50863/000005086316000122/aform8-kq12016.htm,9b94a04de60184f207e6b979413eb8a7e67f6e1a80f02053ea0c5bbcb42e39f6,38017,,NO_CANDIDATE_FOUND,PENDING_SOURCE_REVIEW
IDENTITY-0001157523-16-005214,P1_TEN_YEAR_WINDOW,SEC8K-0001157523-16-005214,0001116132,0001157523-16-005214,2016-04-26,2.05,UNMAPPED,https://www.sec.gov/Archives/edgar/data/1116132/000115752316005214/a51328032.htm,f473bed1db47c8f6fabc439159646551fedd3e0df952cbe1a7331d93dd8674f7,30044,,NO_CANDIDATE_FOUND,PENDING_SOURCE_REVIEW
IDENTITY-0001104659-16-116915,P1_TEN_YEAR_WINDOW,SEC8K-0001104659-16-116915,0001001250,0001104659-16-116915,2016-05-03,2.05,UNMAPPED,https://www.sec.gov/Archives/edgar/data/1001250/000110465916116915/a16-10329_18k.htm,a61987a48b13be0dc47e37737babdce7f6846e43a5e29b198be49b98b8119ae6,27122,,NO_CANDIDATE_FOUND,PENDING_SOURCE_REVIEW
IDENTITY-0000045012-16-000295,P1_TEN_YEAR_WINDOW,SEC8K-0000045012-16-000295,0000045012,0000045012-16-000295,2016-05-04,2.04,UNMAPPED,https://www.sec.gov/Archives/edgar/data/45012/000004501216000295/hal_8kterminationagreement.htm,00aa417484994fc2d051beec9dd8c2b9e701d4185d1a53527a4363077b585644,21651,,NO_CANDIDATE_FOUND,PENDING_SOURCE_REVIEW
IDENTITY-0001437107-16-000068,P1_TEN_YEAR_WINDOW,SEC8K-0001437107-16-000068,0001437107,0001437107-16-000068,2016-05-04,2.05,UNMAPPED,https://www.sec.gov/Archives/edgar/data/1437107/000143710716000068/a8-k20160504.htm,af2d78792053f376edd42544628d5a23ccfedec08e8cbb8bd0b48eeffb832d21,39378,,NO_CANDIDATE_FOUND,PENDING_SOURCE_REVIEW
IDENTITY-0001157523-16-005590,P1_TEN_YEAR_WINDOW,SEC8K-0001157523-16-005590,0000849399,0001157523-16-005590,2016-05-12,2.05,UNMAPPED,https://www.sec.gov/Archives/edgar/data/849399/000115752316005590/a51339694.htm,53b4bc711d7714f379256eb5127ce880c025bd2df417c813aad214c458b9c6ab,34280,,NO_CANDIDATE_FOUND,PENDING_SOURCE_REVIEW
IDENTITY-0001104659-16-122983,P1_TEN_YEAR_WINDOW,SEC8K-0001104659-16-122983,0001001250,0001104659-16-122983,2016-05-24,2.05,UNMAPPED,https://www.sec.gov/Archives/edgar/data/1001250/000110465916122983/a16-12118_18ka.htm,53f4db8894242f2d1cba389bb0a0d888a65be32ebdb0afa9ca67ab3f63942fea,50675,,NO_CANDIDATE_FOUND,PENDING_SOURCE_REVIEW
IDENTITY-0001193125-16-610539,P1_TEN_YEAR_WINDOW,SEC8K-0001193125-16-610539,0001109357,0001193125-16-610539,2016-06-02,2.05,UNMAPPED,https://www.sec.gov/Archives/edgar/data/1109357/000119312516610539/d366527d8k.htm,7f27650c4478fd1aedb2aaeb8cc5ddc07750582bf77a548e5fb6cd3b019de18e,30900,,NO_CANDIDATE_FOUND,PENDING_SOURCE_REVIEW
IDENTITY-0000950142-16-003884,P1_TEN_YEAR_WINDOW,SEC8K-0000950142-16-003884,0001037038,0000950142-16-003884,2016-06-07,2.05,UNMAPPED,https://www.sec.gov/Archives/edgar/data/1037038/000095014216003884/eh1600696_8k.htm,49ce17993bd4892d5b89f6cefc9658c39e491ab168857aac9f909aa9abaadccb,29309,,NO_CANDIDATE_FOUND,PENDING_SOURCE_REVIEW
IDENTITY-0000885725-16-000037,P1_TEN_YEAR_WINDOW,SEC8K-0000885725-16-000037,0000885725,0000885725-16-000037,2016-06-09,2.05,UNMAPPED,https://www.sec.gov/Archives/edgar/data/885725/000088572516000037/a2016restructuringprogramf.htm,f6cba583a1e8050cc180b995eaae3cf7edb3c6ec6f35842ecdd7651bc62e5bd9,76502,,NO_CANDIDATE_FOUND,PENDING_SOURCE_REVIEW
IDENTITY-0001193125-16-617925,P1_TEN_YEAR_WINDOW,SEC8K-0001193125-16-617925,0001109357,0001193125-16-617925,2016-06-09,2.06,UNMAPPED,https://www.sec.gov/Archives/edgar/data/1109357/000119312516617925/d208875d8k.htm,c23b751c459083e75f9d99be11037bdec8b46725d9345313ff0cf0165eb8c873,17705,,NO_CANDIDATE_FOUND,PENDING_SOURCE_REVIEW
IDENTITY-0001104659-16-127348,P1_TEN_YEAR_WINDOW,SEC8K-0001104659-16-127348,0001001250,0001104659-16-127348,2016-06-15,2.05,UNMAPPED,https://www.sec.gov/Archives/edgar/data/1001250/000110465916127348/a16-13387_18ka.htm,8ac8c72e4757404f45bc6b7b3dc20575838b0dbb9add50f39682a7579a99feb9,70139,,NO_CANDIDATE_FOUND,PENDING_SOURCE_REVIEW
IDENTITY-0001104659-16-130122,P1_TEN_YEAR_WINDOW,SEC8K-0001104659-16-130122,0001137789,0001104659-16-130122,2016-06-29,2.05,UNMAPPED,https://www.sec.gov/Archives/edgar/data/1137789/000110465916130122/a16-13969_18k.htm,14234b4d1902983cbd5f92dbafa98dc78a33cb32dcce4d0c61bbf9e373829374,25311,,NO_CANDIDATE_FOUND,PENDING_SOURCE_REVIEW
IDENTITY-0000723125-16-000198,P1_TEN_YEAR_WINDOW,SEC8K-0000723125-16-000198,0000723125,0000723125-16-000198,2016-06-30,2.05,UNMAPPED,https://www.sec.gov/Archives/edgar/data/723125/000072312516000198/a2016q38-kearningsrelease.htm,4907f6f34c1f9996273dbb33ee7bd0e1efa3026217dea18f7e63f28f948b4d96,39896,,NO_CANDIDATE_FOUND,PENDING_SOURCE_REVIEW
IDENTITY-0001274494-16-000082,P1_TEN_YEAR_WINDOW,SEC8K-0001274494-16-000082,0001274494,0001274494-16-000082,2016-07-05,2.05|2.06,UNMAPPED,https://www.sec.gov/Archives/edgar/data/1274494/000127449416000082/a8-ktetrasunoperations.htm,03f3f6840a2bef92a97b88bb81feaec79c49be73ab8ed3b9a0cac43f1e694b30,22180,,NO_CANDIDATE_FOUND,PENDING_SOURCE_REVIEW
IDENTITY-0001104659-16-131996,P1_TEN_YEAR_WINDOW,SEC8K-0001104659-16-131996,0001137789,0001104659-16-131996,2016-07-11,2.05,UNMAPPED,https://www.sec.gov/Archives/edgar/data/1137789/000110465916131996/a16-14729_18k.htm,b7296e4837a4f542ca7449cb1f70d9a3e4110df4fb72cf40c05306fe03b5b4ba,28884,,NO_CANDIDATE_FOUND,PENDING_SOURCE_REVIEW
IDENTITY-0001299933-16-002755,P1_TEN_YEAR_WINDOW,SEC8K-0001299933-16-002755,0000040704,0001299933-16-002755,2016-07-21,2.05,UNMAPPED,https://www.sec.gov/Archives/edgar/data/40704/000129993316002755/htm_53820.htm,044b4f7b4358b594d139c51b5bc8f5a5da05a2c2db424b7f3dff1e77e2aec296,10892,,NO_CANDIDATE_FOUND,PENDING_SOURCE_REVIEW
IDENTITY-0001031296-16-000095,P1_TEN_YEAR_WINDOW,SEC8K-0001031296-16-000095,0001031296,0001031296-16-000095,2016-07-22,2.05|2.06,UNMAPPED,https://www.sec.gov/Archives/edgar/data/1031296/000103129616000095/a8-kdated07192016.htm,0cd8de7a20e5aef04c0e0e2c08021d3f6712d95cf6f61bfec6a22fba629373a9,59948,,NO_CANDIDATE_FOUND,PENDING_SOURCE_REVIEW
IDENTITY-0001171843-16-011295,P1_TEN_YEAR_WINDOW,SEC8K-0001171843-16-011295,0000008670,0001171843-16-011295,2016-07-28,2.05,UNMAPPED,https://www.sec.gov/Archives/edgar/data/8670/000117184316011295/f8k_072816.htm,3e4dae829314cdae49fe27786dcb416b043ed0f7bda9df2b12b8ecedb02dbd1d,10100,,NO_CANDIDATE_FOUND,PENDING_SOURCE_REVIEW
IDENTITY-0001193125-16-684126,P1_TEN_YEAR_WINDOW,SEC8K-0001193125-16-684126,0000858877,0001193125-16-684126,2016-08-17,2.05,UNMAPPED,https://www.sec.gov/Archives/edgar/data/858877/000119312516684126/d410923d8k.htm,b368b79c358abbf890390938320fcec92d4717b0299b37220513f9c72ca74fe3,25589,,NO_CANDIDATE_FOUND,PENDING_SOURCE_REVIEW
IDENTITY-0001104659-16-142094,P1_TEN_YEAR_WINDOW,SEC8K-0001104659-16-142094,0000217346,0001104659-16-142094,2016-08-30,2.05|2.06,UNMAPPED,https://www.sec.gov/Archives/edgar/data/217346/000110465916142094/a16-17707_18k.htm,3be44393c101d1fd2a2f0a7818f91db1cc50e40aaa08d7b4f23ca4376fc6474c,19913,,NO_CANDIDATE_FOUND,PENDING_SOURCE_REVIEW
IDENTITY-0001521332-16-000119,P1_TEN_YEAR_WINDOW,SEC8K-0001521332-16-000119,0001521332,0001521332-16-000119,2016-08-31,2.04,UNMAPPED,https://www.sec.gov/Archives/edgar/data/1521332/000152133216000119/a8-k2023notesredemption.htm,ec72322ea6c556291acb1de31d7e7e017e52f3a276fdd7e623dbbd3e45a76b16,25242,,NO_CANDIDATE_FOUND,PENDING_SOURCE_REVIEW
IDENTITY-0001193125-16-707902,P1_TEN_YEAR_WINDOW,SEC8K-0001193125-16-707902,0000035527,0001193125-16-707902,2016-09-13,2.05|2.06,UNMAPPED,https://www.sec.gov/Archives/edgar/data/35527/000119312516707902/d249679d8k.htm,65624473d8e9343a92d38dbb6215d3977d6f638d23e96a0cde8aab71b4c74bd5,13967,,NO_CANDIDATE_FOUND,PENDING_SOURCE_REVIEW
IDENTITY-0001193125-16-713972,P1_TEN_YEAR_WINDOW,SEC8K-0001193125-16-713972,0000877212,0001193125-16-713972,2016-09-20,2.06,UNMAPPED,https://www.sec.gov/Archives/edgar/data/877212/000119312516713972/d262284d8k.htm,a9bab0824a88f8300ab198e4a0193f9633aa5b2657573f2731952bdbbae640cc,12227,,NO_CANDIDATE_FOUND,PENDING_SOURCE_REVIEW
IDENTITY-0001193125-16-715958,P1_TEN_YEAR_WINDOW,SEC8K-0001193125-16-715958,0000898293,0001193125-16-715958,2016-09-21,2.05,UNMAPPED,https://www.sec.gov/Archives/edgar/data/898293/000119312516715958/d248729d8k.htm,455b7ae8789a24bcd2cf6cc3b391d306501c68a0cfeb607042d8909c05fff595,17057,,NO_CANDIDATE_FOUND,PENDING_SOURCE_REVIEW
IDENTITY-0001193125-16-718442,P1_TEN_YEAR_WINDOW,SEC8K-0001193125-16-718442,0001097864,0001193125-16-718442,2016-09-23,2.05,UNMAPPED,https://www.sec.gov/Archives/edgar/data/1097864/000119312516718442/d174351d8k.htm,e0b9aff2b855d463485af4370f530d50ffdc60213f9c2267b477fe8abdefef45,12471,,NO_CANDIDATE_FOUND,PENDING_SOURCE_REVIEW
IDENTITY-0000086521-16-000132,P1_TEN_YEAR_WINDOW,SEC8K-0000086521-16-000132,0001032208,0000086521-16-000132,2016-09-30,2.06,UNMAPPED,https://www.sec.gov/Archives/edgar/data/1032208/000008652116000132/sre8k09292016.htm,85ee73ad51677bc5751f20bfd616b919b861b8385606e74b50ae256f4eadf13a,51303,,NO_CANDIDATE_FOUND,PENDING_SOURCE_REVIEW
IDENTITY-0001193125-16-731087,P1_TEN_YEAR_WINDOW,SEC8K-0001193125-16-731087,0000788784,0001193125-16-731087,2016-10-05,2.05|2.06,UNMAPPED,https://www.sec.gov/Archives/edgar/data/788784/000119312516731087/d253089d8k.htm,f1d2007588ea1cc082cad04d82d08cd37568e9564b2554b1d4cec4d1fcb306be,32883,,NO_CANDIDATE_FOUND,PENDING_SOURCE_REVIEW
IDENTITY-0001104659-16-149114,P1_TEN_YEAR_WINDOW,SEC8K-0001104659-16-149114,0000077476,0001104659-16-149114,2016-10-06,2.04,UNMAPPED,https://www.sec.gov/Archives/edgar/data/77476/000110465916149114/a16-18482_58k.htm,a50e49b6fc98858a9c2c0f1aa3a10321433763cf27ebcc48cc8876339f03b023,100106,,NO_CANDIDATE_FOUND,PENDING_SOURCE_REVIEW
IDENTITY-0001193125-16-731756,P1_TEN_YEAR_WINDOW,SEC8K-0001193125-16-731756,0000707549,0001193125-16-731756,2016-10-06,2.04,UNMAPPED,https://www.sec.gov/Archives/edgar/data/707549/000119312516731756/d271204d8k.htm,8cbd2f1279156bedaf5b2560f2ac2b2ab83d0aa9ca9dbb713cb7182e0920f69c,20883,,NO_CANDIDATE_FOUND,PENDING_SOURCE_REVIEW
IDENTITY-0001104659-16-150081,P1_TEN_YEAR_WINDOW,SEC8K-0001104659-16-150081,0000047217,0001104659-16-150081,2016-10-13,2.05,UNMAPPED,https://www.sec.gov/Archives/edgar/data/47217/000110465916150081/a16-19790_18k.htm,03aa62b88ccc401bd7c7c0c83eaf7e40900f33bd604028c63615bc7dfecc9d0d,41745,,NO_CANDIDATE_FOUND,PENDING_SOURCE_REVIEW
IDENTITY-0001326160-16-000401,P1_TEN_YEAR_WINDOW,SEC8K-0001326160-16-000401,0001326160,0001326160-16-000401,2016-10-13,2.05|2.06,UNMAPPED,https://www.sec.gov/Archives/edgar/data/1326160/000132616016000401/a10-12x16final8xk.htm,6544643d96d0eee623d9941a61dcf3aaacbc01ad815f7beea904ce51449f1533,47930,,NO_CANDIDATE_FOUND,PENDING_SOURCE_REVIEW
IDENTITY-0000875320-16-000098,P1_TEN_YEAR_WINDOW,SEC8K-0000875320-16-000098,0000875320,0000875320-16-000098,2016-10-17,2.04,UNMAPPED,https://www.sec.gov/Archives/edgar/data/875320/000087532016000098/a8-kbankofamericacreditagr.htm,f2f91aa08d5066336581cd37909e4e7d4b9cb2b95eec6793bd4c85bd59a31610,19740,,NO_CANDIDATE_FOUND,PENDING_SOURCE_REVIEW
IDENTITY-0001104659-16-151034,P1_TEN_YEAR_WINDOW,SEC8K-0001104659-16-151034,0000217346,0001104659-16-151034,2016-10-20,2.05|2.06,UNMAPPED,https://www.sec.gov/Archives/edgar/data/217346/000110465916151034/a16-20196_18k.htm,ae51aab80d1182c9eff6a3dd24cfa5c863168f09ca2817fe101cf5e1e436e92f,25997,,NO_CANDIDATE_FOUND,PENDING_SOURCE_REVIEW
IDENTITY-0001193125-16-755300,P1_TEN_YEAR_WINDOW,SEC8K-0001193125-16-755300,0000877212,0001193125-16-755300,2016-11-01,4.02,UNMAPPED,https://www.sec.gov/Archives/edgar/data/877212/000119312516755300/d284671d8k.htm,835a16409dfd14ad10c0732ec77cf0ad74f7a3d72a64bf59f989a2c2a1846971,19345,,NO_CANDIDATE_FOUND,PENDING_SOURCE_REVIEW
IDENTITY-0001193125-16-758809,P1_TEN_YEAR_WINDOW,SEC8K-0001193125-16-758809,0001002047,0001193125-16-758809,2016-11-03,2.05,UNMAPPED,https://www.sec.gov/Archives/edgar/data/1002047/000119312516758809/d286342d8k.htm,067dd6b1143e87bd87b03cd17791c6f696b1dfc0fd3d36103db4cf89214d9f71,13152,,NO_CANDIDATE_FOUND,PENDING_SOURCE_REVIEW
IDENTITY-0001274494-16-000103,P1_TEN_YEAR_WINDOW,SEC8K-0001274494-16-000103,0001274494,0001274494-16-000103,2016-11-16,2.05|2.06,UNMAPPED,https://www.sec.gov/Archives/edgar/data/1274494/000127449416000103/a8-kseries6andupdatedguida.htm,fbda44d65a80c8b1af9311ce337b42c054bf112634d1eb18d17ce0cf7c886276,24215,,NO_CANDIDATE_FOUND,PENDING_SOURCE_REVIEW
IDENTITY-0001299933-16-003269,P1_TEN_YEAR_WINDOW,SEC8K-0001299933-16-003269,0000040704,0001299933-16-003269,2016-12-05,2.05,UNMAPPED,https://www.sec.gov/Archives/edgar/data/40704/000129993316003269/htm_54337.htm,9163d23cc5728641228cbdbc7967bddd5be5431db11db532b4b39c044fd393a5,9045,,NO_CANDIDATE_FOUND,PENDING_SOURCE_REVIEW
IDENTITY-0001193125-16-785958,P1_TEN_YEAR_WINDOW,SEC8K-0001193125-16-785958,0000087347,0001193125-16-785958,2016-12-06,2.06,UNMAPPED,https://www.sec.gov/Archives/edgar/data/87347/000119312516785958/d287232d8k.htm,dc53cd49e38a3a8b8079155803170a980873dd8c1e497139c5b2b399b4239bc9,14786,,NO_CANDIDATE_FOUND,PENDING_SOURCE_REVIEW
IDENTITY-0000065984-16-000736,P1_TEN_YEAR_WINDOW,SEC8K-0000065984-16-000736,0000065984,0000065984-16-000736,2016-12-08,2.06,UNMAPPED,https://www.sec.gov/Archives/edgar/data/65984/000006598416000736/a11016.htm,e105055019758388757467ba6418322d7db817f779baf4676cc4122c3789ec06,22704,,NO_CANDIDATE_FOUND,PENDING_SOURCE_REVIEW
IDENTITY-0000079879-16-000121,P1_TEN_YEAR_WINDOW,SEC8K-0000079879-16-000121,0000079879,0000079879-16-000121,2016-12-09,2.05,UNMAPPED,https://www.sec.gov/Archives/edgar/data/79879/000007987916000121/form8-kdecemberboardapprov.htm,11df385d958c989e0e96f60d6ef6876883c2585f3da58956b2a01aeeb917286b,35316,,NO_CANDIDATE_FOUND,PENDING_SOURCE_REVIEW
IDENTITY-0001193125-16-792063,P1_TEN_YEAR_WINDOW,SEC8K-0001193125-16-792063,0001109357,0001193125-16-792063,2016-12-13,2.05,UNMAPPED,https://www.sec.gov/Archives/edgar/data/1109357/000119312516792063/d314655d8k.htm,e05eeb909b2fa7bc61a58d67812edfd46330e70e03e982f0490b995678fbb4e5,31670,,NO_CANDIDATE_FOUND,PENDING_SOURCE_REVIEW
IDENTITY-0001558370-16-010540,P1_TEN_YEAR_WINDOW,SEC8K-0001558370-16-010540,0001164727,0001558370-16-010540,2016-12-13,2.06,UNMAPPED,https://www.sec.gov/Archives/edgar/data/1164727/000155837016010540/nem-20161207x8k.htm,4fb9697b6e0e90a3e91fe862321e9f2f90968b037a1bbce9af3bfbb67b424e6f,27571,,NO_CANDIDATE_FOUND,PENDING_SOURCE_REVIEW
IDENTITY-0000065984-17-000002,P1_TEN_YEAR_WINDOW,SEC8K-0000065984-17-000002,0000065984,0000065984-17-000002,2017-01-09,2.05,UNMAPPED,https://www.sec.gov/Archives/edgar/data/65984/000006598417000002/a00117.htm,2356ddbc522c2e90407d280e8620ac11a4366c4a2d279d4c77047ea74e0fc8c4,28220,,NO_CANDIDATE_FOUND,PENDING_SOURCE_REVIEW
IDENTITY-0001031296-17-000006,P1_TEN_YEAR_WINDOW,SEC8K-0001031296-17-000006,0001031296,0001031296-17-000006,2017-01-19,2.05|2.06,UNMAPPED,https://www.sec.gov/Archives/edgar/data/1031296/000103129617000006/a8-kdated01192017.htm,9e4e1e93dea9096cc3e10db810ef6c95a8a37015c825c5de483a500a634cfc1e,55463,,NO_CANDIDATE_FOUND,PENDING_SOURCE_REVIEW
IDENTITY-0001193125-17-024491,P1_TEN_YEAR_WINDOW,SEC8K-0001193125-17-024491,0001120193,0001193125-17-024491,2017-01-31,2.06,UNMAPPED,https://www.sec.gov/Archives/edgar/data/1120193/000119312517024491/d338945d8k.htm,ae56f8829d242b19d63e4b840ccefc96a4b6e0913eb25eff372b7ab9e9d4980f,18554,,NO_CANDIDATE_FOUND,PENDING_SOURCE_REVIEW
IDENTITY-0001628280-17-000641,P1_TEN_YEAR_WINDOW,SEC8K-0001628280-17-000641,0000048898,0001628280-17-000641,2017-01-31,2.05,UNMAPPED,https://www.sec.gov/Archives/edgar/data/48898/000162828017000641/form8-k_013117.htm,131f476b68741cf6b2701386df2b022eeefc55bf1c6d6028f1302662cf34c4ff,32454,,NO_CANDIDATE_FOUND,PENDING_SOURCE_REVIEW
IDENTITY-0000202058-17-000006,P1_TEN_YEAR_WINDOW,SEC8K-0000202058-17-000006,0000202058,0000202058-17-000006,2017-02-01,2.05|2.06,UNMAPPED,https://www.sec.gov/Archives/edgar/data/202058/000020205817000006/fy178-kprojectmagnoliasale.htm,4b9e636eb1e4278d958bf7e5b2b2ac002a6c6df7191862c5268427c7bdfa7428,56408,,NO_CANDIDATE_FOUND,PENDING_SOURCE_REVIEW
IDENTITY-0001157523-17-000513,P1_TEN_YEAR_WINDOW,SEC8K-0001157523-17-000513,0000051253,0001157523-17-000513,2017-02-15,2.05,UNMAPPED,https://www.sec.gov/Archives/edgar/data/51253/000115752317000513/a51511037.htm,1ff083e21623a5a6c870b17ed5486ba5afbeaddb52f1ca71999e61d554f4ba54,21022,,NO_CANDIDATE_FOUND,PENDING_SOURCE_REVIEW
IDENTITY-0001104659-17-010115,P1_TEN_YEAR_WINDOW,SEC8K-0001104659-17-010115,0001001250,0001104659-17-010115,2017-02-17,2.05,UNMAPPED,https://www.sec.gov/Archives/edgar/data/1001250/000110465917010115/a17-4646_18ka.htm,5241f6909a09217c973117adc0d160907f7eb4543f988b4e328684ad96dec4c7,71823,,NO_CANDIDATE_FOUND,PENDING_SOURCE_REVIEW
IDENTITY-0001628280-17-001659,P1_TEN_YEAR_WINDOW,SEC8K-0001628280-17-001659,0000310158,0001628280-17-001659,2017-02-23,2.06,UNMAPPED,https://www.sec.gov/Archives/edgar/data/310158/000162828017001659/a8-k2017_2x23item206xmater.htm,475cad9713f641bef2da69db7b247223cf326240e1eb5c5feeceaaefc0d4592e,27140,,NO_CANDIDATE_FOUND,PENDING_SOURCE_REVIEW
IDENTITY-0001193125-17-059310,P1_TEN_YEAR_WINDOW,SEC8K-0001193125-17-059310,0000277948,0001193125-17-059310,2017-02-27,2.05,UNMAPPED,https://www.sec.gov/Archives/edgar/data/277948/000119312517059310/d356673d8k.htm,3b343931ac7ae8fc451bb52683d92f118380fece21a405f2e434f8d272a76697,33716,,NO_CANDIDATE_FOUND,PENDING_SOURCE_REVIEW
IDENTITY-0000047111-17-000015,P1_TEN_YEAR_WINDOW,SEC8K-0000047111-17-000015,0000047111,0000047111-17-000015,2017-02-28,2.05,UNMAPPED,https://www.sec.gov/Archives/edgar/data/47111/000004711117000015/a8-k_02222017.htm,dc7c03c139785648520bf24ee3cffca12f357748400dfffef200977bf3aa0420,48164,,NO_CANDIDATE_FOUND,PENDING_SOURCE_REVIEW
IDENTITY-0001467858-17-000060,P1_TEN_YEAR_WINDOW,SEC8K-0001467858-17-000060,0001467858,0001467858-17-000060,2017-03-06,2.05,UNMAPPED,https://www.sec.gov/Archives/edgar/data/1467858/000146785817000060/a20170306form8k.htm,872bae1e34252754c7114595ffd4d28d47c296fc748e510cf5eb71aed65b9541,40803,,NO_CANDIDATE_FOUND,PENDING_SOURCE_REVIEW
IDENTITY-0001193125-17-077510,P1_TEN_YEAR_WINDOW,SEC8K-0001193125-17-077510,0001137789,0001193125-17-077510,2017-03-10,2.05,UNMAPPED,https://www.sec.gov/Archives/edgar/data/1137789/000119312517077510/d139153d8k.htm,5333941d4aeaa162101c7a6928407b40c6990f66852f45ef85ea0ccba9c87b77,16814,,NO_CANDIDATE_FOUND,PENDING_SOURCE_REVIEW
IDENTITY-0001193125-17-083635,P1_TEN_YEAR_WINDOW,SEC8K-0001193125-17-083635,0000898293,0001193125-17-083635,2017-03-15,2.05,UNMAPPED,https://www.sec.gov/Archives/edgar/data/898293/000119312517083635/d360218d8ka.htm,e7ad3b51177792702cecda0ba00462719ade9d8d54527524d9b75de5490dd4bf,17113,,NO_CANDIDATE_FOUND,PENDING_SOURCE_REVIEW
IDENTITY-0000950142-17-000715,P1_TEN_YEAR_WINDOW,SEC8K-0000950142-17-000715,0001037038,0000950142-17-000715,2017-04-04,2.05,UNMAPPED,https://www.sec.gov/Archives/edgar/data/1037038/000095014217000715/eh1700480_8k.htm,88833dfa4a5fad75086fbf02ae15ddb50410b33739d15fb5545dda6aafdf3b06,26843,,NO_CANDIDATE_FOUND,PENDING_SOURCE_REVIEW
IDENTITY-0001381197-17-000009,P1_TEN_YEAR_WINDOW,SEC8K-0001381197-17-000009,0001381197,0001381197-17-000009,2017-04-18,2.05,UNMAPPED,https://www.sec.gov/Archives/edgar/data/1381197/000138119717000009/ibkr_8k-20170418.htm,c0eb0de6fd01919f72ab85e06e83832990ec5a76296a9daf3367e323e8d8da62,31797,,NO_CANDIDATE_FOUND,PENDING_SOURCE_REVIEW
IDENTITY-0000920148-17-000040,P1_TEN_YEAR_WINDOW,SEC8K-0000920148-17-000040,0000920148,0000920148-17-000040,2017-04-25,2.05,UNMAPPED,https://www.sec.gov/Archives/edgar/data/920148/000092014817000040/form8-kpr42517.htm,f3976d4edb37c2afe1b668dbc5a0050efd7fef6ad264aedacb1b87ffd9e1d78e,23884,,NO_CANDIDATE_FOUND,PENDING_SOURCE_REVIEW
IDENTITY-0000822416-17-000027,P1_TEN_YEAR_WINDOW,SEC8K-0000822416-17-000027,0000822416,0000822416-17-000027,2017-05-08,2.06,UNMAPPED,https://www.sec.gov/Archives/edgar/data/822416/000082241617000027/a8klong-livedassets.htm,6f746aab677ac7db581825fde9e063b2b0a597a4ad7be83bd9845140b9c4d0e3,30101,,NO_CANDIDATE_FOUND,PENDING_SOURCE_REVIEW
IDENTITY-0001628280-17-006007,P1_TEN_YEAR_WINDOW,SEC8K-0001628280-17-006007,0001109357,0001628280-17-006007,2017-05-30,2.05,UNMAPPED,https://www.sec.gov/Archives/edgar/data/1109357/000162828017006007/exc201705308k.htm,427df6202f314be267f9a9853fde025aac538710e18da094c425e206b38279da,78702,,NO_CANDIDATE_FOUND,PENDING_SOURCE_REVIEW
IDENTITY-0000106535-17-000025,P1_TEN_YEAR_WINDOW,SEC8K-0000106535-17-000025,0000106535,0000106535-17-000025,2017-06-05,2.06,UNMAPPED,https://www.sec.gov/Archives/edgar/data/106535/000010653517000025/wy65178kmaterialimpairment.htm,13599c6b889138497ab7254bca483240241429e21943b68749fcc3989dca0ee5,41596,,NO_CANDIDATE_FOUND,PENDING_SOURCE_REVIEW
IDENTITY-0001104659-17-038953,P1_TEN_YEAR_WINDOW,SEC8K-0001104659-17-038953,0001001250,0001104659-17-038953,2017-06-13,2.05,UNMAPPED,https://www.sec.gov/Archives/edgar/data/1001250/000110465917038953/a17-15154_18ka.htm,f57f5633ad7bba14f4cfaaf5cabdbe31694a28e8b410ea64009c29737591a6ec,72976,,NO_CANDIDATE_FOUND,PENDING_SOURCE_REVIEW
IDENTITY-0001104659-17-039161,P1_TEN_YEAR_WINDOW,SEC8K-0001104659-17-039161,0001013871,0001104659-17-039161,2017-06-14,2.04,UNMAPPED,https://www.sec.gov/Archives/edgar/data/1013871/000110465917039161/a17-14582_48k.htm,2cdec8eab99ff1727df264afb6001d5e928d6af4361a0eea9094554e783793d6,66215,,NO_CANDIDATE_FOUND,PENDING_SOURCE_REVIEW
IDENTITY-0001104659-17-042332,P1_TEN_YEAR_WINDOW,SEC8K-0001104659-17-042332,0001163165,0001104659-17-042332,2017-06-29,2.06,UNMAPPED,https://www.sec.gov/Archives/edgar/data/1163165/000110465917042332/a17-15887_18k.htm,60789f38c03785a4d3a0e0042d72e83281b9af819033e6b978566773e4a62c00,26531,,NO_CANDIDATE_FOUND,PENDING_SOURCE_REVIEW
IDENTITY-0001013871-17-000015,P1_TEN_YEAR_WINDOW,SEC8K-0001013871-17-000015,0001013871,0001013871-17-000015,2017-07-13,2.05,UNMAPPED,https://www.sec.gov/Archives/edgar/data/1013871/000101387117000015/nrg8-k205july17.htm,8607f5cbaccd129ad8dfbe6c6b06fc4c52e681a8d9df2b212a24540a5f1fc3f2,22472,,NO_CANDIDATE_FOUND,PENDING_SOURCE_REVIEW
IDENTITY-0001193125-17-234418,P1_TEN_YEAR_WINDOW,SEC8K-0001193125-17-234418,0001286681,0001193125-17-234418,2017-07-25,2.04,UNMAPPED,https://www.sec.gov/Archives/edgar/data/1286681/000119312517234418/d428320d8k.htm,634198df0dd8ec5bbc30e5b87ab7698df08d1e329818edbcb040320b40430e84,47788,,NO_CANDIDATE_FOUND,PENDING_SOURCE_REVIEW
IDENTITY-0001193125-17-234440,P1_TEN_YEAR_WINDOW,SEC8K-0001193125-17-234440,0001137789,0001193125-17-234440,2017-07-25,2.05,UNMAPPED,https://www.sec.gov/Archives/edgar/data/1137789/000119312517234440/d431036d8k.htm,1084749beeeb14c5d11a121d75e10a6e7db5231199153b975fa645a27107ca5c,31233,,NO_CANDIDATE_FOUND,PENDING_SOURCE_REVIEW
IDENTITY-0000009389-17-000026,P1_TEN_YEAR_WINDOW,SEC8K-0000009389-17-000026,0000009389,0000009389-17-000026,2017-07-27,2.05,UNMAPPED,https://www.sec.gov/Archives/edgar/data/9389/000000938917000026/8_k.htm,2cfccb394441f50f11b46cd3aa5ab1f71c149236934fcf4ba2b0d113ff0065cb,16180,,NO_CANDIDATE_FOUND,PENDING_SOURCE_REVIEW
IDENTITY-0001193125-17-246965,P1_TEN_YEAR_WINDOW,SEC8K-0001193125-17-246965,0000048898,0001193125-17-246965,2017-08-03,2.04,UNMAPPED,https://www.sec.gov/Archives/edgar/data/48898/000119312517246965/d433279d8k.htm,5ce0e081c9a6fc3dc56366b041ca79b6ed023ee91fc71657a6d057b23fa9f201,35074,,NO_CANDIDATE_FOUND,PENDING_SOURCE_REVIEW
IDENTITY-0000100885-17-000187,P1_TEN_YEAR_WINDOW,SEC8K-0000100885-17-000187,0000100885,0000100885-17-000187,2017-08-16,2.05,UNMAPPED,https://www.sec.gov/Archives/edgar/data/100885/000010088517000187/unp-20170816x8k.htm,fd25682f3777551b4c462231cfac12827bd26ea43ea90292ceeaab05ac8df472,45787,,NO_CANDIDATE_FOUND,PENDING_SOURCE_REVIEW
IDENTITY-0001193125-17-263644,P1_TEN_YEAR_WINDOW,SEC8K-0001193125-17-263644,0000075677,0001193125-17-263644,2017-08-21,2.05|2.06,UNMAPPED,https://www.sec.gov/Archives/edgar/data/75677/000119312517263644/d442358d8k.htm,578faedd2906b0981cb03163d984d604740d89b3a6283a730a3378255917dc4d,15210,,NO_CANDIDATE_FOUND,PENDING_SOURCE_REVIEW
IDENTITY-0001104659-17-054184,P1_TEN_YEAR_WINDOW,SEC8K-0001104659-17-054184,0001326160,0001104659-17-054184,2017-08-29,2.06,UNMAPPED,https://www.sec.gov/Archives/edgar/data/1326160/000110465917054184/a17-21080_18k.htm,9659c967b32987170eeb7d251baeeb74ebcab93974e6a43b3e531b0e1048140d,31675,,NO_CANDIDATE_FOUND,PENDING_SOURCE_REVIEW
IDENTITY-0000009389-17-000034,P1_TEN_YEAR_WINDOW,SEC8K-0000009389-17-000034,0000009389,0000009389-17-000034,2017-09-01,2.05,UNMAPPED,https://www.sec.gov/Archives/edgar/data/9389/000000938917000034/8_k.htm,8245278cf4adae51c18f81244a64f6e3b619155bedaaadc683cb3c5745f25c27,20626,,NO_CANDIDATE_FOUND,PENDING_SOURCE_REVIEW
IDENTITY-0001193125-17-281776,P1_TEN_YEAR_WINDOW,SEC8K-0001193125-17-281776,0001403161,0001193125-17-281776,2017-09-11,2.04,UNMAPPED,https://www.sec.gov/Archives/edgar/data/1403161/000119312517281776/d456880d8k.htm,f54e22f391ff6ceceaebbdaddfaaad2cdb20a062821e38131bcd70c295328fae,30734,,NO_CANDIDATE_FOUND,PENDING_SOURCE_REVIEW
IDENTITY-0000721371-17-000128,P1_TEN_YEAR_WINDOW,SEC8K-0000721371-17-000128,0000721371,0000721371-17-000128,2017-10-04,2.05,UNMAPPED,https://www.sec.gov/Archives/edgar/data/721371/000072137117000128/projectacelaform8-k.htm,68db90961d309e110dcffb2500c12751f6b6cf1d95d57e4ad04d4d7324b55731,29465,,NO_CANDIDATE_FOUND,PENDING_SOURCE_REVIEW
IDENTITY-0000875320-17-000054,P1_TEN_YEAR_WINDOW,SEC8K-0000875320-17-000054,0000875320,0000875320-17-000054,2017-10-25,2.06,UNMAPPED,https://www.sec.gov/Archives/edgar/data/875320/000087532017000054/a8-kq32017.htm,2fde68c65c5234ebef1da11091b536edffb4a0bd0fa73886f14cee77e69416e9,22050,,NO_CANDIDATE_FOUND,PENDING_SOURCE_REVIEW
IDENTITY-0001157523-17-002846,P1_TEN_YEAR_WINDOW,SEC8K-0001157523-17-002846,0000021665,0001157523-17-002846,2017-10-27,2.05,UNMAPPED,https://www.sec.gov/Archives/edgar/data/21665/000115752317002846/a51705905.htm,5a4600486ce5c5a8fd2c469ede7aef5bc8e8d6d702b56d4c42ba48e19abe90e0,23012,,NO_CANDIDATE_FOUND,PENDING_SOURCE_REVIEW
IDENTITY-0001666700-17-000022,P1_TEN_YEAR_WINDOW,SEC8K-0001666700-17-000022,0001666700,0001666700-17-000022,2017-11-02,2.05,UNMAPPED,https://www.sec.gov/Archives/edgar/data/1666700/000166670017000022/dwdprestructuring3q17.htm,fd28ab6f30d6740868898e7072bc910147ec112e154ab993f1e006862d3a2373,28296,,NO_CANDIDATE_FOUND,PENDING_SOURCE_REVIEW
IDENTITY-0001104659-17-069963,P1_TEN_YEAR_WINDOW,SEC8K-0001104659-17-069963,0001001250,0001104659-17-069963,2017-11-21,2.05,UNMAPPED,https://www.sec.gov/Archives/edgar/data/1001250/000110465917069963/a17-27204_28ka.htm,5361cac6201c6ac46609cab154324e19e36d04d11d48a6d8249c06cd0731d4f3,77177,,NO_CANDIDATE_FOUND,PENDING_SOURCE_REVIEW
IDENTITY-0000769397-17-000054,P1_TEN_YEAR_WINDOW,SEC8K-0000769397-17-000054,0000769397,0000769397-17-000054,2017-11-28,2.05,UNMAPPED,https://www.sec.gov/Archives/edgar/data/769397/000076939717000054/q3188-kcover.htm,3cb3842ce0080d335ce0b4a256f56732ccd24adda5c5b1fdb11e6386e7404d7f,45995,,NO_CANDIDATE_FOUND,PENDING_SOURCE_REVIEW
IDENTITY-0001193125-17-355694,P1_TEN_YEAR_WINDOW,SEC8K-0001193125-17-355694,0000049071,0001193125-17-355694,2017-11-29,2.04,UNMAPPED,https://www.sec.gov/Archives/edgar/data/49071/000119312517355694/d502586d8k.htm,ef91776b315003aae444c3bad087c8928489250368889bd9e07b5b3fbf44c6b6,21378,,NO_CANDIDATE_FOUND,PENDING_SOURCE_REVIEW
IDENTITY-0001137789-17-000101,P1_TEN_YEAR_WINDOW,SEC8K-0001137789-17-000101,0001137789,0001137789-17-000101,2017-12-11,2.05,UNMAPPED,https://www.sec.gov/Archives/edgar/data/1137789/000113778917000101/q218restructuring8-k.htm,e9119b6af2eadfa9952b4a5bf21cb99f240b7b52cfdec9e9f78a947ebe441a3c,27755,,NO_CANDIDATE_FOUND,PENDING_SOURCE_REVIEW
IDENTITY-0001628280-17-012399,P1_TEN_YEAR_WINDOW,SEC8K-0001628280-17-012399,0001109357,0001628280-17-012399,2017-12-18,2.06,UNMAPPED,https://www.sec.gov/Archives/edgar/data/1109357/000162828017012399/exc201712138k.htm,9dd6d86ead773c11204e23e1e1365acd758f3ce8c4c7b7af5c61e05a156208ce,95495,,NO_CANDIDATE_FOUND,PENDING_SOURCE_REVIEW
IDENTITY-0001104659-18-000985,P1_TEN_YEAR_WINDOW,SEC8K-0001104659-18-000985,0000217346,0001104659-18-000985,2018-01-05,2.05|2.06,UNMAPPED,https://www.sec.gov/Archives/edgar/data/217346/000110465918000985/a18-2325_18k.htm,025e7cba4ffa91886f608c9eb31573076ec6342d0803f7a91f367d642b04b968,23971,,NO_CANDIDATE_FOUND,PENDING_SOURCE_REVIEW
IDENTITY-0001628280-18-000148,P1_TEN_YEAR_WINDOW,SEC8K-0001628280-18-000148,0000765880,0001628280-18-000148,2018-01-05,2.06,UNMAPPED,https://www.sec.gov/Archives/edgar/data/765880/000162828018000148/a010518form8-kcurrentrepor.htm,ce7cb0d3044801c26cc7b00bb6fff7d519c806c5a671cbc057fa2a91cec83124,33131,,NO_CANDIDATE_FOUND,PENDING_SOURCE_REVIEW
IDENTITY-0001613103-18-000002,P1_TEN_YEAR_WINDOW,SEC8K-0001613103-18-000002,0001613103,0001613103-18-000002,2018-01-08,2.05,UNMAPPED,https://www.sec.gov/Archives/edgar/data/1613103/000161310318000002/january20188-k.htm,5c78c392e2b1d48246feee40a92d4f3264316699fa57c7ce6a3a9e30d914ef16,35093,,NO_CANDIDATE_FOUND,PENDING_SOURCE_REVIEW
IDENTITY-0001104659-18-004007,P1_TEN_YEAR_WINDOW,SEC8K-0001104659-18-004007,0000866374,0001104659-18-004007,2018-01-25,2.05,UNMAPPED,https://www.sec.gov/Archives/edgar/data/866374/000110465918004007/a18-3704_18k.htm,183cb4e423eac06f8c1808d0c3daba4c8a84355b6b7a8cc17f38930afdfb7a49,26398,,NO_CANDIDATE_FOUND,PENDING_SOURCE_REVIEW
IDENTITY-0000827052-18-000033,P1_TEN_YEAR_WINDOW,SEC8K-0000827052-18-000033,0000827052,0000827052-18-000033,2018-01-31,2.06,UNMAPPED,https://www.sec.gov/Archives/edgar/data/827052/000082705218000033/songssa1-30x2018.htm,64c271f044fe5fbf19a4da8d425505a22dcc15577b30b743ea0400907009fb4f,53756,,NO_CANDIDATE_FOUND,PENDING_SOURCE_REVIEW
IDENTITY-0001628280-18-000874,P1_TEN_YEAR_WINDOW,SEC8K-0001628280-18-000874,0001109357,0001628280-18-000874,2018-02-02,2.05,UNMAPPED,https://www.sec.gov/Archives/edgar/data/1109357/000162828018000874/exc201801318k.htm,9f058b9c9672a76bd56ceb5f1dfd639dd958fd82ae478135b72557ee6ca32b7a,65934,,NO_CANDIDATE_FOUND,PENDING_SOURCE_REVIEW
IDENTITY-0001467858-18-000028,P1_TEN_YEAR_WINDOW,SEC8K-0001467858-18-000028,0001467858,0001467858-18-000028,2018-02-13,2.05|2.06,UNMAPPED,https://www.sec.gov/Archives/edgar/data/1467858/000146785818000028/gmkorearestructuring021220.htm,4f89e708a503c1f5349973e20493b9ed810ca857d4698d0b5c82d946b888e045,24518,,NO_CANDIDATE_FOUND,PENDING_SOURCE_REVIEW
IDENTITY-0000947871-18-000137,P1_TEN_YEAR_WINDOW,SEC8K-0000947871-18-000137,0001144519,0000947871-18-000137,2018-02-14,2.05,UNMAPPED,https://www.sec.gov/Archives/edgar/data/1144519/000094787118000137/ss79817_8k.htm,d21eaa90ad945fd6cfaf818edb653db34cafbe3065bd0e3f618986648c9153ce,32533,,NO_CANDIDATE_FOUND,PENDING_SOURCE_REVIEW
IDENTITY-0000105770-18-000004,P1_TEN_YEAR_WINDOW,SEC8K-0000105770-18-000004,0000105770,0000105770-18-000004,2018-02-15,2.05,UNMAPPED,https://www.sec.gov/Archives/edgar/data/105770/000010577018000004/wst-q42017form8k.htm,ed1bc9b8f37c84ce17b7f817e49a731a1a818fa66420c349652484e9788dba9a,43943,,NO_CANDIDATE_FOUND,PENDING_SOURCE_REVIEW
IDENTITY-0001031296-18-000016,P1_TEN_YEAR_WINDOW,SEC8K-0001031296-18-000016,0001031296,0001031296-18-000016,2018-02-20,2.05|2.06,UNMAPPED,https://www.sec.gov/Archives/edgar/data/1031296/000103129618000016/a8-kdated02202018.htm,4bfc8d129c30650c5a96c7e6aa87e58c1adc080540cd9eeec3c89fce30cf16cc,64383,,NO_CANDIDATE_FOUND,PENDING_SOURCE_REVIEW
IDENTITY-0000764478-18-000004,P1_TEN_YEAR_WINDOW,SEC8K-0000764478-18-000004,0000764478,0000764478-18-000004,2018-03-01,2.05,UNMAPPED,https://www.sec.gov/Archives/edgar/data/764478/000076447818000004/bby8-k22818.htm,7044db4a1cfe4f0fa18c3d96480326e26b7f00a16065b3002627ad08f0ace2fe,23050,,NO_CANDIDATE_FOUND,PENDING_SOURCE_REVIEW
IDENTITY-0001104659-18-019573,P1_TEN_YEAR_WINDOW,SEC8K-0001104659-18-019573,0000001800,0001104659-18-019573,2018-03-22,2.04,UNMAPPED,https://www.sec.gov/Archives/edgar/data/1800/000110465918019573/a18-8722_18k.htm,c7ce9dbcd11110b783cc08b956c2d42c9e0a5a3715e3c3a49e324299dfcee373,20932,,NO_CANDIDATE_FOUND,PENDING_SOURCE_REVIEW
IDENTITY-0001104659-18-019867,P1_TEN_YEAR_WINDOW,SEC8K-0001104659-18-019867,0001001250,0001104659-18-019867,2018-03-23,2.05,UNMAPPED,https://www.sec.gov/Archives/edgar/data/1001250/000110465918019867/a18-8943_18ka.htm,0f0a47513e8a2f3f0a7d7ee922a7c3b2af7e9f8ff16521d24bcf7b8cba2b9f64,75424,,NO_CANDIDATE_FOUND,PENDING_SOURCE_REVIEW
IDENTITY-0000200406-18-000015,P1_TEN_YEAR_WINDOW,SEC8K-0000200406-18-000015,0000200406,0000200406-18-000015,2018-04-17,2.05,UNMAPPED,https://www.sec.gov/Archives/edgar/data/200406/000020040618000015/a8-k2018q1.htm,ca0ce1a0887f4d8e47508f2d0534209942aed86f095a394bef3111a91d642058,25247,,NO_CANDIDATE_FOUND,PENDING_SOURCE_REVIEW
IDENTITY-0001193125-18-126146,P1_TEN_YEAR_WINDOW,SEC8K-0001193125-18-126146,0000732717,0001193125-18-126146,2018-04-23,2.04,UNMAPPED,https://www.sec.gov/Archives/edgar/data/732717/000119312518126146/d574806d8k.htm,61783a79dda5cc47fa1f1c416a6e030a8bc591e30c278f4ca56e859388f9fdaa,20874,,NO_CANDIDATE_FOUND,PENDING_SOURCE_REVIEW
IDENTITY-0001104659-18-026348,P1_TEN_YEAR_WINDOW,SEC8K-0001104659-18-026348,0000008818,0001104659-18-026348,2018-04-25,2.05,UNMAPPED,https://www.sec.gov/Archives/edgar/data/8818/000110465918026348/a18-12093_18k.htm,2ae59cbcdb8e7a52e4e47da81f8386ab062d2699f6087861f1ec93c369ae44d8,39501,,NO_CANDIDATE_FOUND,PENDING_SOURCE_REVIEW
IDENTITY-0001193125-18-131673,P1_TEN_YEAR_WINDOW,SEC8K-0001193125-18-131673,0000927653,0001193125-18-131673,2018-04-25,2.05,UNMAPPED,https://www.sec.gov/Archives/edgar/data/927653/000119312518131673/d575359d8k.htm,cd15b5b2c74852a97c2dc5040b58128162c6603389f0fb99e57d7a21cb6075ad,17386,,NO_CANDIDATE_FOUND,PENDING_SOURCE_REVIEW
IDENTITY-0000079879-18-000022,P1_TEN_YEAR_WINDOW,SEC8K-0000079879-18-000022,0000079879,0000079879-18-000022,2018-04-27,2.05,UNMAPPED,https://www.sec.gov/Archives/edgar/data/79879/000007987918000022/form8-kapril2018restructur.htm,4bc686b96edfda4c02c398a680594a87be542e62f15e856cf6086c3cfee84e6a,31569,,NO_CANDIDATE_FOUND,PENDING_SOURCE_REVIEW
IDENTITY-0000079879-18-000027,P1_TEN_YEAR_WINDOW,SEC8K-0000079879-18-000027,0000079879,0000079879-18-000027,2018-05-10,4.02,UNMAPPED,https://www.sec.gov/Archives/edgar/data/79879/000007987918000027/ppgform8-kmay102018.htm,a4a6805a8b6e2dbd98064a8ce4c26d813e1bb661a4f48997f4cd9e7ba31e664e,42413,,NO_CANDIDATE_FOUND,PENDING_SOURCE_REVIEW
IDENTITY-0000092122-18-000031,P1_TEN_YEAR_WINDOW,SEC8K-0000092122-18-000031,0000092122,0000092122-18-000031,2018-05-21,2.06,UNMAPPED,https://www.sec.gov/Archives/edgar/data/92122/000009212218000031/so8kflamingo.htm,97eba207f7a5722bd29b6d7903b55ef7f4463f81e8e08cc810466e5e3aa09f7a,33832,,NO_CANDIDATE_FOUND,PENDING_SOURCE_REVIEW
IDENTITY-0000047217-18-000020,P1_TEN_YEAR_WINDOW,SEC8K-0000047217-18-000020,0000047217,0000047217-18-000020,2018-05-29,2.05,UNMAPPED,https://www.sec.gov/Archives/edgar/data/47217/000004721718000020/hp-form8xkfy18q2.htm,6616619e47988c3fda91a6b0a6abf926337345e5cb305945870ac295434c684e,37688,,NO_CANDIDATE_FOUND,PENDING_SOURCE_REVIEW
IDENTITY-0001193125-18-176815,P1_TEN_YEAR_WINDOW,SEC8K-0001193125-18-176815,0001048911,0001193125-18-176815,2018-05-29,2.06,UNMAPPED,https://www.sec.gov/Archives/edgar/data/1048911/000119312518176815/d571099d8k.htm,f2acc0836f6c10117e8f275763c175c77b79313ffe6e2012e9df4b93a7e05556,15992,,NO_CANDIDATE_FOUND,PENDING_SOURCE_REVIEW
IDENTITY-0001193125-18-184011,P1_TEN_YEAR_WINDOW,SEC8K-0001193125-18-184011,0000804328,0001193125-18-184011,2018-06-05,2.04,UNMAPPED,https://www.sec.gov/Archives/edgar/data/804328/000119312518184011/d589600d8k.htm,18db9b5ddda802c966ad2f78a410c8117768e209a68f95938c718fa9e42a6c0e,39910,,NO_CANDIDATE_FOUND,PENDING_SOURCE_REVIEW
IDENTITY-0000950142-18-001353,P1_TEN_YEAR_WINDOW,SEC8K-0000950142-18-001353,0001037038,0000950142-18-001353,2018-06-07,2.05,UNMAPPED,https://www.sec.gov/Archives/edgar/data/1037038/000095014218001353/eh1800783_8k.htm,9da89586e252e9aec30a4e01f6ea9d877c91977bf52db8c5c0623c68856f8b8f,39588,,NO_CANDIDATE_FOUND,PENDING_SOURCE_REVIEW
IDENTITY-0001104659-18-041818,P1_TEN_YEAR_WINDOW,SEC8K-0001104659-18-041818,0000001800,0001104659-18-041818,2018-06-22,2.04,UNMAPPED,https://www.sec.gov/Archives/edgar/data/1800/000110465918041818/a18-15675_18k.htm,27e681390dd0fa1a77a98d13290a823cdac4079c98b7a1485aabaa6d016db538,19099,,NO_CANDIDATE_FOUND,PENDING_SOURCE_REVIEW
IDENTITY-0000079879-18-000041,P1_TEN_YEAR_WINDOW,SEC8K-0000079879-18-000041,0000079879,0000079879-18-000041,2018-06-28,4.02,UNMAPPED,https://www.sec.gov/Archives/edgar/data/79879/000007987918000041/ppgform8-kjune282018.htm,33060e109542ff80732ae99d7497c60a5286fa59f34ea74ea02021fb648c76a8,37344,,NO_CANDIDATE_FOUND,PENDING_SOURCE_REVIEW
IDENTITY-0000086521-18-000047,P1_TEN_YEAR_WINDOW,SEC8K-0000086521-18-000047,0001032208,0000086521-18-000047,2018-06-28,2.06,UNMAPPED,https://www.sec.gov/Archives/edgar/data/1032208/000008652118000047/sre20180625form8k.htm,09a36e73e60665e196cbe608d71ba89d699a3d8fe8e4831b4b39a18ce5ed8433,47406,,NO_CANDIDATE_FOUND,PENDING_SOURCE_REVIEW
IDENTITY-0001193125-18-206319,P1_TEN_YEAR_WINDOW,SEC8K-0001193125-18-206319,0001058090,0001193125-18-206319,2018-06-28,2.05,UNMAPPED,https://www.sec.gov/Archives/edgar/data/1058090/000119312518206319/d656360d8k.htm,698ee15f9243a675e6869ed5dacf89c7afe09333e53493517e980aa08c8e5a1b,17525,,NO_CANDIDATE_FOUND,PENDING_SOURCE_REVIEW
IDENTITY-0001193125-18-214186,P1_TEN_YEAR_WINDOW,SEC8K-0001193125-18-214186,0001000228,0001193125-18-214186,2018-07-09,2.05,UNMAPPED,https://www.sec.gov/Archives/edgar/data/1000228/000119312518214186/d671401d8k.htm,03142cb71f597007f594fe3b772060e5655e14459eb43ab88a4b84a71123be76,14167,,NO_CANDIDATE_FOUND,PENDING_SOURCE_REVIEW
IDENTITY-0001048695-18-000023,P1_TEN_YEAR_WINDOW,SEC8K-0001048695-18-000023,0001048695,0001048695-18-000023,2018-07-25,2.05,UNMAPPED,https://www.sec.gov/Archives/edgar/data/1048695/000104869518000023/ffiv8-k6302018.htm,0f39b28dde975a60ce5f54b4db8c097b1b901b720fce05f26c8a5b3b562fc714,33517,,NO_CANDIDATE_FOUND,PENDING_SOURCE_REVIEW
IDENTITY-0001558370-18-005930,P1_TEN_YEAR_WINDOW,SEC8K-0001558370-18-005930,0000031462,0001558370-18-005930,2018-07-31,2.05,UNMAPPED,https://www.sec.gov/Archives/edgar/data/31462/000155837018005930/f8-k.htm,32efb829b459f48a5ebf0fa4da38616e8bed298c1458185ae88f12b101f0eafc,47309,,NO_CANDIDATE_FOUND,PENDING_SOURCE_REVIEW
IDENTITY-0000947871-18-000615,P1_TEN_YEAR_WINDOW,SEC8K-0000947871-18-000615,0001144519,0000947871-18-000615,2018-08-01,2.05,UNMAPPED,https://www.sec.gov/Archives/edgar/data/1144519/000094787118000615/ss102211_8ka.htm,8453c5941c0cba78ae1a5b38e20f3e9b3ef4f2d1fdbfdf45e930eda61c0055da,22423,,NO_CANDIDATE_FOUND,PENDING_SOURCE_REVIEW
IDENTITY-0001104659-18-048772,P1_TEN_YEAR_WINDOW,SEC8K-0001104659-18-048772,0000804328,0001104659-18-048772,2018-08-01,2.04,UNMAPPED,https://www.sec.gov/Archives/edgar/data/804328/000110465918048772/a18-17825_98k.htm,70c4290c3688efd1d9bd8520e552db4283f64ee26dff08dd45e73eb02df5fa59,34248,,NO_CANDIDATE_FOUND,PENDING_SOURCE_REVIEW
IDENTITY-0001193125-18-254569,P1_TEN_YEAR_WINDOW,SEC8K-0001193125-18-254569,0000060667,0001193125-18-254569,2018-08-22,2.05|2.06,UNMAPPED,https://www.sec.gov/Archives/edgar/data/60667/000119312518254569/d609271d8k.htm,7eb84d77f2c787f924462444e7f93186668a59b0eec313cf4c4b9d419ace2ce8,40566,,NO_CANDIDATE_FOUND,PENDING_SOURCE_REVIEW
IDENTITY-0001193125-18-268664,P1_TEN_YEAR_WINDOW,SEC8K-0001193125-18-268664,0001103982,0001193125-18-268664,2018-09-07,2.05,UNMAPPED,https://www.sec.gov/Archives/edgar/data/1103982/000119312518268664/d599017d8k.htm,ae7a9f2f152ff73c8382f3acdf6c727bc4b36cd42408d06226a0400542084aac,22331,,NO_CANDIDATE_FOUND,PENDING_SOURCE_REVIEW
IDENTITY-0001104659-18-059457,P1_TEN_YEAR_WINDOW,SEC8K-0001104659-18-059457,0000001800,0001104659-18-059457,2018-09-28,2.04,UNMAPPED,https://www.sec.gov/Archives/edgar/data/1800/000110465918059457/a18-36079_18k.htm,80858050087eb0f77cd8f9521be4aa0ee25171851c4af17a5771040647c5e487,49109,,NO_CANDIDATE_FOUND,PENDING_SOURCE_REVIEW
IDENTITY-0000046080-18-000134,P1_TEN_YEAR_WINDOW,SEC8K-0000046080-18-000134,0000046080,0000046080-18-000134,2018-10-22,2.05,UNMAPPED,https://www.sec.gov/Archives/edgar/data/46080/000004608018000134/maindocument001.htm,a521e262729b370168aa1fff235e9c7a4f350ed58a69b2133d1fe827ea1728d6,42329,,NO_CANDIDATE_FOUND,PENDING_SOURCE_REVIEW
IDENTITY-0001104659-18-064376,P1_TEN_YEAR_WINDOW,SEC8K-0001104659-18-064376,0000001800,0001104659-18-064376,2018-10-29,2.04,UNMAPPED,https://www.sec.gov/Archives/edgar/data/1800/000110465918064376/a18-37221_28k.htm,e2f7e2b8eb627ec8c76e47457599b79f8cc90d392d6510e458470606e77c458e,23853,,NO_CANDIDATE_FOUND,PENDING_SOURCE_REVIEW
IDENTITY-0000060667-18-000189,P1_TEN_YEAR_WINDOW,SEC8K-0000060667-18-000189,0000060667,0000060667-18-000189,2018-11-05,2.05|2.06,UNMAPPED,https://www.sec.gov/Archives/edgar/data/60667/000006066718000189/form8k_10312018.htm,f742f9e8d0156e4077ded85e516264e499ffffa7e3c52bc795caf09c3592bc99,37251,,NO_CANDIDATE_FOUND,PENDING_SOURCE_REVIEW
IDENTITY-0000885725-18-000047,P1_TEN_YEAR_WINDOW,SEC8K-0000885725-18-000047,0000885725,0000885725-18-000047,2018-11-15,2.05,UNMAPPED,https://www.sec.gov/Archives/edgar/data/885725/000088572518000047/a2019restructuringplanform.htm,871895c3621077c41e37263e94dcbf0c77006ff0db961d19ddbff816f7278a85,37487,,NO_CANDIDATE_FOUND,PENDING_SOURCE_REVIEW
IDENTITY-0001628280-18-014419,P1_TEN_YEAR_WINDOW,SEC8K-0001628280-18-014419,0001375365,0001628280-18-014419,2018-11-15,4.02,UNMAPPED,https://www.sec.gov/Archives/edgar/data/1375365/000162828018014419/form8-k_20181115x202.htm,3490eb82102b6f840e5ffa1a721315f0570c276e12d56b56da30bf3a9ccc1fb2,108735,,NO_CANDIDATE_FOUND,PENDING_SOURCE_REVIEW
IDENTITY-0001193125-18-334127,P1_TEN_YEAR_WINDOW,SEC8K-0001193125-18-334127,0001467858,0001193125-18-334127,2018-11-27,2.05,UNMAPPED,https://www.sec.gov/Archives/edgar/data/1467858/000119312518334127/d613073d8k.htm,760282f23f766c35473737a9c3af134c10433ad8ed98851e3293c85640a89fcc,18309,,NO_CANDIDATE_FOUND,PENDING_SOURCE_REVIEW
IDENTITY-0001552781-18-000519,P1_TEN_YEAR_WINDOW,SEC8K-0001552781-18-000519,0000217346,0001552781-18-000519,2018-12-06,2.05|2.06,UNMAPPED,https://www.sec.gov/Archives/edgar/data/217346/000155278118000519/e18451_txt-8k.htm,f8c41a07f63a0759512f87a5d5a19f07221b027a2224f0d4ad1e3eb31e0e6151,11573,,NO_CANDIDATE_FOUND,PENDING_SOURCE_REVIEW
IDENTITY-0001193125-18-350364,P1_TEN_YEAR_WINDOW,SEC8K-0001193125-18-350364,0000927066,0001193125-18-350364,2018-12-17,2.06,UNMAPPED,https://www.sec.gov/Archives/edgar/data/927066/000119312518350364/d658923d8k.htm,3f7b81227379d29d0c1855631cc6e1ad6c0ebdbda9d5959a3c659161376ddf31,23625,,NO_CANDIDATE_FOUND,PENDING_SOURCE_REVIEW
IDENTITY-0001104659-19-000836,P1_TEN_YEAR_WINDOW,SEC8K-0001104659-19-000836,0001551152,0001104659-19-000836,2019-01-04,2.06,UNMAPPED,https://www.sec.gov/Archives/edgar/data/1551152/000110465919000836/a19-1169_28k.htm,42eb4c44a5c120a37b4797045a299f47ba80fbae49e1d44e07f6a6a9de1b0636,20668,,NO_CANDIDATE_FOUND,PENDING_SOURCE_REVIEW
IDENTITY-0001193125-19-012949,P1_TEN_YEAR_WINDOW,SEC8K-0001193125-19-012949,0001048911,0001193125-19-012949,2019-01-18,2.05,UNMAPPED,https://www.sec.gov/Archives/edgar/data/1048911/000119312519012949/d695648d8k.htm,dae04bf4802ba7f326948db8ce3bb93b19028dd0a5c554b08344011aa75149ff,16775,,NO_CANDIDATE_FOUND,PENDING_SOURCE_REVIEW
IDENTITY-0001193125-19-019657,P1_TEN_YEAR_WINDOW,SEC8K-0001193125-19-019657,0001004980,0001193125-19-019657,2019-01-29,2.04,UNMAPPED,https://www.sec.gov/Archives/edgar/data/1004980/000119312519019657/d700325d8k.htm,4b6ae4a905c2f70127aa86e85d7f1a286809989b51e2a98017d1db20d0b6da79,65876,,NO_CANDIDATE_FOUND,PENDING_SOURCE_REVIEW
IDENTITY-0001558370-19-000341,P1_TEN_YEAR_WINDOW,SEC8K-0001558370-19-000341,0000031462,0001558370-19-000341,2019-02-04,2.05,UNMAPPED,https://www.sec.gov/Archives/edgar/data/31462/000155837019000341/f8-k.htm,541e191a234ae4212af003bfd8ddc185e60a3504da10fdc894653089b55149a0,43056,,NO_CANDIDATE_FOUND,PENDING_SOURCE_REVIEW
IDENTITY-0000024545-19-000006,P1_TEN_YEAR_WINDOW,SEC8K-0000024545-19-000006,0000024545,0000024545-19-000006,2019-02-12,4.02,UNMAPPED,https://www.sec.gov/Archives/edgar/data/24545/000002454519000006/a8k2122019.htm,7d814092fe645d55d79f6497896c9e3cc3c5da049a0e311770d1f73a8f128d29,21803,,NO_CANDIDATE_FOUND,PENDING_SOURCE_REVIEW
IDENTITY-0000077476-19-000013,P1_TEN_YEAR_WINDOW,SEC8K-0000077476-19-000013,0000077476,0000077476-19-000013,2019-02-15,2.05|2.06,UNMAPPED,https://www.sec.gov/Archives/edgar/data/77476/000007747619000013/q420188-k.htm,c38621e6a6dec0c0227856eaa776df50b750507d09ed19a27b2bf96fb8cc1610,32962,,NO_CANDIDATE_FOUND,PENDING_SOURCE_REVIEW
IDENTITY-0001193125-19-041741,P1_TEN_YEAR_WINDOW,SEC8K-0001193125-19-041741,0000040704,0001193125-19-041741,2019-02-15,2.05,UNMAPPED,https://www.sec.gov/Archives/edgar/data/40704/000119312519041741/d659373d8k.htm,b62cf8b74d765605e416dd8f0c06dfb7c010bbefbde5c8cde443c153aa5dfa59,14064,,NO_CANDIDATE_FOUND,PENDING_SOURCE_REVIEW
IDENTITY-0000037996-19-000010,P1_TEN_YEAR_WINDOW,SEC8K-0000037996-19-000010,0000037996,0000037996-19-000010,2019-02-19,2.05,UNMAPPED,https://www.sec.gov/Archives/edgar/data/37996/000003799619000010/brazil8-kdated2x19x2019.htm,2d98c5ff23d08841e971b5d2b4bab8b86121d536bca622fb68133aab116b58bd,21359,,NO_CANDIDATE_FOUND,PENDING_SOURCE_REVIEW
IDENTITY-0001093557-19-000039,P1_TEN_YEAR_WINDOW,SEC8K-0001093557-19-000039,0001093557,0001093557-19-000039,2019-02-21,2.05,UNMAPPED,https://www.sec.gov/Archives/edgar/data/1093557/000109355719000039/dxcmq420188-k.htm,46caa6fdcc2172352a82f552dd530762f5ed049b9346ea40912c827bd1e29010,31644,,NO_CANDIDATE_FOUND,PENDING_SOURCE_REVIEW
IDENTITY-0001104659-19-010347,P1_TEN_YEAR_WINDOW,SEC8K-0001104659-19-010347,0000001800,0001104659-19-010347,2019-02-25,2.04,UNMAPPED,https://www.sec.gov/Archives/edgar/data/1800/000110465919010347/a19-5175_18k.htm,40517b56f1e6739eeacc438d762eb0f7d127e587aa6253447073a74d2eb3c07a,20438,,NO_CANDIDATE_FOUND,PENDING_SOURCE_REVIEW
IDENTITY-0001521332-19-000009,P1_TEN_YEAR_WINDOW,SEC8K-0001521332-19-000009,0001521332,0001521332-19-000009,2019-02-28,2.04,UNMAPPED,https://www.sec.gov/Archives/edgar/data/1521332/000152133219000009/a8-k2020notesredemption.htm,f198257e6c3c0ec18448d3086361c9eddc17f17ea5f34e31d022f3acabe8c134,24765,,NO_CANDIDATE_FOUND,PENDING_SOURCE_REVIEW
IDENTITY-0001171843-19-001497,P1_TEN_YEAR_WINDOW,SEC8K-0001171843-19-001497,0001097149,0001171843-19-001497,2019-03-05,2.05,UNMAPPED,https://www.sec.gov/Archives/edgar/data/1097149/000117184319001497/f8k_030519.htm,7a4f4449a4c46c23893ffea94a91cfd3a7db9fb879cb233ef9f826957fcfc018,15167,,NO_CANDIDATE_FOUND,PENDING_SOURCE_REVIEW
IDENTITY-0000037996-19-000014,P1_TEN_YEAR_WINDOW,SEC8K-0000037996-19-000014,0000037996,0000037996-19-000014,2019-03-27,2.05,UNMAPPED,https://www.sec.gov/Archives/edgar/data/37996/000003799619000014/russia8-kdated3x22x2019.htm,a669f5c2b46aac9e2d860871b2d626be171f4da43be4bfbfb7f450eb38892189,21996,,NO_CANDIDATE_FOUND,PENDING_SOURCE_REVIEW
IDENTITY-0001097149-19-000016,P1_TEN_YEAR_WINDOW,SEC8K-0001097149-19-000016,0001097149,0001097149-19-000016,2019-04-11,2.05,UNMAPPED,https://www.sec.gov/Archives/edgar/data/1097149/000109714919000016/form8kaitem205amendedsdcfi.htm,91c04bc7d687a74d8def50dd0ae3845aff12db4da6b355eb9de32800388a0744,21981,,NO_CANDIDATE_FOUND,PENDING_SOURCE_REVIEW
IDENTITY-0001104659-19-023211,P1_TEN_YEAR_WINDOW,SEC8K-0001104659-19-023211,0001385157,0001104659-19-023211,2019-04-24,2.05,UNMAPPED,https://www.sec.gov/Archives/edgar/data/1385157/000110465919023211/a19-8585_18k.htm,1f3451ba405d35a266f2e0117ad8e74ae34dead8c932d33ba9143411cfcae192,25792,,NO_CANDIDATE_FOUND,PENDING_SOURCE_REVIEW
IDENTITY-0001104659-19-024842,P1_TEN_YEAR_WINDOW,SEC8K-0001104659-19-024842,0000310158,0001104659-19-024842,2019-04-30,2.05,UNMAPPED,https://www.sec.gov/Archives/edgar/data/310158/000110465919024842/a19-8996_18k.htm,ae9485f4ba9eac61c71d6b6657b8b8a65dd67d0295cb9d532058ac6f65342c96,27654,,NO_CANDIDATE_FOUND,PENDING_SOURCE_REVIEW
IDENTITY-0000827052-19-000117,P1_TEN_YEAR_WINDOW,SEC8K-0000827052-19-000117,0000827052,0000827052-19-000117,2019-05-28,2.06,UNMAPPED,https://www.sec.gov/Archives/edgar/data/827052/000082705219000117/form8-kgrc5x28x19.htm,59b87256c3586c43336062bd291b9ead393b498114e27d2d441ca275259600c8,44982,TD,CANDIDATE_FOUND,PENDING_SOURCE_REVIEW
IDENTITY-0001666700-19-000025,P1_TEN_YEAR_WINDOW,SEC8K-0001666700-19-000025,0001666700,0001666700-19-000025,2019-05-29,2.06,UNMAPPED,https://www.sec.gov/Archives/edgar/data/1666700/000166670019000025/dwdp5292019.htm,1d668c024375151bb3ead1a60376c84f4f58f5267a259b9c02bbe5aa1af9ea03,29411,TD,CANDIDATE_FOUND,PENDING_SOURCE_REVIEW
IDENTITY-0000037996-19-000049,P1_TEN_YEAR_WINDOW,SEC8K-0000037996-19-000049,0000037996,0000037996-19-000049,2019-06-06,2.05,UNMAPPED,https://www.sec.gov/Archives/edgar/data/37996/000003799619000049/bridgend8-k.htm,505a3b8ef39213fe3e8319b4f383d6ad3cde7a64423596428ea4f0b2259e15fe,22711,,NO_CANDIDATE_FOUND,PENDING_SOURCE_REVIEW
IDENTITY-0000079879-19-000023,P1_TEN_YEAR_WINDOW,SEC8K-0000079879-19-000023,0000079879,0000079879-19-000023,2019-06-10,2.05,UNMAPPED,https://www.sec.gov/Archives/edgar/data/79879/000007987919000023/form8-kjune2019restructuri.htm,85728723d39516cbe5223fae956a94d0ba3bc6fbebe9e4c58e6eb5e7c8e4b7e3,32844,TD,CANDIDATE_FOUND,PENDING_SOURCE_REVIEW
IDENTITY-0001140361-19-010907,P1_TEN_YEAR_WINDOW,SEC8K-0001140361-19-010907,0000052988,0001140361-19-010907,2019-06-12,2.04,UNMAPPED,https://www.sec.gov/Archives/edgar/data/52988/000114036119010907/nc10002532x1_8k.htm,0afbf1f719c094f61b26dda7a3669be9c2ac832a3c85829d46269443f8545526,30273,TD,CANDIDATE_FOUND,PENDING_SOURCE_REVIEW
IDENTITY-0001104659-19-035343,P1_TEN_YEAR_WINDOW,SEC8K-0001104659-19-035343,0001001250,0001104659-19-035343,2019-06-13,2.05,UNMAPPED,https://www.sec.gov/Archives/edgar/data/1001250/000110465919035343/a19-11434_18ka.htm,dfcd538cf10deb69dd3265b32dbad69640d751b514328d14d78e669624b42366,92220,,NO_CANDIDATE_FOUND,PENDING_SOURCE_REVIEW
IDENTITY-0001243786-19-000100,P1_TEN_YEAR_WINDOW,SEC8K-0001243786-19-000100,0001285785,0001243786-19-000100,2019-06-18,2.06,UNMAPPED,https://www.sec.gov/Archives/edgar/data/1285785/000124378619000100/a8-kplantcityclosurejune20.htm,50ff54e0f697b82999e3d739be1721a106beeaa6a35cc462bfe41971d531bf4b,42509,TD,CANDIDATE_FOUND,PENDING_SOURCE_REVIEW
IDENTITY-0001193125-19-178954,P1_TEN_YEAR_WINDOW,SEC8K-0001193125-19-178954,0000788784,0001193125-19-178954,2019-06-21,2.05|2.06,UNMAPPED,https://www.sec.gov/Archives/edgar/data/788784/000119312519178954/d765476d8k.htm,8ce0d3037a6d43ae2797e4edc9b3c17b4ae19c9a8a2e50029f7cf4bee19ab20e,24580,,NO_CANDIDATE_FOUND,PENDING_SOURCE_REVIEW
IDENTITY-0000947871-19-000528,P1_TEN_YEAR_WINDOW,SEC8K-0000947871-19-000528,0001144519,0000947871-19-000528,2019-07-22,2.05|2.06,UNMAPPED,https://www.sec.gov/Archives/edgar/data/1144519/000094787119000528/ss144664_8k.htm,98dafab2b9a95f9c59b38a069227f926dbc9eb5dd62635a2495a27597e85698a,42755,TD,CANDIDATE_FOUND,PENDING_SOURCE_REVIEW
IDENTITY-0001104659-19-041508,P1_TEN_YEAR_WINDOW,SEC8K-0001104659-19-041508,0001385157,0001104659-19-041508,2019-07-24,2.05,UNMAPPED,https://www.sec.gov/Archives/edgar/data/1385157/000110465919041508/a19-13010_28ka.htm,339558e0efadac35614d66608824d052d1b473d106007dc5de3e731b5774fc28,23208,,NO_CANDIDATE_FOUND,PENDING_SOURCE_REVIEW
IDENTITY-0000072741-19-000031,P1_TEN_YEAR_WINDOW,SEC8K-0000072741-19-000031,0000072741,0000072741-19-000031,2019-07-25,2.06,UNMAPPED,https://www.sec.gov/Archives/edgar/data/72741/000007274119000031/form8-knpt.htm,d85db180497071e6e5632fb04ca3e010b0798986704a0f5be981d4d0b47e62c1,25434,TD,CANDIDATE_FOUND,PENDING_SOURCE_REVIEW
IDENTITY-0001104659-19-041852,P1_TEN_YEAR_WINDOW,SEC8K-0001104659-19-041852,0000866374,0001104659-19-041852,2019-07-25,2.05,UNMAPPED,https://www.sec.gov/Archives/edgar/data/866374/000110465919041852/a19-13035_18k.htm,359743779b2e4997f7230f2bfbb39688bf6068bddac455515f47be3a08f800f9,31370,,NO_CANDIDATE_FOUND,PENDING_SOURCE_REVIEW
IDENTITY-0000721371-19-000061,P1_TEN_YEAR_WINDOW,SEC8K-0000721371-19-000061,0000721371,0000721371-19-000061,2019-08-08,2.05,UNMAPPED,https://www.sec.gov/Archives/edgar/data/721371/000072137119000061/a19q4_8kx63019xform8-kxnew.htm,c9efbcf700f092fc8884400c5b752efaba1d1c8111bd100ea20ad30f53c1595f,34875,TD,CANDIDATE_FOUND,PENDING_SOURCE_REVIEW
IDENTITY-0001157523-19-001784,P1_TEN_YEAR_WINDOW,SEC8K-0001157523-19-001784,0000849399,0001157523-19-001784,2019-08-08,2.05,UNMAPPED,https://www.sec.gov/Archives/edgar/data/849399/000115752319001784/a52076085.htm,ecb0ffbf38fa062aa90b58f3b0c5462950093abc76948c08c6a4793bbf5521c1,23249,TD,CANDIDATE_FOUND,PENDING_SOURCE_REVIEW
IDENTITY-0001144519-19-000048,P1_TEN_YEAR_WINDOW,SEC8K-0001144519-19-000048,0001144519,0001144519-19-000048,2019-08-13,2.05|2.06,UNMAPPED,https://www.sec.gov/Archives/edgar/data/1144519/000114451919000048/bg813198-k.htm,b6dfd2e0a44f01b0bd998f954fbcecc0abe091615d212cc1a6da89245f069c63,50559,BG|TD,CANDIDATE_FOUND,PENDING_SOURCE_REVIEW
IDENTITY-0001193125-19-237414,P1_TEN_YEAR_WINDOW,SEC8K-0001193125-19-237414,0000087347,0001193125-19-237414,2019-09-04,2.06,UNMAPPED,https://www.sec.gov/Archives/edgar/data/87347/000119312519237414/d796484d8k.htm,02ef9e26a509bef18de0b2e1ead1ce54a74b038304a79f015536a7f76a8bfe78,27362,SLB,CANDIDATE_FOUND,PENDING_SOURCE_REVIEW
IDENTITY-0001410578-19-001205,P1_TEN_YEAR_WINDOW,SEC8K-0001410578-19-001205,0000033213,0001410578-19-001205,2019-09-12,2.05,UNMAPPED,https://www.sec.gov/Archives/edgar/data/33213/000141057819001205/tv529302_8k.htm,65c17dfbdb8b90920a278c4ea0d9d70fe74b01e3c5f6c66bb52d19a1da9d7478,27205,EQT,CANDIDATE_FOUND,PENDING_SOURCE_REVIEW
IDENTITY-0000875320-19-000046,P1_TEN_YEAR_WINDOW,SEC8K-0000875320-19-000046,0000875320,0000875320-19-000046,2019-09-17,2.04,UNMAPPED,https://www.sec.gov/Archives/edgar/data/875320/000087532019000046/a8-ksep2019creditfacil.htm,a5d250122a43454c1539c0149c09a660ef8872e6809453a861bbdef462d078f2,40151,TD|VRTX,CANDIDATE_FOUND,PENDING_SOURCE_REVIEW
IDENTITY-0000037996-19-000071,P1_TEN_YEAR_WINDOW,SEC8K-0000037996-19-000071,0000037996,0000037996-19-000071,2019-10-01,2.06,UNMAPPED,https://www.sec.gov/Archives/edgar/data/37996/000003799619000071/a8-kdated9x30x2019.htm,6b2e007d20006b1327c7ebecc61a1492e1a9c1ea59728ea2b0e54689756ad2f3,51764,F|FPRB,CANDIDATE_FOUND,PENDING_SOURCE_REVIEW
IDENTITY-0000047217-19-000052,P1_TEN_YEAR_WINDOW,SEC8K-0000047217-19-000052,0000047217,0000047217-19-000052,2019-10-04,2.05,UNMAPPED,https://www.sec.gov/Archives/edgar/data/47217/000004721719000052/sam2019form8-kv3.htm,58cf68f4d366eee410866617c11b87e55915a59e509402b47199aeb43d35ab82,47989,DIV,CANDIDATE_FOUND,PENDING_SOURCE_REVIEW
IDENTITY-0001410578-19-001548,P1_TEN_YEAR_WINDOW,SEC8K-0001410578-19-001548,0001091667,0001410578-19-001548,2019-10-07,2.04,UNMAPPED,https://www.sec.gov/Archives/edgar/data/1091667/000141057819001548/tv530689_8k.htm,1a3c454f466562f91a5d4d5ec561b66220ba19793cd58a85dd61e014d0e6d487,69486,CHTR|TD,CANDIDATE_FOUND,PENDING_SOURCE_REVIEW
IDENTITY-0001410578-19-001557,P1_TEN_YEAR_WINDOW,SEC8K-0001410578-19-001557,0000811156,0001410578-19-001557,2019-10-07,2.05,UNMAPPED,https://www.sec.gov/Archives/edgar/data/811156/000141057819001557/tv530581_8k.htm,33300ad38eb9e8a8861ef85520086cefd43edff0b1cd9024d616d33efa42c320,41689,CMS|CMS-PB|CMSA|CMSC|CMSD,CANDIDATE_FOUND,PENDING_SOURCE_REVIEW
IDENTITY-0001193125-19-269681,P1_TEN_YEAR_WINDOW,SEC8K-0001193125-19-269681,0000087347,0001193125-19-269681,2019-10-18,2.06,UNMAPPED,https://www.sec.gov/Archives/edgar/data/87347/000119312519269681/d816501d8k.htm,0c8560ef2d5aafa9b2cc0f7c8f623c35f92219e1f77c13785f32cbd18776d844,33020,SLB,CANDIDATE_FOUND,PENDING_SOURCE_REVIEW
IDENTITY-0001104659-19-057468,P1_TEN_YEAR_WINDOW,SEC8K-0001104659-19-057468,0001385157,0001104659-19-057468,2019-10-30,2.05,UNMAPPED,https://www.sec.gov/Archives/edgar/data/1385157/000110465919057468/tm1920914-1_8k.htm,22ad287f0211931f9bef73aede21eca29169e15c9fcbd7edcb7ef365d38a97d4,27204,TEL,CANDIDATE_FOUND,PENDING_SOURCE_REVIEW
IDENTITY-0001157523-19-002130,P1_TEN_YEAR_WINDOW,SEC8K-0001157523-19-002130,0000024545,0001157523-19-002130,2019-10-30,2.05,UNMAPPED,https://www.sec.gov/Archives/edgar/data/24545/000115752319002130/a52119911.htm,a0a8708ee378fff4befd5136084a4b7e020815f9e581adbd8a118cd392e00c8d,36356,S|TAP|TAP.A,CANDIDATE_FOUND,PENDING_SOURCE_REVIEW
IDENTITY-0001020569-19-000220,P1_TEN_YEAR_WINDOW,SEC8K-0001020569-19-000220,0001020569,0001020569-19-000220,2019-10-31,2.05,UNMAPPED,https://www.sec.gov/Archives/edgar/data/1020569/000102056919000220/irm8-kq32019earningsno.htm,13b5004794eeed6c360545853921e559aab8a13ac025f6cf9b6f2b933dfc51c3,54540,IRM|TD,CANDIDATE_FOUND,PENDING_SOURCE_REVIEW
IDENTITY-0001413329-19-000073,P1_TEN_YEAR_WINDOW,SEC8K-0001413329-19-000073,0001413329,0001413329-19-000073,2019-11-04,2.05,UNMAPPED,https://www.sec.gov/Archives/edgar/data/1413329/000141332919000073/a2019-11x048xk.htm,cb452b148ec34cb4cb5c0181ebbe9312eb622e6577d5084ea43715d4dcc46394,159742,PM|PM20|PM20A|PM20B|PM20C|PM21|PM21A|PM21B|PM21C|PM22|PM22A|PM22B|PM22C|PM23|PM23A|PM23B|PM24|PM24A|PM24B|PM24C|PM25|PM25A|PM26|PM26A|PM26B|PM27|PM28|PM29|PM29A|PM31|PM33|PM36|PM37A|PM38|PM39|PM41|PM42|PM42A|PM43|PM43A|PM44|TD,CANDIDATE_FOUND,PENDING_SOURCE_REVIEW
IDENTITY-0001193125-19-301168,P1_TEN_YEAR_WINDOW,SEC8K-0001193125-19-301168,0001000228,0001193125-19-301168,2019-11-26,2.05,UNMAPPED,https://www.sec.gov/Archives/edgar/data/1000228/000119312519301168/d839017d8k.htm,e1f4736a0eda0300c9cb088fdf73238c69fb8e3d1986bdaf32c42cf0416dc0ec,25152,HSIC,CANDIDATE_FOUND,PENDING_SOURCE_REVIEW
IDENTITY-0001104659-19-070378,P1_TEN_YEAR_WINDOW,SEC8K-0001104659-19-070378,0000217346,0001104659-19-070378,2019-12-06,2.05,UNMAPPED,https://www.sec.gov/Archives/edgar/data/217346/000110465919070378/tm1924597-1_8k.htm,29e116c75b3184974a16711eb830562e31aca1b2bfada90d08c5c8be2dff107a,24197,TXT,CANDIDATE_FOUND,PENDING_SOURCE_REVIEW
IDENTITY-0000093410-19-000040,P1_TEN_YEAR_WINDOW,SEC8K-0000093410-19-000040,0000093410,0000093410-19-000040,2019-12-10,2.06,UNMAPPED,https://www.sec.gov/Archives/edgar/data/93410/000009341019000040/cvx12102019-8xkdocce.htm,46501ebbae6ddaea7f2524315ddc369ebce9aed7a2322199b8c074d28cb595c8,52065,CVX|TD,CANDIDATE_FOUND,PENDING_SOURCE_REVIEW
IDENTITY-0001564590-19-046141,P1_TEN_YEAR_WINDOW,SEC8K-0001564590-19-046141,0000106535,0001564590-19-046141,2019-12-17,2.06,UNMAPPED,https://www.sec.gov/Archives/edgar/data/106535/000156459019046141/wy-8k_20191216.htm,f36a9252547bd52c7d881277ee772229b2137e3a320245f30183c7390c10b51c,47362,WY,CANDIDATE_FOUND,PENDING_SOURCE_REVIEW
IDENTITY-0001193125-19-317560,P1_TEN_YEAR_WINDOW,SEC8K-0001193125-19-317560,0001090012,0001193125-19-317560,2019-12-18,2.06,UNMAPPED,https://www.sec.gov/Archives/edgar/data/1090012/000119312519317560/d842688d8k.htm,b702e93f36ed3455ee297c7fe123f077bbe78ab375e82d433dce792e5ba9914a,33185,DVN,CANDIDATE_FOUND,PENDING_SOURCE_REVIEW
IDENTITY-0001104659-19-074388,P1_TEN_YEAR_WINDOW,SEC8K-0001104659-19-074388,0000001800,0001104659-19-074388,2019-12-19,2.04,UNMAPPED,https://www.sec.gov/Archives/edgar/data/1800/000110465919074388/tm1926379-1_8k.htm,a06cfbb5ce0e53bf2cf50517eca865a2cddc0d26cca54d27fcde3714abbb44df,26716,ABT,CANDIDATE_FOUND,PENDING_SOURCE_REVIEW
IDENTITY-0001243786-20-000002,P1_TEN_YEAR_WINDOW,SEC8K-0001243786-20-000002,0001285785,0001243786-20-000002,2020-01-28,2.06,UNMAPPED,https://www.sec.gov/Archives/edgar/data/1285785/000124378620000002/a8-kcolonsayidlingandp.htm,ddc5c77a23513afa7990577b16df8c67e5f3ecb6b12447a2bfb79a462dec7def,60841,MOS|TD,CANDIDATE_FOUND,PENDING_SOURCE_REVIEW
IDENTITY-0001140859-20-000006,P1_TEN_YEAR_WINDOW,SEC8K-0001140859-20-000006,0001140859,0001140859-20-000006,2020-01-30,2.05|2.06,UNMAPPED,https://www.sec.gov/Archives/edgar/data/1140859/000114085920000006/a8-kxearningsreleasexq.htm,856f8ae1e14ac27f2b87d885edfac36c5ca4c050316325e3542e78ba2cec485c,62294,ABC|TD,CANDIDATE_FOUND,PENDING_SOURCE_REVIEW
IDENTITY-0000769397-20-000002,P1_TEN_YEAR_WINDOW,SEC8K-0000769397-20-000002,0000769397,0000769397-20-000002,2020-02-03,2.04,UNMAPPED,https://www.sec.gov/Archives/edgar/data/769397/000076939720000002/a8-kxfebruary2020item1.htm,d3512ed3c9ae37f7ad2266ce711a2d5ebaf2c2944b90f1b77954825f1a36012d,45436,ADSK|TD,CANDIDATE_FOUND,PENDING_SOURCE_REVIEW
IDENTITY-0001193125-20-035710,P1_TEN_YEAR_WINDOW,SEC8K-0001193125-20-035710,0000010456,0001193125-20-035710,2020-02-13,4.02,UNMAPPED,https://www.sec.gov/Archives/edgar/data/10456/000119312520035710/d835972d8k.htm,d34bcd846033a9d3a6c47a1d7bbe2c3fe1f2fe0b5f1bee9b6656df5d8a8f4b9c,58597,,NO_CANDIDATE_FOUND,PENDING_SOURCE_REVIEW
IDENTITY-0001467858-20-000050,P1_TEN_YEAR_WINDOW,SEC8K-0001467858-20-000050,0001467858,0001467858-20-000050,2020-02-18,2.05,UNMAPPED,https://www.sec.gov/Archives/edgar/data/1467858/000146785820000050/a8-k.htm,6117316d31a182350ae1a39d25686fbfe8fe4da9650b87f55b6a0276fdc68f3f,44186,GM|TD,CANDIDATE_FOUND,PENDING_SOURCE_REVIEW
IDENTITY-0001104659-20-023531,P1_TEN_YEAR_WINDOW,SEC8K-0001104659-20-023531,0001091667,0001104659-20-023531,2020-02-21,2.04,UNMAPPED,https://www.sec.gov/Archives/edgar/data/1091667/000110465920023531/tm206421-3_8k.htm,8ae6a52a391897491c3b18277c4986976aece6d26b42652033c00576baab3442,67727,CHTR|TD,CANDIDATE_FOUND,PENDING_SOURCE_REVIEW
IDENTITY-0001324424-20-000012,P1_TEN_YEAR_WINDOW,SEC8K-0001324424-20-000012,0001324424,0001324424-20-000012,2020-02-25,2.05,UNMAPPED,https://www.sec.gov/Archives/edgar/data/1324424/000132442420000012/form8-k22520.htm,2f093fce96bfd1a68c5b25d429a4d9f758349538f43dc1521aab1be88ba38ea0,48568,EXPE|EXPE22|TD,CANDIDATE_FOUND,PENDING_SOURCE_REVIEW
IDENTITY-0001051470-20-000068,P1_TEN_YEAR_WINDOW,SEC8K-0001051470-20-000068,0001051470,0001051470-20-000068,2020-02-26,4.02,UNMAPPED,https://www.sec.gov/Archives/edgar/data/1051470/000105147020000068/q420198-kixbrl.htm,547cb9dd4b083375f4f19fb5ddaf9a98ec7cf87b2b3edf7a2341f4ed20d1887e,57415,CCI|CCI.PRA|TD,CANDIDATE_FOUND,PENDING_SOURCE_REVIEW
IDENTITY-0001104659-20-037363,P1_TEN_YEAR_WINDOW,SEC8K-0001104659-20-037363,0001091667,0001104659-20-037363,2020-03-23,2.04,UNMAPPED,https://www.sec.gov/Archives/edgar/data/1091667/000110465920037363/tm209733d3_8k.htm,61dbc222b4258f121db170762fb70bd6cb1ebacd7dff42145833535bc421a5bc,68360,CHTR|TD,CANDIDATE_FOUND,PENDING_SOURCE_REVIEW
IDENTITY-0001193125-20-102713,P1_TEN_YEAR_WINDOW,SEC8K-0001193125-20-102713,0001097864,0001193125-20-102713,2020-04-09,2.05,UNMAPPED,https://www.sec.gov/Archives/edgar/data/1097864/000119312520102713/d916635d8k.htm,4cc123e763b13f6b9ef8eb27c0b236db6c53e7d56e58687ca9fdfd04e3539024,28092,ON,CANDIDATE_FOUND,PENDING_SOURCE_REVIEW
IDENTITY-0000950103-20-007337,P1_TEN_YEAR_WINDOW,SEC8K-0000950103-20-007337,0001701605,0000950103-20-007337,2020-04-13,2.05|2.06,UNMAPPED,https://www.sec.gov/Archives/edgar/data/1701605/000095010320007337/dp126012_8k.htm,661844c0690a314eda2f3aaec4bf9042e8ec42a92fc7d1aa1ef6673d42abde20,33066,BKR|TD,CANDIDATE_FOUND,PENDING_SOURCE_REVIEW
IDENTITY-0001193125-20-111531,P1_TEN_YEAR_WINDOW,SEC8K-0001193125-20-111531,0001666700,0001193125-20-111531,2020-04-20,2.06,UNMAPPED,https://www.sec.gov/Archives/edgar/data/1666700/000119312520111531/d917730d8k.htm,7e2d1cddbd9c4df471b7fd89cf49346c6665d0d174de00408cda03a9e2267807,46576,DD,CANDIDATE_FOUND,PENDING_SOURCE_REVIEW
IDENTITY-0001564590-20-018916,P1_TEN_YEAR_WINDOW,SEC8K-0001564590-20-018916,0000075677,0001564590-20-018916,2020-04-28,2.05,UNMAPPED,https://www.sec.gov/Archives/edgar/data/75677/000156459020018916/pkg-8k_20200427.htm,b018851e43e569d7719a47cbb966e7f01888672fafb2397e785c569248e756f1,38205,PKG|TD,CANDIDATE_FOUND,PENDING_SOURCE_REVIEW
IDENTITY-0001157523-20-000608,P1_TEN_YEAR_WINDOW,SEC8K-0001157523-20-000608,0001116132,0001157523-20-000608,2020-04-30,2.05,UNMAPPED,https://www.sec.gov/Archives/edgar/data/1116132/000115752320000608/a52212347.htm,bac8f8d12fa13d65e5923e26a9cecf430659d41b8b7b2c379738bf7ce94649b5,35491,TD|TPR,CANDIDATE_FOUND,PENDING_SOURCE_REVIEW
IDENTITY-0001683168-20-001539,P1_TEN_YEAR_WINDOW,SEC8K-0001683168-20-001539,0000027904,0001683168-20-001539,2020-05-14,2.06,UNMAPPED,https://www.sec.gov/Archives/edgar/data/27904/000168316820001539/delta_i8k.htm,83e18e9cda95854e2a5f9f7cc6bfa6e58fdafd9349bfe8a452e99c52909dc1f5,28923,DAL|TD,CANDIDATE_FOUND,PENDING_SOURCE_REVIEW
IDENTITY-0001552781-20-000362,P1_TEN_YEAR_WINDOW,SEC8K-0001552781-20-000362,0001543151,0001552781-20-000362,2020-05-18,2.05,UNMAPPED,https://www.sec.gov/Archives/edgar/data/1543151/000155278120000362/e20337_uber-8k.htm,b52ad7e2cab06fdaeb4009093729cae1f4818613ceaaed5b33f6b613878ef001,31280,TD|UBER,CANDIDATE_FOUND,PENDING_SOURCE_REVIEW
IDENTITY-0001193125-20-157932,P1_TEN_YEAR_WINDOW,SEC8K-0001193125-20-157932,0001137789,0001193125-20-157932,2020-06-02,2.05,UNMAPPED,https://www.sec.gov/Archives/edgar/data/1137789/000119312520157932/d894089d8k.htm,3f57091a53f2c268995efd187fd99d7b9ed312b1c06cf219273f98e0e2923b69,28829,STX,CANDIDATE_FOUND,PENDING_SOURCE_REVIEW
IDENTITY-0001524472-20-000031,P1_TEN_YEAR_WINDOW,SEC8K-0001524472-20-000031,0001524472,0001524472-20-000031,2020-06-03,2.05,UNMAPPED,https://www.sec.gov/Archives/edgar/data/1524472/000152447220000031/xyl06022020form8-k.htm,0833036cf63d3f2ab498d9f08b9432a51c44963f6f89dc3cb22a16f7d14850a5,59807,TD|XYL|XYL23,CANDIDATE_FOUND,PENDING_SOURCE_REVIEW
IDENTITY-0000079879-20-000032,P1_TEN_YEAR_WINDOW,SEC8K-0000079879-20-000032,0000079879,0000079879-20-000032,2020-06-08,2.05,UNMAPPED,https://www.sec.gov/Archives/edgar/data/79879/000007987920000032/form8-kjune2020restruc.htm,2e8ff6fba95e53f822e72b94fa4275da2091b97ba9b9ea565275f4e17445c00b,58790,PPG|TD,CANDIDATE_FOUND,PENDING_SOURCE_REVIEW
IDENTITY-0001193125-20-170138,P1_TEN_YEAR_WINDOW,SEC8K-0001193125-20-170138,0000087347,0001193125-20-170138,2020-06-16,2.05,UNMAPPED,https://www.sec.gov/Archives/edgar/data/87347/000119312520170138/d944136d8k.htm,38f3356ee0b33896786ea45a6a4ddc69c3be381d1749ecf0be27690bbc2f90a7,27119,SLB,CANDIDATE_FOUND,PENDING_SOURCE_REVIEW
IDENTITY-0001140361-20-014081,P1_TEN_YEAR_WINDOW,SEC8K-0001140361-20-014081,0001283699,0001140361-20-014081,2020-06-17,2.06,UNMAPPED,https://www.sec.gov/Archives/edgar/data/1283699/000114036120014081/nc10012662x1_8k.htm,830c73495dbca2b4346d79a445f57eb372fa38c2f73c113882b1e44c2971c55e,72819,TMUS,CANDIDATE_FOUND,PENDING_SOURCE_REVIEW
IDENTITY-0001552781-20-000398,P1_TEN_YEAR_WINDOW,SEC8K-0001552781-20-000398,0000217346,0001552781-20-000398,2020-06-18,2.05|2.06,UNMAPPED,https://www.sec.gov/Archives/edgar/data/217346/000155278120000398/e20404_txt-8k.htm,b4c41b354fc24ccd1437520d15503ccd333c325ddb5edfc0fe9ae4a6972a75c3,21331,TD|TXT,CANDIDATE_FOUND,PENDING_SOURCE_REVIEW
IDENTITY-0001193125-20-174218,P1_TEN_YEAR_WINDOW,SEC8K-0001193125-20-174218,0001048911,0001193125-20-174218,2020-06-19,2.06,UNMAPPED,https://www.sec.gov/Archives/edgar/data/1048911/000119312520174218/d949507d8k.htm,53105b36ff3160243f9e31142b7784d06fc7da017a4071db7b2a5c76541b09ba,45980,FDX,CANDIDATE_FOUND,PENDING_SOURCE_REVIEW
IDENTITY-0000874761-20-000044,P1_TEN_YEAR_WINDOW,SEC8K-0000874761-20-000044,0000874761,0000874761-20-000044,2020-06-23,2.06,UNMAPPED,https://www.sec.gov/Archives/edgar/data/874761/000087476120000044/a8-kjune2020.htm,6fe2c65717546b238968232aa7c0b7064a722534089a1f83e8793b59ed95e707,52526,AES|TD,CANDIDATE_FOUND,PENDING_SOURCE_REVIEW
IDENTITY-0001193125-20-177094,P1_TEN_YEAR_WINDOW,SEC8K-0001193125-20-177094,0001609711,0001193125-20-177094,2020-06-24,2.05|2.06,UNMAPPED,https://www.sec.gov/Archives/edgar/data/1609711/000119312520177094/d934654d8k.htm,f55c3594308b8fd39dafb17a38e305b4caf7389c5c79aa7e0e79462cb9e81e33,33981,GDDY,CANDIDATE_FOUND,PENDING_SOURCE_REVIEW
IDENTITY-0001104659-20-077745,P1_TEN_YEAR_WINDOW,SEC8K-0001104659-20-077745,0000895126,0001104659-20-077745,2020-06-29,2.04,UNMAPPED,https://www.sec.gov/Archives/edgar/data/895126/000110465920077745/tm2023599-1_8k.htm,eb053a373f371c6b3e9d075498af34ac07f175042e5b7150a9def15dd41dab48,68071,CHK|TD,CANDIDATE_FOUND,PENDING_SOURCE_REVIEW
IDENTITY-0001104659-20-080869,P1_TEN_YEAR_WINDOW,SEC8K-0001104659-20-080869,0001326160,0001104659-20-080869,2020-07-06,2.06,UNMAPPED,https://www.sec.gov/Archives/edgar/data/1326160/000110465920080869/tm2024036-1_8k.htm,2144538ce5058aa7ae5060a6d3de76566b6f7fba452a1202c3c22bda7c243e5b,36686,DUK|DUKB|DUKH,CANDIDATE_FOUND,PENDING_SOURCE_REVIEW
IDENTITY-0001193125-20-187846,P1_TEN_YEAR_WINDOW,SEC8K-0001193125-20-187846,0000715957,0001193125-20-187846,2020-07-06,2.06,UNMAPPED,https://www.sec.gov/Archives/edgar/data/715957/000119312520187846/d936820d8k.htm,235ccc0e8f851475aefba78fd64ff26bdc3884c7dca091e278ceeb66327f61df,32968,D|DCUE|DRUA,CANDIDATE_FOUND,PENDING_SOURCE_REVIEW
IDENTITY-0001104659-20-082123,P1_TEN_YEAR_WINDOW,SEC8K-0001104659-20-082123,0000100517,0001104659-20-082123,2020-07-08,2.05,UNMAPPED,https://www.sec.gov/Archives/edgar/data/100517/000110465920082123/tm2024375-1_8k.htm,50dc52081c0050742764d2110050acb77270c6d5d66d13c9bdc45fb82a8ef417,46315,UAL,CANDIDATE_FOUND,PENDING_SOURCE_REVIEW
IDENTITY-0001104659-20-083132,P1_TEN_YEAR_WINDOW,SEC8K-0001104659-20-083132,0001091667,0001104659-20-083132,2020-07-13,2.04,UNMAPPED,https://www.sec.gov/Archives/edgar/data/1091667/000110465920083132/tm2023618-7_8k.htm,eeca809b3f75b1459a8cdbc8ae7517c316cb426b5e3deb2da6d67f2787bae3fa,68898,CHTR|TD,CANDIDATE_FOUND,PENDING_SOURCE_REVIEW
IDENTITY-0001104659-20-083610,P1_TEN_YEAR_WINDOW,SEC8K-0001104659-20-083610,0000823768,0001104659-20-083610,2020-07-15,2.04,UNMAPPED,https://www.sec.gov/Archives/edgar/data/823768/000110465920083610/tm2024786d1_8k.htm,e62f1d9e9403598c007ac753f1950d530959ef7d8de4c34db419054aa90656f1,27644,WM,CANDIDATE_FOUND,PENDING_SOURCE_REVIEW
IDENTITY-0001104659-20-087372,P1_TEN_YEAR_WINDOW,SEC8K-0001104659-20-087372,0001091667,0001104659-20-087372,2020-07-28,2.04,UNMAPPED,https://www.sec.gov/Archives/edgar/data/1091667/000110465920087372/tm2025145d2_8k.htm,eaf8f4bfc173e89c6368565320492312233374fc06d9772e881e599a1d9bd997,64963,CHTR|TD,CANDIDATE_FOUND,PENDING_SOURCE_REVIEW
IDENTITY-0001564590-20-033955,P1_TEN_YEAR_WINDOW,SEC8K-0001564590-20-033955,0000075677,0001564590-20-033955,2020-07-28,2.06,UNMAPPED,https://www.sec.gov/Archives/edgar/data/75677/000156459020033955/pkg-8k_20200724.htm,e08f437f5ba5a7a9de7496b40eefce7d6ff4e87b07f4b06453429e32ac4e7125,38107,PKG|TD,CANDIDATE_FOUND,PENDING_SOURCE_REVIEW
IDENTITY-0000815097-20-000066,P1_TEN_YEAR_WINDOW,SEC8K-0000815097-20-000066,0000815097,0000815097-20-000066,2020-07-29,2.06,UNMAPPED,https://www.sec.gov/Archives/edgar/data/815097/000081509720000066/ccl-20200729.htm,26d62c3791505de7c1070a0b95a735ff8dde50d2032d1f27f527a6eaff164298,91872,CCL|CCL21|CUK|CUK22|CUK29|TD,CANDIDATE_FOUND,PENDING_SOURCE_REVIEW
IDENTITY-0001075531-20-000042,P1_TEN_YEAR_WINDOW,SEC8K-0001075531-20-000042,0001075531,0001075531-20-000042,2020-08-04,2.05,UNMAPPED,https://www.sec.gov/Archives/edgar/data/1075531/000107553120000042/bkng-20200804.htm,2c84c52883be508e97fbb53fe6235df896cb295093e0f386d3700dc1f0e0a9d2,59368,BKNG|TD,CANDIDATE_FOUND,PENDING_SOURCE_REVIEW
IDENTITY-0001609711-20-000109,P1_TEN_YEAR_WINDOW,SEC8K-0001609711-20-000109,0001609711,0001609711-20-000109,2020-08-06,2.05,UNMAPPED,https://www.sec.gov/Archives/edgar/data/1609711/000160971120000109/gddy-20200622.htm,262245e7d005502cd594c0c58a24388ffb4f314ca333328f50440a0166bfdfb1,49595,GDDY|TD,CANDIDATE_FOUND,PENDING_SOURCE_REVIEW
IDENTITY-0001193125-20-217658,P1_TEN_YEAR_WINDOW,SEC8K-0001193125-20-217658,0000858877,0001193125-20-217658,2020-08-12,2.05,UNMAPPED,https://www.sec.gov/Archives/edgar/data/858877/000119312520217658/d50157d8k.htm,d0ad9e4b4de3365088f3538dfbba95d650182bb83829741ad0d1225650c2d7ee,39757,CSCO,CANDIDATE_FOUND,PENDING_SOURCE_REVIEW
IDENTITY-0001157523-20-001178,P1_TEN_YEAR_WINDOW,SEC8K-0001157523-20-001178,0001116132,0001157523-20-001178,2020-08-13,2.05,UNMAPPED,https://www.sec.gov/Archives/edgar/data/1116132/000115752320001178/a52265820.htm,6c44ccf2e241ef2d6c897699025eb1bf8d8aecdad2cd78c8dc40bc03f42ca653,33916,TD|TPR,CANDIDATE_FOUND,PENDING_SOURCE_REVIEW
IDENTITY-0001001250-20-000054,P1_TEN_YEAR_WINDOW,SEC8K-0001001250-20-000054,0001001250,0001001250-20-000054,2020-08-20,2.05,UNMAPPED,https://www.sec.gov/Archives/edgar/data/1001250/000100125020000054/el-20200818.htm,4a82c23138e8c501368b907c0ddf30caa768f5833510adf92eafd4c750aa4ebc,49950,EL|TD,CANDIDATE_FOUND,PENDING_SOURCE_REVIEW
IDENTITY-0001109357-20-000169,P1_TEN_YEAR_WINDOW,SEC8K-0001109357-20-000169,0001109357,0001109357-20-000169,2020-08-21,2.05|2.06,UNMAPPED,https://www.sec.gov/Archives/edgar/data/1109357/000110935720000169/exc-20200820.htm,d2b59a1356b61a5446d9f2a02f8b8442140f87fbb374f9a40c7aee471d53133c,88832,EXC|TD,CANDIDATE_FOUND,PENDING_SOURCE_REVIEW
IDENTITY-0001564590-20-041346,P1_TEN_YEAR_WINDOW,SEC8K-0001564590-20-041346,0001002047,0001564590-20-041346,2020-08-26,2.05,UNMAPPED,https://www.sec.gov/Archives/edgar/data/1002047/000156459020041346/ntap-8k_20200821.htm,2d9aaeea77de809fa730f41ec8177da1b622fe04a4b61d2c612bb88a6941c22f,42163,NTAP,CANDIDATE_FOUND,PENDING_SOURCE_REVIEW
IDENTITY-0001109357-20-000174,P1_TEN_YEAR_WINDOW,SEC8K-0001109357-20-000174,0001109357,0001109357-20-000174,2020-08-27,2.05,UNMAPPED,https://www.sec.gov/Archives/edgar/data/1109357/000110935720000174/exc-20200827.htm,65e1720db268d4ea617ad93017e3174fbd14c97925cf60c09ec96a2a4a70537c,104855,EXC|TD,CANDIDATE_FOUND,PENDING_SOURCE_REVIEW
IDENTITY-0001552781-20-000463,P1_TEN_YEAR_WINDOW,SEC8K-0001552781-20-000463,0000021344,0001552781-20-000463,2020-08-28,2.05,UNMAPPED,https://www.sec.gov/Archives/edgar/data/21344/000155278120000463/e20478_ko-8k.htm,b6c32c4765708de0159ab7ead12ca6ee0dcd4b549b8a0e381a2101d8b86f3703,56121,KO|KO21B|KO21C|KO22|KO22B|KO23B|KO24|KO26|KO26C|KO27|KO31|KO35|KO36|TD,CANDIDATE_FOUND,PENDING_SOURCE_REVIEW
IDENTITY-0001104659-20-101912,P1_TEN_YEAR_WINDOW,SEC8K-0001104659-20-101912,0000100517,0001104659-20-101912,2020-09-02,2.05,UNMAPPED,https://www.sec.gov/Archives/edgar/data/100517/000110465920101912/tm2030112-1_8ka.htm,6c7a301e143984dab27ced0f6c88e86013e27e978799c71f53cd31cc4759e2c6,39905,UAL,CANDIDATE_FOUND,PENDING_SOURCE_REVIEW
IDENTITY-0001075531-20-000054,P1_TEN_YEAR_WINDOW,SEC8K-0001075531-20-000054,0001075531,0001075531-20-000054,2020-09-10,2.05,UNMAPPED,https://www.sec.gov/Archives/edgar/data/1075531/000107553120000054/bkng-20200804.htm,4fb4103605e8f69a2682ada3ec8860fe8663a979a149c38decd92c121f58cb15,61902,BKNG|TD,CANDIDATE_FOUND,PENDING_SOURCE_REVIEW
IDENTITY-0001193125-20-247156,P1_TEN_YEAR_WINDOW,SEC8K-0001193125-20-247156,0000814547,0001193125-20-247156,2020-09-16,2.05,UNMAPPED,https://www.sec.gov/Archives/edgar/data/814547/000119312520247156/d939437d8k.htm,13e92cdcacb4b2e7a4e32404317549a26da86fb8c5206bd56bc6edac8691941b,22939,FICO,CANDIDATE_FOUND,PENDING_SOURCE_REVIEW
IDENTITY-0000950142-20-002295,P1_TEN_YEAR_WINDOW,SEC8K-0000950142-20-002295,0001037038,0000950142-20-002295,2020-09-22,2.05,UNMAPPED,https://www.sec.gov/Archives/edgar/data/1037038/000095014220002295/eh200101603_8k.htm,78b62fef3cebad1e4376f4ee8b7204cce0c509110ed609215a65f2ef67428f9f,31404,RL|TD,CANDIDATE_FOUND,PENDING_SOURCE_REVIEW
IDENTITY-0001683168-20-003281,P1_TEN_YEAR_WINDOW,SEC8K-0001683168-20-003281,0000027904,0001683168-20-003281,2020-09-25,2.06,UNMAPPED,https://www.sec.gov/Archives/edgar/data/27904/000168316820003281/delta_i8k.htm,2d41457d0eafe38ff3cd5cd8dd31801f127547de6f2750414046729e9ec53967,48471,DAL|TD,CANDIDATE_FOUND,PENDING_SOURCE_REVIEW
IDENTITY-0000874761-20-000056,P1_TEN_YEAR_WINDOW,SEC8K-0000874761-20-000056,0000874761,0000874761-20-000056,2020-09-29,2.06,UNMAPPED,https://www.sec.gov/Archives/edgar/data/874761/000087476120000056/aes-20200923.htm,039cf9ba89839d69f495ee964b7cf08395d874a93fa957c45ce320926369ea9a,49683,AES|TD,CANDIDATE_FOUND,PENDING_SOURCE_REVIEW
IDENTITY-0000899051-20-000066,P1_TEN_YEAR_WINDOW,SEC8K-0000899051-20-000066,0000899051,0000899051-20-000066,2020-09-30,2.05,UNMAPPED,https://www.sec.gov/Archives/edgar/data/899051/000089905120000066/all-20200930.htm,e456603722cf3c79f9621cddd4d824d5c6772f0d53a4c3df40df62b961f30065,68840,ALL|ALL.PR.B|S,CANDIDATE_FOUND,PENDING_SOURCE_REVIEW
IDENTITY-0001510295-20-000098,P1_TEN_YEAR_WINDOW,SEC8K-0001510295-20-000098,0001510295,0001510295-20-000098,2020-09-30,2.05,UNMAPPED,https://www.sec.gov/Archives/edgar/data/1510295/000151029520000098/mpcform8-k9292020.htm,cc893134f5c9f77cb38121b1bcc3803d21d49f28350d982a3fd0444780cb01bc,44187,MPC,CANDIDATE_FOUND,PENDING_SOURCE_REVIEW
IDENTITY-0001104659-20-114989,P1_TEN_YEAR_WINDOW,SEC8K-0001104659-20-114989,0000100517,0001104659-20-114989,2020-10-14,2.05,UNMAPPED,https://www.sec.gov/Archives/edgar/data/100517/000110465920114989/tm2033181d1_8ka.htm,1fb323e7414f2ac0030805312c1172674b8f6496092de344e8c2218ece8a7fb4,40939,UAL,CANDIDATE_FOUND,PENDING_SOURCE_REVIEW
IDENTITY-0001075531-20-000060,P1_TEN_YEAR_WINDOW,SEC8K-0001075531-20-000060,0001075531,0001075531-20-000060,2020-10-15,2.05,UNMAPPED,https://www.sec.gov/Archives/edgar/data/1075531/000107553120000060/bkng-20200804.htm,13cec392781c15fed866c9578955e9853479778536c39a9930fb804b66c781b5,62480,BKNG|TD,CANDIDATE_FOUND,PENDING_SOURCE_REVIEW
IDENTITY-0001104659-20-115651,P1_TEN_YEAR_WINDOW,SEC8K-0001104659-20-115651,0001091667,0001104659-20-115651,2020-10-16,2.04,UNMAPPED,https://www.sec.gov/Archives/edgar/data/1091667/000110465920115651/tm2030372-3_8k.htm,2d14d79117d159dd148b7dc7a64cb9012c3f1ccefd1a27fc0ee27cbe191db7ed,66203,CHTR|TD,CANDIDATE_FOUND,PENDING_SOURCE_REVIEW
IDENTITY-0001075531-20-000072,P1_TEN_YEAR_WINDOW,SEC8K-0001075531-20-000072,0001075531,0001075531-20-000072,2020-11-05,2.05,UNMAPPED,https://www.sec.gov/Archives/edgar/data/1075531/000107553120000072/bkng-20200804.htm,140b6f3eef37f36cbc0386207de36795561c0084abba338562965fab3c9755e0,51204,BKNG|TD,CANDIDATE_FOUND,PENDING_SOURCE_REVIEW
IDENTITY-0000885725-20-000046,P1_TEN_YEAR_WINDOW,SEC8K-0000885725-20-000046,0000885725,0000885725-20-000046,2020-11-18,2.05,UNMAPPED,https://www.sec.gov/Archives/edgar/data/885725/000088572520000046/bsx-20201117.htm,1a103e92f461b73d6307dbda040c2bec9b28648553247854fb4cfde44bbc4a56,50787,BSX|BSX27|TD,CANDIDATE_FOUND,PENDING_SOURCE_REVIEW
IDENTITY-0001193125-20-298226,P1_TEN_YEAR_WINDOW,SEC8K-0001193125-20-298226,0001792044,0001193125-20-298226,2020-11-19,2.05,UNMAPPED,https://www.sec.gov/Archives/edgar/data/1792044/000119312520298226/d56774d8k.htm,16768e1e915c93677aa353eb77e098172fefd24819b2d7cf17effa02d930efe5,73279,VTRS,CANDIDATE_FOUND,PENDING_SOURCE_REVIEW
IDENTITY-0000885725-20-000051,P1_TEN_YEAR_WINDOW,SEC8K-0000885725-20-000051,0000885725,0000885725-20-000051,2020-12-01,2.05,UNMAPPED,https://www.sec.gov/Archives/edgar/data/885725/000088572520000051/bsx-20201125.htm,5348dfa01625f567427500711566f7cf004ad2e7e2c1ff674b702c5dc1e9510b,45293,BSX|BSX27|TD,CANDIDATE_FOUND,PENDING_SOURCE_REVIEW
IDENTITY-0001193125-20-315436,P1_TEN_YEAR_WINDOW,SEC8K-0001193125-20-315436,0001792044,0001193125-20-315436,2020-12-11,2.05,UNMAPPED,https://www.sec.gov/Archives/edgar/data/1792044/000119312520315436/d51357d8ka.htm,e07f7113664cc2983ecb866ab95aa601513c4a6f58f3b18f24ec8a7fd5e24912,29142,VTRS,CANDIDATE_FOUND,PENDING_SOURCE_REVIEW
IDENTITY-0001193125-21-000344,P1_TEN_YEAR_WINDOW,SEC8K-0001193125-21-000344,0001316835,0001193125-21-000344,2021-01-04,2.04,UNMAPPED,https://www.sec.gov/Archives/edgar/data/1316835/000119312521000344/d101613d8k.htm,a159d5ae4a68a8e61962f978bd8431827bcf5ea9c9703e6eebba144e5bbce319,58171,BLDR,CANDIDATE_FOUND,PENDING_SOURCE_REVIEW
IDENTITY-0000037996-21-000004,P1_TEN_YEAR_WINDOW,SEC8K-0000037996-21-000004,0000037996,0000037996-21-000004,2021-01-11,2.05,UNMAPPED,https://www.sec.gov/Archives/edgar/data/37996/000003799621000004/f-20201222.htm,2a494d2f62c2cebcc1d3902b8435db8fedafeae34557ee29b5a857ca13eea117,35404,F|FPRB|FPRC,CANDIDATE_FOUND,PENDING_SOURCE_REVIEW
IDENTITY-0001193125-21-010918,P1_TEN_YEAR_WINDOW,SEC8K-0001193125-21-010918,0001048911,0001193125-21-010918,2021-01-19,2.05,UNMAPPED,https://www.sec.gov/Archives/edgar/data/1048911/000119312521010918/d31414d8k.htm,a853ed946db2bfb1a4b797a752974fc0c20be8ead3979ada56c77d24f026478c,38790,FDX,CANDIDATE_FOUND,PENDING_SOURCE_REVIEW
IDENTITY-0001090727-21-000006,P1_TEN_YEAR_WINDOW,SEC8K-0001090727-21-000006,0001090727,0001090727-21-000006,2021-01-25,2.06,UNMAPPED,https://www.sec.gov/Archives/edgar/data/1090727/000109072721000006/ups-20210124.htm,56a67b4e0e7ef0b978ecf366b3d817e3589ac6423ab433ca16f4814a83af031a,51097,TD|UPS|UPS23A|UPS25|UPS28|UPS32,CANDIDATE_FOUND,PENDING_SOURCE_REVIEW
IDENTITY-0001326160-21-000004,P1_TEN_YEAR_WINDOW,SEC8K-0001326160-21-000004,0001326160,0001326160-21-000004,2021-01-25,2.06,UNMAPPED,https://www.sec.gov/Archives/edgar/data/1326160/000132616021000004/duk-20210122.htm,b43a6bb582e9b1bb85a148a38f5eb7a4b6ea95aba01f5fb12628a774b264f695,94207,DUK|DUKB|DUKH|TD,CANDIDATE_FOUND,PENDING_SOURCE_REVIEW
IDENTITY-0001075531-21-000003,P1_TEN_YEAR_WINDOW,SEC8K-0001075531-21-000003,0001075531,0001075531-21-000003,2021-01-27,2.05,UNMAPPED,https://www.sec.gov/Archives/edgar/data/1075531/000107553121000003/bkng-20200804.htm,510fb18fea46dc5a054dfb8386399662cbcbd75e3e9291cde0e5e803dd676df5,50074,BKNG|TD,CANDIDATE_FOUND,PENDING_SOURCE_REVIEW
IDENTITY-0001558370-21-001022,P1_TEN_YEAR_WINDOW,SEC8K-0001558370-21-001022,0000031462,0001558370-21-001022,2021-02-16,2.05,UNMAPPED,https://www.sec.gov/Archives/edgar/data/31462/000155837021001022/ecl-20210216x8k.htm,df346391ca5868a3cc65e69aa6bc0981a26e2063f33a72983c62b520e8a182f7,70410,ECL|TD,CANDIDATE_FOUND,PENDING_SOURCE_REVIEW
IDENTITY-0001193125-21-046154,P1_TEN_YEAR_WINDOW,SEC8K-0001193125-21-046154,0001090012,0001193125-21-046154,2021-02-17,2.05,UNMAPPED,https://www.sec.gov/Archives/edgar/data/1090012/000119312521046154/d133169d8ka.htm,2fa23f22ba8a248dceb9115cf01e3c334f62db1a26b58acc1bc42c073e6e8bd9,34142,DVN,CANDIDATE_FOUND,PENDING_SOURCE_REVIEW
IDENTITY-0001001250-21-000021,P1_TEN_YEAR_WINDOW,SEC8K-0001001250-21-000021,0001001250,0001001250-21-000021,2021-02-24,2.05,UNMAPPED,https://www.sec.gov/Archives/edgar/data/1001250/000100125021000021/el-20200818.htm,3766b2505870ed2636a87c7cff479f1cbd4902a88db73337cc8f0e2a4373d798,69997,EL|TD,CANDIDATE_FOUND,PENDING_SOURCE_REVIEW
IDENTITY-0001193125-21-057129,P1_TEN_YEAR_WINDOW,SEC8K-0001193125-21-057129,0001792044,0001193125-21-057129,2021-02-25,2.05,UNMAPPED,https://www.sec.gov/Archives/edgar/data/1792044/000119312521057129/d137425d8ka.htm,25ce878eba3b0e1a25837cf80f1033dfdcf93d4efb77641574c452109b6be760,26471,VTRS,CANDIDATE_FOUND,PENDING_SOURCE_REVIEW
IDENTITY-0001193125-21-058268,P1_TEN_YEAR_WINDOW,SEC8K-0001193125-21-058268,0000075677,0001193125-21-058268,2021-02-26,2.05|2.06,UNMAPPED,https://www.sec.gov/Archives/edgar/data/75677/000119312521058268/d142991d8k.htm,a986016d51bf849c6e151f8b62e54c448b9cdaf6c20eeef57f6db2ffd620a4cd,25129,PKG,CANDIDATE_FOUND,PENDING_SOURCE_REVIEW
IDENTITY-0001193125-21-069468,P1_TEN_YEAR_WINDOW,SEC8K-0001193125-21-069468,0001097864,0001193125-21-069468,2021-03-04,2.05,UNMAPPED,https://www.sec.gov/Archives/edgar/data/1097864/000119312521069468/d131412d8k.htm,ea8fbf01f85b364085fd22672b01805db01a650faaa75e74999087cf32cf2391,29498,ON,CANDIDATE_FOUND,PENDING_SOURCE_REVIEW
IDENTITY-0000721371-21-000021,P1_TEN_YEAR_WINDOW,SEC8K-0000721371-21-000021,0000721371,0000721371-21-000021,2021-03-12,2.05|2.06,UNMAPPED,https://www.sec.gov/Archives/edgar/data/721371/000072137121000021/cah-20210312.htm,5f70957228b85cc7f0f7df07581e3e4ff9bde44d207f01e1816d9011339db82d,41392,CAH|TD,CANDIDATE_FOUND,PENDING_SOURCE_REVIEW
IDENTITY-0001193125-21-084755,P1_TEN_YEAR_WINDOW,SEC8K-0001193125-21-084755,0000922224,0001193125-21-084755,2021-03-18,2.06,UNMAPPED,https://www.sec.gov/Archives/edgar/data/922224/000119312521084755/d128074d8k.htm,753d6a08bb32c121c1079e87bf2dfa2d95c6ed328b3e2f057f0d3f14ef99796c,51650,PPL|PPX,CANDIDATE_FOUND,PENDING_SOURCE_REVIEW
IDENTITY-0001628280-21-007391,P1_TEN_YEAR_WINDOW,SEC8K-0001628280-21-007391,0001674101,0001628280-21-007391,2021-04-23,4.02,UNMAPPED,https://www.sec.gov/Archives/edgar/data/1674101/000162828021007391/vrt-20210421.htm,14a529b5d11222cf88eb3cdd26baaf2e158f69a27a3ed44949243e587e0d9c4e,45586,TD|VRT,CANDIDATE_FOUND,PENDING_SOURCE_REVIEW
IDENTITY-0001109357-21-000037,P1_TEN_YEAR_WINDOW,SEC8K-0001109357-21-000037,0001109357,0001109357-21-000037,2021-04-30,2.06,UNMAPPED,https://www.sec.gov/Archives/edgar/data/1109357/000110935721000037/exc-20210428.htm,153b6d624ae66fd8985d5ad4f4c7b9b79d47dca6193f68d4026af2ff300a509b,69403,EXC|TD,CANDIDATE_FOUND,PENDING_SOURCE_REVIEW
IDENTITY-0001564590-21-024548,P1_TEN_YEAR_WINDOW,SEC8K-0001564590-21-024548,0000040704,0001564590-21-024548,2021-05-06,2.05,UNMAPPED,https://www.sec.gov/Archives/edgar/data/40704/000156459021024548/gis-8k_20210505.htm,635b0ef9ed255f4b383cc1200c3ff49e1d9e6af163bd29a9057cc13de6c87aa7,35408,GIS|GIS23A|GIS26|GIS27|TD,CANDIDATE_FOUND,PENDING_SOURCE_REVIEW
IDENTITY-0001104659-21-076394,P1_TEN_YEAR_WINDOW,SEC8K-0001104659-21-076394,0000001800,0001104659-21-076394,2021-06-03,2.05,UNMAPPED,https://www.sec.gov/Archives/edgar/data/1800/000110465921076394/tm2118332d1_8k.htm,c5483840a185918db2d4290d577a27ae3bb770cf5db917d02468e2b1bdc727a6,31682,ABT,CANDIDATE_FOUND,PENDING_SOURCE_REVIEW
IDENTITY-0000874761-21-000055,P1_TEN_YEAR_WINDOW,SEC8K-0000874761-21-000055,0000874761,0000874761-21-000055,2021-07-07,2.06,UNMAPPED,https://www.sec.gov/Archives/edgar/data/874761/000087476121000055/aes-20210706.htm,56aa82c8f239a8ce3d8e635f561eccb6558b17890534ee1671d22c580e840840,45942,AES|AESC|TD,CANDIDATE_FOUND,PENDING_SOURCE_REVIEW
IDENTITY-0001783879-26-000071,P1_TEN_YEAR_WINDOW,SEC8K-0001783879-26-000071,0001783879,0001783879-26-000071,2026-06-16,2.05,UNMAPPED,https://www.sec.gov/Archives/edgar/data/1783879/000178387926000071/hood-20260616.htm,77a21ef7048b45aa45bb29c33d4cd0efe66380760c252446a35d6cb28d2afe61,39966,HOOD|TD,CANDIDATE_FOUND,PENDING_SOURCE_REVIEW
IDENTITY-0001193125-26-289427,P1_TEN_YEAR_WINDOW,SEC8K-0001193125-26-289427,0000002969,0001193125-26-289427,2026-06-30,2.06,UNMAPPED,https://www.sec.gov/Archives/edgar/data/2969/000119312526289427/d97956d8k.htm,21c95c181703edc75dc673c0e9a814dd8baef101c0fb4356ddbee1ceff4da2e2,41602,APD|APD28|APD31|APD32|APD32B|APD35|APD37,CANDIDATE_FOUND,PENDING_SOURCE_REVIEW
IDENTITY-0001001250-26-000031,P1_TEN_YEAR_WINDOW,SEC8K-0001001250-26-000031,0001001250,0001001250-26-000031,2026-07-07,2.05,UNMAPPED,https://www.sec.gov/Archives/edgar/data/1001250/000100125026000031/el-20240201.htm,598f2d64c5c98f67a9185df705ca9f8ce109725f4df043f06d574f5254fd105e,71257,EL|TD,CANDIDATE_FOUND,PENDING_SOURCE_REVIEW
