ticker,active_report_periods,nonzero_report_periods,nonzero_fraction,evaluation_eligible
A,52,52,1.0,true
AAPL,52,52,1.0,true
ABBV,52,52,1.0,true
ABT,52,52,1.0,true
ACGL,52,52,1.0,true
ACN,52,52,1.0,true
ADBE,52,52,1.0,true
ADI,52,52,1.0,true
ADM,52,52,1.0,true
ADP,52,52,1.0,true
ADSK,52,52,1.0,true
AEE,52,52,1.0,true
AEP,52,52,1.0,true
AES,52,52,1.0,true
AFL,52,52,1.0,true
AIG,52,52,1.0,true
AIZ,52,52,1.0,true
AJG,52,52,1.0,true
AKAM,52,52,1.0,true
ALB,52,52,1.0,true
ALGN,52,52,1.0,true
ALL,52,52,1.0,true
AMAT,52,52,1.0,true
AMD,52,52,1.0,true
AME,52,52,1.0,true
AMGN,52,52,1.0,true
AMP,52,52,1.0,true
AMT,52,52,1.0,true
AMZN,52,52,1.0,true
AON,52,52,1.0,true
AOS,52,52,1.0,true
APA,52,21,0.4038461538,false
APD,52,52,1.0,true
APH,52,52,1.0,true
APO,52,52,1.0,true
APTV,52,52,1.0,true
ARE,52,52,1.0,true
ATO,52,52,1.0,true
AVB,52,52,1.0,true
AVGO,52,52,1.0,true
AVY,52,52,1.0,true
AWK,52,52,1.0,true
AXON,52,52,1.0,true
AXP,52,52,1.0,true
AZO,52,52,1.0,true
BA,52,52,1.0,true
BAC,52,52,1.0,true
BALL,52,52,1.0,true
BAX,52,52,1.0,true
BBY,52,52,1.0,true
BDX,52,52,1.0,true
BEN,52,52,1.0,true
BF-B,52,52,1.0,true
BG,12,11,0.9166666667,true
BIIB,52,52,1.0,true
BKNG,52,52,1.0,true
BKR,52,52,1.0,true
BLDR,52,52,1.0,true
BLK,52,52,1.0,true
BMY,52,52,1.0,true
BNY,52,52,1.0,true
BR,52,52,1.0,true
BRK-B,52,52,1.0,true
BRO,52,52,1.0,true
BSX,52,52,1.0,true
BX,40,40,1.0,true
BXP,52,52,1.0,true
C,52,52,1.0,true
CAH,52,52,1.0,true
CASY,52,52,1.0,true
CAT,52,52,1.0,true
CB,52,52,1.0,true
CBOE,52,52,1.0,true
CBRE,52,52,1.0,true
CCI,52,52,1.0,true
CCL,52,52,1.0,true
CDNS,52,52,1.0,true
CF,52,52,1.0,true
CHD,52,52,1.0,true
CHRW,52,52,1.0,true
CHTR,33,33,1.0,true
CI,52,52,1.0,true
CIEN,52,52,1.0,true
CINF,52,52,1.0,true
CL,52,52,1.0,true
CLX,52,52,1.0,true
CMCSA,52,52,1.0,true
CME,52,52,1.0,true
CMG,52,52,1.0,true
CMI,52,52,1.0,true
CMS,52,52,1.0,true
CNC,52,52,1.0,true
CNP,52,52,1.0,true
COF,52,52,1.0,true
COHR,52,52,1.0,true
COO,52,52,1.0,true
COP,52,52,1.0,true
COR,52,52,1.0,true
COST,52,52,1.0,true
CPAY,52,52,1.0,true
CPRT,52,52,1.0,true
CPT,52,52,1.0,true
CRH,52,52,1.0,true
CRL,52,52,1.0,true
CRM,52,52,1.0,true
CSCO,52,52,1.0,true
CSGP,52,52,1.0,true
CSX,52,52,1.0,true
CTAS,52,52,1.0,true
CTSH,52,52,1.0,true
CVS,52,52,1.0,true
CVX,52,52,1.0,true
D,52,52,1.0,true
DAL,52,52,1.0,true
DD,52,52,1.0,true
DE,52,52,1.0,true
DECK,52,52,1.0,true
DG,52,52,1.0,true
DGX,52,52,1.0,true
DHI,52,52,1.0,true
DHR,52,52,1.0,true
DIS,52,52,1.0,true
DLR,52,52,1.0,true
DLTR,52,52,1.0,true
DOC,52,52,1.0,true
DOV,52,52,1.0,true
DPZ,52,52,1.0,true
DRI,52,52,1.0,true
DTE,52,52,1.0,true
DUK,52,52,1.0,true
DVA,52,52,1.0,true
DVN,52,52,1.0,true
DXCM,52,52,1.0,true
EA,52,52,1.0,true
EBAY,52,52,1.0,true
ECHO,52,52,1.0,true
ECL,52,52,1.0,true
ED,52,52,1.0,true
EFX,52,52,1.0,true
EG,52,52,1.0,true
EIX,52,52,1.0,true
EL,52,52,1.0,true
ELV,52,52,1.0,true
EME,52,52,1.0,true
EMR,52,52,1.0,true
EOG,52,52,1.0,true
EQIX,52,52,1.0,true
EQR,52,52,1.0,true
EQT,52,52,1.0,true
ERIE,52,52,1.0,true
ES,52,52,1.0,true
ESS,52,52,1.0,true
ETN,52,52,1.0,true
ETR,52,52,1.0,true
EVRG,41,32,0.7804878049,true
EW,52,52,1.0,true
EXC,52,52,1.0,true
EXPD,52,52,1.0,true
EXPE,52,52,1.0,true
EXR,52,52,1.0,true
F,52,52,1.0,true
FAST,52,52,1.0,true
FCX,52,52,1.0,true
FDS,52,52,1.0,true
FDX,52,52,1.0,true
FE,52,52,1.0,true
FFIV,52,52,1.0,true
FICO,52,52,1.0,true
FIS,52,52,1.0,true
FISV,52,52,1.0,true
FITB,52,52,1.0,true
FIX,52,52,1.0,true
FLEX,52,52,1.0,true
FRT,52,52,1.0,true
FSLR,52,52,1.0,true
FTNT,52,52,1.0,true
GD,52,52,1.0,true
GE,52,52,1.0,true
GEN,52,52,1.0,true
GILD,52,52,1.0,true
GIS,52,52,1.0,true
GL,52,52,1.0,true
GLW,52,52,1.0,true
GM,52,52,1.0,true
GNRC,52,52,1.0,true
GOOG,52,43,0.8269230769,true
GOOGL,52,43,0.8269230769,true
GPC,52,52,1.0,true
GPN,52,52,1.0,true
GRMN,52,52,1.0,true
GS,52,52,1.0,true
GWW,52,52,1.0,true
HAL,52,52,1.0,true
HAS,52,52,1.0,true
HBAN,52,52,1.0,true
HCA,52,52,1.0,true
HD,52,52,1.0,true
HIG,52,52,1.0,true
HII,52,52,1.0,true
HON,52,52,1.0,true
HPQ,52,52,1.0,true
HRL,52,52,1.0,true
HSIC,52,52,1.0,true
HST,52,52,1.0,true
HSY,52,52,1.0,true
HUM,52,52,1.0,true
IBKR,52,52,1.0,true
IBM,52,52,1.0,true
ICE,52,52,1.0,true
IDXX,52,52,1.0,true
IEX,52,52,1.0,true
IFF,52,52,1.0,true
INCY,52,52,1.0,true
INTC,52,52,1.0,true
INTU,52,52,1.0,true
IP,52,52,1.0,true
IRM,52,52,1.0,true
ISRG,52,52,1.0,true
IT,52,52,1.0,true
ITW,52,52,1.0,true
IVZ,52,52,1.0,true
J,52,52,1.0,true
JBHT,52,52,1.0,true
JBL,52,52,1.0,true
JCI,52,52,1.0,true
JKHY,52,52,1.0,true
JNJ,52,52,1.0,true
JPM,52,52,1.0,true
KDP,52,52,1.0,true
KEY,52,52,1.0,true
KIM,52,52,1.0,true
KKR,8,8,1.0,true
KLAC,52,52,1.0,true
KMB,52,52,1.0,true
KMI,52,52,1.0,true
KO,52,52,1.0,true
KR,52,52,1.0,true
L,52,52,1.0,true
LDOS,52,52,1.0,true
LEN,52,52,1.0,true
LH,52,52,1.0,true
LHX,52,52,1.0,true
LII,52,52,1.0,true
LIN,52,27,0.5192307692,false
LLY,52,52,1.0,true
LMT,52,52,1.0,true
LNT,52,52,1.0,true
LOW,52,52,1.0,true
LRCX,52,52,1.0,true
LULU,52,52,1.0,true
LUV,52,52,1.0,true
LVS,52,52,1.0,true
LYV,52,52,1.0,true
MA,52,52,1.0,true
MAA,1,1,1.0,true
MAR,52,52,1.0,true
MAS,52,52,1.0,true
MCD,52,52,1.0,true
MCHP,52,52,1.0,true
MCK,52,52,1.0,true
MCO,52,52,1.0,true
MDLZ,52,52,1.0,true
MDT,52,52,1.0,true
MET,52,52,1.0,true
META,52,52,1.0,true
MGM,52,52,1.0,true
MKC,52,52,1.0,true
MLM,52,52,1.0,true
MMM,52,52,1.0,true
MNST,52,52,1.0,true
MO,52,52,1.0,true
MOS,52,52,1.0,true
MPC,52,52,1.0,true
MPWR,52,52,1.0,true
MRK,52,52,1.0,true
MRSH,52,52,1.0,true
MRVL,52,52,1.0,true
MS,52,52,1.0,true
MSCI,52,52,1.0,true
MSFT,52,52,1.0,true
MSI,52,52,1.0,true
MTB,52,52,1.0,true
MTD,52,52,1.0,true
MU,52,52,1.0,true
NDAQ,52,52,1.0,true
NDSN,52,52,1.0,true
NEE,52,52,1.0,true
NEM,52,52,1.0,true
NFLX,52,52,1.0,true
NI,52,52,1.0,true
NKE,52,52,1.0,true
NOC,52,52,1.0,true
NRG,52,52,1.0,true
NSC,52,52,1.0,true
NTAP,52,52,1.0,true
NTRS,52,52,1.0,true
NUE,52,52,1.0,true
NVDA,52,52,1.0,true
NVR,52,52,1.0,true
NXPI,52,52,1.0,true
O,52,52,1.0,true
ODFL,52,52,1.0,true
OKE,52,52,1.0,true
OMC,52,52,1.0,true
ON,52,52,1.0,true
ORCL,52,52,1.0,true
ORLY,52,52,1.0,true
OXY,52,52,1.0,true
PAYX,52,52,1.0,true
PCAR,52,52,1.0,true
PCG,52,52,1.0,true
PEG,52,52,1.0,true
PEP,52,52,1.0,true
PFE,52,52,1.0,true
PFG,52,52,1.0,true
PG,52,52,1.0,true
PGR,52,52,1.0,true
PH,52,52,1.0,true
PHM,52,52,1.0,true
PKG,52,52,1.0,true
PLD,52,52,1.0,true
PM,52,52,1.0,true
PNC,52,52,1.0,true
PNR,52,52,1.0,true
PNW,52,52,1.0,true
PODD,52,52,1.0,true
PPG,52,52,1.0,true
PPL,52,52,1.0,true
PRU,52,52,1.0,true
PSA,52,52,1.0,true
PSKY,3,3,1.0,true
PTC,52,52,1.0,true
PWR,52,52,1.0,true
QCOM,52,52,1.0,true
RCL,52,52,1.0,true
REG,52,52,1.0,true
REGN,52,52,1.0,true
RF,52,52,1.0,true
RJF,52,52,1.0,true
RL,52,52,1.0,true
RMD,52,52,1.0,true
ROK,52,52,1.0,true
ROL,52,52,1.0,true
ROP,52,52,1.0,true
ROST,52,52,1.0,true
RSG,52,52,1.0,true
RTX,52,52,1.0,true
RVTY,52,52,1.0,true
SBAC,52,52,1.0,true
SBUX,52,52,1.0,true
SCHW,52,52,1.0,true
SHW,52,52,1.0,true
SJM,52,52,1.0,true
SLB,52,52,1.0,true
SMCI,52,52,1.0,true
SNA,52,52,1.0,true
SNPS,52,52,1.0,true
SO,52,52,1.0,true
SPG,52,52,1.0,true
SPGI,52,52,1.0,true
SRE,52,52,1.0,true
STE,52,52,1.0,true
STLD,52,52,1.0,true
STT,52,52,1.0,true
STX,52,52,1.0,true
STZ,52,52,1.0,true
SW,7,7,1.0,true
SWK,52,52,1.0,true
SWKS,52,52,1.0,true
SYK,52,52,1.0,true
SYY,52,52,1.0,true
T,52,52,1.0,true
TAP,52,52,1.0,true
TDG,52,52,1.0,true
TDY,52,52,1.0,true
TECH,49,49,1.0,true
TEL,52,52,1.0,true
TER,52,52,1.0,true
TFC,52,52,1.0,true
TGT,52,52,1.0,true
TJX,52,52,1.0,true
TKO,11,11,1.0,true
TMO,52,52,1.0,true
TMUS,52,52,1.0,true
TPL,22,22,1.0,true
TPR,52,52,1.0,true
TRGP,52,52,1.0,true
TRMB,52,52,1.0,true
TROW,52,52,1.0,true
TRV,31,30,0.9677419355,true
TSCO,52,52,1.0,true
TSLA,52,52,1.0,true
TSN,52,52,1.0,true
TT,52,52,1.0,true
TTWO,52,52,1.0,true
TXN,52,52,1.0,true
TXT,52,52,1.0,true
TYL,52,52,1.0,true
UAL,52,52,1.0,true
UDR,52,52,1.0,true
UHS,52,52,1.0,true
ULTA,36,36,1.0,true
UNH,52,52,1.0,true
UNP,52,52,1.0,true
UPS,52,52,1.0,true
URI,52,52,1.0,true
USB,52,52,1.0,true
V,52,52,1.0,true
VLO,52,52,1.0,true
VMC,52,52,1.0,true
VRSK,52,52,1.0,true
VRSN,52,52,1.0,true
VRTX,52,52,1.0,true
VTR,52,52,1.0,true
VTRS,52,30,0.5769230769,false
VZ,52,52,1.0,true
WAB,52,52,1.0,true
WAT,52,52,1.0,true
WBD,52,52,1.0,true
WDC,52,52,1.0,true
WEC,52,52,1.0,true
WELL,52,52,1.0,true
WFC,52,52,1.0,true
WM,52,52,1.0,true
WMB,52,52,1.0,true
WMT,52,52,1.0,true
WRB,52,52,1.0,true
WSM,52,52,1.0,true
WST,52,52,1.0,true
WTW,50,50,1.0,true
WY,52,52,1.0,true
WYNN,52,52,1.0,true
XEL,52,52,1.0,true
XOM,52,52,1.0,true
XYL,52,52,1.0,true
YUM,52,52,1.0,true
ZBH,52,52,1.0,true
ZBRA,52,52,1.0,true
