sample_id,stratum,first_event_amendment,accession_number,manager_cik,manager_name,report_period,filing_date,conservative_availability_date,submission_type,amendment_type,amendment_operation,amendment_usable,ticker,issuer_cik,cusip,expected_issuer_names,expected_class_titles,expected_reported_value,expected_reported_shares,expected_investment_discretions,expected_voting_sole,expected_voting_shared,expected_voting_none,source_url
13FSR-0001,REPLACE_SNAPSHOT_FROM_AVAILABILITY__E1_2013_2016,false,0000038777-16-000501,0000038777,FRANKLIN RESOURCES INC,2015-12-31,2016-04-27,2016-04-28,13F-HR/A,RESTATEMENT,REPLACE_SNAPSHOT_FROM_AVAILABILITY,1,PG,0000080424,742718109,PROCTER & GAMBLE CO,COM,581956,7328436,DFND,7266469,0,61967,https://www.sec.gov/Archives/edgar/data/38777/000003877716000501/0000038777-16-000501.txt
13FSR-0002,INITIAL_SNAPSHOT__E1_2013_2016,false,0000051762-16-000007,0000051762,RNC CAPITAL MANAGEMENT LLC,2015-12-31,2016-01-13,2016-01-14,13F-HR,,INITIAL_SNAPSHOT,1,EIX,0000827052,281020107,EDISON INTERNATIONAL,COM,439,7412,SOLE,7412,0,0,https://www.sec.gov/Archives/edgar/data/51762/000005176216000007/0000051762-16-000007.txt
13FSR-0003,ADD_NEW_HOLDINGS_FROM_AVAILABILITY__E3_2021_2022,false,0000354204-21-000648,0000354204,DIMENSIONAL FUND ADVISORS LP,2020-12-31,2021-02-25,2021-02-26,13F-HR/A,NEW HOLDINGS,ADD_NEW_HOLDINGS_FROM_AVAILABILITY,1,AEE,0001002910,023608102,AMEREN CORP,COM,63945,819252,DFND,726955,0,92297,https://www.sec.gov/Archives/edgar/data/354204/000035420421000648/0000354204-21-000648.txt
13FSR-0004,INITIAL_SNAPSHOT__E1_2013_2016,false,0000764068-15-000025,0000764068,Legal & General Group Plc,2015-03-31,2015-05-14,2015-05-15,13F-HR,,INITIAL_SNAPSHOT,1,BA,0000012927,097023105,BOEING CO,COM,372832,2484099,DFND,2315702,0,168397,https://www.sec.gov/Archives/edgar/data/764068/000076406815000025/0000764068-15-000025.txt
13FSR-0005,INITIAL_SNAPSHOT__E3_2021_2022,false,0000850529-21-000006,0000850529,"Fisher Asset Management, LLC",2021-06-30,2021-07-27,2021-07-28,13F-HR,,INITIAL_SNAPSHOT,1,VRTX,0000875320,92532F100,VERTEX PHARMACEUTICALS INC,COM,5043,25013,DFND,7404,0,17609,https://www.sec.gov/Archives/edgar/data/850529/000085052921000006/0000850529-21-000006.txt
13FSR-0006,EXCLUDE_UNKNOWN_AMENDMENT_SEMANTICS__E2_2017_2020,false,0000872573-17-000012,0000872573,CAXTON ASSOCIATES LP,2017-06-30,2017-08-29,2017-08-30,13F-HR/A,,EXCLUDE_UNKNOWN_AMENDMENT_SEMANTICS,0,BAX,0000010456,071813109,BAXTER INTL INC,COM,654,10800,SOLE,10800,0,0,https://www.sec.gov/Archives/edgar/data/872573/000087257317000012/0000872573-17-000012.txt
13FSR-0007,REPLACE_SNAPSHOT_FROM_AVAILABILITY__E1_2013_2016,false,0000878228-16-000022,0000878228,WENDELL DAVID ASSOCIATES INC,2016-09-30,2016-10-18,2016-10-19,13F-HR/A,RESTATEMENT,REPLACE_SNAPSHOT_FROM_AVAILABILITY,1,AMGN,0000318154,031162100,Amgen,COMM,2085,12500,OTR,0,0,12500,https://www.sec.gov/Archives/edgar/data/878228/000087822816000022/0000878228-16-000022.txt
13FSR-0008,INITIAL_SNAPSHOT__E1_2013_2016,false,0000883724-15-000008,0000883724,PORTOLA GROUP INC /CA,2014-03-31,2015-03-02,2015-03-03,13F-HR,,INITIAL_SNAPSHOT,1,NEM,0001164727,651639106,NEWMONT MINING CORP,COM,742,31650,DFND,0,0,31650,https://www.sec.gov/Archives/edgar/data/883724/000088372415000008/0000883724-15-000008.txt
13FSR-0009,INITIAL_SNAPSHOT__E1_2013_2016,false,0000884548-16-000014,0000884548,CONNORS INVESTOR SERVICES INC,2016-03-31,2016-05-12,2016-05-13,13F-HR,,INITIAL_SNAPSHOT,1,DLTR,0000935703,256746108,DOLLAR TREE,COM,263,3400,SOLE,3400,0,0,https://www.sec.gov/Archives/edgar/data/884548/000088454816000014/0000884548-16-000014.txt
13FSR-0010,INITIAL_SNAPSHOT__E3_2021_2022,false,0000884548-22-000001,0000884548,CONNORS INVESTOR SERVICES INC,2021-12-31,2022-02-15,2022-02-16,13F-HR,,INITIAL_SNAPSHOT,1,XOM,0000034088,30231G102,EXXONMOBIL,COM,268,4387,SOLE,4387,0,0,https://www.sec.gov/Archives/edgar/data/884548/000088454822000001/0000884548-22-000001.txt
13FSR-0011,INITIAL_SNAPSHOT__E2_2017_2020,false,0000902664-18-000941,0001611519,PARUS FINANCE (UK) Ltd,2017-12-31,2018-02-13,2018-02-14,13F-HR,,INITIAL_SNAPSHOT,1,AAPL,0000320193,037833100,APPLE INC,COM,45025,287865,SOLE,287865,0,0,https://www.sec.gov/Archives/edgar/data/1611519/000090266418000941/0000902664-18-000941.txt
13FSR-0012,ADD_NEW_HOLDINGS_FROM_AVAILABILITY__E4_2023_2026,false,0000905148-24-002778,0001831577,"Jump Financial, LLC",2023-06-30,2024-10-21,2024-10-22,13F-HR/A,NEW HOLDINGS,ADD_NEW_HOLDINGS_FROM_AVAILABILITY,1,CVS,0000064803,126650100,CVS HEALTH CORP,COM,829560,12000,SOLE,12000,0,0,https://www.sec.gov/Archives/edgar/data/1831577/000090514824002778/0000905148-24-002778.txt
13FSR-0013,REPLACE_SNAPSHOT_FROM_AVAILABILITY__E4_2023_2026,false,0000905148-26-002054,0001694217,"DZ BANK AG Deutsche Zentral Genossenschafts Bank, Frankfurt am Main",2024-06-30,2026-05-04,2026-05-05,13F-HR/A,RESTATEMENT,REPLACE_SNAPSHOT_FROM_AVAILABILITY,1,NI,0001111711,65473P105,NISOURCE INC,COM,1403133,48703,DFND,48703,0,0,https://www.sec.gov/Archives/edgar/data/1694217/000090514826002054/0000905148-26-002054.txt
13FSR-0014,INITIAL_SNAPSHOT__E1_2013_2016,false,0000909012-15-000313,0001567784,"Carroll Financial Associates, Inc.",2015-09-30,2015-10-28,2015-10-29,13F-HR,,INITIAL_SNAPSHOT,1,PEG,0000788784,744573106,PUBLIC SVC ENTERPRISE GROUP COM,Stock,4,96,SOLE,0,0,0,https://www.sec.gov/Archives/edgar/data/1567784/000090901215000313/0000909012-15-000313.txt
13FSR-0015,INITIAL_SNAPSHOT__E1_2013_2016,false,0000917579-13-000005,0000917579,KESTREL INVESTMENT MANAGEMENT CORP,2013-09-30,2013-11-14,2013-11-15,13F-HR,,INITIAL_SNAPSHOT,1,HII,0001501585,446413106,Huntington Ingalls Ind,COM,34957,518650,SOLE,505750,0,12900,https://www.sec.gov/Archives/edgar/data/917579/000091757913000005/0000917579-13-000005.txt
13FSR-0016,EXCLUDE_UNKNOWN_AMENDMENT_SEMANTICS__E1_2013_2016,false,0000919185-16-000018,0000919185,HIGHBRIDGE CAPITAL MANAGEMENT LLC,2015-12-31,2016-02-23,2016-02-24,13F-HR/A,,EXCLUDE_UNKNOWN_AMENDMENT_SEMANTICS,0,META,0001326801,30303M102,FACEBOOK INC,COMMON,2515,24030,DFND,24030,0,0,https://www.sec.gov/Archives/edgar/data/919185/000091918516000018/0000919185-16-000018.txt
13FSR-0017,INITIAL_SNAPSHOT__E4_2023_2026,false,0000919530-25-000006,0000919530,JOHN G ULLMAN & ASSOCIATES INC,2025-09-30,2025-11-05,2025-11-06,13F-HR,,INITIAL_SNAPSHOT,1,EA,0000712515,285512109,ELECTRONIC ARTS INC,COM,4270997,21175,SOLE,0,0,21175,https://www.sec.gov/Archives/edgar/data/919530/000091953025000006/0000919530-25-000006.txt
13FSR-0018,REPLACE_SNAPSHOT_FROM_AVAILABILITY__E1_2013_2016,false,0000919574-13-007040,0001353316,"Hound Partners, LLC",2013-09-30,2013-12-30,2013-12-31,13F-HR/A,RESTATEMENT,REPLACE_SNAPSHOT_FROM_AVAILABILITY,1,DVA,0000927066,23918K108,DAVITA HEALTHCARE PARTNERS I,COM,62880,1105088,DFND,1105088,0,0,https://www.sec.gov/Archives/edgar/data/1353316/000091957413007040/0000919574-13-007040.txt
13FSR-0019,INITIAL_SNAPSHOT__E2_2017_2020,false,0000919574-18-005511,0001388551,CAXTON CORP,2018-06-30,2018-08-14,2018-08-15,13F-HR,,INITIAL_SNAPSHOT,1,PCG,0001004980,69331C108,PG&E CORP,COM,958,22500,SOLE,22500,0,0,https://www.sec.gov/Archives/edgar/data/1388551/000091957418005511/0000919574-18-005511.txt
13FSR-0020,INITIAL_SNAPSHOT__E3_2021_2022,false,0000919574-22-004853,0001633362,"Simcoe Capital Management, LLC",2022-06-30,2022-08-15,2022-08-16,13F-HR,,INITIAL_SNAPSHOT,1,JBL,0000898293,466313103,JABIL INC,COM,59223,1156480,DFND|SOLE,1156480,0,0,https://www.sec.gov/Archives/edgar/data/1633362/000091957422004853/0000919574-22-004853.txt
13FSR-0021,INITIAL_SNAPSHOT__E1_2013_2016,false,0000930413-16-007027,0000939222,TEACHERS ADVISORS INC,2016-03-31,2016-05-06,2016-05-09,13F-HR,,INITIAL_SNAPSHOT,1,XOM,0000034088,30231G102,Exxon Mobil Corp,CS,515500,6167009,DFND,6167009,0,0,https://www.sec.gov/Archives/edgar/data/939222/000093041316007027/0000930413-16-007027.txt
13FSR-0022,REPLACE_SNAPSHOT_FROM_AVAILABILITY__E4_2023_2026,true,0000946629-25-000002,0000946629,"LEIGH BALDWIN & CO., LLC",2024-12-31,2025-02-25,2025-02-26,13F-HR/A,RESTATEMENT,REPLACE_SNAPSHOT_FROM_AVAILABILITY,1,COST,0000909832,22160K105,COSTCO WHSL CORP NEW,COM,982109,1072,SOLE,0,0,0,https://www.sec.gov/Archives/edgar/data/946629/000094662925000002/0000946629-25-000002.txt
13FSR-0023,INITIAL_SNAPSHOT__E1_2013_2016,false,0000950103-16-013369,0001332632,CHILTON INVESTMENT CO LLC,2016-03-31,2016-05-16,2016-05-17,13F-HR,,INITIAL_SNAPSHOT,1,TMO,0000097745,883556102,THERMO FISHER SCIENTIFIC INC,COMMON STOCK,61371,433442,DFND|OTR,421711,0,11731,https://www.sec.gov/Archives/edgar/data/1332632/000095010316013369/0000950103-16-013369.txt
13FSR-0024,EXCLUDE_UNKNOWN_AMENDMENT_SEMANTICS__E1_2013_2016,false,0000950123-13-007218,0001352924,Caledonia (Private) Investments Pty Ltd,2013-06-30,2013-08-26,2013-08-27,13F-HR/A,,EXCLUDE_UNKNOWN_AMENDMENT_SEMANTICS,0,CL,0000021665,194162103,COLGATE PALMOLIVE CO,COM,53834,939678,SOLE,939678,0,0,https://www.sec.gov/Archives/edgar/data/1352924/000095012313007218/0000950123-13-007218.txt
13FSR-0025,REPLACE_SNAPSHOT_FROM_AVAILABILITY__E1_2013_2016,false,0000950123-14-002870,0001449434,"Apollo Management Holdings, L.P.",2013-12-31,2014-02-25,2014-02-26,13F-HR/A,RESTATEMENT,REPLACE_SNAPSHOT_FROM_AVAILABILITY,1,DAL,0000027904,247361702,Delta Air Lines Inc Del,COM NEW,617,22446,DFND,0,22446,0,https://www.sec.gov/Archives/edgar/data/1449434/000095012314002870/0000950123-14-002870.txt
13FSR-0026,INITIAL_SNAPSHOT__E1_2013_2016,false,0000950123-14-007197,0001365707,"CONTRAVISORY INVESTMENT MANAGEMENT, INC.",2014-06-30,2014-07-17,2014-07-18,13F-HR,,INITIAL_SNAPSHOT,1,T,0000732717,00206R102,"A T & T, Inc.",com,11,309,SOLE,11,0,0,https://www.sec.gov/Archives/edgar/data/1365707/000095012314007197/0000950123-14-007197.txt
13FSR-0027,EXCLUDE_UNKNOWN_AMENDMENT_SEMANTICS__E1_2013_2016,false,0000950123-14-007975,0000320335,Torchmark Corp,2014-06-30,2014-08-07,2014-08-08,13F-HR/A,,EXCLUDE_UNKNOWN_AMENDMENT_SEMANTICS,0,IBM,0000051143,459200101,IBM Corp.,Common Stock,12616,69600,SOLE,69600,0,0,https://www.sec.gov/Archives/edgar/data/320335/000095012314007975/0000950123-14-007975.txt
13FSR-0028,ADD_NEW_HOLDINGS_FROM_AVAILABILITY__E1_2013_2016,false,0000950123-15-009877,0001535323,Allianz Asset Management AG,2015-06-30,2015-09-22,2015-09-23,13F-HR/A,NEW HOLDINGS,ADD_NEW_HOLDINGS_FROM_AVAILABILITY,1,ODFL,0000878927,679580100,OLD DOMINION FGHT LINES INC,COM,4371,63463,DFND,0,0,63463,https://www.sec.gov/Archives/edgar/data/1535323/000095012315009877/0000950123-15-009877.txt
13FSR-0029,REPLACE_SNAPSHOT_FROM_AVAILABILITY__E1_2013_2016,false,0000950123-15-010952,0001540138,Smith Affiliated Capital Corp.,2014-09-30,2015-11-06,2015-11-09,13F-HR/A,RESTATEMENT,REPLACE_SNAPSHOT_FROM_AVAILABILITY,1,JCI,0000833444,00101J106,THE ADT CORPORATION,A-Shares,19893,561,SOLE,0,0,561,https://www.sec.gov/Archives/edgar/data/1540138/000095012315010952/0000950123-15-010952.txt
13FSR-0030,ADD_NEW_HOLDINGS_FROM_AVAILABILITY__E1_2013_2016,false,0000950123-15-011055,0001423053,CITADEL ADVISORS LLC,2015-06-30,2015-11-09,2015-11-10,13F-HR/A,NEW HOLDINGS,ADD_NEW_HOLDINGS_FROM_AVAILABILITY,1,WMB,0000107263,969457100,WILLIAMS COMPANIES COMMON STOCK,Cmn,1632,28434,DFND,28434,0,0,https://www.sec.gov/Archives/edgar/data/1423053/000095012315011055/0000950123-15-011055.txt
13FSR-0031,REPLACE_SNAPSHOT_FROM_AVAILABILITY__E2_2017_2020,false,0000950123-17-003732,0001068855,"Asset Management One Co., Ltd.",2016-12-31,2017-05-02,2017-05-03,13F-HR/A,RESTATEMENT,REPLACE_SNAPSHOT_FROM_AVAILABILITY,1,BAC,0000070858,060505104,BANK AMER CORP|BANK OF AMERICA CORP,COM,392124,17749600,OTR|SOLE,17749600,0,0,https://www.sec.gov/Archives/edgar/data/1068855/000095012317003732/0000950123-17-003732.txt
13FSR-0032,INITIAL_SNAPSHOT__E2_2017_2020,false,0000950123-20-001589,0000904163,AMERICAN NATIONAL INSURANCE CO,2019-12-31,2020-02-12,2020-02-13,13F-HR,,INITIAL_SNAPSHOT,1,DLR,0001297996,253868103,Digital Realty,COM,718,6000,SOLE,6000,0,0,https://www.sec.gov/Archives/edgar/data/904163/000095012320001589/0000950123-20-001589.txt
13FSR-0033,ADD_NEW_HOLDINGS_FROM_AVAILABILITY__E4_2023_2026,false,0000950123-24-005917,0001535323,Allianz Asset Management GmbH,2020-12-31,2024-05-23,2024-05-24,13F-HR/A,NEW HOLDINGS,ADD_NEW_HOLDINGS_FROM_AVAILABILITY,1,STX,0001137789,G7945M107,SEAGATE TECHNOLOGY PLC,SHS,1200869,19319,DFND,19319,0,0,https://www.sec.gov/Archives/edgar/data/1535323/000095012324005917/0000950123-24-005917.txt
13FSR-0034,ADD_NEW_HOLDINGS_FROM_AVAILABILITY__E4_2023_2026,false,0000950123-24-005982,0001535323,Allianz Asset Management GmbH,2021-03-31,2024-05-23,2024-05-24,13F-HR/A,NEW HOLDINGS,ADD_NEW_HOLDINGS_FROM_AVAILABILITY,1,IVZ,0000914208,G491BT108,INVESCO LTD,SHS,1850467,73373,DFND,73373,0,0,https://www.sec.gov/Archives/edgar/data/1535323/000095012324005982/0000950123-24-005982.txt
13FSR-0035,REPLACE_SNAPSHOT_FROM_AVAILABILITY__E3_2021_2022,false,0001005607-21-000009,0001005607,"OSBORNE PARTNERS CAPITAL MANAGEMENT, LLC",2021-03-31,2021-08-09,2021-08-10,13F-HR/A,RESTATEMENT,REPLACE_SNAPSHOT_FROM_AVAILABILITY,1,BAC,0000070858,060505104,BK OF AMERICA CORP,COM,675,17450,SOLE,0,0,17450,https://www.sec.gov/Archives/edgar/data/1005607/000100560721000009/0001005607-21-000009.txt
13FSR-0036,INITIAL_SNAPSHOT__E4_2023_2026,false,0001008895-23-000003,0001008895,SCHMIDT P J INVESTMENT MANAGEMENT INC,2023-06-30,2023-07-26,2023-07-27,13F-HR,,INITIAL_SNAPSHOT,1,SJM,0000091419,832696405,SMUCKER J M CO,COM NEW,309173,2021,SOLE,0,0,2021,https://www.sec.gov/Archives/edgar/data/1008895/000100889523000003/0001008895-23-000003.txt
13FSR-0037,ADD_NEW_HOLDINGS_FROM_AVAILABILITY__E2_2017_2020,false,0001009022-19-000004,0001009022,INVESTMENT MANAGEMENT OF VIRGINIA LLC,2019-03-31,2019-05-02,2019-05-03,13F-HR/A,NEW HOLDINGS,ADD_NEW_HOLDINGS_FROM_AVAILABILITY,1,TFC,0000092230,054937107,BB&T Corp.,COM,2559,55002,OTR|SOLE,48088,0,6914,https://www.sec.gov/Archives/edgar/data/1009022/000100902219000004/0001009022-19-000004.txt
13FSR-0038,INITIAL_SNAPSHOT__E1_2013_2016,false,0001013228-14-002657,0001297376,"Advisors Asset Management, Inc.",2014-09-30,2014-11-13,2014-11-14,13F-HR,,INITIAL_SNAPSHOT,1,GPN,0001123360,37940X102,GLOBAL PMTS INC,COM,299,4283,SOLE,4283,0,0,https://www.sec.gov/Archives/edgar/data/1297376/000101322814002657/0001013228-14-002657.txt
13FSR-0039,INITIAL_SNAPSHOT__E4_2023_2026,false,0001056973-25-000017,0001056973,"Carlson Capital, L.P.",2025-09-30,2025-11-05,2025-11-06,13F-HR,,INITIAL_SNAPSHOT,1,AON,0000315293,G0403H108,AON PLC,SHS CL A,213948,600,SOLE,600,0,0,https://www.sec.gov/Archives/edgar/data/1056973/000105697325000017/0001056973-25-000017.txt
13FSR-0040,REPLACE_SNAPSHOT_FROM_AVAILABILITY__E2_2017_2020,false,0001062993-19-001627,0001541353,Triangle Securities Wealth Management,2019-03-31,2019-04-10,2019-04-11,13F-HR/A,RESTATEMENT,REPLACE_SNAPSHOT_FROM_AVAILABILITY,1,PM,0001413329,718172109,PHILIP MORRIS INTL INC,COM,1154,13059,SOLE,0,0,13059,https://www.sec.gov/Archives/edgar/data/1541353/000106299319001627/0001062993-19-001627.txt
13FSR-0041,INITIAL_SNAPSHOT__E3_2021_2022,false,0001062993-21-000320,0001730818,"Baugh & Associates, LLC",2020-12-31,2021-01-13,2021-01-14,13F-HR,,INITIAL_SNAPSHOT,1,GE,0000040545,369604103,GENERAL ELECTRIC CO,COM,1177,108948,SOLE,0,0,108948,https://www.sec.gov/Archives/edgar/data/1730818/000106299321000320/0001062993-21-000320.txt
13FSR-0042,INITIAL_SNAPSHOT__E3_2021_2022,false,0001062993-21-004295,0001324279,Coastline Trust Co,2021-03-31,2021-05-10,2021-05-11,13F-HR,,INITIAL_SNAPSHOT,1,CSCO,0000858877,17275R102,CISCO SYSTEMS INC,COMMON STOCK,6828,132058,DFND|OTR,132058,0,0,https://www.sec.gov/Archives/edgar/data/1324279/000106299321004295/0001062993-21-004295.txt
13FSR-0043,INITIAL_SNAPSHOT__E3_2021_2022,false,0001062993-22-021928,0001542302,LYRICAL ASSET MANAGEMENT LP,2022-09-30,2022-11-14,2022-11-15,13F-HR,,INITIAL_SNAPSHOT,1,WDC,0000106040,958102105,Western Digital Corporation,COM,116665,3584182,SOLE,2736038,848144,0,https://www.sec.gov/Archives/edgar/data/1542302/000106299322021928/0001062993-22-021928.txt
13FSR-0044,REPLACE_SNAPSHOT_FROM_AVAILABILITY__E3_2021_2022,false,0001062993-22-022224,0001510281,"Saba Capital Management, L.P.",2022-09-30,2022-11-16,2022-11-17,13F-HR/A,RESTATEMENT,REPLACE_SNAPSHOT_FROM_AVAILABILITY,1,EMR,0000032604,291011104,EMERSON ELEC CO,COM,7040,96155,SOLE,96155,0,0,https://www.sec.gov/Archives/edgar/data/1510281/000106299322022224/0001062993-22-022224.txt
13FSR-0045,EXCLUDE_UNKNOWN_AMENDMENT_SEMANTICS__E4_2023_2026,true,0001071061-24-000014,0001071061,"HANTZ FINANCIAL SERVICES, INC.",2020-03-31,2024-08-06,2024-08-07,13F-HR/A,,EXCLUDE_UNKNOWN_AMENDMENT_SEMANTICS,0,WM,0000823768,94106L109,WASTE MGMT INC DEL,USD,3164,34184,SOLE,0,0,3164,https://www.sec.gov/Archives/edgar/data/1071061/000107106124000014/0001071061-24-000014.txt
13FSR-0046,EXCLUDE_UNKNOWN_AMENDMENT_SEMANTICS__E4_2023_2026,true,0001071061-24-000015,0001071061,"HANTZ FINANCIAL SERVICES, INC.",2020-06-30,2024-08-06,2024-08-07,13F-HR/A,,EXCLUDE_UNKNOWN_AMENDMENT_SEMANTICS,0,KEY,0000091576,493267108,KEYCORP,USD,1923,157860,SOLE,0,0,1923,https://www.sec.gov/Archives/edgar/data/1071061/000107106124000015/0001071061-24-000015.txt
13FSR-0047,EXCLUDE_UNKNOWN_AMENDMENT_SEMANTICS__E4_2023_2026,true,0001071061-24-000016,0001071061,"HANTZ FINANCIAL SERVICES, INC.",2020-09-30,2024-08-06,2024-08-07,13F-HR/A,,EXCLUDE_UNKNOWN_AMENDMENT_SEMANTICS,0,VMC,0001396009,929160109,VULCAN MATLS CO,USD,3354,24746,SOLE,0,0,3354,https://www.sec.gov/Archives/edgar/data/1071061/000107106124000016/0001071061-24-000016.txt
13FSR-0048,EXCLUDE_UNKNOWN_AMENDMENT_SEMANTICS__E4_2023_2026,true,0001071061-24-000017,0001071061,"HANTZ FINANCIAL SERVICES, INC.",2020-12-31,2024-08-06,2024-08-07,13F-HR/A,,EXCLUDE_UNKNOWN_AMENDMENT_SEMANTICS,0,INTU,0000896878,461202103,INTUIT,USD,4782,12588,SOLE,0,0,4782,https://www.sec.gov/Archives/edgar/data/1071061/000107106124000017/0001071061-24-000017.txt
13FSR-0049,EXCLUDE_UNKNOWN_AMENDMENT_SEMANTICS__E4_2023_2026,true,0001071061-24-000018,0001071061,"HANTZ FINANCIAL SERVICES, INC.",2021-03-31,2024-08-06,2024-08-07,13F-HR/A,,EXCLUDE_UNKNOWN_AMENDMENT_SEMANTICS,0,CME,0001156375,12572Q105,CME GROUP INC,USD,479,2346,SOLE,0,0,479,https://www.sec.gov/Archives/edgar/data/1071061/000107106124000018/0001071061-24-000018.txt
13FSR-0050,EXCLUDE_UNKNOWN_AMENDMENT_SEMANTICS__E4_2023_2026,true,0001071061-24-000019,0001071061,"HANTZ FINANCIAL SERVICES, INC.",2021-06-30,2024-08-06,2024-08-07,13F-HR/A,,EXCLUDE_UNKNOWN_AMENDMENT_SEMANTICS,0,KEY,0000091576,493267108,KEYCORP,USD,3612,174914,SOLE,0,0,3612,https://www.sec.gov/Archives/edgar/data/1071061/000107106124000019/0001071061-24-000019.txt
13FSR-0051,EXCLUDE_UNKNOWN_AMENDMENT_SEMANTICS__E4_2023_2026,true,0001071061-24-000020,0001071061,"HANTZ FINANCIAL SERVICES, INC.",2021-09-30,2024-08-06,2024-08-07,13F-HR/A,,EXCLUDE_UNKNOWN_AMENDMENT_SEMANTICS,0,IDXX,0000874716,45168D104,IDEXX LABS INC,USD,828,1332,SOLE,0,0,828,https://www.sec.gov/Archives/edgar/data/1071061/000107106124000020/0001071061-24-000020.txt
13FSR-0052,EXCLUDE_UNKNOWN_AMENDMENT_SEMANTICS__E4_2023_2026,true,0001071061-24-000021,0001071061,"HANTZ FINANCIAL SERVICES, INC.",2021-12-31,2024-08-06,2024-08-07,13F-HR/A,,EXCLUDE_UNKNOWN_AMENDMENT_SEMANTICS,0,SO,0000092122,842587107,SOUTHERN CO,USD,6292,91752,SOLE,0,0,6292,https://www.sec.gov/Archives/edgar/data/1071061/000107106124000021/0001071061-24-000021.txt
13FSR-0053,EXCLUDE_UNKNOWN_AMENDMENT_SEMANTICS__E4_2023_2026,true,0001071061-24-000022,0001071061,"HANTZ FINANCIAL SERVICES, INC.",2022-03-31,2024-08-06,2024-08-07,13F-HR/A,,EXCLUDE_UNKNOWN_AMENDMENT_SEMANTICS,0,TFC,0000092230,89832Q109,TRUIST FINL CORP,USD,5173,91243,SOLE,0,0,5173,https://www.sec.gov/Archives/edgar/data/1071061/000107106124000022/0001071061-24-000022.txt
13FSR-0054,EXCLUDE_UNKNOWN_AMENDMENT_SEMANTICS__E4_2023_2026,true,0001071061-24-000023,0001071061,"HANTZ FINANCIAL SERVICES, INC.",2022-06-30,2024-08-06,2024-08-07,13F-HR/A,,EXCLUDE_UNKNOWN_AMENDMENT_SEMANTICS,0,SRE,0001032208,816851109,SEMPRA,USD,6921,46055,SOLE,0,0,6921,https://www.sec.gov/Archives/edgar/data/1071061/000107106124000023/0001071061-24-000023.txt
13FSR-0055,EXCLUDE_UNKNOWN_AMENDMENT_SEMANTICS__E4_2023_2026,true,0001071061-24-000024,0001071061,"HANTZ FINANCIAL SERVICES, INC.",2022-09-30,2024-08-06,2024-08-07,13F-HR/A,,EXCLUDE_UNKNOWN_AMENDMENT_SEMANTICS,0,DVN,0001090012,25179M103,DEVON ENERGY CORP NEW,USD,8,129,SOLE,0,0,8,https://www.sec.gov/Archives/edgar/data/1071061/000107106124000024/0001071061-24-000024.txt
13FSR-0056,EXCLUDE_UNKNOWN_AMENDMENT_SEMANTICS__E4_2023_2026,true,0001071061-24-000025,0001071061,"HANTZ FINANCIAL SERVICES, INC.",2022-12-31,2024-08-06,2024-08-07,13F-HR/A,,EXCLUDE_UNKNOWN_AMENDMENT_SEMANTICS,0,PNC,0000713676,693475105,PNC FINL SVCS GROUP INC,USD,8281,52434,SOLE,0,0,8281,https://www.sec.gov/Archives/edgar/data/1071061/000107106124000025/0001071061-24-000025.txt
13FSR-0057,EXCLUDE_UNKNOWN_AMENDMENT_SEMANTICS__E4_2023_2026,true,0001071061-24-000026,0001071061,"HANTZ FINANCIAL SERVICES, INC.",2023-03-31,2024-08-06,2024-08-07,13F-HR/A,,EXCLUDE_UNKNOWN_AMENDMENT_SEMANTICS,0,MCD,0000063908,580135101,MCDONALDS CORP,USD,8227,29422,SOLE,0,0,8227,https://www.sec.gov/Archives/edgar/data/1071061/000107106124000026/0001071061-24-000026.txt
13FSR-0058,EXCLUDE_UNKNOWN_AMENDMENT_SEMANTICS__E4_2023_2026,true,0001071061-24-000027,0001071061,"HANTZ FINANCIAL SERVICES, INC.",2023-06-30,2024-08-06,2024-08-07,13F-HR/A,,EXCLUDE_UNKNOWN_AMENDMENT_SEMANTICS,0,NI,0001111711,65473P105,NISOURCE INC,USD,30,1100,SOLE,0,0,30,https://www.sec.gov/Archives/edgar/data/1071061/000107106124000027/0001071061-24-000027.txt
13FSR-0059,EXCLUDE_UNKNOWN_AMENDMENT_SEMANTICS__E4_2023_2026,true,0001071061-24-000028,0001071061,"HANTZ FINANCIAL SERVICES, INC.",2023-09-30,2024-08-06,2024-08-07,13F-HR/A,,EXCLUDE_UNKNOWN_AMENDMENT_SEMANTICS,0,FSLR,0001274494,336433107,FIRST SOLAR INC,USD,30,183,SOLE,0,0,30,https://www.sec.gov/Archives/edgar/data/1071061/000107106124000028/0001071061-24-000028.txt
13FSR-0060,EXCLUDE_UNKNOWN_AMENDMENT_SEMANTICS__E4_2023_2026,true,0001071061-24-000029,0001071061,"HANTZ FINANCIAL SERVICES, INC.",2023-12-31,2024-08-06,2024-08-07,13F-HR/A,,EXCLUDE_UNKNOWN_AMENDMENT_SEMANTICS,0,NXPI,0001413447,N6596X109,NXP SEMICONDUCTORS N V,USD,2318,10093,SOLE,0,0,2318,https://www.sec.gov/Archives/edgar/data/1071061/000107106124000029/0001071061-24-000029.txt
13FSR-0061,EXCLUDE_UNKNOWN_AMENDMENT_SEMANTICS__E4_2023_2026,true,0001071061-24-000030,0001071061,"HANTZ FINANCIAL SERVICES, INC.",2024-03-31,2024-08-06,2024-08-07,13F-HR/A,,EXCLUDE_UNKNOWN_AMENDMENT_SEMANTICS,0,MTD,0001037646,592688105,METTLER TOLEDO INTERNATIONAL,USD,10272,7716,SOLE,0,0,10272,https://www.sec.gov/Archives/edgar/data/1071061/000107106124000030/0001071061-24-000030.txt
13FSR-0062,INITIAL_SNAPSHOT__E3_2021_2022,false,0001082917-21-000006,0001082917,"GW&K Investment Management, LLC",2021-06-30,2021-08-10,2021-08-11,13F-HR,,INITIAL_SNAPSHOT,1,ED,0001047862,209115104,CONS EDISON INC.,COMMON,5,63,SOLE,63,0,0,https://www.sec.gov/Archives/edgar/data/1082917/000108291721000006/0001082917-21-000006.txt
13FSR-0063,INITIAL_SNAPSHOT__E4_2023_2026,false,0001084683-25-000002,0001084683,GREENWOOD GEARHART INC,2024-12-31,2025-02-13,2025-02-14,13F-HR,,INITIAL_SNAPSHOT,1,ACN,0001467373,G1151C101,Accenture PLC,Stock,13170314,37438,SOLE,37438,0,0,https://www.sec.gov/Archives/edgar/data/1084683/000108468325000002/0001084683-25-000002.txt
13FSR-0064,INITIAL_SNAPSHOT__E1_2013_2016,false,0001085146-14-001723,0001352122,"Robertson Opportunity Capital, LLC",2014-06-30,2014-08-14,2014-08-15,13F-HR,,INITIAL_SNAPSHOT,1,ACGL,0000947484,G0450A105,ARCH CAP GROUP LTD,ORD,5267,91702,SOLE,91702,0,0,https://www.sec.gov/Archives/edgar/data/1352122/000108514614001723/0001085146-14-001723.txt
13FSR-0065,INITIAL_SNAPSHOT__E1_2013_2016,false,0001085146-15-002379,0001598245,"Lodge Hill Capital, LLC",2015-09-30,2015-11-16,2015-11-17,13F-HR,,INITIAL_SNAPSHOT,1,LOW,0000060667,548661107,LOWES COS INC,COM,25294,367000,SOLE,367000,0,0,https://www.sec.gov/Archives/edgar/data/1598245/000108514615002379/0001085146-15-002379.txt
13FSR-0066,INITIAL_SNAPSHOT__E1_2013_2016,false,0001085146-16-004107,0001454423,Gabalex Capital Management LLC,2016-06-30,2016-08-01,2016-08-02,13F-HR,,INITIAL_SNAPSHOT,1,GILD,0000882095,375558103,GILEAD SCIENCES INC,COM,20855,250000,SOLE,250000,0,0,https://www.sec.gov/Archives/edgar/data/1454423/000108514616004107/0001085146-16-004107.txt
13FSR-0067,REPLACE_SNAPSHOT_FROM_AVAILABILITY__E2_2017_2020,false,0001085146-17-001117,0001357955,ProShare Advisors LLC,2017-03-31,2017-05-08,2017-05-09,13F-HR/A,RESTATEMENT,REPLACE_SNAPSHOT_FROM_AVAILABILITY,1,LNT,0000352541,018802108,ALLIANT ENERGY CORP,COM,843,21290,SOLE,21290,0,0,https://www.sec.gov/Archives/edgar/data/1357955/000108514617001117/0001085146-17-001117.txt
13FSR-0068,REPLACE_SNAPSHOT_FROM_AVAILABILITY__E2_2017_2020,false,0001085146-18-000239,0000750641,"BAILARD, INC.",2015-12-31,2018-01-29,2018-01-30,13F-HR/A,RESTATEMENT,REPLACE_SNAPSHOT_FROM_AVAILABILITY,1,HPQ,0000047217,40434L105,HP INC,COM,721,60910,SOLE,60910,0,0,https://www.sec.gov/Archives/edgar/data/750641/000108514618000239/0001085146-18-000239.txt
13FSR-0069,INITIAL_SNAPSHOT__E2_2017_2020,false,0001085146-19-002706,0001699622,"ACCESS FINANCIAL SERVICES, INC.",2019-09-30,2019-11-01,2019-11-04,13F-HR,,INITIAL_SNAPSHOT,1,XEL,0000072903,98389B100,XCEL ENERGY INC,COM,609,9384,SOLE,0,0,9384,https://www.sec.gov/Archives/edgar/data/1699622/000108514619002706/0001085146-19-002706.txt
13FSR-0070,INITIAL_SNAPSHOT__E3_2021_2022,false,0001085146-21-000112,0001789219,Charles Schwab Trust Co,2020-12-31,2021-01-14,2021-01-15,13F-HR,,INITIAL_SNAPSHOT,1,NVDA,0001045810,67066G104,NVIDIA CORPORATION,COM,1375,2634,SOLE,2634,0,0,https://www.sec.gov/Archives/edgar/data/1789219/000108514621000112/0001085146-21-000112.txt
13FSR-0071,INITIAL_SNAPSHOT__E3_2021_2022,false,0001085146-21-002842,0001715593,Csenge Advisory Group,2021-09-30,2021-10-20,2021-10-21,13F-HR,,INITIAL_SNAPSHOT,1,IBM,0000051143,459200101,INTERNATIONAL BUSINESS MACHS,COM,1226,8556,SOLE,0,0,8556,https://www.sec.gov/Archives/edgar/data/1715593/000108514621002842/0001085146-21-002842.txt
13FSR-0072,INITIAL_SNAPSHOT__E3_2021_2022,false,0001085146-22-001772,0001633446,Mirador Capital Partners LP,2022-03-31,2022-05-06,2022-05-09,13F-HR,,INITIAL_SNAPSHOT,1,KMI,0001506307,49456B101,KINDER MORGAN INC DEL,COM,4597,243125,SOLE,243125,0,0,https://www.sec.gov/Archives/edgar/data/1633446/000108514622001772/0001085146-22-001772.txt
13FSR-0073,INITIAL_SNAPSHOT__E4_2023_2026,false,0001085146-24-000085,0001809236,"Salvus Wealth Management, LLC",2023-12-31,2024-01-09,2024-01-10,13F-HR,,INITIAL_SNAPSHOT,1,META,0001326801,30303M102,META PLATFORMS INC,CL A,435725,1231,SOLE,0,0,1231,https://www.sec.gov/Archives/edgar/data/1809236/000108514624000085/0001085146-24-000085.txt
13FSR-0074,REPLACE_SNAPSHOT_FROM_AVAILABILITY__E4_2023_2026,false,0001085146-25-001057,0001910934,"Life Planning Partners, Inc",2024-12-31,2025-02-12,2025-02-13,13F-HR/A,RESTATEMENT,REPLACE_SNAPSHOT_FROM_AVAILABILITY,1,ABBV,0001551152,00287Y109,ABBVIE INC,COM,284853,1603,SOLE,0,0,1603,https://www.sec.gov/Archives/edgar/data/1910934/000108514625001057/0001085146-25-001057.txt
13FSR-0075,INITIAL_SNAPSHOT__E4_2023_2026,false,0001085146-25-001728,0001103646,CSS LLC/IL,2024-12-31,2025-02-18,2025-02-19,13F-HR,,INITIAL_SNAPSHOT,1,CAH,0000721371,14149Y108,CARDINAL HEALTH INC,COM,1323441,11190,SOLE,11190,0,0,https://www.sec.gov/Archives/edgar/data/1103646/000108514625001728/0001085146-25-001728.txt
13FSR-0076,INITIAL_SNAPSHOT__E1_2013_2016,false,0001086364-13-004115,0001086364,BlackRock Advisors LLC,2013-06-30,2013-08-13,2013-08-14,13F-HR,,INITIAL_SNAPSHOT,1,MTB,0000036270,55261F104,M & T BK CORP,COM,125523,1123250,SOLE,1123250,0,0,https://www.sec.gov/Archives/edgar/data/1086364/000108636413004115/0001086364-13-004115.txt
13FSR-0077,INITIAL_SNAPSHOT__E3_2021_2022,false,0001095449-22-000106,0001847794,"Twin Lakes Capital Management, LLC",2022-09-30,2022-10-24,2022-10-25,13F-HR,,INITIAL_SNAPSHOT,1,HON,0000773840,438516106,HONEYWELL INTL INC,COM,515,3084,SOLE,0,0,3084,https://www.sec.gov/Archives/edgar/data/1847794/000109544922000106/0001095449-22-000106.txt
13FSR-0078,ADD_NEW_HOLDINGS_FROM_AVAILABILITY__E4_2023_2026,false,0001103887-25-000012,0001103887,NWI MANAGEMENT LP,2025-06-30,2025-12-05,2025-12-08,13F-HR/A,NEW HOLDINGS,ADD_NEW_HOLDINGS_FROM_AVAILABILITY,1,GOOG,0001652044,02079K107,ALPHABET INC,CAP STK CL C,19690,111000,SOLE,111000,0,0,https://www.sec.gov/Archives/edgar/data/1103887/000110388725000012/0001103887-25-000012.txt
13FSR-0079,ADD_NEW_HOLDINGS_FROM_AVAILABILITY__E1_2013_2016,false,0001104659-13-071210,0001047644,Relational Investors LLC,2013-06-30,2013-09-20,2013-09-23,13F-HR/A,NEW HOLDINGS,ADD_NEW_HOLDINGS_FROM_AVAILABILITY,1,A,0001090872,00846U101,"Agilent Technologies, Inc.",COM,290131,6785101,SOLE,6785101,0,0,https://www.sec.gov/Archives/edgar/data/1047644/000110465913071210/0001104659-13-071210.txt
13FSR-0080,ADD_NEW_HOLDINGS_FROM_AVAILABILITY__E2_2017_2020,false,0001104659-18-051797,0001352851,Magnetar Financial LLC,2017-12-31,2018-08-14,2018-08-15,13F-HR/A,NEW HOLDINGS,ADD_NEW_HOLDINGS_FROM_AVAILABILITY,1,NXPI,0001413447,N6596X109,NXP SEMICONDUCTORS N V,COM,308836,2637591,SOLE,2637591,0,0,https://www.sec.gov/Archives/edgar/data/1352851/000110465918051797/0001104659-18-051797.txt
13FSR-0081,INITIAL_SNAPSHOT__E2_2017_2020,false,0001104659-20-062445,0001358331,"Bruce & Co., Inc.",2020-03-31,2020-05-15,2020-05-18,13F-HR,,INITIAL_SNAPSHOT,1,CVX,0000093410,166764100,Chevron,Common,217,3000,SOLE,3000,0,0,https://www.sec.gov/Archives/edgar/data/1358331/000110465920062445/0001104659-20-062445.txt
13FSR-0082,INITIAL_SNAPSHOT__E2_2017_2020,false,0001104659-20-123535,0001347683,"Haverford Financial Services, Inc.",2020-09-30,2020-11-10,2020-11-11,13F-HR,,INITIAL_SNAPSHOT,1,HON,0000773840,438516106,"HONEYWELL INTERNATIONAL, INC.",COM,9773,59371,DFND,59371,0,0,https://www.sec.gov/Archives/edgar/data/1347683/000110465920123535/0001104659-20-123535.txt
13FSR-0083,INITIAL_SNAPSHOT__E3_2021_2022,false,0001104659-21-137771,0001893134,"Smith Group Asset Management, LLC",2021-09-30,2021-11-12,2021-11-15,13F-HR,,INITIAL_SNAPSHOT,1,MPC,0001510295,56585A102,Marathon Petroleum Corp,Common Stock - Long,40,647,SOLE,0,647,0,https://www.sec.gov/Archives/edgar/data/1893134/000110465921137771/0001104659-21-137771.txt
13FSR-0084,EXCLUDE_UNKNOWN_AMENDMENT_SEMANTICS__E1_2013_2016,false,0001119032-13-000030,0001119032,HARVEY CAPITAL MANAGEMENT INC,2013-06-30,2013-07-17,2013-07-18,13F-HR/A,,EXCLUDE_UNKNOWN_AMENDMENT_SEMANTICS,0,INTC,0000050863,458140100,INTEL CORP,COM,5507,227304,SOLE,227304,0,0,https://www.sec.gov/Archives/edgar/data/1119032/000111903213000030/0001119032-13-000030.txt
13FSR-0085,REPLACE_SNAPSHOT_FROM_AVAILABILITY__E2_2017_2020,false,0001137429-19-000009,0001137429,WHITE PINE CAPITAL LLC,2018-12-31,2019-05-10,2019-05-13,13F-HR/A,RESTATEMENT,REPLACE_SNAPSHOT_FROM_AVAILABILITY,1,EOG,0000821189,26875P101,EOG RES INC COM,COM,907,10404,SOLE,5370,0,5034,https://www.sec.gov/Archives/edgar/data/1137429/000113742919000009/0001137429-19-000009.txt
13FSR-0086,INITIAL_SNAPSHOT__E1_2013_2016,false,0001140361-15-018630,0001473033,"Lubar & Co., Inc",2015-03-31,2015-05-11,2015-05-12,13F-HR,,INITIAL_SNAPSHOT,1,ROK,0001024478,773903109,Rockwell Automation  Inc.,COM,696,6000,DFND,0,6000,0,https://www.sec.gov/Archives/edgar/data/1473033/000114036115018630/0001140361-15-018630.txt
13FSR-0087,ADD_NEW_HOLDINGS_FROM_AVAILABILITY__E1_2013_2016,false,0001140361-15-020427,0001185072,Mount Lucas Management LP,2015-03-31,2015-05-15,2015-05-18,13F-HR/A,NEW HOLDINGS,ADD_NEW_HOLDINGS_FROM_AVAILABILITY,1,VLO,0001035002,91913Y100,VALERO ENERGY CORP,Common Stock,19487,306289,OTR|SOLE,260178,46111,0,https://www.sec.gov/Archives/edgar/data/1185072/000114036115020427/0001140361-15-020427.txt
13FSR-0088,INITIAL_SNAPSHOT__E1_2013_2016,false,0001140361-15-045636,0001661571,Margaret A. Cargill Foundation,2014-06-30,2015-12-28,2015-12-29,13F-HR,,INITIAL_SNAPSHOT,1,MOS,0001285785,61945C103,MOSAIC CO NEW,COM,486811,9844517,OTR,0,9844517,0,https://www.sec.gov/Archives/edgar/data/1661571/000114036115045636/0001140361-15-045636.txt
13FSR-0089,ADD_NEW_HOLDINGS_FROM_AVAILABILITY__E2_2017_2020,false,0001140361-17-042620,0001665077,Sand Grove Capital Management LLP,2017-09-30,2017-11-14,2017-11-15,13F-HR/A,NEW HOLDINGS,ADD_NEW_HOLDINGS_FROM_AVAILABILITY,1,NXPI,0001413447,N6596X109,NXP SEMICONDUCTORS N V,COM,29218,258798,SOLE,258798,0,0,https://www.sec.gov/Archives/edgar/data/1665077/000114036117042620/0001140361-17-042620.txt
13FSR-0090,INITIAL_SNAPSHOT__E4_2023_2026,false,0001140361-26-015513,0002036975,YANKCOM Partnership,2026-03-31,2026-04-20,2026-04-21,13F-HR,,INITIAL_SNAPSHOT,1,XOM,0000034088,30231G102,Exxon Mobil Corp,COM,2893551,17055,DFND|OTR|SOLE,17055,0,0,https://www.sec.gov/Archives/edgar/data/2036975/000114036126015513/0001140361-26-015513.txt
13FSR-0091,INITIAL_SNAPSHOT__E1_2013_2016,false,0001144204-15-049865,0001218735,MASON CAPITAL MANAGEMENT LLC,2015-06-30,2015-08-14,2015-08-17,13F-HR,,INITIAL_SNAPSHOT,1,HUM,0000049071,444859102,HUMANA INC,COM,67292,351800,SOLE,351800,0,0,https://www.sec.gov/Archives/edgar/data/1218735/000114420415049865/0001144204-15-049865.txt
13FSR-0092,INITIAL_SNAPSHOT__E1_2013_2016,false,0001144204-16-132694,0000936939,HOLLAND CAPITAL MANAGEMENT LLC,2016-09-30,2016-11-09,2016-11-10,13F-HR,,INITIAL_SNAPSHOT,1,WAT,0001000697,941848103,Waters Corporation,COM,2686,16950,SOLE,0,0,16950,https://www.sec.gov/Archives/edgar/data/936939/000114420416132694/0001144204-16-132694.txt
13FSR-0093,REPLACE_SNAPSHOT_FROM_AVAILABILITY__E1_2013_2016,false,0001162044-15-000469,0001446114,"Ancora Advisors, LLC",2015-03-31,2015-05-15,2015-05-18,13F-HR/A,RESTATEMENT,REPLACE_SNAPSHOT_FROM_AVAILABILITY,1,PH,0000076334,701094104,PARKER HANNIFIN CORP COM,COM,1141,0,SOLE,9610,0,0,https://www.sec.gov/Archives/edgar/data/1446114/000116204415000469/0001162044-15-000469.txt
13FSR-0094,INITIAL_SNAPSHOT__E4_2023_2026,false,0001162044-25-000134,0001133742,BERKSHIRE CAPITAL HOLDINGS INC,2024-12-31,2025-02-11,2025-02-12,13F-HR,,INITIAL_SNAPSHOT,1,LLY,0000059478,532457108,Eli Lilly and Company,LLY,7720,10,SOLE,10,0,0,https://www.sec.gov/Archives/edgar/data/1133742/000116204425000134/0001162044-25-000134.txt
13FSR-0095,ADD_NEW_HOLDINGS_FROM_AVAILABILITY__E1_2013_2016,false,0001164691-13-000142,0000105692,"WHV Investment Management, Inc.",2013-09-30,2013-11-14,2013-11-15,13F-HR/A,NEW HOLDINGS,ADD_NEW_HOLDINGS_FROM_AVAILABILITY,1,PM,0001413329,718172109,PHILIP MORRIS INTL INC,COM,3492,40331,SOLE,34282,0,6049,https://www.sec.gov/Archives/edgar/data/105692/000116469113000142/0001164691-13-000142.txt
13FSR-0096,REPLACE_SNAPSHOT_FROM_AVAILABILITY__E1_2013_2016,false,0001164691-15-000132,0001453072,"Alyeska Investment Group, L.P.",2015-06-30,2015-08-14,2015-08-17,13F-HR/A,RESTATEMENT,REPLACE_SNAPSHOT_FROM_AVAILABILITY,1,HPQ,0000047217,428236103,HEWLETT PACKARD CO,COM,89722,2989753,SOLE,2989753,0,0,https://www.sec.gov/Archives/edgar/data/1453072/000116469115000132/0001164691-15-000132.txt
13FSR-0097,INITIAL_SNAPSHOT__E1_2013_2016,false,0001172661-14-000169,0001105871,AGRAN LIBBIE,2013-12-31,2014-01-27,2014-01-28,13F-HR,,INITIAL_SNAPSHOT,1,BLK,0002012383,09247X101,BLACKROCK INC,COM,6099,19272,SOLE,19272,0,0,https://www.sec.gov/Archives/edgar/data/1105871/000117266114000169/0001172661-14-000169.txt
13FSR-0098,INITIAL_SNAPSHOT__E1_2013_2016,false,0001172661-14-001388,0001452929,Conatus Capital Management LP,2014-06-30,2014-08-14,2014-08-15,13F-HR,,INITIAL_SNAPSHOT,1,HUM,0000049071,444859102,HUMANA INC,COM,149273,1168755,SOLE,1168755,0,0,https://www.sec.gov/Archives/edgar/data/1452929/000117266114001388/0001172661-14-001388.txt
13FSR-0099,INITIAL_SNAPSHOT__E1_2013_2016,false,0001172661-15-001065,0001424177,Birch Hill Investment Advisors LLC,2015-03-31,2015-05-14,2015-05-15,13F-HR,,INITIAL_SNAPSHOT,1,GILD,0000882095,375558103,GILEAD SCIENCES INC,COM,334,3406,SOLE,3406,0,0,https://www.sec.gov/Archives/edgar/data/1424177/000117266115001065/0001172661-15-001065.txt
13FSR-0100,ADD_NEW_HOLDINGS_FROM_AVAILABILITY__E1_2013_2016,false,0001172661-16-003457,0001167365,HIGHLAND CAPITAL MANAGEMENT LP,2016-03-31,2016-05-19,2016-05-20,13F-HR/A,NEW HOLDINGS,ADD_NEW_HOLDINGS_FROM_AVAILABILITY,1,SPGI,0000064040,580645109,MCGRAW HILL FINL INC,COM,10823,109350,DFND,109350,0,0,https://www.sec.gov/Archives/edgar/data/1167365/000117266116003457/0001172661-16-003457.txt
13FSR-0101,INITIAL_SNAPSHOT__E2_2017_2020,false,0001172661-17-000541,0001624049,Marlowe Partners LP,2016-12-31,2017-02-13,2017-02-14,13F-HR,,INITIAL_SNAPSHOT,1,EBAY,0001065088,278642103,EBAY INC,COM,5522,186000,SOLE,186000,0,0,https://www.sec.gov/Archives/edgar/data/1624049/000117266117000541/0001172661-17-000541.txt
13FSR-0102,INITIAL_SNAPSHOT__E2_2017_2020,false,0001172661-17-000579,0001282550,CRITERION CAPITAL MANAGEMENT LLC,2016-12-31,2017-02-14,2017-02-15,13F-HR,,INITIAL_SNAPSHOT,1,MSI,0000068505,620076307,MOTOROLA SOLUTIONS INC,COM NEW,20116,242684,SOLE,242684,0,0,https://www.sec.gov/Archives/edgar/data/1282550/000117266117000579/0001172661-17-000579.txt
13FSR-0103,REPLACE_SNAPSHOT_FROM_AVAILABILITY__E2_2017_2020,false,0001172661-18-001086,0001469026,"HMI Capital, LLC",2018-03-31,2018-05-14,2018-05-15,13F-HR/A,RESTATEMENT,REPLACE_SNAPSHOT_FROM_AVAILABILITY,1,ADSK,0000769397,052769106,AUTODESK INC,COM,85296,679220,SOLE,679220,0,0,https://www.sec.gov/Archives/edgar/data/1469026/000117266118001086/0001172661-18-001086.txt
13FSR-0104,INITIAL_SNAPSHOT__E2_2017_2020,false,0001172661-18-002033,0001429895,Jabre Capital Partners S.A.,2018-09-30,2018-11-14,2018-11-15,13F-HR,,INITIAL_SNAPSHOT,1,UNP,0000100885,907818108,UNION PAC CORP,COM,230,1412,SOLE,1412,0,0,https://www.sec.gov/Archives/edgar/data/1429895/000117266118002033/0001172661-18-002033.txt
13FSR-0105,EXCLUDE_UNKNOWN_AMENDMENT_SEMANTICS__E2_2017_2020,false,0001172661-18-002213,0001536520,"Land & Buildings Investment Management, LLC",2018-09-30,2018-11-15,2018-11-16,13F-HR/A,,EXCLUDE_UNKNOWN_AMENDMENT_SEMANTICS,0,MAR,0001048286,571903202,MARRIOTT INTL INC NEW,CL A,24280,183900,SOLE,183900,0,0,https://www.sec.gov/Archives/edgar/data/1536520/000117266118002213/0001172661-18-002213.txt
13FSR-0106,REPLACE_SNAPSHOT_FROM_AVAILABILITY__E3_2021_2022,false,0001172661-21-001413,0001426196,"CAPSTONE INVESTMENT ADVISORS, LLC",2019-12-31,2021-06-21,2021-06-22,13F-HR/A,RESTATEMENT,REPLACE_SNAPSHOT_FROM_AVAILABILITY,1,AMT,0001053507,03027X100,AMERICAN TOWER CORP NEW,COM,37,160,SOLE,160,0,0,https://www.sec.gov/Archives/edgar/data/1426196/000117266121001413/0001172661-21-001413.txt
13FSR-0107,INITIAL_SNAPSHOT__E3_2021_2022,false,0001172661-22-000283,0000919489,ALLEN HOLDING INC /NY,2021-12-31,2022-02-10,2022-02-11,13F-HR,,INITIAL_SNAPSHOT,1,PFE,0000078003,717081103,PFIZER INC,COM,17715,300000,DFND,300000,0,0,https://www.sec.gov/Archives/edgar/data/919489/000117266122000283/0001172661-22-000283.txt
13FSR-0108,INITIAL_SNAPSHOT__E4_2023_2026,false,0001172661-23-000176,0001929070,"Joule Financial, LLC",2022-12-31,2023-01-13,2023-01-17,13F-HR,,INITIAL_SNAPSHOT,1,CVX,0000093410,166764100,CHEVRON CORP NEW,COM,382134,2129,SOLE,2129,0,0,https://www.sec.gov/Archives/edgar/data/1929070/000117266123000176/0001172661-23-000176.txt
13FSR-0109,INITIAL_SNAPSHOT__E4_2023_2026,false,0001172661-23-002142,0001335325,HighVista Strategies LLC,2023-03-31,2023-05-15,2023-05-16,13F-HR,,INITIAL_SNAPSHOT,1,CRM,0001108524,79466L302,SALESFORCE INC,COM,1120766,5610,SOLE,5610,0,0,https://www.sec.gov/Archives/edgar/data/1335325/000117266123002142/0001172661-23-002142.txt
13FSR-0110,REPLACE_SNAPSHOT_FROM_AVAILABILITY__E4_2023_2026,false,0001206774-23-000960,0000928047,"MANUFACTURERS LIFE INSURANCE COMPANY, THE",2022-03-31,2023-08-11,2023-08-14,13F-HR/A,RESTATEMENT,REPLACE_SNAPSHOT_FROM_AVAILABILITY,1,LII,0001069202,526107107,LENNOX INTL INC,COM,7472267,28978,DFND,28978,0,0,https://www.sec.gov/Archives/edgar/data/928047/000120677423000960/0001206774-23-000960.txt
13FSR-0111,INITIAL_SNAPSHOT__E1_2013_2016,false,0001209286-15-000242,0001584801,"YCG, LLC",2015-03-31,2015-05-07,2015-05-08,13F-HR,,INITIAL_SNAPSHOT,1,SYY,0000096021,871829107,Sysco Corporation,COM,550,14570,SOLE,14570,0,0,https://www.sec.gov/Archives/edgar/data/1584801/000120928615000242/0001209286-15-000242.txt
13FSR-0112,INITIAL_SNAPSHOT__E4_2023_2026,false,0001214659-24-008911,0001641296,Intrepid Financial Planning Group LLC,2024-03-31,2024-05-13,2024-05-14,13F-HR,,INITIAL_SNAPSHOT,1,CRM,0001108524,79466L302,SALESFORCE INC,COM,285519,948,SOLE,948,0,0,https://www.sec.gov/Archives/edgar/data/1641296/000121465924008911/0001214659-24-008911.txt
13FSR-0113,INITIAL_SNAPSHOT__E2_2017_2020,false,0001221073-20-000098,0001631639,"Barry Investment Advisors, LLC",2020-03-31,2020-05-13,2020-05-14,13F-HR,,INITIAL_SNAPSHOT,1,BRK-B,0001067983,084670108,BERKSHIRE HATHAWAY INC DEL,CL A,272,1,OTR,0,0,1,https://www.sec.gov/Archives/edgar/data/1631639/000122107320000098/0001221073-20-000098.txt
13FSR-0114,INITIAL_SNAPSHOT__E4_2023_2026,false,0001278573-25-000006,0001278573,Destination Wealth Management,2025-03-31,2025-05-15,2025-05-16,13F-HR,,INITIAL_SNAPSHOT,1,WFC,0000072971,949746101,WELLS FARGO CO NEW,COM,343571,4786,SOLE,4680,0,106,https://www.sec.gov/Archives/edgar/data/1278573/000127857325000006/0001278573-25-000006.txt
13FSR-0115,INITIAL_SNAPSHOT__E2_2017_2020,false,0001315863-20-000200,0001565854,"Zimmer Partners, LP",2019-12-31,2020-02-14,2020-02-18,13F-HR,,INITIAL_SNAPSHOT,1,TMUS,0001283699,872590104,T MOBILE US INC,COM,47052,600000,SOLE,600000,0,0,https://www.sec.gov/Archives/edgar/data/1565854/000131586320000200/0001315863-20-000200.txt
13FSR-0116,INITIAL_SNAPSHOT__E2_2017_2020,false,0001317947-17-000001,0001317947,"Bain Capital Credit, LP",2016-12-31,2017-02-14,2017-02-15,13F-HR,,INITIAL_SNAPSHOT,1,HAL,0000045012,406216101,HALLIBURTON CO,COM,2970,54900,OTR,0,0,54900,https://www.sec.gov/Archives/edgar/data/1317947/000131794717000001/0001317947-17-000001.txt
13FSR-0117,REPLACE_SNAPSHOT_FROM_AVAILABILITY__E2_2017_2020,false,0001353394-17-000004,0001353394,Gladstone Capital Management LLP,2017-06-30,2017-07-05,2017-07-06,13F-HR/A,RESTATEMENT,REPLACE_SNAPSHOT_FROM_AVAILABILITY,1,BKNG,0001075531,741503403,Priceline Group Inc/The,Common Stock,17694048,9600,SOLE,0,0,0,https://www.sec.gov/Archives/edgar/data/1353394/000135339417000004/0001353394-17-000004.txt
13FSR-0118,ADD_NEW_HOLDINGS_FROM_AVAILABILITY__E2_2017_2020,true,0001374170-17-000026,0001374170,NORGES BANK,2016-06-30,2017-08-09,2017-08-10,13F-HR/A,NEW HOLDINGS,ADD_NEW_HOLDINGS_FROM_AVAILABILITY,1,NDAQ,0001120193,631103108,NASDAQ INC,COM,100791,1558548,SOLE,1558548,0,0,https://www.sec.gov/Archives/edgar/data/1374170/000137417017000026/0001374170-17-000026.txt
13FSR-0119,INITIAL_SNAPSHOT__E2_2017_2020,false,0001376474-20-000108,0000314169,"TERRIL BROTHERS, INC.",2020-03-31,2020-05-12,2020-05-13,13F-HR,,INITIAL_SNAPSHOT,1,IP,0000051434,460146103,INTL PAPER CO,COM,8872,285000,SOLE,285000,0,0,https://www.sec.gov/Archives/edgar/data/314169/000137647420000108/0001376474-20-000108.txt
13FSR-0120,INITIAL_SNAPSHOT__E4_2023_2026,false,0001376474-25-000062,0001862428,"Union Heritage Capital, LLC",2024-09-30,2025-01-10,2025-01-13,13F-HR,,INITIAL_SNAPSHOT,1,LMT,0000936468,539830109,LOCKHEED MARTIN CORP,COM,6213288,10629,SOLE,10629,0,0,https://www.sec.gov/Archives/edgar/data/1862428/000137647425000062/0001376474-25-000062.txt
13FSR-0121,INITIAL_SNAPSHOT__E1_2013_2016,false,0001381055-14-000003,0001381055,Penbrook Management LLC,2013-12-31,2014-03-25,2014-03-26,13F-HR,,INITIAL_SNAPSHOT,1,SNPS,0000883241,871607107,SYNOPSYS INC,COM,1690,41650,SOLE,0,0,41650,https://www.sec.gov/Archives/edgar/data/1381055/000138105514000003/0001381055-14-000003.txt
13FSR-0122,REPLACE_SNAPSHOT_FROM_AVAILABILITY__E1_2013_2016,false,0001381859-14-000007,0001381859,Friedberg Investment Management,2014-09-30,2014-10-29,2014-10-30,13F-HR/A,RESTATEMENT,REPLACE_SNAPSHOT_FROM_AVAILABILITY,1,IDXX,0000874716,45168D104,IDEXX Labs,COM,2886,24495,SOLE,6320,0,18175,https://www.sec.gov/Archives/edgar/data/1381859/000138185914000007/0001381859-14-000007.txt
13FSR-0123,REPLACE_SNAPSHOT_FROM_AVAILABILITY__E1_2013_2016,false,0001395067-14-000009,0001395067,Marquette Asset Management Inc.,2014-06-30,2014-08-20,2014-08-21,13F-HR/A,RESTATEMENT,REPLACE_SNAPSHOT_FROM_AVAILABILITY,1,JCI,0000833444,H89128104,Tyco International Ltd,Common Stock,281,6172,SOLE,640,0,5532,https://www.sec.gov/Archives/edgar/data/1395067/000139506714000009/0001395067-14-000009.txt
13FSR-0124,REPLACE_SNAPSHOT_FROM_AVAILABILITY__E2_2017_2020,false,0001398344-19-009581,0001597200,PECAUT & CO.,2019-03-31,2019-05-28,2019-05-29,13F-HR/A,RESTATEMENT,REPLACE_SNAPSHOT_FROM_AVAILABILITY,1,ACN,0001467373,G1151C101,ACCENTURE PLC IRELAND,SHS CLASS A,357,2026,SOLE,0,0,2026,https://www.sec.gov/Archives/edgar/data/1597200/000139834419009581/0001398344-19-009581.txt
13FSR-0125,INITIAL_SNAPSHOT__E2_2017_2020,false,0001398344-20-001185,0000915287,MCKINLEY CAPITAL MANAGEMENT LLC /DELAWARE,2019-12-31,2020-01-23,2020-01-24,13F-HR,,INITIAL_SNAPSHOT,1,INTU,0000896878,461202103,INTUIT,COM,1697,6478,SOLE,1071,0,5407,https://www.sec.gov/Archives/edgar/data/915287/000139834420001185/0001398344-20-001185.txt
13FSR-0126,REPLACE_SNAPSHOT_FROM_AVAILABILITY__E3_2021_2022,false,0001398344-21-021729,0001730145,"Voss Capital, LLC",2021-09-30,2021-11-18,2021-11-19,13F-HR/A,RESTATEMENT,REPLACE_SNAPSHOT_FROM_AVAILABILITY,1,EQT,0000033213,26884L109,EQT CORP,COM,4578,225000,OTR|SOLE,125000,0,100000,https://www.sec.gov/Archives/edgar/data/1730145/000139834421021729/0001398344-21-021729.txt
13FSR-0127,INITIAL_SNAPSHOT__E3_2021_2022,false,0001398739-21-000005,0001398739,Employees Retirement System of Texas,2021-03-31,2021-05-14,2021-05-17,13F-HR,,INITIAL_SNAPSHOT,1,ABT,0000001800,002824100,ABBOTT LABS,COM,41656,347600,SOLE,347600,0,0,https://www.sec.gov/Archives/edgar/data/1398739/000139873921000005/0001398739-21-000005.txt
13FSR-0128,REPLACE_SNAPSHOT_FROM_AVAILABILITY__E1_2013_2016,false,0001420506-16-001018,0001171592,HAHN CAPITAL MANAGEMENT LLC,2016-03-31,2016-05-16,2016-05-17,13F-HR/A,RESTATEMENT,REPLACE_SNAPSHOT_FROM_AVAILABILITY,1,CBRE,0001138118,12504L109,CBRE Group,COM,43478601,1508626,SOLE,43478601,0,0,https://www.sec.gov/Archives/edgar/data/1171592/000142050616001018/0001420506-16-001018.txt
13FSR-0129,INITIAL_SNAPSHOT__E4_2023_2026,false,0001420506-23-001622,0001659380,"Sender Co & Partners, Inc.",2023-06-30,2023-08-14,2023-08-15,13F-HR,,INITIAL_SNAPSHOT,1,BA,0000012927,097023105,BOEING CO,COM,924458,4378,SOLE,4378,0,0,https://www.sec.gov/Archives/edgar/data/1659380/000142050623001622/0001420506-23-001622.txt
13FSR-0130,INITIAL_SNAPSHOT__E4_2023_2026,false,0001437749-26-003628,0001317253,"Minneapolis Portfolio Management Group, LLC",2025-12-31,2026-02-10,2026-02-11,13F-HR,,INITIAL_SNAPSHOT,1,HON,0000773840,438516106,Honeywell Intl Inc,COM,263372,1350,SOLE,1350,0,0,https://www.sec.gov/Archives/edgar/data/1317253/000143774926003628/0001437749-26-003628.txt
13FSR-0131,REPLACE_SNAPSHOT_FROM_AVAILABILITY__E3_2021_2022,false,0001445893-21-000007,0001445893,CTC LLC,2021-06-30,2021-11-16,2021-11-17,13F-HR/A,RESTATEMENT,REPLACE_SNAPSHOT_FROM_AVAILABILITY,1,META,0001326801,30303M102,FACEBOOK INC,COM,44044,126671,SOLE,126671,0,0,https://www.sec.gov/Archives/edgar/data/1445893/000144589321000007/0001445893-21-000007.txt
13FSR-0132,EXCLUDE_UNKNOWN_AMENDMENT_SEMANTICS__E1_2013_2016,false,0001446114-16-000021,0001446114,"Ancora Advisors, LLC",2015-12-31,2016-02-12,2016-02-16,13F-HR/A,,EXCLUDE_UNKNOWN_AMENDMENT_SEMANTICS,0,ETN,0001551182,G29183103,EATON CORP PLC,COM,883,16966,SOLE,16966,0,0,https://www.sec.gov/Archives/edgar/data/1446114/000144611416000021/0001446114-16-000021.txt
13FSR-0133,EXCLUDE_UNKNOWN_AMENDMENT_SEMANTICS__E3_2021_2022,false,0001447946-21-000004,0001447946,"CQS (US), LLC",2021-03-31,2021-05-10,2021-05-11,13F-HR/A,,EXCLUDE_UNKNOWN_AMENDMENT_SEMANTICS,0,WBD,0001437107,25470F302,DISCOVERY INC,COM SER C,58239,1578735,DFND,0,1578735,0,https://www.sec.gov/Archives/edgar/data/1447946/000144794621000004/0001447946-21-000004.txt
13FSR-0134,EXCLUDE_UNKNOWN_AMENDMENT_SEMANTICS__E3_2021_2022,false,0001447946-22-000010,0001447946,"CQS (US), LLC",2022-06-30,2022-08-15,2022-08-16,13F-HR/A,,EXCLUDE_UNKNOWN_AMENDMENT_SEMANTICS,0,CCL,0000815097,14365C103,CARNIVAL PLC,ADR,1577,206563,DFND,0,206563,0,https://www.sec.gov/Archives/edgar/data/1447946/000144794622000010/0001447946-22-000010.txt
13FSR-0135,EXCLUDE_UNKNOWN_AMENDMENT_SEMANTICS__E1_2013_2016,false,0001449689-14-000006,0001449689,"VSR Financial Services, Inc.",2013-12-31,2014-02-07,2014-02-10,13F-HR/A,,EXCLUDE_UNKNOWN_AMENDMENT_SEMANTICS,0,OKE,0001039684,682680103,ONEOK INC NEW,COM,376,6041,SOLE,0,0,6041,https://www.sec.gov/Archives/edgar/data/1449689/000144968914000006/0001449689-14-000006.txt
13FSR-0136,INITIAL_SNAPSHOT__E2_2017_2020,false,0001455290-20-000003,0001455290,Shelter Ins Retirement Plan,2020-06-30,2020-07-24,2020-07-27,13F-HR,,INITIAL_SNAPSHOT,1,STZ,0000016918,21036P108,CONSTELLATION BRANDS,CL A,927,5300,SOLE,0,0,5300,https://www.sec.gov/Archives/edgar/data/1455290/000145529020000003/0001455290-20-000003.txt
13FSR-0137,REPLACE_SNAPSHOT_FROM_AVAILABILITY__E2_2017_2020,false,0001455468-20-000002,0001455468,Dean Capital Management,2019-12-31,2020-02-13,2020-02-14,13F-HR/A,RESTATEMENT,REPLACE_SNAPSHOT_FROM_AVAILABILITY,1,MAS,0000062996,574599106,Masco Corp,CS,722,15053,DFND,15053,0,0,https://www.sec.gov/Archives/edgar/data/1455468/000145546820000002/0001455468-20-000002.txt
13FSR-0138,REPLACE_SNAPSHOT_FROM_AVAILABILITY__E3_2021_2022,false,0001455845-22-000003,0001455845,"LS Investment Advisors, LLC",2022-06-30,2022-10-28,2022-10-31,13F-HR/A,RESTATEMENT,REPLACE_SNAPSHOT_FROM_AVAILABILITY,1,INTC,0000050863,458140100,INTEL CORP,COM,2322,62049,SOLE,44983,0,17066,https://www.sec.gov/Archives/edgar/data/1455845/000145584522000003/0001455845-22-000003.txt
13FSR-0139,REPLACE_SNAPSHOT_FROM_AVAILABILITY__E1_2013_2016,false,0001462020-13-000005,0001462020,"Chevy Chase Trust Holdings, Inc.",2013-06-30,2013-07-18,2013-07-19,13F-HR/A,RESTATEMENT,REPLACE_SNAPSHOT_FROM_AVAILABILITY,1,HPQ,0000047217,428236103,HEWLETT PACKARD CO,COM,890,35867,DFND,1434,0,34433,https://www.sec.gov/Archives/edgar/data/1462020/000146202013000005/0001462020-13-000005.txt
13FSR-0140,INITIAL_SNAPSHOT__E3_2021_2022,false,0001483339-21-000002,0001483339,"Walthausen & Co., LLC",2020-12-31,2021-02-12,2021-02-16,13F-HR,,INITIAL_SNAPSHOT,1,CASY,0000726958,147528103,Casey's General Store Inc,Com,2234,12507,SOLE,11787,0,720,https://www.sec.gov/Archives/edgar/data/1483339/000148333921000002/0001483339-21-000002.txt
13FSR-0141,INITIAL_SNAPSHOT__E2_2017_2020,false,0001486180-17-000001,0001486180,RIVER & MERCANTILE ASSET MANAGEMENT LLP,2016-12-31,2017-03-23,2017-03-24,13F-HR,,INITIAL_SNAPSHOT,1,GOOGL,0001652044,02079K305,ALPHABET INC,CAP STK CL A,5376,6781,SOLE,6781,0,0,https://www.sec.gov/Archives/edgar/data/1486180/000148618017000001/0001486180-17-000001.txt
13FSR-0142,EXCLUDE_UNKNOWN_AMENDMENT_SEMANTICS__E1_2013_2016,false,0001492166-14-000017,0001492166,"Bank of Kentucky, Inc.",2013-12-31,2014-02-11,2014-02-12,13F-HR/A,,EXCLUDE_UNKNOWN_AMENDMENT_SEMANTICS,0,MRK,0000310158,58933Y105,MERCK & CO INC NEW,COM,8171,163295,SOLE,8171,0,0,https://www.sec.gov/Archives/edgar/data/1492166/000149216614000017/0001492166-14-000017.txt
13FSR-0143,REPLACE_SNAPSHOT_FROM_AVAILABILITY__E2_2017_2020,false,0001493152-20-022122,0001795816,Appian Way Asset Management LP,2019-12-31,2020-11-20,2020-11-23,13F-HR/A,RESTATEMENT,REPLACE_SNAPSHOT_FROM_AVAILABILITY,1,NXPI,0001413447,N6596X109,NXP SEMICONDUCTORS N V,COM,12540,98542,SOLE,98542,0,0,https://www.sec.gov/Archives/edgar/data/1795816/000149315220022122/0001493152-20-022122.txt
13FSR-0144,REPLACE_SNAPSHOT_FROM_AVAILABILITY__E3_2021_2022,false,0001508097-22-000009,0001508097,"Sanders Capital, LLC",2017-03-31,2022-05-24,2022-05-25,13F-HR/A,RESTATEMENT,REPLACE_SNAPSHOT_FROM_AVAILABILITY,1,MRK,0000310158,58933Y105,MERCK & CO INC,COM,672400,9726447,SOLE,3807914,0,5918533,https://www.sec.gov/Archives/edgar/data/1508097/000150809722000009/0001508097-22-000009.txt
13FSR-0145,REPLACE_SNAPSHOT_FROM_AVAILABILITY__E3_2021_2022,false,0001508097-22-000032,0001508097,"Sanders Capital, LLC",2016-06-30,2022-05-25,2022-05-26,13F-HR/A,RESTATEMENT,REPLACE_SNAPSHOT_FROM_AVAILABILITY,1,PRU,0001137774,744320102,PRUDENTIAL FINL INC,COM,32803,459816,SOLE,55202,0,404614,https://www.sec.gov/Archives/edgar/data/1508097/000150809722000032/0001508097-22-000032.txt
13FSR-0146,REPLACE_SNAPSHOT_FROM_AVAILABILITY__E4_2023_2026,false,0001531809-26-000002,0001531809,"CapWealth Advisors, LLC",2025-09-30,2026-02-06,2026-02-09,13F-HR/A,RESTATEMENT,REPLACE_SNAPSHOT_FROM_AVAILABILITY,1,CVX,0000093410,166764100,CHEVRON CORP NEW COM,Stock,29770395,191708,SOLE,191194,0,514,https://www.sec.gov/Archives/edgar/data/1531809/000153180926000002/0001531809-26-000002.txt
13FSR-0147,INITIAL_SNAPSHOT__E2_2017_2020,false,0001532155-17-000122,0000898427,AXA,2016-12-31,2017-02-13,2017-02-14,13F-HR,,INITIAL_SNAPSHOT,1,ABT,0000001800,002824100,ABBOTT LABS,COM,62502,1627240,DFND,1309880,0,317360,https://www.sec.gov/Archives/edgar/data/898427/000153215517000122/0001532155-17-000122.txt
13FSR-0148,ADD_NEW_HOLDINGS_FROM_AVAILABILITY__E2_2017_2020,false,0001535385-20-000005,0001535385,Artemis Investment Management LLP,2020-03-31,2020-04-27,2020-04-28,13F-HR/A,NEW HOLDINGS,ADD_NEW_HOLDINGS_FROM_AVAILABILITY,1,MU,0000723125,595112103,MICRON TECHNOLOGY INC,COM,89343,2120800,SOLE,2120800,0,0,https://www.sec.gov/Archives/edgar/data/1535385/000153538520000005/0001535385-20-000005.txt
13FSR-0149,ADD_NEW_HOLDINGS_FROM_AVAILABILITY__E1_2013_2016,true,0001535387-16-000014,0001535387,Dynamic Technology Lab Private Ltd,2012-12-31,2016-02-17,2016-02-18,13F-HR/A,NEW HOLDINGS,ADD_NEW_HOLDINGS_FROM_AVAILABILITY,1,D,0000715957,25746U109,DOMINION RES INC VA NEW,COM,420,8100,SOLE,8100,0,0,https://www.sec.gov/Archives/edgar/data/1535387/000153538716000014/0001535387-16-000014.txt
13FSR-0150,EXCLUDE_UNKNOWN_AMENDMENT_SEMANTICS__E3_2021_2022,false,0001539994-21-000015,0001539994,KAMES CAPITAL plc,2021-03-31,2021-05-07,2021-05-10,13F-HR/A,,EXCLUDE_UNKNOWN_AMENDMENT_SEMANTICS,0,NKE,0000320187,654106103,NIKE INC,COMMON STOCK USD,14698,110494,SOLE,110494,0,0,https://www.sec.gov/Archives/edgar/data/1539994/000153999421000015/0001539994-21-000015.txt
13FSR-0151,EXCLUDE_UNKNOWN_AMENDMENT_SEMANTICS__E4_2023_2026,false,0001539994-23-000014,0001539994,AEGON ASSET MANAGEMENT UK Plc,2022-12-31,2023-10-19,2023-10-20,13F-HR/A,,EXCLUDE_UNKNOWN_AMENDMENT_SEMANTICS,0,MU,0000723125,595112103,MICRON TECHNOLOGY INC,COMMON STOCK USD,13667,273440,SOLE,273440,0,0,https://www.sec.gov/Archives/edgar/data/1539994/000153999423000014/0001539994-23-000014.txt
13FSR-0152,EXCLUDE_UNKNOWN_AMENDMENT_SEMANTICS__E4_2023_2026,false,0001539994-25-000012,0001539994,AEGON ASSET MANAGEMENT UK Plc,2023-03-31,2025-09-02,2025-09-03,13F-HR/A,,EXCLUDE_UNKNOWN_AMENDMENT_SEMANTICS,0,MSFT,0000789019,594918104,MICROSOFT CORP,COMMON STOCK USD,558029000,1936970,SOLE,1877292,0,59678,https://www.sec.gov/Archives/edgar/data/1539994/000153999425000012/0001539994-25-000012.txt
13FSR-0153,EXCLUDE_UNKNOWN_AMENDMENT_SEMANTICS__E4_2023_2026,false,0001539994-26-000007,0001539994,AEGON ASSET MANAGEMENT UK Plc,2023-06-30,2026-04-10,2026-04-13,13F-HR/A,,EXCLUDE_UNKNOWN_AMENDMENT_SEMANTICS,0,USB,0000036104,902973304,US BANCORP,COMMON STOCK USD,12374000,374729,SOLE,374729,0,0,https://www.sec.gov/Archives/edgar/data/1539994/000153999426000007/0001539994-26-000007.txt
13FSR-0154,EXCLUDE_UNKNOWN_AMENDMENT_SEMANTICS__E4_2023_2026,false,0001539994-26-000010,0001539994,AEGON ASSET MANAGEMENT UK Plc,2023-12-31,2026-04-10,2026-04-13,13F-HR/A,,EXCLUDE_UNKNOWN_AMENDMENT_SEMANTICS,0,AMZN,0001018724,023135106,AMAZON.COM INC,COMMON STOCK USD,205038000,1349470,SOLE,1343282,0,6188,https://www.sec.gov/Archives/edgar/data/1539994/000153999426000010/0001539994-26-000010.txt
13FSR-0155,EXCLUDE_UNKNOWN_AMENDMENT_SEMANTICS__E4_2023_2026,false,0001539994-26-000012,0001539994,AEGON ASSET MANAGEMENT UK Plc,2024-03-31,2026-04-10,2026-04-13,13F-HR/A,,EXCLUDE_UNKNOWN_AMENDMENT_SEMANTICS,0,WY,0000106535,962166104,WEYERHAEUSER CO,REIT USD,37358000,1040580,SOLE,913271,0,127309,https://www.sec.gov/Archives/edgar/data/1539994/000153999426000012/0001539994-26-000012.txt
13FSR-0156,EXCLUDE_UNKNOWN_AMENDMENT_SEMANTICS__E4_2023_2026,false,0001539994-26-000014,0001539994,AEGON ASSET MANAGEMENT UK Plc,2024-06-30,2026-04-10,2026-04-13,13F-HR/A,,EXCLUDE_UNKNOWN_AMENDMENT_SEMANTICS,0,KMB,0000055785,494368103,KIMBERLY-CLARK CORP,COMMON STOCK USD,14229000,102935,SOLE,102935,0,0,https://www.sec.gov/Archives/edgar/data/1539994/000153999426000014/0001539994-26-000014.txt
13FSR-0157,EXCLUDE_UNKNOWN_AMENDMENT_SEMANTICS__E4_2023_2026,false,0001539994-26-000016,0001539994,AEGON ASSET MANAGEMENT UK Plc,2024-09-30,2026-04-10,2026-04-13,13F-HR/A,,EXCLUDE_UNKNOWN_AMENDMENT_SEMANTICS,0,NSC,0000702165,655844108,NORFOLK SOUTHERN CORP,COMMON STOCK USD,18938101,76225,SOLE,74497,0,1728,https://www.sec.gov/Archives/edgar/data/1539994/000153999426000016/0001539994-26-000016.txt
13FSR-0158,EXCLUDE_UNKNOWN_AMENDMENT_SEMANTICS__E4_2023_2026,false,0001539994-26-000018,0001539994,AEGON ASSET MANAGEMENT UK Plc,2024-12-31,2026-04-10,2026-04-13,13F-HR/A,,EXCLUDE_UNKNOWN_AMENDMENT_SEMANTICS,0,STT,0000093751,857477103,STATE STREET CORP,COMMON STOCK USD,33285970,338961,SOLE,334100,0,4861,https://www.sec.gov/Archives/edgar/data/1539994/000153999426000018/0001539994-26-000018.txt
13FSR-0159,EXCLUDE_UNKNOWN_AMENDMENT_SEMANTICS__E4_2023_2026,false,0001539994-26-000020,0001539994,AEGON ASSET MANAGEMENT UK Plc,2025-03-31,2026-04-10,2026-04-13,13F-HR/A,,EXCLUDE_UNKNOWN_AMENDMENT_SEMANTICS,0,GOOG,0001652044,02079K107,ALPHABET INC,COMMON STOCK USD,158491445,1015385,SOLE,1007058,0,8327,https://www.sec.gov/Archives/edgar/data/1539994/000153999426000020/0001539994-26-000020.txt
13FSR-0160,EXCLUDE_UNKNOWN_AMENDMENT_SEMANTICS__E4_2023_2026,false,0001539994-26-000022,0001539994,AEGON ASSET MANAGEMENT UK Plc,2025-06-30,2026-04-10,2026-04-13,13F-HR/A,,EXCLUDE_UNKNOWN_AMENDMENT_SEMANTICS,0,DRI,0000940944,237194105,DARDEN RESTAURANTS INC,COMMON STOCK USD,62703633,288192,SOLE,208947,0,79245,https://www.sec.gov/Archives/edgar/data/1539994/000153999426000022/0001539994-26-000022.txt
13FSR-0161,ADD_NEW_HOLDINGS_FROM_AVAILABILITY__E3_2021_2022,false,0001567619-22-015964,0000909661,FARALLON CAPITAL MANAGEMENT LLC,2021-09-30,2022-08-15,2022-08-16,13F-HR/A,NEW HOLDINGS,ADD_NEW_HOLDINGS_FROM_AVAILABILITY,1,COHR,0000820318,192479103,COHERENT INC,COM,105038,420000,OTR,420000,0,0,https://www.sec.gov/Archives/edgar/data/909661/000156761922015964/0001567619-22-015964.txt
13FSR-0162,INITIAL_SNAPSHOT__E3_2021_2022,false,0001567619-22-019500,0001157765,AGF INVESTMENTS INC.,2022-09-30,2022-11-10,2022-11-11,13F-HR,,INITIAL_SNAPSHOT,1,ACN,0001467373,G1151C101,Accenture PLC,COM,43587,169403,SOLE,169403,0,0,https://www.sec.gov/Archives/edgar/data/1157765/000156761922019500/0001567619-22-019500.txt
13FSR-0163,ADD_NEW_HOLDINGS_FROM_AVAILABILITY__E3_2021_2022,false,0001567619-22-020673,0001055964,NOMURA ASSET MANAGEMENT CO LTD,2021-06-30,2022-11-21,2022-11-22,13F-HR/A,NEW HOLDINGS,ADD_NEW_HOLDINGS_FROM_AVAILABILITY,1,BLK,0002012383,09247X101,BLACKROCK INC,COM,875,1000,SOLE,1000,0,0,https://www.sec.gov/Archives/edgar/data/1055964/000156761922020673/0001567619-22-020673.txt
13FSR-0164,ADD_NEW_HOLDINGS_FROM_AVAILABILITY__E3_2021_2022,false,0001568303-22-000006,0001568303,"West Family Investments, Inc.",2021-09-30,2022-02-15,2022-02-16,13F-HR/A,NEW HOLDINGS,ADD_NEW_HOLDINGS_FROM_AVAILABILITY,1,GPN,0001123360,37940X102,GLOBAL PMTS INC,COM,2033,12901,SOLE,12901,0,0,https://www.sec.gov/Archives/edgar/data/1568303/000156830322000006/0001568303-22-000006.txt
13FSR-0165,INITIAL_SNAPSHOT__E3_2021_2022,false,0001569667-22-000005,0001569667,"OARSMAN CAPITAL, INC.",2022-09-30,2022-11-10,2022-11-11,13F-HR,,INITIAL_SNAPSHOT,1,AAPL,0000320193,037833100,APPLE INC COM,Stock,6072,43940,SOLE,43939,0,0,https://www.sec.gov/Archives/edgar/data/1569667/000156966722000005/0001569667-22-000005.txt
13FSR-0166,INITIAL_SNAPSHOT__E2_2017_2020,false,0001569884-19-000003,0001569884,"RPg Family Wealth Advisory, LLC",2019-03-31,2019-05-14,2019-05-15,13F-HR,,INITIAL_SNAPSHOT,1,GM,0001467858,37045V100,GENERAL MTRS CO COM,Common Stock,187503,5054,SOLE,187503,0,0,https://www.sec.gov/Archives/edgar/data/1569884/000156988419000003/0001569884-19-000003.txt
13FSR-0167,INITIAL_SNAPSHOT__E3_2021_2022,false,0001580642-21-000314,0001535847,"CWM, LLC",2020-12-31,2021-01-27,2021-01-28,13F-HR,,INITIAL_SNAPSHOT,1,AMD,0000002488,007903107,ADVANCED MICRO DEVICES INC,COM,8335,90888,SOLE,0,0,90888,https://www.sec.gov/Archives/edgar/data/1535847/000158064221000314/0001580642-21-000314.txt
13FSR-0168,INITIAL_SNAPSHOT__E3_2021_2022,false,0001580642-22-005322,0001037763,OPTIMUM INVESTMENT ADVISORS,2022-09-30,2022-10-24,2022-10-25,13F-HR,,INITIAL_SNAPSHOT,1,YUM,0001041061,988498101,YUM BRANDS INC,COM,564,5305,SOLE,0,0,5305,https://www.sec.gov/Archives/edgar/data/1037763/000158064222005322/0001580642-22-005322.txt
13FSR-0169,ADD_NEW_HOLDINGS_FROM_AVAILABILITY__E4_2023_2026,false,0001581655-25-000002,0001581655,"Alpine Global Management, LLC",2024-12-31,2025-02-18,2025-02-19,13F-HR/A,NEW HOLDINGS,ADD_NEW_HOLDINGS_FROM_AVAILABILITY,1,ERIE,0000922621,29530P102,ERIE INDTY CO,CL A,764687,1855,SOLE,1855,0,0,https://www.sec.gov/Archives/edgar/data/1581655/000158165525000002/0001581655-25-000002.txt
13FSR-0170,ADD_NEW_HOLDINGS_FROM_AVAILABILITY__E1_2013_2016,false,0001584086-15-000003,0001584086,"Horan Capital Advisors, LLC.",2014-12-31,2015-02-13,2015-02-17,13F-HR/A,NEW HOLDINGS,ADD_NEW_HOLDINGS_FROM_AVAILABILITY,1,JNJ,0000200406,478160104,JOHNSON & JOHNSON,COM,2369,22652,SOLE,22652,0,0,https://www.sec.gov/Archives/edgar/data/1584086/000158408615000003/0001584086-15-000003.txt
13FSR-0171,REPLACE_SNAPSHOT_FROM_AVAILABILITY__E2_2017_2020,false,0001585047-17-000002,0001585047,Columbia Asset Management,2016-12-31,2017-02-14,2017-02-15,13F-HR/A,RESTATEMENT,REPLACE_SNAPSHOT_FROM_AVAILABILITY,1,COST,0000909832,22160K105,Costco Whsl Corp New,COM,596,3725,SOLE,3725,0,0,https://www.sec.gov/Archives/edgar/data/1585047/000158504717000002/0001585047-17-000002.txt
13FSR-0172,EXCLUDE_UNKNOWN_AMENDMENT_SEMANTICS__E3_2021_2022,false,0001597506-22-000007,0001597506,Warberg Asset Management LLC,2022-03-31,2022-05-13,2022-05-16,13F-HR/A,,EXCLUDE_UNKNOWN_AMENDMENT_SEMANTICS,0,AVGO,0001730168,11135F101,BROADCOM INC,COM,579,920,SOLE,920,0,0,https://www.sec.gov/Archives/edgar/data/1597506/000159750622000007/0001597506-22-000007.txt
13FSR-0173,ADD_NEW_HOLDINGS_FROM_AVAILABILITY__E3_2021_2022,false,0001600035-21-000005,0001600035,Stonebridge Capital Advisors LLC,2021-06-30,2021-08-20,2021-08-23,13F-HR/A,NEW HOLDINGS,ADD_NEW_HOLDINGS_FROM_AVAILABILITY,1,EQIX,0001101239,29446M102,EQUINOR ASA SPONSORED ADR,ADR,15,700,SOLE,700,0,0,https://www.sec.gov/Archives/edgar/data/1600035/000160003521000005/0001600035-21-000005.txt
13FSR-0174,ADD_NEW_HOLDINGS_FROM_AVAILABILITY__E2_2017_2020,false,0001606587-20-000439,0001803140,1776 WEALTH LLC,2020-03-31,2020-04-23,2020-04-24,13F-HR/A,NEW HOLDINGS,ADD_NEW_HOLDINGS_FROM_AVAILABILITY,1,WM,0000823768,94106L109,WASTE MGMT INCORPORATED DEL,COM,32,350,SOLE,0,0,350,https://www.sec.gov/Archives/edgar/data/1803140/000160658720000439/0001606587-20-000439.txt
13FSR-0175,REPLACE_SNAPSHOT_FROM_AVAILABILITY__E3_2021_2022,false,0001606587-22-000301,0001668188,"WESPAC Advisors SoCal, LLC",2021-12-31,2022-02-03,2022-02-04,13F-HR/A,RESTATEMENT,REPLACE_SNAPSHOT_FROM_AVAILABILITY,1,AVGO,0001730168,11135F101,BROADCOM INC,COM,11747,19818,SOLE,0,0,19818,https://www.sec.gov/Archives/edgar/data/1668188/000160658722000301/0001606587-22-000301.txt
13FSR-0176,INITIAL_SNAPSHOT__E1_2013_2016,false,0001611457-15-000004,0001611457,Pacad Investment Ltd.,2015-06-30,2015-08-14,2015-08-17,13F-HR,,INITIAL_SNAPSHOT,1,BKNG,0001075531,741503403,PRICELINE GRP I,COM,4951,4300,DFND,4300,0,0,https://www.sec.gov/Archives/edgar/data/1611457/000161145715000004/0001611457-15-000004.txt
13FSR-0177,INITIAL_SNAPSHOT__E2_2017_2020,false,0001615774-17-006121,0001630806,Newfound Research LLC,2017-09-30,2017-11-01,2017-11-02,13F-HR,,INITIAL_SNAPSHOT,1,MU,0000723125,595112103,"Micron Technology, Inc.",EQUITY,0,1,OTR,1,0,0,https://www.sec.gov/Archives/edgar/data/1630806/000161577417006121/0001615774-17-006121.txt
13FSR-0178,REPLACE_SNAPSHOT_FROM_AVAILABILITY__E1_2013_2016,false,0001628280-16-011082,0001432354,Global X Management CO LLC,2015-09-30,2016-02-12,2016-02-16,13F-HR/A,RESTATEMENT,REPLACE_SNAPSHOT_FROM_AVAILABILITY,1,DHR,0000313616,235851102,DANAHER CORP DEL,COM,3,41,SOLE,41,0,0,https://www.sec.gov/Archives/edgar/data/1432354/000162828016011082/0001628280-16-011082.txt
13FSR-0179,ADD_NEW_HOLDINGS_FROM_AVAILABILITY__E3_2021_2022,true,0001628280-22-030930,0000931588,Provida Pension Fund Administrator,2022-06-30,2022-11-29,2022-11-30,13F-HR/A,NEW HOLDINGS,ADD_NEW_HOLDINGS_FROM_AVAILABILITY,1,ALB,0000915913,012653101,ALBEMARLE CORP,COM,41027,193626,DFND,0,193626,0,https://www.sec.gov/Archives/edgar/data/931588/000162828022030930/0001628280-22-030930.txt
13FSR-0180,INITIAL_SNAPSHOT__E2_2017_2020,false,0001632929-17-000004,0001632929,Seven Bridges Advisors LLC,2017-03-31,2017-05-15,2017-05-16,13F-HR,,INITIAL_SNAPSHOT,1,BIIB,0000875045,09062X103,BIOGEN INC,COM,639,2336,SOLE,2336,0,0,https://www.sec.gov/Archives/edgar/data/1632929/000163292917000004/0001632929-17-000004.txt
13FSR-0181,EXCLUDE_UNKNOWN_AMENDMENT_SEMANTICS__E3_2021_2022,false,0001633969-21-000004,0001633969,Cryder Capital Partners LLP,2021-03-31,2021-05-14,2021-05-17,13F-HR/A,,EXCLUDE_UNKNOWN_AMENDMENT_SEMANTICS,0,V,0001403161,92826C839,VISA INC,COM CL A,76001,358952,SOLE,358952,0,0,https://www.sec.gov/Archives/edgar/data/1633969/000163396921000004/0001633969-21-000004.txt
13FSR-0182,EXCLUDE_UNKNOWN_AMENDMENT_SEMANTICS__E4_2023_2026,false,0001633969-23-000003,0001633969,Cryder Capital Partners LLP,2022-12-31,2023-02-10,2023-02-13,13F-HR/A,,EXCLUDE_UNKNOWN_AMENDMENT_SEMANTICS,0,TMO,0000097745,883556102,THERMO FISHER SCIENTIFIC INC,COM,217346880,394681,SOLE,394681,0,0,https://www.sec.gov/Archives/edgar/data/1633969/000163396923000003/0001633969-23-000003.txt
13FSR-0183,INITIAL_SNAPSHOT__E3_2021_2022,false,0001634553-22-000005,0001634553,"Domani Wealth, LLC",2022-09-30,2022-10-18,2022-10-19,13F-HR,,INITIAL_SNAPSHOT,1,NVDA,0001045810,67066G104,Nvidia Corporation,COM,987,8128,SOLE,0,0,8128,https://www.sec.gov/Archives/edgar/data/1634553/000163455322000005/0001634553-22-000005.txt
13FSR-0184,INITIAL_SNAPSHOT__E2_2017_2020,false,0001654175-17-000001,0001654175,Proficio Capital Partners LLC,2016-12-31,2017-02-14,2017-02-15,13F-HR,,INITIAL_SNAPSHOT,1,GOOG,0001652044,02079K107,ALPHABET INC CAP STK CL C,Stock,2536,3286,SOLE,3286,0,0,https://www.sec.gov/Archives/edgar/data/1654175/000165417517000001/0001654175-17-000001.txt
13FSR-0185,EXCLUDE_UNKNOWN_AMENDMENT_SEMANTICS__E2_2017_2020,false,0001654954-20-012510,0001444043,Camber Capital Management LP,2020-09-30,2020-11-16,2020-11-17,13F-HR/A,,EXCLUDE_UNKNOWN_AMENDMENT_SEMANTICS,0,CI,0001739940,125523100,CIGNA CORP NEW,COM,42353,250000,SOLE,250000,0,0,https://www.sec.gov/Archives/edgar/data/1444043/000165495420012510/0001654954-20-012510.txt
13FSR-0186,REPLACE_SNAPSHOT_FROM_AVAILABILITY__E2_2017_2020,false,0001656537-17-000008,0001656537,"Regal Wealth Group, Inc.",2015-12-31,2017-08-25,2017-08-28,13F-HR/A,RESTATEMENT,REPLACE_SNAPSHOT_FROM_AVAILABILITY,1,AAPL,0000320193,037833100,APPLE INC,COM,163,1692,SOLE,0,0,1692,https://www.sec.gov/Archives/edgar/data/1656537/000165653717000008/0001656537-17-000008.txt
13FSR-0187,INITIAL_SNAPSHOT__E3_2021_2022,false,0001664017-21-000002,0001664017,Packer & Co Ltd,2021-03-31,2021-04-06,2021-04-07,13F-HR,,INITIAL_SNAPSHOT,1,MDLZ,0001103982,609207105,MONDELEZ INTERNATIONAL INC-A,CL A,33625,574490,SOLE,574490,0,0,https://www.sec.gov/Archives/edgar/data/1664017/000166401721000002/0001664017-21-000002.txt
13FSR-0188,INITIAL_SNAPSHOT__E2_2017_2020,false,0001665337-18-000002,0001665337,"Integrated Investment Consultants, LLC",2018-03-31,2018-04-12,2018-04-13,13F-HR,,INITIAL_SNAPSHOT,1,WRB,0000011544,084423102,W R BERKLEY CORPORATION COM,Stock,82,1125,SOLE,1125,0,0,https://www.sec.gov/Archives/edgar/data/1665337/000166533718000002/0001665337-18-000002.txt
13FSR-0189,EXCLUDE_UNKNOWN_AMENDMENT_SEMANTICS__E2_2017_2020,false,0001682021-18-000023,0001682021,"Vivaldi Capital Management, LLC",2018-09-30,2018-11-14,2018-11-15,13F-HR/A,,EXCLUDE_UNKNOWN_AMENDMENT_SEMANTICS,0,PM,0001413329,718172109,PHILIP MORRIS INTL INC,Equity,208,2550,SOLE,2550,0,0,https://www.sec.gov/Archives/edgar/data/1682021/000168202118000023/0001682021-18-000023.txt
13FSR-0190,INITIAL_SNAPSHOT__E4_2023_2026,false,0001697715-24-000001,0001697715,HCR Wealth Advisors,2023-12-31,2024-02-09,2024-02-12,13F-HR,,INITIAL_SNAPSHOT,1,USB,0000036104,902973304,US Bancorp,Common Stock,956837,22108,SOLE,0,0,22108,https://www.sec.gov/Archives/edgar/data/1697715/000169771524000001/0001697715-24-000001.txt
13FSR-0191,INITIAL_SNAPSHOT__E2_2017_2020,false,0001697868-20-000006,0001697868,"Valley Forge Capital Management, LP",2020-09-30,2020-11-16,2020-11-17,13F-HR,,INITIAL_SNAPSHOT,1,MA,0001141391,57636Q104,MASTERCARD INCORPORATED,CL A,150367,444650,SOLE,444650,0,0,https://www.sec.gov/Archives/edgar/data/1697868/000169786820000006/0001697868-20-000006.txt
13FSR-0192,EXCLUDE_UNKNOWN_AMENDMENT_SEMANTICS__E4_2023_2026,false,0001724140-23-000003,0001724140,Gemsstock Ltd.,2022-12-31,2023-02-14,2023-02-15,13F-HR/A,,EXCLUDE_UNKNOWN_AMENDMENT_SEMANTICS,0,MOS,0001285785,61945C103,MOSAIC CO NEW,COM,21081728,480550,SOLE,480550,0,0,https://www.sec.gov/Archives/edgar/data/1724140/000172414023000003/0001724140-23-000003.txt
13FSR-0193,EXCLUDE_UNKNOWN_AMENDMENT_SEMANTICS__E4_2023_2026,false,0001724140-23-000004,0001724140,Gemsstock Ltd.,2022-12-31,2023-02-14,2023-02-15,13F-HR/A,,EXCLUDE_UNKNOWN_AMENDMENT_SEMANTICS,0,JPM,0000019617,46625H100,JPMORGAN CHASE & CO,COM,10607310,79100,SOLE,79100,0,0,https://www.sec.gov/Archives/edgar/data/1724140/000172414023000004/0001724140-23-000004.txt
13FSR-0194,ADD_NEW_HOLDINGS_FROM_AVAILABILITY__E2_2017_2020,false,0001751412-19-000004,0001751412,"Sepio Capital, LLC",2019-03-31,2019-06-21,2019-06-24,13F-HR/A,NEW HOLDINGS,ADD_NEW_HOLDINGS_FROM_AVAILABILITY,1,ICE,0001571949,45866F104,INTERCONTINENTAL EXCHANGE IN,COM,3354,44056,SOLE,44056,0,0,https://www.sec.gov/Archives/edgar/data/1751412/000175141219000004/0001751412-19-000004.txt
13FSR-0195,REPLACE_SNAPSHOT_FROM_AVAILABILITY__E3_2021_2022,false,0001760145-21-000004,0001760145,"Costello Asset Management, INC",2021-06-30,2021-08-05,2021-08-06,13F-HR/A,RESTATEMENT,REPLACE_SNAPSHOT_FROM_AVAILABILITY,1,CSCO,0000858877,17275R102,CISCO SYS INC,COM,3,60,SOLE,0,0,3,https://www.sec.gov/Archives/edgar/data/1760145/000176014521000004/0001760145-21-000004.txt
13FSR-0196,INITIAL_SNAPSHOT__E4_2023_2026,false,0001764403-24-000002,0001764403,Vision Capital Corp,2024-03-31,2024-05-13,2024-05-14,13F-HR,,INITIAL_SNAPSHOT,1,VTR,0000740260,92276F100,VENTAS INC,COM,38471509,883590,SOLE,883590,0,0,https://www.sec.gov/Archives/edgar/data/1764403/000176440324000002/0001764403-24-000002.txt
13FSR-0197,REPLACE_SNAPSHOT_FROM_AVAILABILITY__E4_2023_2026,false,0001765380-24-000094,0001999353,SYON CAPITAL LLC,2023-12-31,2024-02-13,2024-02-14,13F-HR/A,RESTATEMENT,REPLACE_SNAPSHOT_FROM_AVAILABILITY,1,MSCI,0001408198,55354G100,MSCI INC COM,Stock,389191,688,SOLE,688,0,0,https://www.sec.gov/Archives/edgar/data/1999353/000176538024000094/0001765380-24-000094.txt
13FSR-0198,ADD_NEW_HOLDINGS_FROM_AVAILABILITY__E2_2017_2020,false,0001765924-19-000008,0001765924,Susquehanna International Group Ltd.,2019-06-30,2019-08-16,2019-08-19,13F-HR/A,NEW HOLDINGS,ADD_NEW_HOLDINGS_FROM_AVAILABILITY,1,AAPL,0000320193,037833100,APPLE INC,COM,773,3904,DFND,3904,0,0,https://www.sec.gov/Archives/edgar/data/1765924/000176592419000008/0001765924-19-000008.txt
13FSR-0199,INITIAL_SNAPSHOT__E2_2017_2020,false,0001766883-20-000006,0001766883,Lantz Financial LLC,2020-09-30,2020-10-09,2020-10-12,13F-HR,,INITIAL_SNAPSHOT,1,CMCSA,0001166691,20030N101,COMCAST CORP NEW,CL A,266,5750,SOLE,5750,0,0,https://www.sec.gov/Archives/edgar/data/1766883/000176688320000006/0001766883-20-000006.txt
13FSR-0200,ADD_NEW_HOLDINGS_FROM_AVAILABILITY__E4_2023_2026,false,0001791827-26-000004,0001791827,Avidity Partners Management LP,2026-03-31,2026-05-28,2026-05-29,13F-HR/A,NEW HOLDINGS,ADD_NEW_HOLDINGS_FROM_AVAILABILITY,1,MDT,0001613103,G5960L103,MEDTRONIC INC,SHS,8665000,100000,SOLE,100000,0,0,https://www.sec.gov/Archives/edgar/data/1791827/000179182726000004/0001791827-26-000004.txt
13FSR-0201,INITIAL_SNAPSHOT__E3_2021_2022,false,0001793367-21-000005,0001793367,"Belmont Capital, LLC",2021-09-30,2021-10-28,2021-10-29,13F-HR,,INITIAL_SNAPSHOT,1,ADBE,0000796343,00724F101,ADOBE SYSTEMS INCORPORATED,COM,173,300,SOLE,0,0,300,https://www.sec.gov/Archives/edgar/data/1793367/000179336721000005/0001793367-21-000005.txt
13FSR-0202,ADD_NEW_HOLDINGS_FROM_AVAILABILITY__E3_2021_2022,false,0001793399-21-000007,0001793399,"Winning Points Advisors, LLC",2018-06-30,2021-02-01,2021-02-02,13F-HR/A,NEW HOLDINGS,ADD_NEW_HOLDINGS_FROM_AVAILABILITY,1,GS,0000886982,38141G104,"Goldman Sachs Group, Inc.",COM,596,2700,SOLE,2700,0,0,https://www.sec.gov/Archives/edgar/data/1793399/000179339921000007/0001793399-21-000007.txt
13FSR-0203,REPLACE_SNAPSHOT_FROM_AVAILABILITY__E3_2021_2022,false,0001808195-22-000005,0001808195,Stolper Co,2022-03-31,2022-04-14,2022-04-18,13F-HR/A,RESTATEMENT,REPLACE_SNAPSHOT_FROM_AVAILABILITY,1,AFL,0000004977,001055102,AFLAC INCORPORATED,COM,4800,74548,SOLE,0,0,74548,https://www.sec.gov/Archives/edgar/data/1808195/000180819522000005/0001808195-22-000005.txt
13FSR-0204,INITIAL_SNAPSHOT__E4_2023_2026,false,0001819275-26-000002,0001819275,BCK CAPITAL MANAGEMENT LP,2026-03-31,2026-05-01,2026-05-04,13F-HR,,INITIAL_SNAPSHOT,1,WBD,0001437107,934423104,WARNER BROS DISCOVERY INC,COM SER A,1867280,68000,SOLE,68000,0,0,https://www.sec.gov/Archives/edgar/data/1819275/000181927526000002/0001819275-26-000002.txt
13FSR-0205,INITIAL_SNAPSHOT__E3_2021_2022,false,0001830600-22-000004,0001830600,"WIPFLI FINANCIAL ADVISORS LLC,",2022-03-31,2022-04-22,2022-04-25,13F-HR,,INITIAL_SNAPSHOT,1,NDSN,0000072331,655663102,NORDSON CORP,COM,395431,1741,SOLE,1741,0,0,https://www.sec.gov/Archives/edgar/data/1830600/000183060022000004/0001830600-22-000004.txt
13FSR-0206,EXCLUDE_UNKNOWN_AMENDMENT_SEMANTICS__E3_2021_2022,false,0001839421-21-000002,0001839421,Centennial Wealth Advisory LLC,2020-12-31,2021-01-26,2021-01-27,13F-HR/A,,EXCLUDE_UNKNOWN_AMENDMENT_SEMANTICS,0,AAPL,0000320193,037833100,APPLE INC,COM,365,2752,SOLE,0,0,2752,https://www.sec.gov/Archives/edgar/data/1839421/000183942121000002/0001839421-21-000002.txt
13FSR-0207,ADD_NEW_HOLDINGS_FROM_AVAILABILITY__E4_2023_2026,false,0001849517-25-000014,0001849517,Tenere Capital LLC,2025-09-30,2025-11-14,2025-11-17,13F-HR/A,NEW HOLDINGS,ADD_NEW_HOLDINGS_FROM_AVAILABILITY,1,AAPL,0000320193,037833100,APPLE INC,COM,17238451,67700,SOLE,67700,0,0,https://www.sec.gov/Archives/edgar/data/1849517/000184951725000014/0001849517-25-000014.txt
13FSR-0208,ADD_NEW_HOLDINGS_FROM_AVAILABILITY__E3_2021_2022,false,0001858353-22-000008,0001858353,"ALTA FOX CAPITAL MANAGEMENT, LLC",2021-12-31,2022-10-14,2022-10-17,13F-HR/A,NEW HOLDINGS,ADD_NEW_HOLDINGS_FROM_AVAILABILITY,1,AMZN,0001018724,023135106,AMAZON COM INC,COM,5918,1775,SOLE,1775,0,0,https://www.sec.gov/Archives/edgar/data/1858353/000185835322000008/0001858353-22-000008.txt
13FSR-0209,INITIAL_SNAPSHOT__E3_2021_2022,false,0001860672-22-000004,0001860672,Elemental Capital Partners LLC,2022-06-30,2022-07-29,2022-08-01,13F-HR,,INITIAL_SNAPSHOT,1,TER,0000097210,880770102,TERADYNE INC,COM,6312,70490,SOLE,70490,0,0,https://www.sec.gov/Archives/edgar/data/1860672/000186067222000004/0001860672-22-000004.txt
13FSR-0210,ADD_NEW_HOLDINGS_FROM_AVAILABILITY__E4_2023_2026,false,0001862067-26-000002,0001862067,"FWG Holdings, LLC",2025-12-31,2026-02-02,2026-02-03,13F-HR/A,NEW HOLDINGS,ADD_NEW_HOLDINGS_FROM_AVAILABILITY,1,ITW,0000049826,452308109,ILLINOIS TOOL WKS INC,COM,276794,1059,SOLE,0,0,1059,https://www.sec.gov/Archives/edgar/data/1862067/000186206726000002/0001862067-26-000002.txt
13FSR-0211,INITIAL_SNAPSHOT__E4_2023_2026,false,0001874761-25-000010,0001636441,Immersion Capital LLP,2025-06-30,2025-08-14,2025-08-15,13F-HR,,INITIAL_SNAPSHOT,1,V,0001403161,92826C839,VISA INC,COM CL A,18075951,50911,SOLE,50911,0,0,https://www.sec.gov/Archives/edgar/data/1636441/000187476125000010/0001874761-25-000010.txt
13FSR-0212,REPLACE_SNAPSHOT_FROM_AVAILABILITY__E3_2021_2022,false,0001910666-22-000002,0001910666,City State Bank,2021-12-31,2022-03-23,2022-03-24,13F-HR/A,RESTATEMENT,REPLACE_SNAPSHOT_FROM_AVAILABILITY,1,ALGN,0001097149,016255101,Align Technology INC CORP COMMON,COM,9,14,SOLE,14,0,0,https://www.sec.gov/Archives/edgar/data/1910666/000191066622000002/0001910666-22-000002.txt
13FSR-0213,REPLACE_SNAPSHOT_FROM_AVAILABILITY__E4_2023_2026,false,0001951757-23-000515,0001972653,Imprint Wealth LLC,2023-06-30,2023-08-17,2023-08-18,13F-HR/A,RESTATEMENT,REPLACE_SNAPSHOT_FROM_AVAILABILITY,1,ORCL,0001341439,68389X105,ORACLE CORP,COM,285393,2396,SOLE,0,0,2396,https://www.sec.gov/Archives/edgar/data/1972653/000195175723000515/0001951757-23-000515.txt
13FSR-0214,REPLACE_SNAPSHOT_FROM_AVAILABILITY__E4_2023_2026,false,0001951757-24-001073,0002031123,"Cannon Financial Strategists, Inc.",2021-09-30,2024-10-18,2024-10-21,13F-HR/A,RESTATEMENT,REPLACE_SNAPSHOT_FROM_AVAILABILITY,1,GIS,0000040704,370334104,GENERAL MLS INC,COM,537802,8990,SOLE,8990,0,0,https://www.sec.gov/Archives/edgar/data/2031123/000195175724001073/0001951757-24-001073.txt
13FSR-0215,INITIAL_SNAPSHOT__E4_2023_2026,false,0001951757-25-001062,0002060663,TABLEAUX LLC,2025-06-30,2025-08-12,2025-08-13,13F-HR,,INITIAL_SNAPSHOT,1,NVDA,0001045810,67066G104,NVIDIA CORPORATION,COM,202131,8664,SOLE,8664,0,0,https://www.sec.gov/Archives/edgar/data/2060663/000195175725001062/0001951757-25-001062.txt
13FSR-0216,EXCLUDE_UNKNOWN_AMENDMENT_SEMANTICS__E4_2023_2026,false,0001965819-23-000008,0001965819,"West Tower Group, LLC",2022-12-31,2023-02-15,2023-02-16,13F-HR/A,,EXCLUDE_UNKNOWN_AMENDMENT_SEMANTICS,0,NDAQ,0001120193,631103108,NASDAQ INC,COM,1331295,21700,DFND,0,21700,0,https://www.sec.gov/Archives/edgar/data/1965819/000196581923000008/0001965819-23-000008.txt
13FSR-0217,REPLACE_SNAPSHOT_FROM_AVAILABILITY__E4_2023_2026,false,0001994220-24-000015,0001759803,"Graves Light Lenhart Wealth, Inc.",2023-12-31,2024-05-13,2024-05-14,13F-HR/A,RESTATEMENT,REPLACE_SNAPSHOT_FROM_AVAILABILITY,1,CAT,0000018230,149123101,CATERPILLAR INC COM,Stock,393853,1332,SOLE,0,0,1332,https://www.sec.gov/Archives/edgar/data/1759803/000199422024000015/0001994220-24-000015.txt
13FSR-0218,REPLACE_SNAPSHOT_FROM_AVAILABILITY__E4_2023_2026,false,0001999371-26-003349,0000937567,ONTARIO TEACHERS PENSION PLAN BOARD,2025-03-31,2026-02-13,2026-02-17,13F-HR/A,RESTATEMENT,REPLACE_SNAPSHOT_FROM_AVAILABILITY,1,PSA,0001393311,74460D109,PUBLIC STORAGE OPER CO,COM,3763871,12576,SOLE,12576,0,0,https://www.sec.gov/Archives/edgar/data/937567/000199937126003349/0001999371-26-003349.txt
13FSR-0219,REPLACE_SNAPSHOT_FROM_AVAILABILITY__E4_2023_2026,false,0002010029-26-000002,0002010029,EVOLUTION WEALTH MANAGEMENT INC.,2025-09-30,2026-02-10,2026-02-11,13F-HR/A,RESTATEMENT,REPLACE_SNAPSHOT_FROM_AVAILABILITY,1,INTU,0000896878,461202103,INTUIT,COM,2732,4,SOLE,0,0,4,https://www.sec.gov/Archives/edgar/data/2010029/000201002926000002/0002010029-26-000002.txt
13FSR-0220,INITIAL_SNAPSHOT__E4_2023_2026,false,0002018007-25-000004,0002018007,"American Capital Advisory, LLC",2025-06-30,2025-08-05,2025-08-06,13F-HR,,INITIAL_SNAPSHOT,1,XYL,0001524472,98419M100,XYLEM INC,COM,13325,103,SOLE,0,0,103,https://www.sec.gov/Archives/edgar/data/2018007/000201800725000004/0002018007-25-000004.txt
13FSR-0221,INITIAL_SNAPSHOT__E4_2023_2026,false,0002052710-26-000001,0002052710,WealthTrak Capital Management LLC,2025-12-31,2026-02-10,2026-02-11,13F-HR,,INITIAL_SNAPSHOT,1,AVGO,0001730168,11135F101,BROADCOM INC,COM,777687,2247,SOLE,0,0,2247,https://www.sec.gov/Archives/edgar/data/2052710/000205271026000001/0002052710-26-000001.txt
13FSR-0222,REPLACE_SNAPSHOT_FROM_AVAILABILITY__E4_2023_2026,false,0002084339-26-000006,0002084339,BROADWATER CAPITAL MANAGEMENT LLC,2024-09-30,2026-02-03,2026-02-04,13F-HR/A,RESTATEMENT,REPLACE_SNAPSHOT_FROM_AVAILABILITY,1,AMZN,0001018724,023135106,AMAZON COM INC,COM,115525,620,SOLE,0,0,620,https://www.sec.gov/Archives/edgar/data/2084339/000208433926000006/0002084339-26-000006.txt
13FSR-0223,INITIAL_SNAPSHOT__E4_2023_2026,false,0002085853-25-000146,0001906711,"WMG Financial Advisors, LLC",2025-09-30,2025-10-23,2025-10-24,13F-HR,,INITIAL_SNAPSHOT,1,MO,0000764180,02209S103,ALTRIA GROUP INC,COM,412214,6240,DFND|OTR|SOLE,0,878,5362,https://www.sec.gov/Archives/edgar/data/1906711/000208585325000146/0002085853-25-000146.txt
13FSR-0224,INITIAL_SNAPSHOT__E4_2023_2026,false,0002085853-26-000313,0001128066,KELLY FINANCIAL GROUP LLC,2026-03-31,2026-04-09,2026-04-10,13F-HR,,INITIAL_SNAPSHOT,1,IBM,0000051143,459200101,INTERNATIONAL BUSINESS MACHS,COM,217355,900,SOLE,0,0,900,https://www.sec.gov/Archives/edgar/data/1128066/000208585326000313/0002085853-26-000313.txt
