queue_id,batch_id,cik,route,event_count,first_event_date,last_event_date,first_accession_number,reviewed_anchor_count,anchor_symbols,first_anchor_date,last_anchor_date,required_evidence,collection_status,review_status,promotion_status
PRE2019-0001,B001,0000027904,REVIEWED_ANCHOR_BOUNDARY,3,2004-09-08,2008-06-06,0000950144-04-008936,2,DAL,2020-05-14,2020-09-25,CORPORATE_ACTION_BOUNDARY_THROUGH_EVENT_RANGE,PENDING,NOT_REVIEWED,BLOCKED
PRE2019-0002,B001,0000783325,REVIEWED_ANCHOR_BOUNDARY,2,2004-09-28,2004-10-25,0000107815-04-000217,1,WEC,2024-01-08,2024-01-08,CORPORATE_ACTION_BOUNDARY_THROUGH_EVENT_RANGE,PENDING,NOT_REVIEWED,BLOCKED
PRE2019-0003,B001,0000047217,REVIEWED_ANCHOR_BOUNDARY,10,2004-11-23,2018-05-29,0000047217-04-000049,4,HPQ,2019-10-04,2025-11-25,CORPORATE_ACTION_BOUNDARY_THROUGH_EVENT_RANGE,PENDING,NOT_REVIEWED,BLOCKED
PRE2019-0004,B001,0001097864,REVIEWED_ANCHOR_BOUNDARY,12,2004-12-08,2016-09-23,0001193125-04-209343,6,ON,2020-04-09,2025-11-17,CORPORATE_ACTION_BOUNDARY_THROUGH_EVENT_RANGE,PENDING,NOT_REVIEWED,BLOCKED
PRE2019-0005,B001,0000016918,REVIEWED_ANCHOR_BOUNDARY,9,2005-01-14,2009-04-08,0000016918-05-000004,1,STZ,2024-09-03,2024-09-03,CORPORATE_ACTION_BOUNDARY_THROUGH_EVENT_RANGE,PENDING,NOT_REVIEWED,BLOCKED
PRE2019-0006,B001,0001091667,REVIEWED_ANCHOR_BOUNDARY,4,2005-02-11,2015-04-22,0001091667-05-000015,6,CHTR,2019-10-07,2020-10-16,CORPORATE_ACTION_BOUNDARY_THROUGH_EVENT_RANGE,PENDING,NOT_REVIEWED,BLOCKED
PRE2019-0007,B001,0000040704,REVIEWED_ANCHOR_BOUNDARY,16,2005-05-20,2019-02-15,0000897101-05-001255,4,GIS,2021-05-06,2025-10-01,CORPORATE_ACTION_BOUNDARY_THROUGH_EVENT_RANGE,PENDING,NOT_REVIEWED,BLOCKED
PRE2019-0008,B001,0000823768,REVIEWED_ANCHOR_BOUNDARY,3,2005-06-15,2009-02-27,0000950129-05-006224,1,WM,2020-07-15,2020-07-15,CORPORATE_ACTION_BOUNDARY_THROUGH_EVENT_RANGE,PENDING,NOT_REVIEWED,BLOCKED
PRE2019-0009,B001,0000047111,REVIEWED_ANCHOR_BOUNDARY,4,2005-07-21,2017-02-28,0000047111-05-000199,1,HSY,2024-02-08,2024-02-08,CORPORATE_ACTION_BOUNDARY_THROUGH_EVENT_RANGE,PENDING,NOT_REVIEWED,BLOCKED
PRE2019-0010,B001,0000055785,REVIEWED_ANCHOR_BOUNDARY,7,2005-07-22,2014-10-21,0000055785-05-000141,1,KMB,2024-03-27,2024-03-27,CORPORATE_ACTION_BOUNDARY_THROUGH_EVENT_RANGE,PENDING,NOT_REVIEWED,BLOCKED
PRE2019-0011,B002,0000033213,REVIEWED_ANCHOR_BOUNDARY,1,2005-12-27,2005-12-27,0001104659-05-062656,2,EQT,2019-09-12,2024-10-01,CORPORATE_ACTION_BOUNDARY_THROUGH_EVENT_RANGE,PENDING,NOT_REVIEWED,BLOCKED
PRE2019-0012,B002,0001280452,REVIEWED_ANCHOR_BOUNDARY,2,2006-01-06,2008-04-29,0001193125-06-002690,1,MPWR,2026-02-27,2026-02-27,CORPORATE_ACTION_BOUNDARY_THROUGH_EVENT_RANGE,PENDING,NOT_REVIEWED,BLOCKED
PRE2019-0013,B002,0000004904,REVIEWED_ANCHOR_BOUNDARY,5,2006-01-17,2013-10-03,0000004904-06-000012,2,AEP,2023-12-20,2024-01-11,CORPORATE_ACTION_BOUNDARY_THROUGH_EVENT_RANGE,PENDING,NOT_REVIEWED,BLOCKED
PRE2019-0014,B002,0000310158,REVIEWED_ANCHOR_BOUNDARY,9,2006-06-01,2019-04-30,0000950123-06-007243,2,MRK,2024-02-01,2025-07-29,CORPORATE_ACTION_BOUNDARY_THROUGH_EVENT_RANGE,PENDING,NOT_REVIEWED,BLOCKED
PRE2019-0015,B002,0001037540,REVIEWED_ANCHOR_BOUNDARY,1,2006-06-06,2006-06-06,0001193125-06-124913,1,BXP,2026-05-29,2026-05-29,CORPORATE_ACTION_BOUNDARY_THROUGH_EVENT_RANGE,PENDING,NOT_REVIEWED,BLOCKED
PRE2019-0016,B002,0001048695,REVIEWED_ANCHOR_BOUNDARY,3,2006-07-20,2018-07-25,0000891020-06-000178,2,FFIV,2023-04-19,2023-06-09,CORPORATE_ACTION_BOUNDARY_THROUGH_EVENT_RANGE,PENDING,NOT_REVIEWED,BLOCKED
PRE2019-0017,B002,0000898293,REVIEWED_ANCHOR_BOUNDARY,17,2006-07-26,2017-03-15,0001193125-06-153798,4,JBL,2023-10-02,2025-06-20,CORPORATE_ACTION_BOUNDARY_THROUGH_EVENT_RANGE,PENDING,NOT_REVIEWED,BLOCKED
PRE2019-0018,B002,0000866374,REVIEWED_ANCHOR_BOUNDARY,6,2006-09-18,2018-01-25,0001035704-06-000670,2,FLEX,2019-07-25,2024-05-01,CORPORATE_ACTION_BOUNDARY_THROUGH_EVENT_RANGE,PENDING,NOT_REVIEWED,BLOCKED
PRE2019-0019,B002,0001137789,REVIEWED_ANCHOR_BOUNDARY,16,2006-09-21,2017-12-11,0001193125-06-194878,5,STX,2020-06-02,2025-06-16,CORPORATE_ACTION_BOUNDARY_THROUGH_EVENT_RANGE,PENDING,NOT_REVIEWED,BLOCKED
PRE2019-0020,B002,0000875320,REVIEWED_ANCHOR_BOUNDARY,6,2007-02-01,2017-10-25,0001104659-07-006509,1,VRTX,2019-09-17,2019-09-17,CORPORATE_ACTION_BOUNDARY_THROUGH_EVENT_RANGE,PENDING,NOT_REVIEWED,BLOCKED
PRE2019-0021,B003,0000715957,REVIEWED_ANCHOR_BOUNDARY,3,2007-06-07,2012-10-22,0001193125-07-131054,1,D,2020-07-06,2020-07-06,CORPORATE_ACTION_BOUNDARY_THROUGH_EVENT_RANGE,PENDING,NOT_REVIEWED,BLOCKED
PRE2019-0022,B003,0001385157,REVIEWED_ANCHOR_BOUNDARY,8,2007-06-13,2019-04-24,0001047469-07-004966,3,TEL,2019-07-24,2023-03-16,CORPORATE_ACTION_BOUNDARY_THROUGH_EVENT_RANGE,PENDING,NOT_REVIEWED,BLOCKED
PRE2019-0023,B003,0001065088,REVIEWED_ANCHOR_BOUNDARY,2,2007-10-01,2008-10-06,0000891618-07-000579,1,EBAY,2024-01-24,2024-01-24,CORPORATE_ACTION_BOUNDARY_THROUGH_EVENT_RANGE,PENDING,NOT_REVIEWED,BLOCKED
PRE2019-0024,B003,0000723125,REVIEWED_ANCHOR_BOUNDARY,12,2007-10-02,2016-06-30,0000723125-07-000086,1,MU,2022-12-21,2022-12-21,CORPORATE_ACTION_BOUNDARY_THROUGH_EVENT_RANGE,PENDING,NOT_REVIEWED,BLOCKED
PRE2019-0025,B003,0001316835,REVIEWED_ANCHOR_BOUNDARY,1,2007-10-11,2007-10-11,0000950134-07-021165,1,BLDR,2021-01-04,2021-01-04,CORPORATE_ACTION_BOUNDARY_THROUGH_EVENT_RANGE,PENDING,NOT_REVIEWED,BLOCKED
PRE2019-0026,B003,0000712515,REVIEWED_ANCHOR_BOUNDARY,5,2007-11-01,2012-05-07,0001193125-07-232534,3,EA,2023-03-29,2026-01-06,CORPORATE_ACTION_BOUNDARY_THROUGH_EVENT_RANGE,PENDING,NOT_REVIEWED,BLOCKED
PRE2019-0027,B003,0001071739,REVIEWED_ANCHOR_BOUNDARY,2,2007-12-12,2011-04-28,0001071739-07-000055,1,CNC,2022-06-17,2022-06-17,CORPORATE_ACTION_BOUNDARY_THROUGH_EVENT_RANGE,PENDING,NOT_REVIEWED,BLOCKED
PRE2019-0028,B003,0001144519,REVIEWED_ANCHOR_BOUNDARY,5,2008-03-03,2018-08-01,0001047469-08-002116,2,BG,2019-07-22,2019-08-13,CORPORATE_ACTION_BOUNDARY_THROUGH_EVENT_RANGE,PENDING,NOT_REVIEWED,BLOCKED
PRE2019-0029,B003,0000050863,REVIEWED_ANCHOR_BOUNDARY,3,2008-03-31,2016-04-19,0000050863-08-000115,3,INTC,2024-10-31,2025-07-24,CORPORATE_ACTION_BOUNDARY_THROUGH_EVENT_RANGE,PENDING,NOT_REVIEWED,BLOCKED
PRE2019-0030,B003,0000037996,REVIEWED_ANCHOR_BOUNDARY,7,2008-05-22,2019-03-27,0001140361-08-013317,7,F,2019-06-06,2025-12-15,CORPORATE_ACTION_BOUNDARY_THROUGH_EVENT_RANGE,PENDING,NOT_REVIEWED,BLOCKED
PRE2019-0031,B004,0001140859,REVIEWED_ANCHOR_BOUNDARY,1,2008-07-24,2008-07-24,0001193125-08-156922,1,ABC,2020-01-30,2020-01-30,CORPORATE_ACTION_BOUNDARY_THROUGH_EVENT_RANGE,PENDING,NOT_REVIEWED,BLOCKED
PRE2019-0032,B004,0000001800,REVIEWED_ANCHOR_BOUNDARY,8,2008-08-21,2019-02-25,0001104659-08-054227,2,ABT,2019-12-19,2021-06-03,CORPORATE_ACTION_BOUNDARY_THROUGH_EVENT_RANGE,PENDING,NOT_REVIEWED,BLOCKED
PRE2019-0033,B004,0000065984,REVIEWED_ANCHOR_BOUNDARY,5,2008-12-23,2017-01-09,0000065984-08-000195,1,ETR,2024-03-12,2024-03-12,CORPORATE_ACTION_BOUNDARY_THROUGH_EVENT_RANGE,PENDING,NOT_REVIEWED,BLOCKED
PRE2019-0034,B004,0000031462,REVIEWED_ANCHOR_BOUNDARY,6,2009-01-20,2019-02-04,0001104659-09-002946,5,ECL,2021-02-16,2026-02-10,CORPORATE_ACTION_BOUNDARY_THROUGH_EVENT_RANGE,PENDING,NOT_REVIEWED,BLOCKED
PRE2019-0035,B004,0001001250,REVIEWED_ANCHOR_BOUNDARY,22,2009-02-05,2018-03-23,0001104659-09-006611,13,EL,2019-06-13,2026-07-07,CORPORATE_ACTION_BOUNDARY_THROUGH_EVENT_RANGE,PENDING,NOT_REVIEWED,BLOCKED
PRE2019-0036,B004,0000922224,REVIEWED_ANCHOR_BOUNDARY,4,2009-02-24,2011-10-13,0000922224-09-000017,1,PPL,2021-03-18,2021-03-18,CORPORATE_ACTION_BOUNDARY_THROUGH_EVENT_RANGE,PENDING,NOT_REVIEWED,BLOCKED
PRE2019-0037,B004,0000320187,REVIEWED_ANCHOR_BOUNDARY,1,2009-03-18,2009-03-18,0000320187-09-000035,2,NKE,2023-12-21,2026-03-05,CORPORATE_ACTION_BOUNDARY_THROUGH_EVENT_RANGE,PENDING,NOT_REVIEWED,BLOCKED
PRE2019-0038,B004,0001109357,REVIEWED_ANCHOR_BOUNDARY,13,2009-06-18,2018-02-02,0001193125-09-133009,3,EXC,2020-08-21,2021-04-30,CORPORATE_ACTION_BOUNDARY_THROUGH_EVENT_RANGE,PENDING,NOT_REVIEWED,BLOCKED
PRE2019-0039,B004,0000009389,REVIEWED_ANCHOR_BOUNDARY,6,2010-03-23,2017-09-01,0001104659-10-015787,1,BALL,2022-08-04,2022-08-04,CORPORATE_ACTION_BOUNDARY_THROUGH_EVENT_RANGE,PENDING,NOT_REVIEWED,BLOCKED
PRE2019-0040,B004,0001326160,REVIEWED_ANCHOR_BOUNDARY,10,2010-09-17,2017-08-29,0001104659-10-049015,5,DUK,2020-07-06,2023-06-12,CORPORATE_ACTION_BOUNDARY_THROUGH_EVENT_RANGE,PENDING,NOT_REVIEWED,BLOCKED
PRE2019-0041,B005,0000885725,REVIEWED_ANCHOR_BOUNDARY,9,2011-04-20,2018-11-15,0000885725-11-000019,2,BSX,2020-11-18,2020-12-01,CORPORATE_ACTION_BOUNDARY_THROUGH_EVENT_RANGE,PENDING,NOT_REVIEWED,BLOCKED
PRE2019-0042,B005,0001140536,REVIEWED_ANCHOR_BOUNDARY,4,2011-05-10,2014-04-29,0001299933-11-001437,1,WTW,2024-10-01,2024-10-01,CORPORATE_ACTION_BOUNDARY_THROUGH_EVENT_RANGE,PENDING,NOT_REVIEWED,BLOCKED
PRE2019-0043,B005,0000100517,REVIEWED_ANCHOR_BOUNDARY,1,2011-07-14,2011-07-14,0001193125-11-188093,3,UAL,2020-07-08,2020-10-14,CORPORATE_ACTION_BOUNDARY_THROUGH_EVENT_RANGE,PENDING,NOT_REVIEWED,BLOCKED
PRE2019-0044,B005,0000858877,REVIEWED_ANCHOR_BOUNDARY,4,2011-07-18,2016-08-17,0001193125-11-190246,5,CSCO,2020-08-12,2026-05-13,CORPORATE_ACTION_BOUNDARY_THROUGH_EVENT_RANGE,PENDING,NOT_REVIEWED,BLOCKED
PRE2019-0045,B005,0001489393,REVIEWED_ANCHOR_BOUNDARY,2,2011-10-03,2012-01-31,0000950123-11-088103,3,LYB,2022-01-28,2025-06-05,CORPORATE_ACTION_BOUNDARY_THROUGH_EVENT_RANGE,PENDING,NOT_REVIEWED,BLOCKED
PRE2019-0046,B005,0001324424,REVIEWED_ANCHOR_BOUNDARY,2,2011-12-27,2015-11-18,0001193125-11-352242,2,EXPE,2020-02-25,2024-02-26,CORPORATE_ACTION_BOUNDARY_THROUGH_EVENT_RANGE,PENDING,NOT_REVIEWED,BLOCKED
PRE2019-0047,B005,0000007084,REVIEWED_ANCHOR_BOUNDARY,1,2012-01-13,2012-01-13,0001193125-12-011819,1,ADM,2024-11-05,2024-11-05,CORPORATE_ACTION_BOUNDARY_THROUGH_EVENT_RANGE,PENDING,NOT_REVIEWED,BLOCKED
PRE2019-0048,B005,0000021665,REVIEWED_ANCHOR_BOUNDARY,5,2012-10-25,2017-10-27,0001157523-12-005370,4,CL,2022-01-28,2026-05-01,CORPORATE_ACTION_BOUNDARY_THROUGH_EVENT_RANGE,PENDING,NOT_REVIEWED,BLOCKED
PRE2019-0049,B005,0000874761,REVIEWED_ANCHOR_BOUNDARY,1,2012-11-01,2012-11-01,0001193125-12-446900,6,AES,2020-06-23,2026-01-16,CORPORATE_ACTION_BOUNDARY_THROUGH_EVENT_RANGE,PENDING,NOT_REVIEWED,BLOCKED
PRE2019-0050,B005,0000075677,REVIEWED_ANCHOR_BOUNDARY,2,2014-03-26,2017-08-21,0000075677-14-000014,4,PKG,2020-04-28,2025-12-04,CORPORATE_ACTION_BOUNDARY_THROUGH_EVENT_RANGE,PENDING,NOT_REVIEWED,BLOCKED
PRE2019-0051,B006,0001116132,REVIEWED_ANCHOR_BOUNDARY,4,2014-06-19,2016-04-26,0001157523-14-002613,4,TPR,2020-04-30,2024-11-14,CORPORATE_ACTION_BOUNDARY_THROUGH_EVENT_RANGE,PENDING,NOT_REVIEWED,BLOCKED
PRE2019-0052,B006,0001285785,REVIEWED_ANCHOR_BOUNDARY,1,2014-07-23,2014-07-23,0001243786-14-000007,3,MOS,2019-06-18,2026-04-08,CORPORATE_ACTION_BOUNDARY_THROUGH_EVENT_RANGE,PENDING,NOT_REVIEWED,BLOCKED
PRE2019-0053,B006,0000849399,REVIEWED_ANCHOR_BOUNDARY,2,2014-11-05,2016-05-12,0000849399-14-000006,1,SYMC,2019-08-08,2019-08-08,CORPORATE_ACTION_BOUNDARY_THROUGH_EVENT_RANGE,PENDING,NOT_REVIEWED,BLOCKED
PRE2019-0054,B006,0000087347,REVIEWED_ANCHOR_BOUNDARY,3,2014-12-02,2016-12-06,0001193125-14-430607,3,SLB,2019-09-04,2020-06-16,CORPORATE_ACTION_BOUNDARY_THROUGH_EVENT_RANGE,PENDING,NOT_REVIEWED,BLOCKED
PRE2019-0055,B006,0000079879,REVIEWED_ANCHOR_BOUNDARY,5,2015-04-16,2018-06-28,0000079879-15-000018,2,PPG,2019-06-10,2020-06-08,CORPORATE_ACTION_BOUNDARY_THROUGH_EVENT_RANGE,PENDING,NOT_REVIEWED,BLOCKED
PRE2019-0056,B006,0001267238,REVIEWED_ANCHOR_BOUNDARY,1,2015-06-10,2015-06-10,0001181431-15-008082,1,AIZ,2022-12-13,2022-12-13,CORPORATE_ACTION_BOUNDARY_THROUGH_EVENT_RANGE,PENDING,NOT_REVIEWED,BLOCKED
PRE2019-0057,B006,0000035527,REVIEWED_ANCHOR_BOUNDARY,2,2015-06-22,2016-09-13,0001193125-15-229502,1,FITB,2025-09-09,2025-09-09,CORPORATE_ACTION_BOUNDARY_THROUGH_EVENT_RANGE,PENDING,NOT_REVIEWED,BLOCKED
PRE2019-0058,B006,0000827052,REVIEWED_ANCHOR_BOUNDARY,2,2015-11-09,2018-01-31,0000827052-15-000188,1,EIX,2019-05-28,2019-05-28,CORPORATE_ACTION_BOUNDARY_THROUGH_EVENT_RANGE,PENDING,NOT_REVIEWED,BLOCKED
PRE2019-0059,B006,0000769397,REVIEWED_ANCHOR_BOUNDARY,2,2016-02-03,2017-11-28,0000769397-16-000055,3,ADSK,2020-02-03,2026-01-22,CORPORATE_ACTION_BOUNDARY_THROUGH_EVENT_RANGE,PENDING,NOT_REVIEWED,BLOCKED
PRE2019-0060,B006,0001090012,REVIEWED_ANCHOR_BOUNDARY,1,2016-02-16,2016-02-16,0001193125-16-465602,2,DVN,2019-12-18,2021-02-17,CORPORATE_ACTION_BOUNDARY_THROUGH_EVENT_RANGE,PENDING,NOT_REVIEWED,BLOCKED
PRE2019-0061,B007,0001002047,REVIEWED_ANCHOR_BOUNDARY,2,2016-02-17,2016-11-03,0001102624-16-002144,2,NTAP,2020-08-26,2023-01-31,CORPORATE_ACTION_BOUNDARY_THROUGH_EVENT_RANGE,PENDING,NOT_REVIEWED,BLOCKED
PRE2019-0062,B007,0000002969,REVIEWED_ANCHOR_BOUNDARY,1,2016-04-04,2016-04-04,0001193125-16-528737,2,APD,2025-02-24,2026-06-30,CORPORATE_ACTION_BOUNDARY_THROUGH_EVENT_RANGE,PENDING,NOT_REVIEWED,BLOCKED
PRE2019-0063,B007,0001437107,REVIEWED_ANCHOR_BOUNDARY,1,2016-05-04,2016-05-04,0001437107-16-000068,2,WBD,2022-10-24,2022-12-14,CORPORATE_ACTION_BOUNDARY_THROUGH_EVENT_RANGE,PENDING,NOT_REVIEWED,BLOCKED
PRE2019-0064,B007,0001037038,REVIEWED_ANCHOR_BOUNDARY,3,2016-06-07,2018-06-07,0000950142-16-003884,1,RL,2020-09-22,2020-09-22,CORPORATE_ACTION_BOUNDARY_THROUGH_EVENT_RANGE,PENDING,NOT_REVIEWED,BLOCKED
PRE2019-0065,B007,0000217346,REVIEWED_ANCHOR_BOUNDARY,4,2016-08-30,2018-12-06,0001104659-16-142094,5,TXT,2019-12-06,2024-12-18,CORPORATE_ACTION_BOUNDARY_THROUGH_EVENT_RANGE,PENDING,NOT_REVIEWED,BLOCKED
PRE2019-0066,B007,0001521332,REVIEWED_ANCHOR_BOUNDARY,2,2016-08-31,2019-02-28,0001521332-16-000119,1,APTV,2021-11-09,2021-11-09,CORPORATE_ACTION_BOUNDARY_THROUGH_EVENT_RANGE,PENDING,NOT_REVIEWED,BLOCKED
PRE2019-0067,B007,0000877212,REVIEWED_ANCHOR_BOUNDARY,2,2016-09-20,2016-11-01,0001193125-16-713972,1,ZBRA,2025-12-15,2025-12-15,CORPORATE_ACTION_BOUNDARY_THROUGH_EVENT_RANGE,PENDING,NOT_REVIEWED,BLOCKED
PRE2019-0068,B007,0000788784,REVIEWED_ANCHOR_BOUNDARY,1,2016-10-05,2016-10-05,0001193125-16-731087,2,PEG,2019-06-21,2021-08-13,CORPORATE_ACTION_BOUNDARY_THROUGH_EVENT_RANGE,PENDING,NOT_REVIEWED,BLOCKED
PRE2019-0069,B007,0000707549,REVIEWED_ANCHOR_BOUNDARY,1,2016-10-06,2016-10-06,0001193125-16-731756,1,LRCX,2023-01-25,2023-01-25,CORPORATE_ACTION_BOUNDARY_THROUGH_EVENT_RANGE,PENDING,NOT_REVIEWED,BLOCKED
PRE2019-0070,B007,0001467858,REVIEWED_ANCHOR_BOUNDARY,3,2017-03-06,2018-11-27,0001467858-17-000060,3,GM,2020-02-18,2025-10-14,CORPORATE_ACTION_BOUNDARY_THROUGH_EVENT_RANGE,PENDING,NOT_REVIEWED,BLOCKED
PRE2019-0071,B008,0000106535,REVIEWED_ANCHOR_BOUNDARY,1,2017-06-05,2017-06-05,0000106535-17-000025,1,WY,2019-12-17,2019-12-17,CORPORATE_ACTION_BOUNDARY_THROUGH_EVENT_RANGE,PENDING,NOT_REVIEWED,BLOCKED
PRE2019-0072,B008,0000721371,REVIEWED_ANCHOR_BOUNDARY,1,2017-10-04,2017-10-04,0000721371-17-000128,2,CAH,2019-08-08,2021-03-12,CORPORATE_ACTION_BOUNDARY_THROUGH_EVENT_RANGE,PENDING,NOT_REVIEWED,BLOCKED
PRE2019-0073,B008,0001666700,REVIEWED_ANCHOR_BOUNDARY,1,2017-11-02,2017-11-02,0001666700-17-000022,2,DD|DWDP,2019-05-29,2020-04-20,CORPORATE_ACTION_BOUNDARY_THROUGH_EVENT_RANGE,PENDING,NOT_REVIEWED,BLOCKED
PRE2019-0074,B008,0001048911,REVIEWED_ANCHOR_BOUNDARY,2,2018-05-29,2019-01-18,0001193125-18-176815,4,FDX,2020-06-19,2026-01-29,CORPORATE_ACTION_BOUNDARY_THROUGH_EVENT_RANGE,PENDING,NOT_REVIEWED,BLOCKED
PRE2019-0075,B008,0001000228,REVIEWED_ANCHOR_BOUNDARY,1,2018-07-09,2018-07-09,0001193125-18-214186,1,HSIC,2019-11-26,2019-11-26,CORPORATE_ACTION_BOUNDARY_THROUGH_EVENT_RANGE,PENDING,NOT_REVIEWED,BLOCKED
PRE2019-0076,B008,0000046080,REVIEWED_ANCHOR_BOUNDARY,1,2018-10-22,2018-10-22,0000046080-18-000134,2,HAS,2022-10-04,2023-12-11,CORPORATE_ACTION_BOUNDARY_THROUGH_EVENT_RANGE,PENDING,NOT_REVIEWED,BLOCKED
PRE2019-0077,B008,0001551152,REVIEWED_ANCHOR_BOUNDARY,1,2019-01-04,2019-01-04,0001104659-19-000836,1,ABBV,2025-01-10,2025-01-10,CORPORATE_ACTION_BOUNDARY_THROUGH_EVENT_RANGE,PENDING,NOT_REVIEWED,BLOCKED
PRE2019-0078,B008,0000024545,REVIEWED_ANCHOR_BOUNDARY,1,2019-02-12,2019-02-12,0000024545-19-000006,2,TAP,2019-10-30,2025-10-20,CORPORATE_ACTION_BOUNDARY_THROUGH_EVENT_RANGE,PENDING,NOT_REVIEWED,BLOCKED
PRE2019-0079,B008,0000068505,HISTORICAL_MASTER_DISCOVERY,10,2004-09-28,2009-04-06,0001193125-04-162709,0,,,,HISTORICAL_LISTING_IDENTITY_AND_BOUNDARIES,PENDING,NOT_REVIEWED,BLOCKED
PRE2019-0080,B008,0000077476,HISTORICAL_MASTER_DISCOVERY,7,2004-09-30,2019-02-15,0001193125-04-164450,0,,,,HISTORICAL_LISTING_IDENTITY_AND_BOUNDARIES,PENDING,NOT_REVIEWED,BLOCKED
PRE2019-0081,B009,0000010795,HISTORICAL_MASTER_DISCOVERY,2,2004-10-04,2006-09-29,0000950117-04-003508,0,,,,HISTORICAL_LISTING_IDENTITY_AND_BOUNDARIES,PENDING,NOT_REVIEWED,BLOCKED
PRE2019-0082,B009,0001069202,HISTORICAL_MASTER_DISCOVERY,8,2004-10-06,2009-02-05,0000950134-04-014644,0,,,,HISTORICAL_LISTING_IDENTITY_AND_BOUNDARIES,PENDING,NOT_REVIEWED,BLOCKED
PRE2019-0083,B009,0001045609,HISTORICAL_MASTER_DISCOVERY,2,2004-10-13,2009-03-25,0000950134-04-014925,0,,,,HISTORICAL_LISTING_IDENTITY_AND_BOUNDARIES,PENDING,NOT_REVIEWED,BLOCKED
PRE2019-0084,B009,0000831259,HISTORICAL_MASTER_DISCOVERY,1,2004-12-08,2004-12-08,0000831259-04-000041,0,,,,HISTORICAL_LISTING_IDENTITY_AND_BOUNDARIES,PENDING,NOT_REVIEWED,BLOCKED
PRE2019-0085,B009,0000021076,HISTORICAL_MASTER_DISCOVERY,3,2004-12-16,2014-09-22,0000021076-04-000117,0,,,,HISTORICAL_LISTING_IDENTITY_AND_BOUNDARIES,PENDING,NOT_REVIEWED,BLOCKED
PRE2019-0086,B009,0000940944,HISTORICAL_MASTER_DISCOVERY,2,2004-12-17,2007-05-07,0000940944-04-000189,0,,,,HISTORICAL_LISTING_IDENTITY_AND_BOUNDARIES,PENDING,NOT_REVIEWED,BLOCKED
PRE2019-0087,B009,0001101239,HISTORICAL_MASTER_DISCOVERY,2,2005-01-06,2005-12-22,0001193125-05-002412,0,,,,HISTORICAL_LISTING_IDENTITY_AND_BOUNDARIES,PENDING,NOT_REVIEWED,BLOCKED
PRE2019-0088,B009,0000789570,HISTORICAL_MASTER_DISCOVERY,7,2005-01-11,2010-10-12,0000950124-05-000156,0,,,,HISTORICAL_LISTING_IDENTITY_AND_BOUNDARIES,PENDING,NOT_REVIEWED,BLOCKED
PRE2019-0089,B009,0001053507,HISTORICAL_MASTER_DISCOVERY,2,2005-02-28,2006-08-07,0001193125-05-038774,0,,,,HISTORICAL_LISTING_IDENTITY_AND_BOUNDARIES,PENDING,NOT_REVIEWED,BLOCKED
PRE2019-0090,B009,0000076334,HISTORICAL_MASTER_DISCOVERY,2,2005-03-24,2005-07-11,0001193125-05-059721,0,,,,HISTORICAL_LISTING_IDENTITY_AND_BOUNDARIES,PENDING,NOT_REVIEWED,BLOCKED
PRE2019-0091,B010,0000086312,HISTORICAL_MASTER_DISCOVERY,1,2005-03-30,2005-03-30,0000893750-05-000182,0,,,,HISTORICAL_LISTING_IDENTITY_AND_BOUNDARIES,PENDING,NOT_REVIEWED,BLOCKED
PRE2019-0092,B010,0000860731,HISTORICAL_MASTER_DISCOVERY,1,2005-04-28,2005-04-28,0000950134-05-008390,0,,,,HISTORICAL_LISTING_IDENTITY_AND_BOUNDARIES,PENDING,NOT_REVIEWED,BLOCKED
PRE2019-0093,B010,0000060086,HISTORICAL_MASTER_DISCOVERY,4,2005-05-03,2006-04-04,0000060086-05-000031,0,,,,HISTORICAL_LISTING_IDENTITY_AND_BOUNDARIES,PENDING,NOT_REVIEWED,BLOCKED
PRE2019-0094,B010,0000882184,HISTORICAL_MASTER_DISCOVERY,4,2005-06-03,2007-03-16,0001299933-05-002702,0,,,,HISTORICAL_LISTING_IDENTITY_AND_BOUNDARIES,PENDING,NOT_REVIEWED,BLOCKED
PRE2019-0095,B010,0001164727,HISTORICAL_MASTER_DISCOVERY,3,2005-06-29,2016-12-13,0001193125-05-134270,0,,,,HISTORICAL_LISTING_IDENTITY_AND_BOUNDARIES,PENDING,NOT_REVIEWED,BLOCKED
PRE2019-0096,B010,0000896159,HISTORICAL_MASTER_DISCOVERY,1,2005-07-21,2005-07-21,0001193125-05-146056,0,,,,HISTORICAL_LISTING_IDENTITY_AND_BOUNDARIES,PENDING,NOT_REVIEWED,BLOCKED
PRE2019-0097,B010,0000936340,HISTORICAL_MASTER_DISCOVERY,3,2005-07-29,2015-12-17,0000950124-05-004526,0,,,,HISTORICAL_LISTING_IDENTITY_AND_BOUNDARIES,PENDING,NOT_REVIEWED,BLOCKED
PRE2019-0098,B010,0001090872,HISTORICAL_MASTER_DISCOVERY,9,2005-08-15,2014-09-19,0001193125-05-168663,0,,,,HISTORICAL_LISTING_IDENTITY_AND_BOUNDARIES,PENDING,NOT_REVIEWED,BLOCKED
PRE2019-0099,B010,0000872589,HISTORICAL_MASTER_DISCOVERY,1,2005-09-26,2005-09-26,0000950123-05-011496,0,,,,HISTORICAL_LISTING_IDENTITY_AND_BOUNDARIES,PENDING,NOT_REVIEWED,BLOCKED
PRE2019-0100,B010,0000006281,HISTORICAL_MASTER_DISCOVERY,1,2005-10-20,2005-10-20,0001157523-05-009028,0,,,,HISTORICAL_LISTING_IDENTITY_AND_BOUNDARIES,PENDING,NOT_REVIEWED,BLOCKED
PRE2019-0101,B011,0001039684,HISTORICAL_MASTER_DISCOVERY,3,2005-10-25,2014-02-05,0001193125-05-207825,0,,,,HISTORICAL_LISTING_IDENTITY_AND_BOUNDARIES,PENDING,NOT_REVIEWED,BLOCKED
PRE2019-0102,B011,0000002488,HISTORICAL_MASTER_DISCOVERY,13,2005-10-27,2015-10-01,0001193125-05-209954,0,,,,HISTORICAL_LISTING_IDENTITY_AND_BOUNDARIES,PENDING,NOT_REVIEWED,BLOCKED
PRE2019-0103,B011,0000796343,HISTORICAL_MASTER_DISCOVERY,4,2005-12-07,2011-11-08,0001104659-05-059604,0,,,,HISTORICAL_LISTING_IDENTITY_AND_BOUNDARIES,PENDING,NOT_REVIEWED,BLOCKED
PRE2019-0104,B011,0000943819,HISTORICAL_MASTER_DISCOVERY,1,2006-01-11,2006-01-11,0001193125-06-004871,0,,,,HISTORICAL_LISTING_IDENTITY_AND_BOUNDARIES,PENDING,NOT_REVIEWED,BLOCKED
PRE2019-0105,B011,0001341439,HISTORICAL_MASTER_DISCOVERY,3,2006-02-15,2010-06-04,0001193125-06-032719,0,,,,HISTORICAL_LISTING_IDENTITY_AND_BOUNDARIES,PENDING,NOT_REVIEWED,BLOCKED
PRE2019-0106,B011,0000097745,HISTORICAL_MASTER_DISCOVERY,3,2006-04-28,2012-06-28,0000097745-06-000100,0,,,,HISTORICAL_LISTING_IDENTITY_AND_BOUNDARIES,PENDING,NOT_REVIEWED,BLOCKED
PRE2019-0107,B011,0000026172,HISTORICAL_MASTER_DISCOVERY,1,2006-05-12,2006-05-12,0000026172-06-000013,0,,,,HISTORICAL_LISTING_IDENTITY_AND_BOUNDARIES,PENDING,NOT_REVIEWED,BLOCKED
PRE2019-0108,B011,0000943452,HISTORICAL_MASTER_DISCOVERY,1,2006-07-25,2006-07-25,0001193125-06-152349,0,,,,HISTORICAL_LISTING_IDENTITY_AND_BOUNDARIES,PENDING,NOT_REVIEWED,BLOCKED
PRE2019-0109,B011,0000320193,HISTORICAL_MASTER_DISCOVERY,1,2006-08-04,2006-08-04,0001104659-06-051302,0,,,,HISTORICAL_LISTING_IDENTITY_AND_BOUNDARIES,PENDING,NOT_REVIEWED,BLOCKED
PRE2019-0110,B011,0000012927,HISTORICAL_MASTER_DISCOVERY,1,2006-08-22,2006-08-22,0001193125-06-177709,0,,,,HISTORICAL_LISTING_IDENTITY_AND_BOUNDARIES,PENDING,NOT_REVIEWED,BLOCKED
PRE2019-0111,B012,0000062709,HISTORICAL_MASTER_DISCOVERY,1,2006-09-20,2006-09-20,0000062709-06-000177,0,,,,HISTORICAL_LISTING_IDENTITY_AND_BOUNDARIES,PENDING,NOT_REVIEWED,BLOCKED
PRE2019-0112,B012,0000319201,HISTORICAL_MASTER_DISCOVERY,5,2006-10-03,2015-06-26,0000950134-06-018591,0,,,,HISTORICAL_LISTING_IDENTITY_AND_BOUNDARIES,PENDING,NOT_REVIEWED,BLOCKED
PRE2019-0113,B012,0000202058,HISTORICAL_MASTER_DISCOVERY,9,2006-10-11,2017-02-01,0001299933-06-006510,0,,,,HISTORICAL_LISTING_IDENTITY_AND_BOUNDARIES,PENDING,NOT_REVIEWED,BLOCKED
PRE2019-0114,B012,0001031296,HISTORICAL_MASTER_DISCOVERY,12,2006-11-02,2018-02-20,0001031296-06-000252,0,,,,HISTORICAL_LISTING_IDENTITY_AND_BOUNDARIES,PENDING,NOT_REVIEWED,BLOCKED
PRE2019-0115,B012,0001045810,HISTORICAL_MASTER_DISCOVERY,2,2006-11-06,2008-09-18,0001193125-06-223958,0,,,,HISTORICAL_LISTING_IDENTITY_AND_BOUNDARIES,PENDING,NOT_REVIEWED,BLOCKED
PRE2019-0116,B012,0001014473,HISTORICAL_MASTER_DISCOVERY,5,2006-11-21,2010-08-02,0001193125-06-240200,0,,,,HISTORICAL_LISTING_IDENTITY_AND_BOUNDARIES,PENDING,NOT_REVIEWED,BLOCKED
PRE2019-0117,B012,0001099800,HISTORICAL_MASTER_DISCOVERY,2,2006-12-05,2012-02-27,0001104659-06-079501,0,,,,HISTORICAL_LISTING_IDENTITY_AND_BOUNDARIES,PENDING,NOT_REVIEWED,BLOCKED
PRE2019-0118,B012,0000753308,HISTORICAL_MASTER_DISCOVERY,1,2006-12-15,2006-12-15,0000753308-06-000113,0,,,,HISTORICAL_LISTING_IDENTITY_AND_BOUNDARIES,PENDING,NOT_REVIEWED,BLOCKED
PRE2019-0119,B012,0000063908,HISTORICAL_MASTER_DISCOVERY,1,2007-04-20,2007-04-20,0001193125-07-085777,0,,,,HISTORICAL_LISTING_IDENTITY_AND_BOUNDARIES,PENDING,NOT_REVIEWED,BLOCKED
PRE2019-0120,B012,0000096021,HISTORICAL_MASTER_DISCOVERY,2,2007-05-07,2015-06-29,0000950129-07-002289,0,,,,HISTORICAL_LISTING_IDENTITY_AND_BOUNDARIES,PENDING,NOT_REVIEWED,BLOCKED
PRE2019-0121,B013,0000833444,HISTORICAL_MASTER_DISCOVERY,1,2007-06-13,2007-06-13,0001104659-07-047272,0,,,,HISTORICAL_LISTING_IDENTITY_AND_BOUNDARIES,PENDING,NOT_REVIEWED,BLOCKED
PRE2019-0122,B013,0001163165,HISTORICAL_MASTER_DISCOVERY,3,2007-06-27,2017-06-29,0000950129-07-003123,0,,,,HISTORICAL_LISTING_IDENTITY_AND_BOUNDARIES,PENDING,NOT_REVIEWED,BLOCKED
PRE2019-0123,B013,0000318154,HISTORICAL_MASTER_DISCOVERY,3,2007-08-15,2014-10-28,0001193125-07-183978,0,,,,HISTORICAL_LISTING_IDENTITY_AND_BOUNDARIES,PENDING,NOT_REVIEWED,BLOCKED
PRE2019-0124,B013,0000910521,HISTORICAL_MASTER_DISCOVERY,1,2007-09-10,2007-09-10,0001104659-07-068082,0,,,,HISTORICAL_LISTING_IDENTITY_AND_BOUNDARIES,PENDING,NOT_REVIEWED,BLOCKED
PRE2019-0125,B013,0000200406,HISTORICAL_MASTER_DISCOVERY,4,2007-11-29,2018-04-17,0000200406-07-000139,0,,,,HISTORICAL_LISTING_IDENTITY_AND_BOUNDARIES,PENDING,NOT_REVIEWED,BLOCKED
PRE2019-0126,B013,0000072903,HISTORICAL_MASTER_DISCOVERY,2,2007-12-05,2015-03-12,0001104659-07-086940,0,,,,HISTORICAL_LISTING_IDENTITY_AND_BOUNDARIES,PENDING,NOT_REVIEWED,BLOCKED
PRE2019-0127,B013,0001059556,HISTORICAL_MASTER_DISCOVERY,2,2008-01-07,2009-04-02,0001193125-08-002520,0,,,,HISTORICAL_LISTING_IDENTITY_AND_BOUNDARIES,PENDING,NOT_REVIEWED,BLOCKED
PRE2019-0128,B013,0000059478,HISTORICAL_MASTER_DISCOVERY,2,2008-03-13,2009-10-14,0001299933-08-001365,0,,,,HISTORICAL_LISTING_IDENTITY_AND_BOUNDARIES,PENDING,NOT_REVIEWED,BLOCKED
PRE2019-0129,B013,0000106040,HISTORICAL_MASTER_DISCOVERY,5,2008-03-21,2016-01-22,0001299933-08-001545,0,,,,HISTORICAL_LISTING_IDENTITY_AND_BOUNDARIES,PENDING,NOT_REVIEWED,BLOCKED
PRE2019-0130,B013,0001381197,HISTORICAL_MASTER_DISCOVERY,3,2008-04-03,2017-04-18,0001381197-08-000004,0,,,,HISTORICAL_LISTING_IDENTITY_AND_BOUNDARIES,PENDING,NOT_REVIEWED,BLOCKED
PRE2019-0131,B014,0000045012,HISTORICAL_MASTER_DISCOVERY,2,2008-07-31,2016-05-04,0000045012-08-000362,0,,,,HISTORICAL_LISTING_IDENTITY_AND_BOUNDARIES,PENDING,NOT_REVIEWED,BLOCKED
PRE2019-0132,B014,0001336920,HISTORICAL_MASTER_DISCOVERY,2,2008-08-13,2010-02-19,0001193125-08-176442,0,,,,HISTORICAL_LISTING_IDENTITY_AND_BOUNDARIES,PENDING,NOT_REVIEWED,BLOCKED
PRE2019-0133,B014,0000080661,HISTORICAL_MASTER_DISCOVERY,4,2008-09-11,2009-04-15,0001193125-08-194325,0,,,,HISTORICAL_LISTING_IDENTITY_AND_BOUNDARIES,PENDING,NOT_REVIEWED,BLOCKED
PRE2019-0134,B014,0000813672,HISTORICAL_MASTER_DISCOVERY,5,2008-10-27,2011-02-02,0000891618-08-000465,0,,,,HISTORICAL_LISTING_IDENTITY_AND_BOUNDARIES,PENDING,NOT_REVIEWED,BLOCKED
PRE2019-0135,B014,0001086222,HISTORICAL_MASTER_DISCOVERY,1,2008-11-19,2008-11-19,0001193125-08-239387,0,,,,HISTORICAL_LISTING_IDENTITY_AND_BOUNDARIES,PENDING,NOT_REVIEWED,BLOCKED
PRE2019-0136,B014,0000063754,HISTORICAL_MASTER_DISCOVERY,3,2008-11-25,2015-04-20,0001193125-08-243475,0,,,,HISTORICAL_LISTING_IDENTITY_AND_BOUNDARIES,PENDING,NOT_REVIEWED,BLOCKED
PRE2019-0137,B014,0000097476,HISTORICAL_MASTER_DISCOVERY,4,2009-01-26,2014-01-21,0001206774-09-000080,0,,,,HISTORICAL_LISTING_IDENTITY_AND_BOUNDARIES,PENDING,NOT_REVIEWED,BLOCKED
PRE2019-0138,B014,0000024741,HISTORICAL_MASTER_DISCOVERY,1,2009-01-27,2009-01-27,0000024741-09-000003,0,,,,HISTORICAL_LISTING_IDENTITY_AND_BOUNDARIES,PENDING,NOT_REVIEWED,BLOCKED
PRE2019-0139,B014,0000936395,HISTORICAL_MASTER_DISCOVERY,4,2009-03-05,2010-09-09,0001157523-09-001899,0,,,,HISTORICAL_LISTING_IDENTITY_AND_BOUNDARIES,PENDING,NOT_REVIEWED,BLOCKED
PRE2019-0140,B014,0000910606,HISTORICAL_MASTER_DISCOVERY,2,2009-03-12,2009-07-17,0001193125-09-052301,0,,,,HISTORICAL_LISTING_IDENTITY_AND_BOUNDARIES,PENDING,NOT_REVIEWED,BLOCKED
PRE2019-0141,B015,0000004962,HISTORICAL_MASTER_DISCOVERY,3,2009-05-19,2013-01-10,0000004962-09-000018,0,,,,HISTORICAL_LISTING_IDENTITY_AND_BOUNDARIES,PENDING,NOT_REVIEWED,BLOCKED
PRE2019-0142,B015,0000860730,HISTORICAL_MASTER_DISCOVERY,1,2009-08-14,2009-08-14,0000950123-09-035531,0,,,,HISTORICAL_LISTING_IDENTITY_AND_BOUNDARIES,PENDING,NOT_REVIEWED,BLOCKED
PRE2019-0143,B015,0000313616,HISTORICAL_MASTER_DISCOVERY,1,2009-09-02,2009-09-02,0001193125-09-185794,0,,,,HISTORICAL_LISTING_IDENTITY_AND_BOUNDARIES,PENDING,NOT_REVIEWED,BLOCKED
PRE2019-0144,B015,0001048286,HISTORICAL_MASTER_DISCOVERY,2,2009-09-23,2011-09-09,0001193125-09-196196,0,,,,HISTORICAL_LISTING_IDENTITY_AND_BOUNDARIES,PENDING,NOT_REVIEWED,BLOCKED
PRE2019-0145,B015,0001260221,HISTORICAL_MASTER_DISCOVERY,1,2010-02-10,2010-02-10,0001193125-10-026533,0,,,,HISTORICAL_LISTING_IDENTITY_AND_BOUNDARIES,PENDING,NOT_REVIEWED,BLOCKED
PRE2019-0146,B015,0001032208,HISTORICAL_MASTER_DISCOVERY,4,2010-09-20,2018-06-28,0000086521-10-000057,0,,,,HISTORICAL_LISTING_IDENTITY_AND_BOUNDARIES,PENDING,NOT_REVIEWED,BLOCKED
PRE2019-0147,B015,0000310764,HISTORICAL_MASTER_DISCOVERY,2,2010-12-10,2011-11-10,0000310764-10-000083,0,,,,HISTORICAL_LISTING_IDENTITY_AND_BOUNDARIES,PENDING,NOT_REVIEWED,BLOCKED
PRE2019-0148,B015,0000764478,HISTORICAL_MASTER_DISCOVERY,6,2011-02-22,2018-03-01,0001104659-11-008613,0,,,,HISTORICAL_LISTING_IDENTITY_AND_BOUNDARIES,PENDING,NOT_REVIEWED,BLOCKED
PRE2019-0149,B015,0001013871,HISTORICAL_MASTER_DISCOVERY,3,2011-04-19,2017-07-13,0001104659-11-020935,0,,,,HISTORICAL_LISTING_IDENTITY_AND_BOUNDARIES,PENDING,NOT_REVIEWED,BLOCKED
PRE2019-0150,B015,0000092122,HISTORICAL_MASTER_DISCOVERY,2,2011-07-26,2018-05-21,0000092122-11-000098,0,,,,HISTORICAL_LISTING_IDENTITY_AND_BOUNDARIES,PENDING,NOT_REVIEWED,BLOCKED
PRE2019-0151,B016,0001466258,HISTORICAL_MASTER_DISCOVERY,3,2011-10-06,2013-10-18,0001445305-11-002909,0,,,,HISTORICAL_LISTING_IDENTITY_AND_BOUNDARIES,PENDING,NOT_REVIEWED,BLOCKED
PRE2019-0152,B016,0001274494,HISTORICAL_MASTER_DISCOVERY,5,2011-12-14,2016-11-16,0001274494-11-000060,0,,,,HISTORICAL_LISTING_IDENTITY_AND_BOUNDARIES,PENDING,NOT_REVIEWED,BLOCKED
PRE2019-0153,B016,0000051253,HISTORICAL_MASTER_DISCOVERY,3,2012-01-19,2017-02-15,0001193125-12-017222,0,,,,HISTORICAL_LISTING_IDENTITY_AND_BOUNDARIES,PENDING,NOT_REVIEWED,BLOCKED
PRE2019-0154,B016,0001383312,HISTORICAL_MASTER_DISCOVERY,3,2012-03-14,2012-06-06,0001193125-12-114176,0,,,,HISTORICAL_LISTING_IDENTITY_AND_BOUNDARIES,PENDING,NOT_REVIEWED,BLOCKED
PRE2019-0155,B016,0000101829,HISTORICAL_MASTER_DISCOVERY,1,2012-03-15,2012-03-15,0001193125-12-117555,0,,,,HISTORICAL_LISTING_IDENTITY_AND_BOUNDARIES,PENDING,NOT_REVIEWED,BLOCKED
PRE2019-0156,B016,0000789019,HISTORICAL_MASTER_DISCOVERY,2,2012-07-02,2014-07-17,0001193125-12-292236,0,,,,HISTORICAL_LISTING_IDENTITY_AND_BOUNDARIES,PENDING,NOT_REVIEWED,BLOCKED
PRE2019-0157,B016,0000019617,HISTORICAL_MASTER_DISCOVERY,1,2012-07-13,2012-07-13,0001193125-12-301391,0,,,,HISTORICAL_LISTING_IDENTITY_AND_BOUNDARIES,PENDING,NOT_REVIEWED,BLOCKED
PRE2019-0158,B016,0000014272,HISTORICAL_MASTER_DISCOVERY,1,2012-08-24,2012-08-24,0001193125-12-367467,0,,,,HISTORICAL_LISTING_IDENTITY_AND_BOUNDARIES,PENDING,NOT_REVIEWED,BLOCKED
PRE2019-0159,B016,0000018230,HISTORICAL_MASTER_DISCOVERY,3,2013-01-18,2015-09-24,0000018230-13-000041,0,,,,HISTORICAL_LISTING_IDENTITY_AND_BOUNDARIES,PENDING,NOT_REVIEWED,BLOCKED
PRE2019-0160,B016,0001318605,HISTORICAL_MASTER_DISCOVERY,1,2013-03-07,2013-03-07,0001193125-13-096223,0,,,,HISTORICAL_LISTING_IDENTITY_AND_BOUNDARIES,PENDING,NOT_REVIEWED,BLOCKED
PRE2019-0161,B017,0000011544,HISTORICAL_MASTER_DISCOVERY,1,2013-04-26,2013-04-26,0001193125-13-177946,0,,,,HISTORICAL_LISTING_IDENTITY_AND_BOUNDARIES,PENDING,NOT_REVIEWED,BLOCKED
PRE2019-0162,B017,0000822416,HISTORICAL_MASTER_DISCOVERY,2,2013-06-05,2017-05-08,0000822416-13-000026,0,,,,HISTORICAL_LISTING_IDENTITY_AND_BOUNDARIES,PENDING,NOT_REVIEWED,BLOCKED
PRE2019-0163,B017,0001501585,HISTORICAL_MASTER_DISCOVERY,1,2013-09-04,2013-09-04,0001501585-13-000029,0,,,,HISTORICAL_LISTING_IDENTITY_AND_BOUNDARIES,PENDING,NOT_REVIEWED,BLOCKED
PRE2019-0164,B017,0000740260,HISTORICAL_MASTER_DISCOVERY,1,2014-07-09,2014-07-09,0001104659-14-050793,0,,,,HISTORICAL_LISTING_IDENTITY_AND_BOUNDARIES,PENDING,NOT_REVIEWED,BLOCKED
PRE2019-0165,B017,0000049071,HISTORICAL_MASTER_DISCOVERY,2,2014-09-19,2017-11-29,0001193125-14-347186,0,,,,HISTORICAL_LISTING_IDENTITY_AND_BOUNDARIES,PENDING,NOT_REVIEWED,BLOCKED
PRE2019-0166,B017,0000765880,HISTORICAL_MASTER_DISCOVERY,5,2014-12-22,2018-01-05,0001104659-14-088083,0,,,,HISTORICAL_LISTING_IDENTITY_AND_BOUNDARIES,PENDING,NOT_REVIEWED,BLOCKED
PRE2019-0167,B017,0001050915,HISTORICAL_MASTER_DISCOVERY,1,2014-12-23,2014-12-23,0001193125-14-452888,0,,,,HISTORICAL_LISTING_IDENTITY_AND_BOUNDARIES,PENDING,NOT_REVIEWED,BLOCKED
PRE2019-0168,B017,0001022671,HISTORICAL_MASTER_DISCOVERY,1,2015-01-29,2015-01-29,0001104659-15-005296,0,,,,HISTORICAL_LISTING_IDENTITY_AND_BOUNDARIES,PENDING,NOT_REVIEWED,BLOCKED
PRE2019-0169,B017,0000040545,HISTORICAL_MASTER_DISCOVERY,3,2015-04-10,2015-11-30,0000040545-15-000036,0,,,,HISTORICAL_LISTING_IDENTITY_AND_BOUNDARIES,PENDING,NOT_REVIEWED,BLOCKED
PRE2019-0170,B017,0000779152,HISTORICAL_MASTER_DISCOVERY,1,2015-05-07,2015-05-07,0000779152-15-000021,0,,,,HISTORICAL_LISTING_IDENTITY_AND_BOUNDARIES,PENDING,NOT_REVIEWED,BLOCKED
PRE2019-0171,B018,0001111711,HISTORICAL_MASTER_DISCOVERY,1,2015-07-02,2015-07-02,0001193125-15-243668,0,,,,HISTORICAL_LISTING_IDENTITY_AND_BOUNDARIES,PENDING,NOT_REVIEWED,BLOCKED
PRE2019-0172,B018,0000029534,HISTORICAL_MASTER_DISCOVERY,1,2015-10-13,2015-10-13,0001157523-15-003290,0,,,,HISTORICAL_LISTING_IDENTITY_AND_BOUNDARIES,PENDING,NOT_REVIEWED,BLOCKED
PRE2019-0173,B018,0000875045,HISTORICAL_MASTER_DISCOVERY,1,2015-10-21,2015-10-21,0000875045-15-000032,0,,,,HISTORICAL_LISTING_IDENTITY_AND_BOUNDARIES,PENDING,NOT_REVIEWED,BLOCKED
PRE2019-0174,B018,0001286681,HISTORICAL_MASTER_DISCOVERY,2,2015-10-22,2017-07-25,0001193125-15-350900,0,,,,HISTORICAL_LISTING_IDENTITY_AND_BOUNDARIES,PENDING,NOT_REVIEWED,BLOCKED
PRE2019-0175,B018,0001063761,HISTORICAL_MASTER_DISCOVERY,1,2016-01-13,2016-01-13,0001104659-16-089611,0,,,,HISTORICAL_LISTING_IDENTITY_AND_BOUNDARIES,PENDING,NOT_REVIEWED,BLOCKED
PRE2019-0176,B018,0000764180,HISTORICAL_MASTER_DISCOVERY,1,2016-01-28,2016-01-28,0000764180-16-000113,0,,,,HISTORICAL_LISTING_IDENTITY_AND_BOUNDARIES,PENDING,NOT_REVIEWED,BLOCKED
PRE2019-0177,B018,0000927653,HISTORICAL_MASTER_DISCOVERY,3,2016-02-01,2018-04-25,0001193125-16-445218,0,,,,HISTORICAL_LISTING_IDENTITY_AND_BOUNDARIES,PENDING,NOT_REVIEWED,BLOCKED
PRE2019-0178,B018,0000105770,HISTORICAL_MASTER_DISCOVERY,2,2016-02-18,2018-02-15,0000105770-16-000057,0,,,,HISTORICAL_LISTING_IDENTITY_AND_BOUNDARIES,PENDING,NOT_REVIEWED,BLOCKED
PRE2019-0179,B018,0000093751,HISTORICAL_MASTER_DISCOVERY,1,2016-03-15,2016-03-15,0000093751-16-000566,0,,,,HISTORICAL_LISTING_IDENTITY_AND_BOUNDARIES,PENDING,NOT_REVIEWED,BLOCKED
PRE2019-0180,B018,0000008670,HISTORICAL_MASTER_DISCOVERY,1,2016-07-28,2016-07-28,0001171843-16-011295,0,,,,HISTORICAL_LISTING_IDENTITY_AND_BOUNDARIES,PENDING,NOT_REVIEWED,BLOCKED
PRE2019-0181,B019,0000048898,HISTORICAL_MASTER_DISCOVERY,2,2017-01-31,2017-08-03,0001628280-17-000641,0,,,,HISTORICAL_LISTING_IDENTITY_AND_BOUNDARIES,PENDING,NOT_REVIEWED,BLOCKED
PRE2019-0182,B019,0001120193,HISTORICAL_MASTER_DISCOVERY,1,2017-01-31,2017-01-31,0001193125-17-024491,0,,,,HISTORICAL_LISTING_IDENTITY_AND_BOUNDARIES,PENDING,NOT_REVIEWED,BLOCKED
PRE2019-0183,B019,0000277948,HISTORICAL_MASTER_DISCOVERY,1,2017-02-27,2017-02-27,0001193125-17-059310,0,,,,HISTORICAL_LISTING_IDENTITY_AND_BOUNDARIES,PENDING,NOT_REVIEWED,BLOCKED
PRE2019-0184,B019,0000920148,HISTORICAL_MASTER_DISCOVERY,1,2017-04-25,2017-04-25,0000920148-17-000040,0,,,,HISTORICAL_LISTING_IDENTITY_AND_BOUNDARIES,PENDING,NOT_REVIEWED,BLOCKED
PRE2019-0185,B019,0000100885,HISTORICAL_MASTER_DISCOVERY,1,2017-08-16,2017-08-16,0000100885-17-000187,0,,,,HISTORICAL_LISTING_IDENTITY_AND_BOUNDARIES,PENDING,NOT_REVIEWED,BLOCKED
PRE2019-0186,B019,0001403161,HISTORICAL_MASTER_DISCOVERY,1,2017-09-11,2017-09-11,0001193125-17-281776,0,,,,HISTORICAL_LISTING_IDENTITY_AND_BOUNDARIES,PENDING,NOT_REVIEWED,BLOCKED
PRE2019-0187,B019,0001613103,HISTORICAL_MASTER_DISCOVERY,1,2018-01-08,2018-01-08,0001613103-18-000002,0,,,,HISTORICAL_LISTING_IDENTITY_AND_BOUNDARIES,PENDING,NOT_REVIEWED,BLOCKED
PRE2019-0188,B019,0000732717,HISTORICAL_MASTER_DISCOVERY,1,2018-04-23,2018-04-23,0001193125-18-126146,0,,,,HISTORICAL_LISTING_IDENTITY_AND_BOUNDARIES,PENDING,NOT_REVIEWED,BLOCKED
PRE2019-0189,B019,0000008818,HISTORICAL_MASTER_DISCOVERY,1,2018-04-25,2018-04-25,0001104659-18-026348,0,,,,HISTORICAL_LISTING_IDENTITY_AND_BOUNDARIES,PENDING,NOT_REVIEWED,BLOCKED
PRE2019-0190,B019,0000804328,HISTORICAL_MASTER_DISCOVERY,2,2018-06-05,2018-08-01,0001193125-18-184011,0,,,,HISTORICAL_LISTING_IDENTITY_AND_BOUNDARIES,PENDING,NOT_REVIEWED,BLOCKED
PRE2019-0191,B020,0001058090,HISTORICAL_MASTER_DISCOVERY,1,2018-06-28,2018-06-28,0001193125-18-206319,0,,,,HISTORICAL_LISTING_IDENTITY_AND_BOUNDARIES,PENDING,NOT_REVIEWED,BLOCKED
PRE2019-0192,B020,0000060667,HISTORICAL_MASTER_DISCOVERY,2,2018-08-22,2018-11-05,0001193125-18-254569,0,,,,HISTORICAL_LISTING_IDENTITY_AND_BOUNDARIES,PENDING,NOT_REVIEWED,BLOCKED
PRE2019-0193,B020,0001103982,HISTORICAL_MASTER_DISCOVERY,1,2018-09-07,2018-09-07,0001193125-18-268664,0,,,,HISTORICAL_LISTING_IDENTITY_AND_BOUNDARIES,PENDING,NOT_REVIEWED,BLOCKED
PRE2019-0194,B020,0001375365,HISTORICAL_MASTER_DISCOVERY,1,2018-11-15,2018-11-15,0001628280-18-014419,0,,,,HISTORICAL_LISTING_IDENTITY_AND_BOUNDARIES,PENDING,NOT_REVIEWED,BLOCKED
PRE2019-0195,B020,0000927066,HISTORICAL_MASTER_DISCOVERY,1,2018-12-17,2018-12-17,0001193125-18-350364,0,,,,HISTORICAL_LISTING_IDENTITY_AND_BOUNDARIES,PENDING,NOT_REVIEWED,BLOCKED
PRE2019-0196,B020,0001004980,HISTORICAL_MASTER_DISCOVERY,1,2019-01-29,2019-01-29,0001193125-19-019657,0,,,,HISTORICAL_LISTING_IDENTITY_AND_BOUNDARIES,PENDING,NOT_REVIEWED,BLOCKED
PRE2019-0197,B020,0001093557,HISTORICAL_MASTER_DISCOVERY,1,2019-02-21,2019-02-21,0001093557-19-000039,0,,,,HISTORICAL_LISTING_IDENTITY_AND_BOUNDARIES,PENDING,NOT_REVIEWED,BLOCKED
PRE2019-0198,B020,0001097149,HISTORICAL_MASTER_DISCOVERY,2,2019-03-05,2019-04-11,0001171843-19-001497,0,,,,HISTORICAL_LISTING_IDENTITY_AND_BOUNDARIES,PENDING,NOT_REVIEWED,BLOCKED
