review_id,ticker,cik,accession_number,accepted_at,document_name,source_url,source_sha256,source_kind,block_path,block_text,metric,fiscal_period,accounting_basis,metric_subtype,unit,lower_bound,upper_bound,midpoint,range_offset,range_role,semantic_role,candidate_status,review_priority,review_decision,review_reason,reviewer,reviewed_at
SG3X-0001,LUMN,0000018926,0000018926-24-000110,2024-11-05T21:02:30.000Z,lumen3q24earningspresfin.htm,https://www.sec.gov/Archives/edgar/data/18926/000001892624000110/lumen3q24earningspresfin.htm,11d59a038fcda1fd442cafbae89606bc9ad17cee5376677818753c9947017cde,HTML_DIV,/html/body/document/type/sequence/filename/description/text/div/div/div[16]/div[1],"© 2024 Lumen Technologies. All Rights Reserved. 15 Slide Title 2024 Financial Outlook (1) For definitions of non-GAAP metrics and reconciliations to GAAP figures, see Lumen’s Investor Relations website. (2) Outlook measures in this presentation and the accompanying schedules (i) exclude the effects of Special Items, goodwill impairments, future changes in our operating or capital allocation plans, unforeseen changes in regulation, laws or litigation, and other unforeseen events or circumstances impacting our financial performance and (ii) speak only as of August 6, 2024. See “Forward Looking Statements” at the beginning of this presentation. (3) Outlook includes the voluntary pension contribution of $170 million during the third quarter 2024. (4) Includes an approximately $700 million tax refund received during the first quarter 2024. Metric(1)(2) Outlook Adjusted EBITDA $3.9 to $4.0 billion Free Cash Flow(3)(4) $1.2 to $1.4 billion Net Cash Interest $1.15 to $1.25 billion Capital Expenditures $3.1 to $3.3 billion Cash Income Taxes/(Refund)(4) ($200) to ($300) million",CAPEX,Q1-2024,NOT_APPLICABLE,NOT_APPLICABLE,USD,3100000000,3300000000,3200000000,1009,CURRENT_CANDIDATE,CURRENT_GUIDANCE_RANGE,V3_RANGE_BOUND_NOT_SOURCE_REVIEWED,3077eeae9445b63dfe4ee54e828926f4f2e1481125a03465d0ba78570b8d65aa,PENDING,,,
SG3X-0002,LUMN,0000018926,0000018926-17-000051,2017-08-02T20:18:56.000Z,ctl20178-kexhibit991x2q.htm,https://www.sec.gov/Archives/edgar/data/18926/000001892617000051/ctl20178-kexhibit991x2q.htm,931fa6dcd2beb328b1a342d7ea667e442320987daf78c8d22203f4464e5f6f08,HTML_DIV,/html/body/document/type/sequence/filename/description/text/div[11],"“We are confident our continued investment in high-quality, high-bandwidth broadband network infrastructure positions CenturyLink well for long-term growth,” said Glen F. Post, III, CenturyLink chief executive officer and president. “Enterprise demand for high-bandwidth data services remains strong and, while consumer broadband units were weaker than expected, we are encouraged by the higher-value customers our improved offerings are attracting. We accelerated our capital investment in high-bandwidth services and broadband infrastructure during the second quarter, which we believe better positions us to increase revenues in the second half of 2017 and beyond. We anticipate second half and full year 2017 capital expenditures of approximately $1 billion and $2.6 billion, respectively.",CAPEX,FY2017,NOT_APPLICABLE,NOT_APPLICABLE,USD,1000000000,2600000000,1800000000,751,CURRENT_CANDIDATE,CURRENT_GUIDANCE_RANGE,V3_RANGE_BOUND_NOT_SOURCE_REVIEWED,7ab32dfc074995b9a910ad688722e64fa105dc3c50691a2e88b3eeb4efacbd37,PENDING,,,
SG3X-0003,LUMN,0000018926,0000018926-24-000110,2024-11-05T21:02:30.000Z,lumen3q24earningspresfin.htm,https://www.sec.gov/Archives/edgar/data/18926/000001892624000110/lumen3q24earningspresfin.htm,11d59a038fcda1fd442cafbae89606bc9ad17cee5376677818753c9947017cde,HTML_DIV,/html/body/document/type/sequence/filename/description/text/div/div/div[16]/div[1],"© 2024 Lumen Technologies. All Rights Reserved. 15 Slide Title 2024 Financial Outlook (1) For definitions of non-GAAP metrics and reconciliations to GAAP figures, see Lumen’s Investor Relations website. (2) Outlook measures in this presentation and the accompanying schedules (i) exclude the effects of Special Items, goodwill impairments, future changes in our operating or capital allocation plans, unforeseen changes in regulation, laws or litigation, and other unforeseen events or circumstances impacting our financial performance and (ii) speak only as of August 6, 2024. See “Forward Looking Statements” at the beginning of this presentation. (3) Outlook includes the voluntary pension contribution of $170 million during the third quarter 2024. (4) Includes an approximately $700 million tax refund received during the first quarter 2024. Metric(1)(2) Outlook Adjusted EBITDA $3.9 to $4.0 billion Free Cash Flow(3)(4) $1.2 to $1.4 billion Net Cash Interest $1.15 to $1.25 billion Capital Expenditures $3.1 to $3.3 billion Cash Income Taxes/(Refund)(4) ($200) to ($300) million",CAPEX,Q1-2024,NOT_APPLICABLE,NOT_APPLICABLE,USD,-300000000,-200000000,-250000000,1060,CURRENT_CANDIDATE,CURRENT_GUIDANCE_RANGE,V3_RANGE_BOUND_NOT_SOURCE_REVIEWED,d0882e373299302c001dbca7d6bebcd9b621182261b61824df6f43ecc46067cf,PENDING,,,
SG3X-0004,HUBB,0000048898,0001628280-25-036316,2025-07-29T12:04:47.000Z,exhibit991_07292025.htm,https://www.sec.gov/Archives/edgar/data/48898/000162828025036316/exhibit991_07292025.htm,75958e67f20a8a5b1dbc1072d7dab5cce807a5ee0c1bc5d83cd7085943a54ec7,HTML_DIV,/html/body/document/type/sequence/filename/description/text/div[38],"For the full year 2025, Hubbell anticipates diluted earnings per share (""EPS"") in the range of $16.25-$16.75 and anticipates adjusted diluted earnings per share (""Adjusted EPS"") in the range of $17.65-$18.15. Adjusted EPS excludes amortization of acquisition-related intangible assets, which the Company expects to be approximately $1.40 per share for the full year. The Company believes Adjusted EPS is a useful measure of underlying performance in light of our acquisition and divestiture strategy.",EPS,FY2025,UNSPECIFIED,NOT_APPLICABLE,USD_PER_SHARE,16.25,16.75,16.5,95,CURRENT_CANDIDATE,CURRENT_GUIDANCE_RANGE,V3_RANGE_BOUND_NOT_SOURCE_REVIEWED,01a16f2cfe5560e6a41819d7e49a34089b25cb570f06c2d8761d6aaa042bd2db,PENDING,,,
SG3X-0005,TRMB,0000864749,0000864749-20-000011,2020-02-12T21:13:24.000Z,a2019q4-8kex991.htm,https://www.sec.gov/Archives/edgar/data/864749/000086474920000011/a2019q4-8kex991.htm,f20da1bd929696cc88e1ae7f087aa166a7eab07075beef7bcabfc4f57d16e1e7,HTML_DIV,/html/body/document/type/sequence/filename/description/text/div/div[34],"For the first quarter of 2020, Trimble expects to report GAAP revenue between $778 million and $808 million and GAAP earnings per share of $0.14 to $0.18, and non-GAAP revenue between $780 million and $810 million and non-GAAP earnings per share of $0.40 to $0.45. GAAP guidance assumes a tax rate of 21 to 22 percent and non-GAAP guidance assumes a tax rate of 17 to 18 percent. Both GAAP and non-GAAP earnings per share assume approximately 252 million shares outstanding. A reconciliation of the non-GAAP measures to the most directly comparable GAAP measures and other information relating to these non-GAAP measures are included in the supplemental reconciliation schedule attached.",EPS,Q1-2020,NON_GAAP,NOT_APPLICABLE,USD_PER_SHARE,0.4,0.45,0.425,249,CURRENT_CANDIDATE,CURRENT_GUIDANCE_RANGE,V3_RANGE_BOUND_NOT_SOURCE_REVIEWED,054142d03a49a63b694a123378b7172799f3106963ffebf783b818fd64d889ef,PENDING,,,
SG3X-0006,TRMB,0000864749,0000864749-21-000106,2021-08-04T20:33:49.000Z,a2021q2-8kex991.htm,https://www.sec.gov/Archives/edgar/data/864749/000086474921000106/a2021q2-8kex991.htm,c9d0de018f35cf20c3a910e040ce994786ff66f7396e531f864687f1ae1dec58,HTML_DIV,/html/body/document/type/sequence/filename/description/text/div[22],"For the full year 2021, Trimble now expects to report GAAP revenue between $3,550 million and $3,650 million and GAAP earnings per share of $1.53 to $1.71, and non-GAAP revenue between $3,550 million and $3,650 million and non-GAAP earnings per share of $2.45 and $2.65. GAAP guidance assumes a tax rate of 17.0 to 18.0 percent and non-GAAP guidance assumes a tax rate of 17.5 percent. Both GAAP and non-GAAP earnings per share assume approximately 254 million shares outstanding. A reconciliation of the non-GAAP measures to the most directly comparable GAAP measures and other information relating to these non-GAAP measures are included in the supplemental reconciliation scheduled attached.",EPS,FY2021,GAAP,NOT_APPLICABLE,USD_PER_SHARE,1.53,1.71,1.62,140,CURRENT_CANDIDATE,CURRENT_GUIDANCE_RANGE,V3_RANGE_BOUND_NOT_SOURCE_REVIEWED,06287c5f02d7d77158694cb8c43cd252e34a3de22b361e356fcf198bc7c74e6b,PENDING,,,
SG3X-0007,CSGP,0001057352,0001057352-26-000030,2026-04-28T20:05:10.000Z,q12026earningspressrelea.htm,https://www.sec.gov/Archives/edgar/data/1057352/000105735226000030/q12026earningspressrelea.htm,6177094eed370201653f5a19be04a858f3a1a87930d7482dae34c21f0d3aed4c,HTML_DIV,/html/body/document/type/sequence/filename/description/text/div/div/div[2]/div[1],"Year 2025-2026 Quarterly Results - Unaudited (in millions, except per share data) 2025 2026 Q1 Q2 Q3 Q4 Q1 Revenue $732 $781 $834 $900 $897 Net income (loss) $(15) $6 $(31) $47 $3 Earnings per share - diluted $(0.04) $0.01 $(0.07) $0.11 $0.01 Weighted-average outstanding shares - diluted 411 424 420 420 414 EBITDA $(1) $29 $13 $129 $81 Adjusted EBITDA $66 $85 $114 $177 $132 Adjusted Net Income $63 $74 $96 $131 $94 Adjusted EPS $0.15 $0.17 $0.23 $0.31 $0.23 2026 Outlook “This quarter, we delivered strong revenue and Adjusted EBITDA growth as we exceeded the midpoint of our revenue guidance and exceeded the top-end of our Adjusted EBITDA guidance,” said Christian Lown, CFO of CoStar Group. The Company reaffirms revenue in the range of $3.78 billion to $3.82 billion for the full year of 2026, representing revenue growth of approximately 17% year-over-year at the midpoint of the range. The Company expects revenue for the second quarter of 2026 in the range of $922 million to $932 million, representing revenue growth of approximately 19% year-over-year at the midpoint of the range. The Company is increasing its Adjusted EBITDA guidance for the full year of 2026 to a range of $780 million to $820 million, an increase of $30 million at the midpoint of the range from its previous guidance. For the second quarter of 2026, the Company expects Adjusted EBITDA in the range of $160 million to $180 million. The Company now expects full year 2026 Adjusted EPS in a range of $1.32 to $1.39 based on 409 million shares. For the second quarter of 2026, the Company expects Adjusted EPS in a range of $0.27 to $0.30 based on 409 million shares. These ranges include an estimated non-GAAP tax rate of 26% for the full year and the second quarter of 2026. The preceding forward-looking statements reflect CoStar Group’s expectations as of April 28, 2026, including forward-looking non-GAAP financial measures on a consolidated basis, based on current estimates, expectations, observations, and trends. Given the risk factors, rapidly evolving economic environment, and uncertainties and assumptions discussed in this release and in our quarterly reports on Form 10-Q and annual reports on Form 10-K, actual results may differ materially. Other than in publicly available statements, the Company does not intend to update its forward-looking statements until its next quarterly results announcement. Reconciliations of EBITDA, Adjusted EBITDA, Adjusted Net Income, and Adjusted EPS to the most directly comparable GAAP measures are shown in detail below, along with definitions for those terms. A reconciliation of forward-looking non-GAAP guidance to the most directly comparable GAAP measure, net income (loss), can be found within the tables included in this release.",EPS,FY2026,NON_GAAP,NOT_APPLICABLE,USD_PER_SHARE,1.32,1.39,1.355,1483,CURRENT_CANDIDATE,CURRENT_GUIDANCE_RANGE,V3_RANGE_BOUND_NOT_SOURCE_REVIEWED,0829531de98ff18b7ee28f3ba633811ccce8daa5e95cf4f9dee66100a05f19aa,PENDING,,,
SG3X-0008,XRAY,0000818479,0000818479-17-000023,2017-08-09T11:02:37.000Z,ex991-2017q210xq.htm,https://www.sec.gov/Archives/edgar/data/818479/000081847917000023/ex991-2017q210xq.htm,0831cc193d688f06890b2c1e94bf7250826bfc2f7eebf4447ba203e52596a009,HTML_DIV,/html/body/document/type/sequence/filename/description/text/div[50],Management is updating its EPS guidance for 2017 to the range of $2.65 to $2.75 per diluted share.,EPS,FY2017,UNSPECIFIED,NOT_APPLICABLE,USD_PER_SHARE,2.65,2.75,2.7,65,CURRENT_CANDIDATE,CURRENT_GUIDANCE_RANGE,V3_RANGE_BOUND_NOT_SOURCE_REVIEWED,0c9fbffb1a08de18e35ac830075c7cf615777f5fde8d4864ff76ffab5d8df56b,PENDING,,,
SG3X-0009,CSGP,0001057352,0001057352-26-000012,2026-02-24T21:04:19.000Z,q42025earningspressrelea.htm,https://www.sec.gov/Archives/edgar/data/1057352/000105735226000012/q42025earningspressrelea.htm,6d5715be5d7c37b96b2ad5d7ab5c0869fa34df038b1582f1e1aab16532a4ee51,HTML_DIV,/html/body/document/type/sequence/filename/description/text/div/div/div[2]/div[1],"visitors1 in 2025. We now have over 31,000 agent subscribers, 76% on annual contracts, generating nearly $100 million in annual run rate revenue."" Year 2024-2025 Quarterly Results - Unaudited (in millions, except per share data) 2024 2025 Q1 Q2 Q3 Q4 Q1 Q2 Q3 Q4 Revenue $656 $678 $693 $709 $732 $781 $834 $900 Net income (loss) $7 $19 $53 $60 $(15) $6 $(31) $47 Earnings per share - diluted $0.02 $0.05 $0.13 $0.15 $(0.04) $0.01 $(0.07) $0.11 Weighted average outstanding shares - diluted 407 407 408 408 411 424 420 420 EBITDA $(13) $12 $51 $73 $(1) $29 $13 $129 Adjusted EBITDA $12 $41 $76 $112 $66 $85 $114 $177 Adjusted Net Income $42 $61 $88 $106 $63 $74 $96 $131 Adjusted EPS $0.10 $0.15 $0.22 $0.26 $0.15 $0.17 $0.23 $0.31 2026 Outlook The Company is affirming its full year guidance provided on January 7, 2026 of revenue in the range of $3.78 billion to $3.82 billion for the full year of 2026, representing year-over-year growth of approximately 17% at the midpoint of the range. The Company expects revenue for the first quarter of 2026 in the range of $890 million to $900 million, representing revenue growth of approximately 22% year-over-year at the midpoint of the range. “We are affirming the guidance from our January 7, 2026 press release for Adjusted EBITDA to range from $740 million to $800 million, a margin of 20% at the midpoint of the range. For the first quarter of 2026, we expect Adjusted EBITDA in the range of $95 million to $115 million. Our Adjusted EBITDA margins are expected to increase throughout the year based on the timing of our marketing spend and the seasonality of revenue for Domain,” said Chris Lown, CFO of CoStar Group. The Company expects full year 2026 Adjusted EPS in a range of $1.22 to $1.33 based on 416 million shares, unchanged from its prior guidance. For the first quarter of 2026, the Company expects Adjusted EPS in a range of $0.16 to $0.19 based on 419 million shares. These ranges include an estimated non-GAAP tax rate of 26% for the full year and the first quarter of 2026. In addition, in the fourth quarter of 2025, we changed the composition of our segments from geography-based to product portfolio-based. Our segments are now comprised of a Commercial segment and a Residential segment, which aligns with how we manage CoStar Group. We have recast certain prior period disclosures to align with the new presentation. The preceding forward-looking statements reflect CoStar Group’s expectations as of February 24, 2026, including forward-looking non-GAAP financial measures on a consolidated basis, based on current estimates, expectations, observations, and trends. Given the risk factors, rapidly evolving economic environment, and uncertainties and assumptions discussed in this release and in our quarterly reports on Form 10-Q and annual reports on Form 10-K, actual results may differ materially. Other than in publicly available statements, the Company does not intend to update its forward-looking statements until its next quarterly results announcement. Reconciliations of EBITDA, Adjusted EBITDA, Adjusted Net Income, and Adjusted EPS to the most directly comparable GAAP measures are shown in detail below, along with definitions for those terms. A reconciliation of 1 Based on: (1) the Homes.com Network (which includes Homes.com, the Apartments Network, and the Land Network) average monthly unique visitors (108 million) for the year ended December 31, 2025, according to Google Analytics, (2) Realtor.com’s average monthly unique users (62 million) of Realtor.com’s web and mobile sites according to internal data, for the quarter ended December 31, 2025, as reported in News Corp’s press release on February 5, 2026, (3) Zillow Group’s average monthly unique users (235 million) for the year ended December 31, 2025, as reported in Zillow Group’s Annual Report on Form 10-K dated February 11, 2026.",EPS,FY2026,NON_GAAP,NOT_APPLICABLE,USD_PER_SHARE,1.22,1.33,1.275,1731,CURRENT_CANDIDATE,CURRENT_GUIDANCE_RANGE,V3_RANGE_BOUND_NOT_SOURCE_REVIEWED,0e2355e94427b9e3c0a1169c1d24431fd8201e5bad5e217397d6ab8450cdfad4,PENDING,,,
SG3X-0010,EMN,0000915389,0000915389-16-000152,2016-10-27T20:42:40.000Z,ex99_0120160930cctables.htm,https://www.sec.gov/Archives/edgar/data/915389/000091538916000152/ex99_0120160930cctables.htm,21b2b2cbb5862d6c60629df822089d72230e108fb9602ef63c936e0ffe4e79fd,HTML_DIV,/html/body/document/type/sequence/filename/description/text/div[41],"Commenting on the outlook for full-year 2016, Costa said: “Our solid third-quarter results demonstrate that we are doing an excellent job of executing our specialty strategy in what remains a challenging global business climate. We are continuing to benefit from strong growth of high value, innovative products as well as significant cost reductions. For full-year 2016, our outlook for adjusted earnings per share has improved to between $6.70 and $6.80.”",EPS,FY2016,NON_GAAP,NOT_APPLICABLE,USD_PER_SHARE,6.7,6.8,6.75,440,CURRENT_CANDIDATE,CURRENT_GUIDANCE_RANGE,V3_RANGE_BOUND_NOT_SOURCE_REVIEWED,0fac5d03fe35fd817639b5d3496ca382c98d69e5f4a62cef7c355c00cb75a15a,PENDING,,,
SG3X-0011,TRMB,0000864749,0000864749-25-000283,2025-11-05T12:03:11.000Z,a2025q3-8kex991.htm,https://www.sec.gov/Archives/edgar/data/864749/000086474925000283/a2025q3-8kex991.htm,f11673723fef94fd8b0f7c8def913dd3b627e2438353435e89b71489163d25b8,HTML_DIV,/html/body/document/type/sequence/filename/description/text/div[23],"For the full-year 2025, Trimble expects to report revenue between $3,545 million and $3,585 million, GAAP earnings per share of $1.69 to $1.77, and non-GAAP earnings per share of $3.04 to $3.12. GAAP guidance assumes a tax rate of 17.8 percent and non-GAAP guidance assumes a tax rate of 17.4 percent. Both GAAP and non-GAAP earnings per share assume approximately 242 million shares outstanding.",EPS,FY2025,GAAP,NOT_APPLICABLE,USD_PER_SHARE,1.69,1.77,1.73,128,CURRENT_CANDIDATE,CURRENT_GUIDANCE_RANGE,V3_RANGE_BOUND_NOT_SOURCE_REVIEWED,11131db4d0dd0eb9bdba8a4813f18d5d778afcdbfb0980b9c4fde4f0bc978156,PENDING,,,
SG3X-0012,GAP,0000039911,0000039911-19-000131,2019-11-08T00:54:06.000Z,ex991pressrelease1.htm,https://www.sec.gov/Archives/edgar/data/39911/000003991119000131/ex991pressrelease1.htm,261ea8a83bad4a6d364f9a90fbe017562b9669e1034965e7ff4336cf13c4e879,HTML_DIV,/html/body/document/type/sequence/filename/description/text/div[50],The company expects diluted earnings per share for the third quarter of fiscal year 2019 to be approximately $0.34 to $0.36 and adjusted diluted earnings per share to be approximately $0.50 to $0.52.,EPS,FY2019,UNSPECIFIED,NOT_APPLICABLE,USD_PER_SHARE,0.34,0.36,0.35,109,CURRENT_CANDIDATE,CURRENT_GUIDANCE_RANGE,V3_RANGE_BOUND_NOT_SOURCE_REVIEWED,1133b76ffc7970c48a7ed1584a45981b313ce556e3b4acdb92b3cf573777e1be,PENDING,,,
SG3X-0013,GAP,0000039911,0000039911-19-000105,2019-08-22T20:18:40.000Z,q22019eprexhibit991.htm,https://www.sec.gov/Archives/edgar/data/39911/000003991119000105/q22019eprexhibit991.htm,dc611ff009df0c6a973100bdaee4dde8d5f68cf81035a4563cebfda8e91d5487,HTML_DIV,/html/body/document/type/sequence/filename/description/text/div[43],The company updated its reported diluted earnings per share guidance for fiscal year 2019 to be in the range of $1.88 to $2.08. The company affirmed its fiscal year 2019 adjusted diluted earnings per share guidance range of $2.05 to $2.15.,EPS,FY2019,UNSPECIFIED,NOT_APPLICABLE,USD_PER_SHARE,1.88,2.08,1.98,112,CURRENT_CANDIDATE,CURRENT_GUIDANCE_RANGE,V3_RANGE_BOUND_NOT_SOURCE_REVIEWED,17bbb34851d0535f234d615c70c666a87dec54ec22cdc3c29f0e8d23baa52273,PENDING,,,
SG3X-0014,HUBB,0000048898,0001628280-24-033357,2024-07-30T12:10:00.000Z,exhibit991_07302024.htm,https://www.sec.gov/Archives/edgar/data/48898/000162828024033357/exhibit991_07302024.htm,5e348315146c9edd09d03cbc4959762c33027725bea75fd045d250e8ae0abf9d,HTML_DIV,/html/body/document/type/sequence/filename/description/text/div[38],"For the full year 2024, Hubbell anticipates diluted earnings per share in the range of $14.30-$14.60 and anticipates adjusted diluted earnings per share (""Adjusted EPS"") in the range of $16.20-$16.50. Adjusted EPS excludes amortization of acquisition-related intangible assets, which the Company expects to be approximately $1.60 for the full year, a $0.22 loss on disposition of the residential lighting business, and $0.10 of transaction, integration, and separation costs. The Company believes Adjusted EPS is a useful measure of underlying performance in light of our acquisition and divestiture strategy.",EPS,FY2024,NON_GAAP,NOT_APPLICABLE,USD_PER_SHARE,16.2,16.5,16.35,186,CURRENT_CANDIDATE,CURRENT_GUIDANCE_RANGE,V3_RANGE_BOUND_NOT_SOURCE_REVIEWED,1bd5d1ca673728d939d2d76dfeebbfb59af78bfbb4e56cebb7f21ebe034b0146,PENDING,,,
SG3X-0015,TRMB,0000864749,0000864749-21-000047,2021-05-05T20:31:28.000Z,a2021q1-8kex991.htm,https://www.sec.gov/Archives/edgar/data/864749/000086474921000047/a2021q1-8kex991.htm,4128d10f4191a74d61590e07e386eb3ca2a2e85661dac6fe8b18e366e5ef57e9,HTML_DIV,/html/body/document/type/sequence/filename/description/text/div[21],"For the full year 2021, Trimble now expects to report GAAP revenue between $3,399.7 million and $3,499.7 million and GAAP earnings per share of $1.49 to $1.68, and non-GAAP revenue between $3,400.0 million and $3,500.0 million and non-GAAP earnings per share of $2.30 and $2.50. GAAP guidance assumes a tax rate of 18.0 to 19.0 percent and non-GAAP guidance assumes a tax rate of 17.0 to 17.5 percent. Both GAAP and non-GAAP earnings per share assume approximately 255 million shares outstanding. A reconciliation of the non-GAAP measures to the most directly comparable GAAP measures and other information relating to these non-GAAP measures are included in the supplemental reconciliation scheduled attached.",EPS,FY2021,NON_GAAP,NOT_APPLICABLE,USD_PER_SHARE,2.3,2.5,2.4,262,CURRENT_CANDIDATE,CURRENT_GUIDANCE_RANGE,V3_RANGE_BOUND_NOT_SOURCE_REVIEWED,24718e4088d8d5d019842822a4a19d11505e2cf3c555cb693ee679b88675da75,PENDING,,,
SG3X-0016,HUBB,0000048898,0001628280-25-036316,2025-07-29T12:04:47.000Z,exhibit991_07292025.htm,https://www.sec.gov/Archives/edgar/data/48898/000162828025036316/exhibit991_07292025.htm,75958e67f20a8a5b1dbc1072d7dab5cce807a5ee0c1bc5d83cd7085943a54ec7,HTML_DIV,/html/body/document/type/sequence/filename/description/text/div[38],"For the full year 2025, Hubbell anticipates diluted earnings per share (""EPS"") in the range of $16.25-$16.75 and anticipates adjusted diluted earnings per share (""Adjusted EPS"") in the range of $17.65-$18.15. Adjusted EPS excludes amortization of acquisition-related intangible assets, which the Company expects to be approximately $1.40 per share for the full year. The Company believes Adjusted EPS is a useful measure of underlying performance in light of our acquisition and divestiture strategy.",EPS,FY2025,NON_GAAP,NOT_APPLICABLE,USD_PER_SHARE,17.65,18.15,17.9,194,CURRENT_CANDIDATE,CURRENT_GUIDANCE_RANGE,V3_RANGE_BOUND_NOT_SOURCE_REVIEWED,27685e5e502196098f47a54cc9bdb05cdf0eb92fe130f29edbf51bfa563d2000,PENDING,,,
SG3X-0017,GAP,0000039911,0000039911-19-000131,2019-11-08T00:54:06.000Z,ex991pressrelease1.htm,https://www.sec.gov/Archives/edgar/data/39911/000003991119000131/ex991pressrelease1.htm,261ea8a83bad4a6d364f9a90fbe017562b9669e1034965e7ff4336cf13c4e879,HTML_DIV,/html/body/document/type/sequence/filename/description/text/div[50],The company expects diluted earnings per share for the third quarter of fiscal year 2019 to be approximately $0.34 to $0.36 and adjusted diluted earnings per share to be approximately $0.50 to $0.52.,EPS,FY2019,NON_GAAP,NOT_APPLICABLE,USD_PER_SHARE,0.5,0.52,0.51,184,CURRENT_CANDIDATE,CURRENT_GUIDANCE_RANGE,V3_RANGE_BOUND_NOT_SOURCE_REVIEWED,28a184f6de0a1fedd78f8beb5973d15df4fb053277c36ff173f689f34e0f9add,PENDING,,,
SG3X-0018,HUBB,0000048898,0001628280-26-028600,2026-04-30T12:03:57.000Z,exhibit991_04302026.htm,https://www.sec.gov/Archives/edgar/data/48898/000162828026028600/exhibit991_04302026.htm,7b92cf8251bf547e3a587ebd7458772627a31494473ee4bfc001bc0abeb6bd7a,HTML_DIV,/html/body/document/type/sequence/filename/description/text/div[34],"For the full year 2026, Hubbell anticipates total sales growth of 8-11% including organic sales growth of 6-9%. Hubbell expects 2026 GAAP diluted earnings per share in the range of $17.45 to $18.00 and adjusted diluted earnings per share (“Adjusted EPS”) in the range of $19.30 to $19.85. For the full year, Adjusted EPS excludes amortization of acquisition-related intangible assets, which the Company expects to be approximately $1.70 per share, and transaction, integration, and separation costs, which the Company expects to be approximately $0.15 per share. The Company believes Adjusted EPS is a useful measure of underlying performance in light of our acquisition strategy.",EPS,FY2026,NON_GAAP,NOT_APPLICABLE,USD_PER_SHARE,19.3,19.85,19.575,271,CURRENT_CANDIDATE,CURRENT_GUIDANCE_RANGE,V3_RANGE_BOUND_NOT_SOURCE_REVIEWED,29cc883777c99533d05fcd420d748dcc187db56711abb69811a1012429febc14,PENDING,,,
SG3X-0019,TRMB,0000864749,0000864749-22-000160,2022-08-05T11:07:15.000Z,a2022q2-8kex991.htm,https://www.sec.gov/Archives/edgar/data/864749/000086474922000160/a2022q2-8kex991.htm,c7264b78f6dc2f175e6ec9b859d19b24f67406defb6907c6d63af158b11a52fe,HTML_DIV,/html/body/document/type/sequence/filename/description/text/div[21],"For the full-year 2022, Trimble now expects to report revenue between $3,760 million and $3,820 million and GAAP earnings per share of $1.89 to $1.99, and non-GAAP earnings per share between $2.70 and $2.80. GAAP guidance assumes a tax rate of 23 percent and non-GAAP guidance assumes a tax rate of 18.5 percent. Both GAAP and non-GAAP earnings per share assume approximately 251 million shares outstanding. A reconciliation of the non-GAAP measures to the most directly comparable GAAP measures and other information relating to these non-GAAP measures are included in the supplemental reconciliation scheduled attached.",EPS,FY2022,GAAP,NOT_APPLICABLE,USD_PER_SHARE,1.89,1.99,1.94,135,CURRENT_CANDIDATE,CURRENT_GUIDANCE_RANGE,V3_RANGE_BOUND_NOT_SOURCE_REVIEWED,2a9651e36d1b38424ce9fca217a727aab279e5a4df483ad8dcb0b897b6e70b1c,PENDING,,,
SG3X-0020,HUBB,0000048898,0001628280-23-025530,2023-07-25T12:04:01.000Z,exhibit991_07252023.htm,https://www.sec.gov/Archives/edgar/data/48898/000162828023025530/exhibit991_07252023.htm,3e4e156a85c2ae7c0a5f9918b9f6ae856905f1ac7d41dcb36a8391821b1ac64e,HTML_DIV,/html/body/document/type/sequence/filename/description/text/div[34],"For the full year 2023, Hubbell anticipates diluted earnings per share from continuing operations in the range of $13.75-$14.25 and anticipates adjusted diluted earnings per share from continuing operations (""Adjusted EPS"") in the range of $14.75-$15.25. Adjusted EPS excludes amortization of acquisition-related intangible assets, which the Company expects to be approximately $1.00 for the full year. The Company believes Adjusted EPS is a useful measure of underlying performance in light of our acquisition strategy.",EPS,FY2023,NON_GAAP,NOT_APPLICABLE,USD_PER_SHARE,14.75,15.25,15,240,CURRENT_CANDIDATE,CURRENT_GUIDANCE_RANGE,V3_RANGE_BOUND_NOT_SOURCE_REVIEWED,2eacd3665b442863a955b071fb6e068b592c2dc0ec3b9a16783e5ae12db2d80b,PENDING,,,
SG3X-0021,HUBB,0000048898,0001628280-24-044010,2024-10-29T12:09:21.000Z,exhibit991_10292024.htm,https://www.sec.gov/Archives/edgar/data/48898/000162828024044010/exhibit991_10292024.htm,71e9dc0d7c7ce72948b0f226ac4a0bbc36e625d55c2e319d0ef682608dff9102,HTML_DIV,/html/body/document/type/sequence/filename/description/text/div[35],"For the full year 2024, Hubbell anticipates diluted earnings per share in the range of $14.20-$14.40 and anticipates adjusted diluted earnings per share (""Adjusted EPS"") in the range of $16.35-$16.55. Adjusted EPS excludes amortization of acquisition-related intangible assets, which the Company expects to be approximately $1.75 for the full year, a $0.22 loss on disposition of the residential lighting business, and $0.17 of transaction, integration, and separation costs. The Company believes Adjusted EPS is a useful measure of underlying performance in light of our acquisition and divestiture strategy.",EPS,FY2024,NON_GAAP,NOT_APPLICABLE,USD_PER_SHARE,16.35,16.55,16.45,186,CURRENT_CANDIDATE,CURRENT_GUIDANCE_RANGE,V3_RANGE_BOUND_NOT_SOURCE_REVIEWED,3811324e8ccb42349d09df4965f61abb08663b3ad630045c636ce222e7ef61de,PENDING,,,
SG3X-0022,TRMB,0000864749,0000864749-21-000047,2021-05-05T20:31:28.000Z,a2021q1-8kex991.htm,https://www.sec.gov/Archives/edgar/data/864749/000086474921000047/a2021q1-8kex991.htm,4128d10f4191a74d61590e07e386eb3ca2a2e85661dac6fe8b18e366e5ef57e9,HTML_DIV,/html/body/document/type/sequence/filename/description/text/div[21],"For the full year 2021, Trimble now expects to report GAAP revenue between $3,399.7 million and $3,499.7 million and GAAP earnings per share of $1.49 to $1.68, and non-GAAP revenue between $3,400.0 million and $3,500.0 million and non-GAAP earnings per share of $2.30 and $2.50. GAAP guidance assumes a tax rate of 18.0 to 19.0 percent and non-GAAP guidance assumes a tax rate of 17.0 to 17.5 percent. Both GAAP and non-GAAP earnings per share assume approximately 255 million shares outstanding. A reconciliation of the non-GAAP measures to the most directly comparable GAAP measures and other information relating to these non-GAAP measures are included in the supplemental reconciliation scheduled attached.",EPS,FY2021,GAAP,NOT_APPLICABLE,USD_PER_SHARE,1.49,1.68,1.585,144,CURRENT_CANDIDATE,CURRENT_GUIDANCE_RANGE,V3_RANGE_BOUND_NOT_SOURCE_REVIEWED,38e7f093df38570afb7d490bff5525548079d17821463cf5a0612cf6d0aa9365,PENDING,,,
SG3X-0023,GAP,0000039911,0000039911-18-000085,2018-05-24T20:23:29.000Z,q12018eprexhibit991.htm,https://www.sec.gov/Archives/edgar/data/39911/000003991118000085/q12018eprexhibit991.htm,5da2fe9eca1dced1b6669cca48738187e96a63437e9a977635aeee32a9cb36fd,HTML_DIV,/html/body/document/type/sequence/filename/description/text/div[13],"SAN FRANCISCO - May 24, 2018 - Gap Inc. (NYSE: GPS) today reported first quarter fiscal year 2018 diluted earnings per share of $0.42 compared with diluted earnings per share of $0.36 in the first quarter of fiscal year 2017. The company also affirmed its full-year diluted earnings per share guidance to be in the range of $2.55 to $2.70.",EPS,FY2017,UNSPECIFIED,NOT_APPLICABLE,USD_PER_SHARE,2.55,2.7,2.625,324,CURRENT_CANDIDATE,CURRENT_GUIDANCE_RANGE,V3_RANGE_BOUND_NOT_SOURCE_REVIEWED,3dd1d8330d0b2afdbba3e822356596afad8be7c2297e797ba76bce82463fdbbc,PENDING,,,
SG3X-0024,GAP,0000039911,0000039911-16-000344,2016-08-08T20:23:12.000Z,july2016salesrelease.htm,https://www.sec.gov/Archives/edgar/data/39911/000003991116000344/july2016salesrelease.htm,08a0cc4f4cc63bafb4ecf3fa0cca106994dae844c31acdb2948e9d4f20556f52,HTML_DIV,/html/body/document/type/sequence/filename/description/text/div[20],"On a reported basis, the company expects its diluted earnings per share for the second quarter of fiscal year 2016 to be in the range of $0.30 to $0.31.",EPS,FY2016,GAAP,NOT_APPLICABLE,USD_PER_SHARE,0.3,0.31,0.305,137,CURRENT_CANDIDATE,CURRENT_GUIDANCE_RANGE,V3_RANGE_BOUND_NOT_SOURCE_REVIEWED,3e2d769c0034553042f81accfecffd349738b7870ac2d54311f42bc5703508b3,PENDING,,,
SG3X-0025,GAP,0000039911,0000039911-18-000017,2018-03-01T21:34:46.000Z,q42017eprexhibit991.htm,https://www.sec.gov/Archives/edgar/data/39911/000003991118000017/q42017eprexhibit991.htm,98dc6af9180a44fa53507bf991d4fead16084deab0e9426982c3af2254216b7d,HTML_DIV,/html/body/document/type/sequence/filename/description/text/div[78],"Earnings per Share: For fiscal year 2018, the company expects diluted earnings per share to be in the range of $2.55 to $2.70 and comparable sales for fiscal year 2018 are expected to be flat to up slightly.",EPS,FY2018,UNSPECIFIED,NOT_APPLICABLE,USD_PER_SHARE,2.55,2.7,2.625,111,CURRENT_CANDIDATE,CURRENT_GUIDANCE_RANGE,V3_RANGE_BOUND_NOT_SOURCE_REVIEWED,4059873229ed302ab356a104b939f36bfbf1e13c24352831763a129abb26f717,PENDING,,,
SG3X-0026,GAP,0000039911,0000039911-21-000058,2021-05-27T20:38:17.000Z,q12021eprexhibit991.htm,https://www.sec.gov/Archives/edgar/data/39911/000003991121000058/q12021eprexhibit991.htm,f7eb3f8cc71ed1f91d46fbc17e83784f72ae5784ea1c81590c6cc127e952af49,HTML_DIV,/html/body/document/type/sequence/filename/description/text/div[20],"SAN FRANCISCO – May 27, 2021 – Gap Inc. (NYSE: GPS), a portfolio of purpose-led, lifestyle brands including Old Navy, Gap, Banana Republic, and Athleta, and the largest specialty apparel company in the U.S., reported first quarter fiscal year 2021 diluted earnings per share of $0.43. Excluding charges associated with divestiture activity related to the Janie & Jack business and Intermix business, adjusted first quarter 2021 earnings per share were $0.48. The company raised its full year reported diluted earnings per share guidance to be in the range of $1.55 to $1.70, and $1.60 to $1.75 on an adjusted basis.",EPS,FY2021,UNSPECIFIED,NOT_APPLICABLE,USD_PER_SHARE,1.6,1.75,1.675,579,CURRENT_CANDIDATE,CURRENT_GUIDANCE_RANGE,V3_RANGE_BOUND_NOT_SOURCE_REVIEWED,411be6e89fb08d8a8992ff2eab0527d47c3c23a4e676c33cc01ebf7ce195ca98,PENDING,,,
SG3X-0027,FMC,0000037785,0000037785-16-000105,2016-09-12T20:42:36.000Z,fmcex9919122016.htm,https://www.sec.gov/Archives/edgar/data/37785/000003778516000105/fmcex9919122016.htm,a8daf707b50729fa68c23d8044bd612a30d274ccee873805dd1c03b2c1ecd8e2,HTML_DIV,/html/body/document/type/sequence/filename/description/text/div[9],"The Company also announced that it is confirming prior guidance for the third quarter and full year 2016. For the third quarter, FMC expects adjusted earnings to be in the range of $0.53 to $0.63 per share and expects full-year adjusted EPS to be in the range of $2.60 to $2.90(1).",EPS,FY2016,NON_GAAP,NOT_APPLICABLE,USD_PER_SHARE,2.6,2.9,2.75,263,CURRENT_CANDIDATE,CURRENT_GUIDANCE_RANGE,V3_RANGE_BOUND_NOT_SOURCE_REVIEWED,453d87eef7f36113f0276e2ad00268da9b445dbc81f9ffbe3125c13f40e52d11,PENDING,,,
SG3X-0028,PCG,0001004980,0001004980-25-000085,2025-04-24T00:13:52.000Z,q125earningspresentation.htm,https://www.sec.gov/Archives/edgar/data/1004980/000100498025000085/q125earningspresentation.htm,c3f1aec1d168267d9f63740a49618860bc1f9be4a4e8fe0de19afe89581d69b7,HTML_DIV,/html/body/document/type/sequence/filename/description/text/div/div/div[3]/div[1],3 Non-GAAP Core EPS1 33¢ First Quarter 2025 Results …For Customers AND Investors Reaffirming Guidance… Endnotes are included in the Appendix 2026 - 2028 Guidance On Track ► On Track for 2025 core EPS guidance (+10%) ► Reaffirming 2026 - 2028 core EPS guidance ► Targeting 20% dividend payout by 2028 ► Stabilizing customer bills ► Increasing data center pipeline Key Takeaways $1.48 - $1.52 2025 Mid-Point up 10% 2024 - 2028 Equity Need Derisked At Least 9%,EPS,Q1-2025,NON_GAAP,NOT_APPLICABLE,USD_PER_SHARE,1.48,1.52,1.5,377,CURRENT_CANDIDATE,CURRENT_GUIDANCE_RANGE,V3_RANGE_BOUND_NOT_SOURCE_REVIEWED,56e65e835ec1e137b6c74215abe6479e76ad79dd7accd17c65312693f2d59dc1,PENDING,,,
SG3X-0029,NWL,0000814453,0000814453-21-000018,2021-02-12T12:12:43.000Z,exhibit991-q4xdec_2020.htm,https://www.sec.gov/Archives/edgar/data/814453/000081445321000018/exhibit991-q4xdec_2020.htm,249a012151abb50f702bd232167422d09ac0ae67dca6c01f9b45a2f2b4e695d7,HTML_DIV,/html/body/document/type/sequence/filename/description/text/div[38],"–The company initiated its full year 2021 outlook, with expected normalized earnings per share of $1.55 to $1.65 and operating cash flow of approximately $1.0 billion.",EPS,FY2021,UNSPECIFIED,NOT_APPLICABLE,USD_PER_SHARE,1.55,1.65,1.6,98,CURRENT_CANDIDATE,CURRENT_GUIDANCE_RANGE,V3_RANGE_BOUND_NOT_SOURCE_REVIEWED,5c532b6b259d137c5ace52911bee311251c8c5597df451ead46a4c7c3818fec3,PENDING,,,
SG3X-0030,KDP,0001418135,0001418135-17-000045,2017-10-25T11:05:49.000Z,dps-ex991_093017.htm,https://www.sec.gov/Archives/edgar/data/1418135/000141813517000045/dps-ex991_093017.htm,fa51b603390a4a6ba7f36ae79a7be2cc46bcc09a260d63eae3fb3f0271e65f96,HTML_DIV,/html/body/document/type/sequence/filename/description/text/div[7],Company now expects full year 2017 Core EPS guidance in the $4.50 - $4.57 range.,EPS,FY2017,NON_GAAP,NOT_APPLICABLE,USD_PER_SHARE,4.5,4.57,4.535,60,CURRENT_CANDIDATE,CURRENT_GUIDANCE_RANGE,V3_RANGE_BOUND_NOT_SOURCE_REVIEWED,8a341ff7ba927ce2364a21f35af3b38ffe817bf9512660e5be491ba0d93b2c55,PENDING,,,
SG3X-0031,LEG,0000058492,0001193125-17-277861,2017-09-06T20:30:35.000Z,d395673dex991.htm,https://www.sec.gov/Archives/edgar/data/58492/000119312517277861/d395673dex991.htm,f06a8f5838f95c74e3aeb1f51426f1f8df41d87227a68e2b48543de46cf4c836,HTML_P,/html/body/document/type/sequence/filename/description/text/p[10],"Diversified manufacturer
Leggett & Platt reduced its full-year 2017 EPS guidance to a range of $2.44 - 2.54. This guidance includes a $.04 EPS benefit from the recent sale of a Commercial Vehicle Products (CVP)
operation, as discussed below.",EPS,FY2017,UNSPECIFIED,NOT_APPLICABLE,USD_PER_SHARE,2.44,2.54,2.49,95,CURRENT_CANDIDATE,CURRENT_GUIDANCE_RANGE,V3_RANGE_BOUND_NOT_SOURCE_REVIEWED,9d35d4c5947c022e61b95dcf6b250520d006cb530b5cea001a029a0bfdc43cd3,PENDING,,,
SG3X-0032,FBIN,0001519751,0001157523-17-002786,2017-10-25T20:05:56.000Z,a51704518ex99_1.htm,https://www.sec.gov/Archives/edgar/data/1519751/000115752317002786/a51704518ex99_1.htm,6e4a3afbfbacb4a12ee2654ff185a882b5cb9026aec1524347f0b3744e8b4c65,HTML_LI,/html/body/document/type/sequence/filename/description/text/ul[1]/li[4],"Company
 narrows full-year 2017 EPS before charges/gains outlook to $3.05 -
 $3.10 on sales growth of 6 – 7 percent",EPS,FY2017,UNSPECIFIED,NOT_APPLICABLE,USD_PER_SHARE,3.05,3.1,3.075,68,CURRENT_CANDIDATE,CURRENT_GUIDANCE_RANGE,V3_RANGE_BOUND_NOT_SOURCE_REVIEWED,ea0bb34a98754c2d54c26fdc4a20956fba78aaa93e16ae2360f1848c351f7c7a,PENDING,,,
SG3X-0033,VRT,0001674101,0001628280-23-026549,2023-08-02T10:01:56.000Z,q22023exhibit991vrt8223.htm,https://www.sec.gov/Archives/edgar/data/1674101/000162828023026549/q22023exhibit991vrt8223.htm,31663d2d9de2f78e9304bc264f44405618f652bd4ef1345627e9cff3768332a0,HTML_DIV,/html/body/document/type/sequence/filename/description/text/div[23],"We continue to see signs of accelerating market conditions for the second half of 2023 as sales pipeline activity remains healthy. We believe AI will be a long-term secular tailwind for the industry and increase the size of the addressable market. We will provide additional details on our assumptions and views at our investor conference in November 2023. As communicated previously, we believe there will be more uniformity in quarterly sales in 2023 compared to historic patterns, given high backlog levels and continued improvement in supply chain dynamics. Financial guidance has been increased across all financial metrics, supported by a strong first half 2023 performance. Our adjusted operating margin range for the full year has been increased to 14.0% (at the midpoint), representing an anticipated 630 basis point improvement compared to 2022. Adjusted free cash flow guidance for 2023 has been increased by $200 million (at the midpoint), and is now expected to be $525 million to $575 million, an anticipated $810 million improvement (at the midpoint) versus 2022.",FREE_CASH_FLOW,FY2023,NON_GAAP,NOT_APPLICABLE,USD,525000000,575000000,550000000,978,CURRENT_CANDIDATE,CURRENT_GUIDANCE_RANGE,V3_RANGE_BOUND_NOT_SOURCE_REVIEWED,0bbb64223d86b47eb42c0939496fc842f0e4518279cb47151056a95a1212e266,PENDING,,,
SG3X-0034,LUMN,0000018926,0000018926-24-000110,2024-11-05T21:02:30.000Z,lumen3q24earningspresfin.htm,https://www.sec.gov/Archives/edgar/data/18926/000001892624000110/lumen3q24earningspresfin.htm,11d59a038fcda1fd442cafbae89606bc9ad17cee5376677818753c9947017cde,HTML_DIV,/html/body/document/type/sequence/filename/description/text/div/div/div[16]/div[1],"© 2024 Lumen Technologies. All Rights Reserved. 15 Slide Title 2024 Financial Outlook (1) For definitions of non-GAAP metrics and reconciliations to GAAP figures, see Lumen’s Investor Relations website. (2) Outlook measures in this presentation and the accompanying schedules (i) exclude the effects of Special Items, goodwill impairments, future changes in our operating or capital allocation plans, unforeseen changes in regulation, laws or litigation, and other unforeseen events or circumstances impacting our financial performance and (ii) speak only as of August 6, 2024. See “Forward Looking Statements” at the beginning of this presentation. (3) Outlook includes the voluntary pension contribution of $170 million during the third quarter 2024. (4) Includes an approximately $700 million tax refund received during the first quarter 2024. Metric(1)(2) Outlook Adjusted EBITDA $3.9 to $4.0 billion Free Cash Flow(3)(4) $1.2 to $1.4 billion Net Cash Interest $1.15 to $1.25 billion Capital Expenditures $3.1 to $3.3 billion Cash Income Taxes/(Refund)(4) ($200) to ($300) million",FREE_CASH_FLOW,Q1-2024,NON_GAAP,NOT_APPLICABLE,USD,1150000000,1250000000,1200000000,965,CURRENT_CANDIDATE,CURRENT_GUIDANCE_RANGE,V3_RANGE_BOUND_NOT_SOURCE_REVIEWED,47961af5e71e073136b40f6232e47bccd6748e8e74c579958d6e8aa92aa4fde5,PENDING,,,
SG3X-0035,VRT,0001674101,0001628280-23-035032,2023-10-25T10:02:03.000Z,q32023exhibit991vrt102523.htm,https://www.sec.gov/Archives/edgar/data/1674101/000162828023035032/q32023exhibit991vrt102523.htm,ccf69164147d726eb36f50d11dc4b0abd8836e5ee51ea22ad2cf51b185e0c38e,HTML_DIV,/html/body/document/type/sequence/filename/description/text/div[13],•Raising full year 2023 adjusted free cash flow guidance to $600 million to $650 million,FREE_CASH_FLOW,FY2023,NON_GAAP,NOT_APPLICABLE,USD,600000000,650000000,625000000,60,CURRENT_CANDIDATE,CURRENT_GUIDANCE_RANGE,V3_RANGE_BOUND_NOT_SOURCE_REVIEWED,68ec6a0e99d286db7d68333b86ae4f04cff569679df878fbb9e5f659e8fd6eec,PENDING,,,
SG3X-0036,VRT,0001674101,0001628280-22-027015,2022-10-26T10:00:38.000Z,q32022exhibit991vrt.htm,https://www.sec.gov/Archives/edgar/data/1674101/000162828022027015/q32022exhibit991vrt.htm,fb90c808d6a8bda250b80e6d5649856060204318a41abc3972cf3df1ada09931,HTML_DIV,/html/body/document/type/sequence/filename/description/text/div[16],"Net cash generated by operating activities in the third quarter was $4 million and free cash flow(1) was a use of cash of $20 million, a sequential improvement from second quarter 2022 of $210 million and $212 million, respectively. We expect a quarterly record high free cash flow generation in the fourth quarter of $250 million to $300 million and free cash flow for the full year 2022 to be a use of cash of $100 million to $150 million. While supply chain challenges persist, which have resulted in increased inventory levels, we continue to anticipate a record sales level in the fourth quarter and the associated cash benefit from those sales which would primarily be realized in 2023. In addition, working capital optimization programs are underway which we anticipate will provide additional benefits to cash generation in 2023. Liquidity at the end of the third quarter was $531 million, a sequential improvement of $74 million from second quarter 2022, driven by an increase to our borrowing capacity under our ABL credit facility of $115 million that was completed in the third quarter.",FREE_CASH_FLOW,FY2022,UNSPECIFIED,NOT_APPLICABLE,USD,100000000,150000000,125000000,412,CURRENT_CANDIDATE,CURRENT_GUIDANCE_RANGE,V3_RANGE_BOUND_NOT_SOURCE_REVIEWED,9771b80c51305d3c4aa063f024c9720936c837b65dda3678c5b6675337c5908b,PENDING,,,
SG3X-0037,LUMN,0000018926,0000018926-24-000110,2024-11-05T21:02:30.000Z,lumen3q24earningspresfin.htm,https://www.sec.gov/Archives/edgar/data/18926/000001892624000110/lumen3q24earningspresfin.htm,11d59a038fcda1fd442cafbae89606bc9ad17cee5376677818753c9947017cde,HTML_DIV,/html/body/document/type/sequence/filename/description/text/div/div/div[16]/div[1],"© 2024 Lumen Technologies. All Rights Reserved. 15 Slide Title 2024 Financial Outlook (1) For definitions of non-GAAP metrics and reconciliations to GAAP figures, see Lumen’s Investor Relations website. (2) Outlook measures in this presentation and the accompanying schedules (i) exclude the effects of Special Items, goodwill impairments, future changes in our operating or capital allocation plans, unforeseen changes in regulation, laws or litigation, and other unforeseen events or circumstances impacting our financial performance and (ii) speak only as of August 6, 2024. See “Forward Looking Statements” at the beginning of this presentation. (3) Outlook includes the voluntary pension contribution of $170 million during the third quarter 2024. (4) Includes an approximately $700 million tax refund received during the first quarter 2024. Metric(1)(2) Outlook Adjusted EBITDA $3.9 to $4.0 billion Free Cash Flow(3)(4) $1.2 to $1.4 billion Net Cash Interest $1.15 to $1.25 billion Capital Expenditures $3.1 to $3.3 billion Cash Income Taxes/(Refund)(4) ($200) to ($300) million",FREE_CASH_FLOW,Q1-2024,NON_GAAP,NOT_APPLICABLE,USD,1200000000,1400000000,1300000000,926,CURRENT_CANDIDATE,CURRENT_GUIDANCE_RANGE,V3_RANGE_BOUND_NOT_SOURCE_REVIEWED,c2859183dbc4360776fa5f801dca901a23226e2122bd97885d31a96b5d3aa353,PENDING,,,
SG3X-0038,FDS,0001013237,0001013237-23-000193,2023-12-19T11:58:36.000Z,investordeckdecember2023.htm,https://www.sec.gov/Archives/edgar/data/1013237/000101323723000193/investordeckdecember2023.htm,4a9f27ecdb6fa941bbd961f29346fb82a5448965fbd6d25c8b11839c2fa41bf0,HTML_DIV,/html/body/document/type/sequence/filename/description/text/div/div/div[25]/div[1],"$72 $78 $112 $157 $145 FY19 FY20 FY21 FY22 FY23 FY24* $110-$150 $1.4 $1.5 $1.6 $1.8 $2.1 FY19 FY20 FY21 FY22 FY23 FY24* $2.20- $2.21 $10.00 $10.87 $11.20 $13.43 $14.55 $15.60 - $16.00 FY19 FY20 FY21 FY22 FY23 FY24* In fiscal year 2024 we expect to deliver 5-7% higher ASV Growth and Adjusted Operating Margin …building on momentum of the last several years $2.200B-$2.210B Revenue2 Adj Operating margin1,2,4 Adj Diluted EPS1,2 36.3%-36.7%$110-$150M ASV growth2,3 $15.60 - $16.00 33.2% 33.6% 32.5% 33.9% 36.2% FY19 FY20 FY21 FY22 FY23 FY24* 36.3%- 36.7% $B$M $ +9.0%4 +9.2%2,4,5 +9.6%4 1 Please see Appendix for a reconciliation of these non-GAAP metrics to GAAP metrics 2 Includes CUSIP Global Services (CGS) as of Q3 FY23 3 Incremental ASV Growth 4 FY19-FY23 actual 5 Total Organic ASV Growth *FY24 guidance (mid-point December 19, 2023) +8.5%4 Avg 34.3% 25Copyright © 2023 FactSet Research Systems Inc. All rights reserved. FactSet Business Use Only",MARGIN,FY2024,NON_GAAP,NOT_APPLICABLE,PERCENT,36.3,36.7,36.5,426,CURRENT_CANDIDATE,CURRENT_GUIDANCE_RANGE,V3_RANGE_BOUND_NOT_SOURCE_REVIEWED,0ea178e759eb2ef982f6782e30adc91f7c7a079f9ddf0efb09d2c20ebd88a338,PENDING,,,
SG3X-0039,BIO,0000012208,0000012208-26-000007,2026-02-12T21:16:35.000Z,bio-8k2122026xex991.htm,https://www.sec.gov/Archives/edgar/data/12208/000001220826000007/bio-8k2122026xex991.htm,5fb03c51bc456726c8670c0b6f471cf5b7c15bb306fa19e0a6c81bb05daebe47,HTML_DIV,/html/body/document/type/sequence/filename/description/text/div[69],"Bio-Rad is providing its financial outlook for the full-year 2026. The Company currently expects non-GAAP, currency neutral revenue growth of approximately 0.5 to 1.5 percent and an estimated non-GAAP operating margin of approximately 12.0 to 12.5 percent.",MARGIN,FY2026,NON_GAAP,NOT_APPLICABLE,PERCENT,12,12.5,12.25,234,CURRENT_CANDIDATE,CURRENT_GUIDANCE_RANGE,V3_RANGE_BOUND_NOT_SOURCE_REVIEWED,209ffcbe2866b5595340ec2b35d658a0d1cbddd4af7c8d1e3c264fc7adac719c,PENDING,,,
SG3X-0040,FDS,0001013237,0001013237-23-000193,2023-12-19T11:58:36.000Z,investordeckdecember2023.htm,https://www.sec.gov/Archives/edgar/data/1013237/000101323723000193/investordeckdecember2023.htm,4a9f27ecdb6fa941bbd961f29346fb82a5448965fbd6d25c8b11839c2fa41bf0,HTML_DIV,/html/body/document/type/sequence/filename/description/text/div/div/div[25]/div[1],"$72 $78 $112 $157 $145 FY19 FY20 FY21 FY22 FY23 FY24* $110-$150 $1.4 $1.5 $1.6 $1.8 $2.1 FY19 FY20 FY21 FY22 FY23 FY24* $2.20- $2.21 $10.00 $10.87 $11.20 $13.43 $14.55 $15.60 - $16.00 FY19 FY20 FY21 FY22 FY23 FY24* In fiscal year 2024 we expect to deliver 5-7% higher ASV Growth and Adjusted Operating Margin …building on momentum of the last several years $2.200B-$2.210B Revenue2 Adj Operating margin1,2,4 Adj Diluted EPS1,2 36.3%-36.7%$110-$150M ASV growth2,3 $15.60 - $16.00 33.2% 33.6% 32.5% 33.9% 36.2% FY19 FY20 FY21 FY22 FY23 FY24* 36.3%- 36.7% $B$M $ +9.0%4 +9.2%2,4,5 +9.6%4 1 Please see Appendix for a reconciliation of these non-GAAP metrics to GAAP metrics 2 Includes CUSIP Global Services (CGS) as of Q3 FY23 3 Incremental ASV Growth 4 FY19-FY23 actual 5 Total Organic ASV Growth *FY24 guidance (mid-point December 19, 2023) +8.5%4 Avg 34.3% 25Copyright © 2023 FactSet Research Systems Inc. All rights reserved. FactSet Business Use Only",MARGIN,FY2024,NON_GAAP,NOT_APPLICABLE,PERCENT,15.6,16,15.8,463,CURRENT_CANDIDATE,CURRENT_GUIDANCE_RANGE,V3_RANGE_BOUND_NOT_SOURCE_REVIEWED,60fc5d6a63cdbf2b0e7f505f67d7ae6af4614e5faa1e64cc01d43448aa5ef4aa,PENDING,,,
SG3X-0041,FDS,0001013237,0001013237-24-000051,2024-04-03T11:33:14.000Z,investordeckapril2024.htm,https://www.sec.gov/Archives/edgar/data/1013237/000101323724000051/investordeckapril2024.htm,9898ab3f9ca96e21ae9cfe0bb13721376b7bcfb85208688b79717da57ddc0547,HTML_DIV,/html/body/document/type/sequence/filename/description/text/div/div/div[25]/div[1],"$72 $78 $112 $157 $145 FY19 FY20 FY21 FY22 FY23 FY24* $110-$150 $1.4 $1.5 $1.6 $1.8 $2.1 FY19 FY20 FY21 FY22 FY23 FY24* $2.20- $2.21 $10.00 $10.87 $11.20 $13.43 $14.55 $15.60 - $16.00 FY19 FY20 FY21 FY22 FY23 FY24* In fiscal year 2024 we expect to deliver 5-7% higher ASV Growth and Adjusted Operating Margin …building on momentum of the last several years $2.200B-$2.210B Revenue2 Adj Operating margin1,2,4 Adj Diluted EPS1,2 36.3%-36.7%$110-$150M ASV growth2,3 $15.60 - $16.00 33.2% 33.6% 32.5% 33.9% 36.2% FY19 FY20 FY21 FY22 FY23 FY24* 36.3%- 36.7% $B$M $ +9.0%4 +9.2%2,4,5 +9.6%4 1 Please see Appendix for a reconciliation of these non-GAAP metrics to GAAP metrics 2 Includes CUSIP Global Services (CGS) as of Q3 FY23 3 Incremental ASV Growth 4 FY19-FY23 actual 5 Total Organic ASV Growth *FY24 Outlook as of February 29, 2024. For ASV and revenue, growth is expected at the lower end of guidance ranges for fiscal 2024 +8.5%4 Avg 34.3% 25Copyright © 2024 FactSet Research Systems Inc. All rights reserved. FactSet Business Use Only",MARGIN,FY2024,NON_GAAP,NOT_APPLICABLE,PERCENT,36.3,36.7,36.5,426,CURRENT_CANDIDATE,CURRENT_GUIDANCE_RANGE,V3_RANGE_BOUND_NOT_SOURCE_REVIEWED,6c26270e356745aaf5091bcb998214127a6073b52519b64c89c6af3b046ddddd,PENDING,,,
SG3X-0042,BIO,0000012208,0000012208-24-000036,2024-05-07T20:18:26.000Z,bio-8k572024xex991.htm,https://www.sec.gov/Archives/edgar/data/12208/000001220824000036/bio-8k572024xex991.htm,97fbb939e5999117b2a18e1b17cfbbd7ba28d39bf97d74781c3012dff0353154,HTML_DIV,/html/body/document/type/sequence/filename/description/text/div[49],"Bio-Rad is maintaining its financial outlook for the full year 2024. The company continues to expect non-GAAP, currency-neutral revenue growth of approximately 1.0 to 2.5 percent and an estimated non-GAAP operating margin of approximately 13.5 to 14.0 percent.",MARGIN,FY2024,NON_GAAP,NOT_APPLICABLE,PERCENT,13.5,14,13.75,238,CURRENT_CANDIDATE,CURRENT_GUIDANCE_RANGE,V3_RANGE_BOUND_NOT_SOURCE_REVIEWED,80f1e1eea86d9fd984ce37c8a3f0d86b11d919c68c5d60cf495e241a1d9f695c,PENDING,,,
SG3X-0043,ILMN,0001110803,0001110803-24-000049,2024-11-04T21:08:10.000Z,a3q24earningsrelease.htm,https://www.sec.gov/Archives/edgar/data/1110803/000111080324000049/a3q24earningsrelease.htm,1e47a3db5e2e34eb8521d75e60b3987a5ad085fe7e7e2f1bbd051f4dcd2bba5e,HTML_DIV,/html/body/document/type/sequence/filename/description/text/div[11],•Raised fiscal year 2024 Core Illumina non-GAAP operating margin guidance to a range of 21% to 21.5%,MARGIN,FY2024,NON_GAAP,NOT_APPLICABLE,PERCENT,21,21.5,21.25,87,CURRENT_CANDIDATE,CURRENT_GUIDANCE_RANGE,V3_RANGE_BOUND_NOT_SOURCE_REVIEWED,85ef6fc1efe2addb605508f9c6c2e5f3f2617740699d5cf0cc0075a9366c2f83,PENDING,,,
SG3X-0044,FDS,0001013237,0001013237-24-000051,2024-04-03T11:33:14.000Z,investordeckapril2024.htm,https://www.sec.gov/Archives/edgar/data/1013237/000101323724000051/investordeckapril2024.htm,9898ab3f9ca96e21ae9cfe0bb13721376b7bcfb85208688b79717da57ddc0547,HTML_DIV,/html/body/document/type/sequence/filename/description/text/div/div/div[25]/div[1],"$72 $78 $112 $157 $145 FY19 FY20 FY21 FY22 FY23 FY24* $110-$150 $1.4 $1.5 $1.6 $1.8 $2.1 FY19 FY20 FY21 FY22 FY23 FY24* $2.20- $2.21 $10.00 $10.87 $11.20 $13.43 $14.55 $15.60 - $16.00 FY19 FY20 FY21 FY22 FY23 FY24* In fiscal year 2024 we expect to deliver 5-7% higher ASV Growth and Adjusted Operating Margin …building on momentum of the last several years $2.200B-$2.210B Revenue2 Adj Operating margin1,2,4 Adj Diluted EPS1,2 36.3%-36.7%$110-$150M ASV growth2,3 $15.60 - $16.00 33.2% 33.6% 32.5% 33.9% 36.2% FY19 FY20 FY21 FY22 FY23 FY24* 36.3%- 36.7% $B$M $ +9.0%4 +9.2%2,4,5 +9.6%4 1 Please see Appendix for a reconciliation of these non-GAAP metrics to GAAP metrics 2 Includes CUSIP Global Services (CGS) as of Q3 FY23 3 Incremental ASV Growth 4 FY19-FY23 actual 5 Total Organic ASV Growth *FY24 Outlook as of February 29, 2024. For ASV and revenue, growth is expected at the lower end of guidance ranges for fiscal 2024 +8.5%4 Avg 34.3% 25Copyright © 2024 FactSet Research Systems Inc. All rights reserved. FactSet Business Use Only",MARGIN,FY2024,NON_GAAP,NOT_APPLICABLE,PERCENT,15.6,16,15.8,463,CURRENT_CANDIDATE,CURRENT_GUIDANCE_RANGE,V3_RANGE_BOUND_NOT_SOURCE_REVIEWED,8f937a3957b4c225f9f9cd97f26de12211ff0c6c046713e7e753d3b40dd1cd13,PENDING,,,
SG3X-0045,FDS,0001013237,0001013237-24-000086,2024-07-03T11:26:39.000Z,investordeckjuly2024.htm,https://www.sec.gov/Archives/edgar/data/1013237/000101323724000086/investordeckjuly2024.htm,a3287416ff83e4fd272dfce256968fcfca1a88085b0159fc42607e23b7f6bea1,HTML_DIV,/html/body/document/type/sequence/filename/description/text/div/div/div[38]/div[1],"We are revising our guidance for FY2024 FISCAL 2024 OUTLOOK As of March 21, 2024 FISCAL 2024 OUTLOOK As of June 21, 2024 Organic ASV + Professional Services Growth1 $110 - $150 million (~5% to ~7%) $85 - $120 million (~4.0% to ~5.5%) Revenues $2,200- $2,210 million $2,180 - $2,190 million Operating Margin 32.5% - 33.0% 33.7% - 34.0% Adjusted Operating Margin 36.3% - 36.7% 37.0% - 37.5% Effective Tax Rate 16.5% - 17.5% 16.5% - 17.5% Diluted EPS $13.95 - $14.35 $14.55 - $14.95 Adjusted Diluted EPS $15.60 - $16.00 $16.00 - $16.40 1 Organic ASV + Professional Services growth over fiscal 2023 The Fiscal 2024 Outlook shown here is a forward-looking statement. Given the risks, uncertainties and assumptions related to FactSet's business and operations, FactSet’s actual future results may differ materially from these expectations. Investors should review the Company’s cautionary statements and risk factors referred to in this presentation Copyright © 2024 FactSet Research Systems Inc. All rights reserved. FactSet Business Use Only 38",MARGIN,FY2024,UNSPECIFIED,NOT_APPLICABLE,PERCENT,32.5,33,32.75,306,CURRENT_CANDIDATE,CURRENT_GUIDANCE_RANGE,V3_RANGE_BOUND_NOT_SOURCE_REVIEWED,918ee011e16087ff721f9a5ddf63d72d972c418d6a96ef3f30dba3cdd5e26928,PENDING,,,
SG3X-0046,FDS,0001013237,0001013237-24-000086,2024-07-03T11:26:39.000Z,investordeckjuly2024.htm,https://www.sec.gov/Archives/edgar/data/1013237/000101323724000086/investordeckjuly2024.htm,a3287416ff83e4fd272dfce256968fcfca1a88085b0159fc42607e23b7f6bea1,HTML_DIV,/html/body/document/type/sequence/filename/description/text/div/div/div[36]/div[1],"$72 $78 $112 $157 $145 FY19 FY20 FY21 FY22 FY23 FY24* $85-$120 $1.4 $1.5 $1.6 $1.8 $2.1 FY19 FY20 FY21 FY22 FY23 FY24* $2.18- $2.19 $10.00 $10.87 $11.20 $13.43 $14.55 $16.00 - $16.40 FY19 FY20 FY21 FY22 FY23 FY24* In FY2024 we expect to deliver 4.0-5.5% higher ASV Growth and Adjusted Operating Margin …building on momentum of the last several years $2.180B-$2.190B Revenue2 Adj Operating Margin1,2,4 Adj Diluted EPS1,2 37.0%-37.5%$85-$120M ASV Growth2,3 $16.00 - $16.40 33.2% 33.6% 32.5% 33.9% 36.2% FY19 FY20 FY21 FY22 FY23 FY24* 37.0%- 37.5% $B$M $ +8.8%4 +9.0%2,4,5 +10.1%4 1 Please see Appendix for a reconciliation of these non-GAAP metrics to GAAP metrics 2 Includes CUSIP Global Services (CGS) as of Q3 FY23 3 Incremental ASV Growth 4 FY19-FY23 actual, FY24 Outlook 5 Total Organic ASV Growth *FY24 Outlook as of June 21, 2024 +8.5%4 Copyright © 2024 FactSet Research Systems Inc. All rights reserved. FactSet Business Use Only 36 +400bps",MARGIN,FY2024,NON_GAAP,NOT_APPLICABLE,PERCENT,16,16.4,16.2,455,CURRENT_CANDIDATE,CURRENT_GUIDANCE_RANGE,V3_RANGE_BOUND_NOT_SOURCE_REVIEWED,9d54a31984b345c22f1c69d5de17ab50cf4105354d603dd1735a8047fa07de4c,PENDING,,,
SG3X-0047,BIO,0000012208,0000012208-25-000076,2025-10-29T20:16:49.000Z,bio-8k10292025xex991.htm,https://www.sec.gov/Archives/edgar/data/12208/000001220825000076/bio-8k10292025xex991.htm,7120c62b027145624a826025e770ced065d0c3ca07bb6ce335f65c9788a6293f,HTML_DIV,/html/body/document/type/sequence/filename/description/text/div[41],"Bio-Rad is maintaining its financial outlook for the full year 2025. The company continues to expect non-GAAP, currency-neutral revenue growth of approximately 0 to 1.0 percent and a non-GAAP operating margin of approximately 12.0 to 13.0 percent.",MARGIN,FY2025,NON_GAAP,NOT_APPLICABLE,PERCENT,12,13,12.5,225,CURRENT_CANDIDATE,CURRENT_GUIDANCE_RANGE,V3_RANGE_BOUND_NOT_SOURCE_REVIEWED,a7987932a66388b5bf4647060bfbe663b503fc3bdd23e826f9a9825ebf34e731,PENDING,,,
SG3X-0048,FDS,0001013237,0001013237-24-000086,2024-07-03T11:26:39.000Z,investordeckjuly2024.htm,https://www.sec.gov/Archives/edgar/data/1013237/000101323724000086/investordeckjuly2024.htm,a3287416ff83e4fd272dfce256968fcfca1a88085b0159fc42607e23b7f6bea1,HTML_DIV,/html/body/document/type/sequence/filename/description/text/div/div/div[36]/div[1],"$72 $78 $112 $157 $145 FY19 FY20 FY21 FY22 FY23 FY24* $85-$120 $1.4 $1.5 $1.6 $1.8 $2.1 FY19 FY20 FY21 FY22 FY23 FY24* $2.18- $2.19 $10.00 $10.87 $11.20 $13.43 $14.55 $16.00 - $16.40 FY19 FY20 FY21 FY22 FY23 FY24* In FY2024 we expect to deliver 4.0-5.5% higher ASV Growth and Adjusted Operating Margin …building on momentum of the last several years $2.180B-$2.190B Revenue2 Adj Operating Margin1,2,4 Adj Diluted EPS1,2 37.0%-37.5%$85-$120M ASV Growth2,3 $16.00 - $16.40 33.2% 33.6% 32.5% 33.9% 36.2% FY19 FY20 FY21 FY22 FY23 FY24* 37.0%- 37.5% $B$M $ +8.8%4 +9.0%2,4,5 +10.1%4 1 Please see Appendix for a reconciliation of these non-GAAP metrics to GAAP metrics 2 Includes CUSIP Global Services (CGS) as of Q3 FY23 3 Incremental ASV Growth 4 FY19-FY23 actual, FY24 Outlook 5 Total Organic ASV Growth *FY24 Outlook as of June 21, 2024 +8.5%4 Copyright © 2024 FactSet Research Systems Inc. All rights reserved. FactSet Business Use Only 36 +400bps",MARGIN,FY2024,NON_GAAP,NOT_APPLICABLE,PERCENT,37,37.5,37.25,419,CURRENT_CANDIDATE,CURRENT_GUIDANCE_RANGE,V3_RANGE_BOUND_NOT_SOURCE_REVIEWED,b96628ea1f286b1536fab031f2c35fbd7ad4da2cc62f6cd0b9685dd8e280a140,PENDING,,,
SG3X-0049,FDS,0001013237,0001013237-24-000086,2024-07-03T11:26:39.000Z,investordeckjuly2024.htm,https://www.sec.gov/Archives/edgar/data/1013237/000101323724000086/investordeckjuly2024.htm,a3287416ff83e4fd272dfce256968fcfca1a88085b0159fc42607e23b7f6bea1,HTML_DIV,/html/body/document/type/sequence/filename/description/text/div/div/div[38]/div[1],"We are revising our guidance for FY2024 FISCAL 2024 OUTLOOK As of March 21, 2024 FISCAL 2024 OUTLOOK As of June 21, 2024 Organic ASV + Professional Services Growth1 $110 - $150 million (~5% to ~7%) $85 - $120 million (~4.0% to ~5.5%) Revenues $2,200- $2,210 million $2,180 - $2,190 million Operating Margin 32.5% - 33.0% 33.7% - 34.0% Adjusted Operating Margin 36.3% - 36.7% 37.0% - 37.5% Effective Tax Rate 16.5% - 17.5% 16.5% - 17.5% Diluted EPS $13.95 - $14.35 $14.55 - $14.95 Adjusted Diluted EPS $15.60 - $16.00 $16.00 - $16.40 1 Organic ASV + Professional Services growth over fiscal 2023 The Fiscal 2024 Outlook shown here is a forward-looking statement. Given the risks, uncertainties and assumptions related to FactSet's business and operations, FactSet’s actual future results may differ materially from these expectations. Investors should review the Company’s cautionary statements and risk factors referred to in this presentation Copyright © 2024 FactSet Research Systems Inc. All rights reserved. FactSet Business Use Only 38",MARGIN,FY2024,UNSPECIFIED,NOT_APPLICABLE,PERCENT,33.7,34,33.85,320,CURRENT_CANDIDATE,CURRENT_GUIDANCE_RANGE,V3_RANGE_BOUND_NOT_SOURCE_REVIEWED,bdbb876912a48586a381ea8536ca84d23e7bf277692e705e1f03bbf7318d6ffb,PENDING,,,
SG3X-0050,ILMN,0001110803,0001110803-24-000042,2024-08-06T20:20:31.000Z,a2q24earningsrelease.htm,https://www.sec.gov/Archives/edgar/data/1110803/000111080324000042/a2q24earningsrelease.htm,88f546c4c20d776479e657461091067829736801d223c5d0ad39cb73f43af869,HTML_DIV,/html/body/document/type/sequence/filename/description/text/div[57],"For fiscal year 2024, the company lowered its Core Illumina revenue guidance to decline 2% to 3% (down 1.5% to 2.5% in constant currency) compared to fiscal year 2023 and raised its Core Illumina non-GAAP operating margin guidance to a range of 20.5% to 21%. The company is introducing guidance for Core Illumina non-GAAP diluted EPS in the range of $3.80 to $3.95 for fiscal year 2024.",MARGIN,FY2023,NON_GAAP,NOT_APPLICABLE,PERCENT,20.5,21,20.75,244,CURRENT_CANDIDATE,CURRENT_GUIDANCE_RANGE,V3_RANGE_BOUND_NOT_SOURCE_REVIEWED,cb7ec0f122ca8d1a3c3a1ed3bdeffbe7373891e65f0462a6a15e1fcce8b40a78,PENDING,,,
SG3X-0051,BIO,0000012208,0000012208-17-000054,2017-11-02T21:08:55.000Z,bio-8k1122017xex991.htm,https://www.sec.gov/Archives/edgar/data/12208/000001220817000054/bio-8k1122017xex991.htm,b2d8db82ab7787ed32ce33c92b1fe8b8bc78653f0b68bd5c65b1656180e38a87,HTML_DIV,/html/body/document/type/sequence/filename/description/text/div[42],"For the fourth quarter 2017, the Company anticipates net sales to be between $615 to $625 million, which includes sales from the recently acquired RainDance Technologies, and assumes using current foreign exchange rates. Consolidated gross margin for the fourth quarter is anticipated to be between 54.5 and 55.0 percent which is in line with the year-to-date results. Based on this outlook, the operating margin for the fourth quarter 2017 is anticipated to be between 9.5 to 10.5 percent of sales.",MARGIN,Q4-2017,UNSPECIFIED,NOT_APPLICABLE,PERCENT,9.5,10.5,10,469,CURRENT_CANDIDATE,CURRENT_GUIDANCE_RANGE,V3_RANGE_BOUND_NOT_SOURCE_REVIEWED,e90cc1ea6631bca3740f5064b47fa167f0cc0fe29a808011b30bafb0547ef68a,PENDING,,,
SG3X-0052,BWA,0000908255,0000908255-24-000040,2024-10-31T12:31:31.000Z,a20240930ex991pressrelease.htm,https://www.sec.gov/Archives/edgar/data/908255/000090825524000040/a20240930ex991pressrelease.htm,31893324bcd872624065ef0a277c80883d9cbe5eb38d50cebe1b238dab1c555d,HTML_DIV,/html/body/document/type/sequence/filename/description/text/div[44],"Full Year 2024 Guidance: The Company has updated full year sales, margin, and EPS guidance. Net sales for 2024 are expected to be in the range of $14.0 billion to $14.2 billion, compared to the Company’s prior guidance of $14.1 billion to $14.4 billion and 2023 sales of approximately $14.2 billion. The Company expects its weighted light and commercial vehicle markets to be in the range of down 3.5% to down 3% year-over-year in 2024, a decrease from the Company’s prior guidance of down 3% to down 2%. The Company’s sales guidance implies a year-over-year decrease in organic sales of approximately (1.5)% to flat, or estimated outgrowth above market production of approximately 200 to 300 basis points. The Company expects its 2024 eProduct sales to be approximately $2.4 billion, up from approximately $2.0 billion in 2023. Foreign currencies are expected to result in a year-over-year decrease in sales of approximately $20 million primarily due to strengthening of the Euro, offset by the weakening of the Korean Won and Chinese Renminbi against the U.S. dollar. The acquisitions of SSE and the Electric Hybrid Systems business segment of Eldor Corporation are expected to increase year-over-year sales by approximately $30 million.",REVENUE,FY2024,UNSPECIFIED,NOT_APPLICABLE,USD,14000000000,14200000000,14100000000,146,CURRENT_CANDIDATE,CURRENT_GUIDANCE_RANGE,V3_RANGE_BOUND_NOT_SOURCE_REVIEWED,02746b2111b4376842da5606c7aa308ed032bfc4f907396481e264186327496c,PENDING,,,
SG3X-0053,CSGP,0001057352,0001193125-24-182891,2024-07-23T20:29:09.000Z,d856482dex991.htm,https://www.sec.gov/Archives/edgar/data/1057352/000119312524182891/d856482dex991.htm,17dd9edf6e7c555913953f3e3268d1d398c4fd6c908b6c9c094306958f3d0a96,HTML_P,/html/body/document/type/sequence/filename/description/text/center[1]/div/p[13],"“This
quarter’s results demonstrate the strength of our core commercial business and the continued progress of our Homes.com strategy,” said Chris Lown, CFO of CoStar Group. The Company now expects revenue in the range of $2.735 billion to
$2.745 billion for the full year of 2024, representing revenue growth of approximately 12% year-over-year at the midpoint of the range. The Company expects revenue for the third quarter of 2024 in the range of $692 million to
$697 million, representing revenue growth of approximately 11% year-over-year at the midpoint of the range.",REVENUE,Q3-2024,UNSPECIFIED,NOT_APPLICABLE,USD,692000000,697000000,694500000,450,CURRENT_CANDIDATE,CURRENT_GUIDANCE_RANGE,V3_RANGE_BOUND_NOT_SOURCE_REVIEWED,05a2883cffd601bed667830a11c0267d42ea0c0a10a97db8a0a0a4a60f3c5805,PENDING,,,
SG3X-0054,VRT,0001674101,0001628280-24-017513,2024-04-24T10:01:14.000Z,q12024exhibit991vrt042424.htm,https://www.sec.gov/Archives/edgar/data/1674101/000162828024017513/q12024exhibit991vrt042424.htm,f712724f42895008c17cda87998c851250fddba5abd507a51e7d9fa29ec7c17e,HTML_DIV,/html/body/document/type/sequence/filename/description/text/div[9],"•Raising full year 2024 guidance, expect net sales growth of 12% at the midpoint, operating profit of $1,150 to $1,200 million and adjusted operating profit of $1,325 to $1,375 million, a 28% increase at the midpoint compared to full year 2023",REVENUE,FY2024,NON_GAAP,NOT_APPLICABLE,USD,1325000000,1375000000,1350000000,160,CURRENT_CANDIDATE,CURRENT_GUIDANCE_RANGE,V3_RANGE_BOUND_NOT_SOURCE_REVIEWED,08a32b5562e505c4f8ecd95e379012a026d819b470ebf908ac5da10fff98c083,PENDING,,,
SG3X-0055,LULU,0001397187,0001397187-17-000047,2017-12-06T21:10:34.000Z,lulu-20171029xex991.htm,https://www.sec.gov/Archives/edgar/data/1397187/000139718717000047/lulu-20171029xex991.htm,adac5f638f7d1798a6f2ff27a600fec4a9a4b732bb49b60ba39d26df3cfb9204,HTML_DIV,/html/body/document/type/sequence/filename/description/text/div[23],"For the fourth quarter of fiscal 2017, we expect net revenue to be in the range of $870 million to $885 million based on a total comparable sales increase in the mid-single digits on a constant dollar basis. Diluted earnings per share are expected to be in the range of $1.18 to $1.21 for the quarter. Excluding the impact of the ivivva restructuring, we expect adjusted diluted earnings per share to be in the range of $1.19 to $1.22 for the quarter. This guidance assumes 135.6 million diluted weighted-average shares outstanding and a 30.4% tax rate. The guidance does not reflect potential future repurchases of the Company's shares.",REVENUE,Q4-2017,UNSPECIFIED,NOT_APPLICABLE,USD,870000000,885000000,877500000,83,CURRENT_CANDIDATE,CURRENT_GUIDANCE_RANGE,V3_RANGE_BOUND_NOT_SOURCE_REVIEWED,0b09b99e22107d65fffe5d65da2996c9380febe618a384074fd00ac5d656ef1c,PENDING,,,
SG3X-0056,TRMB,0000864749,0000864749-22-000012,2022-02-09T12:12:56.000Z,a2021q4-8kex991.htm,https://www.sec.gov/Archives/edgar/data/864749/000086474922000012/a2021q4-8kex991.htm,0c88a379c3bafe87aa095b6d892b69a8dd56db61d42e2c4ae02b49dfdff6ba56,HTML_DIV,/html/body/document/type/sequence/filename/description/text/div[28],"For the full year 2022, Trimble expects to report GAAP revenue between $3,950 million and $4,050 million and GAAP earnings per share of $1.80 to $1.99, and non-GAAP revenue between $3,950 million and $4,050 million and non-GAAP earnings per share of $2.75 to $2.95. GAAP guidance assumes a tax rate of 21.5 percent and non-GAAP guidance assumes a tax rate of 18.0 percent. Both GAAP and non-GAAP earnings per share assume approximately 254 million shares outstanding. A reconciliation of the non-GAAP measures to the most directly comparable GAAP measures and other information relating to these non-GAAP measures are included in the supplemental reconciliation schedule attached.",REVENUE,FY2022,GAAP,NOT_APPLICABLE,USD,3950000000,4050000000,4000000000,71,CURRENT_CANDIDATE,CURRENT_GUIDANCE_RANGE,V3_RANGE_BOUND_NOT_SOURCE_REVIEWED,1534e91916d8261931142d54f1e3f01a687f0cf9ed8e969bd2f3ede30438617a,PENDING,,,
SG3X-0057,TRMB,0000864749,0000864749-25-000105,2025-05-07T11:03:39.000Z,a2025q1-8kex991.htm,https://www.sec.gov/Archives/edgar/data/864749/000086474925000105/a2025q1-8kex991.htm,05afc53d7fe0b0efdce4ffa5a3b7731fb822918efafa092d570fa251f1f536b2,HTML_DIV,/html/body/document/type/sequence/filename/description/text/div[22],"For the second quarter of 2025, Trimble expects to report revenue between $815 million and $845 million, GAAP earnings per share of $0.26 to $0.32, and non-GAAP earnings per share of $0.59 to $0.65. GAAP guidance assumes a tax rate of 21.0 percent and non-GAAP guidance assumes a tax rate of 17.2 percent. Both GAAP and non-GAAP earnings per share assume approximately 239 million shares outstanding.",REVENUE,Q2-2025,UNSPECIFIED,NOT_APPLICABLE,USD,815000000,845000000,830000000,74,CURRENT_CANDIDATE,CURRENT_GUIDANCE_RANGE,V3_RANGE_BOUND_NOT_SOURCE_REVIEWED,16aaccabac0e4ec6df17fa72f7228a6c60facada41d548ecdb14de5a46681a80,PENDING,,,
SG3X-0058,CSGP,0001057352,0001057352-23-000108,2023-07-25T20:10:12.000Z,q22023earningspressrelease.htm,https://www.sec.gov/Archives/edgar/data/1057352/000105735223000108/q22023earningspressrelease.htm,f0f7a0a4d5ad7f03e4c60d337df7a4b93eddad107d96d8752d3565f4e4eaa2bb,HTML_DIV,/html/body/document/type/sequence/filename/description/text/div[28],"The Company expects revenue in the range of $2.45 billion to $2.46 billion for the full year of 2023, representing year-over-year growth of approximately 13% at the midpoint of the range. The revenue forecast is lower than prior guidance to reflect lower property transaction volume expectations in the second half of 2023, and the related impact on Ten-X revenue. The Company expects revenue for the third quarter of 2023 in the range of $622 million to $627 million, representing revenue growth of approximately 12% year-over-year at the midpoint of the range.",REVENUE,Q3-2023,UNSPECIFIED,NOT_APPLICABLE,USD,622000000,627000000,624500000,439,CURRENT_CANDIDATE,CURRENT_GUIDANCE_RANGE,V3_RANGE_BOUND_NOT_SOURCE_REVIEWED,17473b7d11f6262dd9293a61f62a64309172b4d90fe886193c1865d627141108,PENDING,,,
SG3X-0059,LULU,0001397187,0001397187-23-000011,2023-03-28T20:10:44.000Z,lulu-20230129xex991.htm,https://www.sec.gov/Archives/edgar/data/1397187/000139718723000011/lulu-20230129xex991.htm,d8fc5e00e4da1acb28b96748b414b2967066129e30ba2c15dcd7b3eef4b3cd1e,HTML_DIV,/html/body/document/type/sequence/filename/description/text/div[53],"For the first quarter of fiscal 2023, we expect net revenue to be in the range of $1.890 billion to $1.930 billion, representing growth of approximately 18%. Diluted earnings per share are expected to be in the range of $1.93 to $2.00 for the quarter. This guidance assumes a 30% tax rate.",REVENUE,Q1-2023,UNSPECIFIED,NOT_APPLICABLE,USD,1890000000,1930000000,1910000000,82,CURRENT_CANDIDATE,CURRENT_GUIDANCE_RANGE,V3_RANGE_BOUND_NOT_SOURCE_REVIEWED,19890a9b1a5df02911a779c7f79ec6d943ebca0ce74ea0400d9fd97229323836,PENDING,,,
SG3X-0060,CSGP,0001057352,0001057352-19-000015,2019-02-26T21:06:03.000Z,q42018earningspressrelease.htm,https://www.sec.gov/Archives/edgar/data/1057352/000105735219000015/q42018earningspressrelease.htm,4e57f901ae369e8c996d6dd7356e78e7c698ee816a3316f58a171243801cdbdb,HTML_DIV,/html/body/document/type/sequence/filename/description/text/div[38],"The Company expects revenue in the range of $1,370 billion to $1,380 billion for the full year of 2019, representing growth of 15% to 16%. We expect revenue for the first quarter of 2019 in the range of $325 million to $329 million, representing revenue growth of 19% over the first quarter of 2018 at the midpoint of the range.",REVENUE,Q1-2019,UNSPECIFIED,NOT_APPLICABLE,USD,325000000,329000000,327000000,203,CURRENT_CANDIDATE,CURRENT_GUIDANCE_RANGE,V3_RANGE_BOUND_NOT_SOURCE_REVIEWED,198b8a90cc4ffbed1dc0d6d760f63cbe6b7cf6f8f62fa919f0aae92629d50a73,PENDING,,,
SG3X-0061,CSGP,0001057352,0001057352-26-000012,2026-02-24T21:04:19.000Z,q42025earningspressrelea.htm,https://www.sec.gov/Archives/edgar/data/1057352/000105735226000012/q42025earningspressrelea.htm,6d5715be5d7c37b96b2ad5d7ab5c0869fa34df038b1582f1e1aab16532a4ee51,HTML_DIV,/html/body/document/type/sequence/filename/description/text/div/div/div[2]/div[1],"visitors1 in 2025. We now have over 31,000 agent subscribers, 76% on annual contracts, generating nearly $100 million in annual run rate revenue."" Year 2024-2025 Quarterly Results - Unaudited (in millions, except per share data) 2024 2025 Q1 Q2 Q3 Q4 Q1 Q2 Q3 Q4 Revenue $656 $678 $693 $709 $732 $781 $834 $900 Net income (loss) $7 $19 $53 $60 $(15) $6 $(31) $47 Earnings per share - diluted $0.02 $0.05 $0.13 $0.15 $(0.04) $0.01 $(0.07) $0.11 Weighted average outstanding shares - diluted 407 407 408 408 411 424 420 420 EBITDA $(13) $12 $51 $73 $(1) $29 $13 $129 Adjusted EBITDA $12 $41 $76 $112 $66 $85 $114 $177 Adjusted Net Income $42 $61 $88 $106 $63 $74 $96 $131 Adjusted EPS $0.10 $0.15 $0.22 $0.26 $0.15 $0.17 $0.23 $0.31 2026 Outlook The Company is affirming its full year guidance provided on January 7, 2026 of revenue in the range of $3.78 billion to $3.82 billion for the full year of 2026, representing year-over-year growth of approximately 17% at the midpoint of the range. The Company expects revenue for the first quarter of 2026 in the range of $890 million to $900 million, representing revenue growth of approximately 22% year-over-year at the midpoint of the range. “We are affirming the guidance from our January 7, 2026 press release for Adjusted EBITDA to range from $740 million to $800 million, a margin of 20% at the midpoint of the range. For the first quarter of 2026, we expect Adjusted EBITDA in the range of $95 million to $115 million. Our Adjusted EBITDA margins are expected to increase throughout the year based on the timing of our marketing spend and the seasonality of revenue for Domain,” said Chris Lown, CFO of CoStar Group. The Company expects full year 2026 Adjusted EPS in a range of $1.22 to $1.33 based on 416 million shares, unchanged from its prior guidance. For the first quarter of 2026, the Company expects Adjusted EPS in a range of $0.16 to $0.19 based on 419 million shares. These ranges include an estimated non-GAAP tax rate of 26% for the full year and the first quarter of 2026. In addition, in the fourth quarter of 2025, we changed the composition of our segments from geography-based to product portfolio-based. Our segments are now comprised of a Commercial segment and a Residential segment, which aligns with how we manage CoStar Group. We have recast certain prior period disclosures to align with the new presentation. The preceding forward-looking statements reflect CoStar Group’s expectations as of February 24, 2026, including forward-looking non-GAAP financial measures on a consolidated basis, based on current estimates, expectations, observations, and trends. Given the risk factors, rapidly evolving economic environment, and uncertainties and assumptions discussed in this release and in our quarterly reports on Form 10-Q and annual reports on Form 10-K, actual results may differ materially. Other than in publicly available statements, the Company does not intend to update its forward-looking statements until its next quarterly results announcement. Reconciliations of EBITDA, Adjusted EBITDA, Adjusted Net Income, and Adjusted EPS to the most directly comparable GAAP measures are shown in detail below, along with definitions for those terms. A reconciliation of 1 Based on: (1) the Homes.com Network (which includes Homes.com, the Apartments Network, and the Land Network) average monthly unique visitors (108 million) for the year ended December 31, 2025, according to Google Analytics, (2) Realtor.com’s average monthly unique users (62 million) of Realtor.com’s web and mobile sites according to internal data, for the quarter ended December 31, 2025, as reported in News Corp’s press release on February 5, 2026, (3) Zillow Group’s average monthly unique users (235 million) for the year ended December 31, 2025, as reported in Zillow Group’s Annual Report on Form 10-K dated February 11, 2026.",REVENUE,Q1-2026,UNSPECIFIED,NOT_APPLICABLE,USD,890000000,900000000,895000000,1065,CURRENT_CANDIDATE,CURRENT_GUIDANCE_RANGE,V3_RANGE_BOUND_NOT_SOURCE_REVIEWED,1ee4cf5bea4aa58123afd8d6be9f54aab24d5bb850bf92cd8aba7f18db2428a4,PENDING,,,
SG3X-0062,ILMN,0001110803,0001110803-23-000017,2023-02-07T21:07:18.000Z,a4q22earningsrelease.htm,https://www.sec.gov/Archives/edgar/data/1110803/000111080323000017/a4q22earningsrelease.htm,de258f6cf38a6906d1ff0c129bc33cf2f15ce787aab2d9eda01568f70e9ef2a6,HTML_DIV,/html/body/document/type/sequence/filename/description/text/div[91],The company expects Core Illumina revenue growth of 6% to 9% compared to fiscal year 2022. GRAIL revenue is expected to be in the range of $90 million to $110 million.,REVENUE,FY2022,UNSPECIFIED,NOT_APPLICABLE,USD,90000000,110000000,100000000,139,CURRENT_CANDIDATE,CURRENT_GUIDANCE_RANGE,V3_RANGE_BOUND_NOT_SOURCE_REVIEWED,1f0ee13b562fc2049180d1182fdb03c5896a6d369e819436f682334d9ba5670d,PENDING,,,
SG3X-0063,SMCI,0001375365,0001375365-25-000013,2025-05-06T20:07:05.000Z,exhibit991_20250506.htm,https://www.sec.gov/Archives/edgar/data/1375365/000137536525000013/exhibit991_20250506.htm,dc861e6bfa5b81f223c4b525fe2eb415bd281385c7b37ad91e75a27a4ef928fa,HTML_DIV,/html/body/document/type/sequence/filename/description/text/div[39],"For fiscal year 2025, the Company is updating its revenue guidance from a range of $23.5 billion to $25.0 billion to a new range of $21.8 billion to $22.6 billion.",REVENUE,FY2025,UNSPECIFIED,NOT_APPLICABLE,USD,23500000000,25000000000,24250000000,83,CURRENT_CANDIDATE,CURRENT_GUIDANCE_RANGE,V3_RANGE_BOUND_NOT_SOURCE_REVIEWED,1f5b1bf1f09237634622e4ca4056ed0c14fff352ce040b844080f253c3e651ce,PENDING,,,
SG3X-0064,ENPH,0001463101,0001463101-17-000051,2017-05-09T20:11:26.000Z,a2017q18-kexx991pressrelea.htm,https://www.sec.gov/Archives/edgar/data/1463101/000146310117000051/a2017q18-kexx991pressrelea.htm,b2971c0943f9d3774a02aec0eeb360d2fbac55ecbfbdd1e78d7877839886e6a3,HTML_DIV,/html/body/document/type/sequence/filename/description/text/div[16],"“We expect our revenue for the second quarter of 2017 to be within a range of $72 million to $80 million,” stated Bert Garcia. “We expect GAAP and non-GAAP gross margin for the second quarter to be within a range of 17 percent to 20 percent. Non-GAAP gross margin excludes approximately $300,000 of stock-based compensation expense. We expect our GAAP operating expense for the second quarter to be within a range of $22 million to $24 million and non-GAAP operating expense to be within a range of $17 million to $19 million, excluding an estimated $1.7 million of stock-based compensation expense and approximately $3.2 million of additional restructuring expense.”",REVENUE,Q2-2017,UNSPECIFIED,NOT_APPLICABLE,USD,72000000,80000000,76000000,78,CURRENT_CANDIDATE,CURRENT_GUIDANCE_RANGE,V3_RANGE_BOUND_NOT_SOURCE_REVIEWED,1f96224cf786363f91add6d7e0e521e97a92ba1bd31b0e73819c88fb5c658568,PENDING,,,
SG3X-0065,LULU,0001397187,0001397187-24-000023,2024-06-05T20:10:16.000Z,lulu-20240428xex991.htm,https://www.sec.gov/Archives/edgar/data/1397187/000139718724000023/lulu-20240428xex991.htm,054de4031501f350d38a4d4b4c112b3f7933a6e1fc1053935e7b08b1f5ba683c,HTML_DIV,/html/body/document/type/sequence/filename/description/text/div[36],"For the second quarter of 2024, the Company expects net revenue to be in the range of $2.400 billion to $2.420 billion, representing growth of 9% to 10%. Diluted earnings per share are expected to be in the range of $2.92 to $2.97 for the quarter. This assumes a tax rate of approximately 30%.",REVENUE,Q2-2024,UNSPECIFIED,NOT_APPLICABLE,USD,2400000000,2420000000,2410000000,86,CURRENT_CANDIDATE,CURRENT_GUIDANCE_RANGE,V3_RANGE_BOUND_NOT_SOURCE_REVIEWED,206d3a9643ad9b43d8c55528205fc64466f08d9567ce17611486beadd6c3e5ca,PENDING,,,
SG3X-0066,LULU,0001397187,0001397187-19-000010,2019-03-27T20:10:54.000Z,lulu-20190203xex991.htm,https://www.sec.gov/Archives/edgar/data/1397187/000139718719000010/lulu-20190203xex991.htm,4418ac03eeb2ae052aa2589d6f3d1d38af97f5d3316b2e2bd84f18c234717172,HTML_DIV,/html/body/document/type/sequence/filename/description/text/div[23],"For the first quarter of fiscal 2019, we expect net revenue to be in the range of $740 million to $750 million based on a total comparable sales increase in the low-double digits on a constant dollar basis. Diluted earnings per share are expected to be in the range of $0.68 to $0.70 for the quarter. This guidance assumes 132 million diluted weighted-average shares outstanding and a 28% tax rate. The guidance does not reflect potential future repurchases of the Company's shares.",REVENUE,Q1-2019,UNSPECIFIED,NOT_APPLICABLE,USD,740000000,750000000,745000000,82,CURRENT_CANDIDATE,CURRENT_GUIDANCE_RANGE,V3_RANGE_BOUND_NOT_SOURCE_REVIEWED,207cfe78de86507975292db2713cdc21ed28601f6244f744617dde3a6faa4b20,PENDING,,,
SG3X-0067,LULU,0001397187,0001397187-25-000012,2025-03-27T20:10:00.000Z,lulu-20250202xex991.htm,https://www.sec.gov/Archives/edgar/data/1397187/000139718725000012/lulu-20250202xex991.htm,9a14738187b4fe1c5196f0428b88cfd831a5a8d013b8626fb3394a7fac91117a,HTML_DIV,/html/body/document/type/sequence/filename/description/text/div[49],"For the first quarter of 2025, the Company expects net revenue to be in the range of $2.335 billion to $2.355 billion, representing growth of 6% to 7%. Diluted earnings per share are expected to be in the range of $2.53 to $2.58 for the quarter. This assumes a tax rate of approximately 30%.",REVENUE,Q1-2025,UNSPECIFIED,NOT_APPLICABLE,USD,2335000000,2355000000,2345000000,85,CURRENT_CANDIDATE,CURRENT_GUIDANCE_RANGE,V3_RANGE_BOUND_NOT_SOURCE_REVIEWED,20e5249b5f4d408e7378be5f72ef72e9f2246be1c57d89bbcbc437db34bce2cf,PENDING,,,
SG3X-0068,ILMN,0001110803,0001110803-16-000207,2016-10-11T12:41:01.000Z,pressrelease-10oct2016.htm,https://www.sec.gov/Archives/edgar/data/1110803/000111080316000207/pressrelease-10oct2016.htm,d8c0d20e83a1c64db594a3fe9c6afa7f7449b4d4230bcafeb32095c80e3bd489,HTML_DIV,/html/body/document/type/sequence/filename/description/text/div[6],"San Diego -- (BUSINESS WIRE) - October 10, 2016 - Illumina, Inc. (NASDAQ: ILMN) today announced estimated third quarter revenue of approximately $607 million, a 10% increase compared to $550 million in the third quarter of 2015. This unaudited estimate, based on management's preliminary financial analysis, is lower than the third quarter revenue guidance of $625 million to $630 million.",REVENUE,Q3-2015,UNSPECIFIED,NOT_APPLICABLE,USD,625000000,630000000,627500000,360,CURRENT_CANDIDATE,CURRENT_GUIDANCE_RANGE,V3_RANGE_BOUND_NOT_SOURCE_REVIEWED,2274f3b8e4a40eee100ae7a584119602ba0bbb25bedd834c2e3b2bc67431c749,PENDING,,,
SG3X-0069,LULU,0001397187,0001397187-19-000043,2019-06-12T20:11:32.000Z,lulu-20190505xex991.htm,https://www.sec.gov/Archives/edgar/data/1397187/000139718719000043/lulu-20190505xex991.htm,26be473a1ef55289b7842088739fa0db1f917967da6327e2f9490494c970aa62,HTML_DIV,/html/body/document/type/sequence/filename/description/text/div[14],"For the second quarter of fiscal 2019, we expect net revenue to be in the range of $825 million to $835 million based on a total comparable sales increase in the low double digits on a constant dollar basis. Diluted earnings per share are expected to be in the range of $0.86 to $0.88 for the quarter. This guidance assumes 131 million diluted weighted-average shares outstanding and a 28% tax rate. The guidance does not reflect potential future repurchases of the Company's shares.",REVENUE,Q2-2019,UNSPECIFIED,NOT_APPLICABLE,USD,825000000,835000000,830000000,83,CURRENT_CANDIDATE,CURRENT_GUIDANCE_RANGE,V3_RANGE_BOUND_NOT_SOURCE_REVIEWED,2344813b409d68736e377d80724d1fb59f046e6ea4814f24c4db24551e9c9bd7,PENDING,,,
SG3X-0070,IPGP,0001111928,0001111928-25-000067,2025-05-06T12:01:42.000Z,ipgp03312025exhibit991.htm,https://www.sec.gov/Archives/edgar/data/1111928/000111192825000067/ipgp03312025exhibit991.htm,5dcc83fd068be1cd005c5c56dee60df54e4d3bf48a62282aaabb59b25c74fc94,HTML_DIV,/html/body/document/type/sequence/filename/description/text/div[26],"For the second quarter of 2025, IPG expects revenue of $210 million to $240 million Our revenue guidance is approximately $15 million lower than it would have been due to potential shipment delays related to tariffs. These are not order cancellations and the Company expects to fulfill these orders as it optimizes production across its global footprint. The Company expects second quarter adjusted gross margin to be between 36% and 38%, including 150 to 200 basis points of impact from tariffs, and operating expenses of $86 million to $88 million. IPG anticipates delivering adjusted earnings per diluted share in the range of -$0.05 to $0.25 and adjusted EBITDA in the range of $16 million to $31 million.",REVENUE,Q2-2025,UNSPECIFIED,NOT_APPLICABLE,USD,210000000,240000000,225000000,55,CURRENT_CANDIDATE,CURRENT_GUIDANCE_RANGE,V3_RANGE_BOUND_NOT_SOURCE_REVIEWED,246a601d57e4ff741bc87bea50df90fe0255d1944b33cc7cff4a0b4a2094314d,PENDING,,,
SG3X-0071,LULU,0001397187,0001397187-16-000133,2016-12-07T21:10:51.000Z,lulu-20161030xex991.htm,https://www.sec.gov/Archives/edgar/data/1397187/000139718716000133/lulu-20161030xex991.htm,ff375fe83e576e1b40c95992c34d5ff7c388e72687e790892337c1f172f9d16b,HTML_DIV,/html/body/document/type/sequence/filename/description/text/div[15],"For the fourth quarter of fiscal 2016, we expect net revenue to be in the range of $765 million to $785 million based on total comparable sales in the mid-single digits on a constant dollar basis. Diluted earnings per share are expected to be in the range of $0.96 to $1.01 for the quarter. This guidance assumes 137.3 million diluted weighted-average shares outstanding and a 31.2% tax rate.",REVENUE,Q4-2016,UNSPECIFIED,NOT_APPLICABLE,USD,765000000,785000000,775000000,83,CURRENT_CANDIDATE,CURRENT_GUIDANCE_RANGE,V3_RANGE_BOUND_NOT_SOURCE_REVIEWED,25c7fbeac1a67b341b1aa41d42fc175cd4bc2c651c3ae6fe6ec5e2038647c069,PENDING,,,
SG3X-0072,TRMB,0000864749,0000864749-21-000047,2021-05-05T20:31:28.000Z,a2021q1-8kex991.htm,https://www.sec.gov/Archives/edgar/data/864749/000086474921000047/a2021q1-8kex991.htm,4128d10f4191a74d61590e07e386eb3ca2a2e85661dac6fe8b18e366e5ef57e9,HTML_DIV,/html/body/document/type/sequence/filename/description/text/div[21],"For the full year 2021, Trimble now expects to report GAAP revenue between $3,399.7 million and $3,499.7 million and GAAP earnings per share of $1.49 to $1.68, and non-GAAP revenue between $3,400.0 million and $3,500.0 million and non-GAAP earnings per share of $2.30 and $2.50. GAAP guidance assumes a tax rate of 18.0 to 19.0 percent and non-GAAP guidance assumes a tax rate of 17.0 to 17.5 percent. Both GAAP and non-GAAP earnings per share assume approximately 255 million shares outstanding. A reconciliation of the non-GAAP measures to the most directly comparable GAAP measures and other information relating to these non-GAAP measures are included in the supplemental reconciliation scheduled attached.",REVENUE,FY2021,GAAP,NOT_APPLICABLE,USD,3399700000,3499700000,3449700000,75,CURRENT_CANDIDATE,CURRENT_GUIDANCE_RANGE,V3_RANGE_BOUND_NOT_SOURCE_REVIEWED,2783c2038729f4a36325f235bb3ccfc49c58f2b0fd882b81d6e1d8bbd8bae319,PENDING,,,
SG3X-0073,PODD,0001145197,0001157523-16-007237,2016-11-03T20:05:52.000Z,a51452507ex99_1.htm,https://www.sec.gov/Archives/edgar/data/1145197/000115752316007237/a51452507ex99_1.htm,bc33861f845165cef21c1eaea16aafa4df964bf042258ec4c1bd5c4ea9da7365,HTML_P,/html/body/document/type/sequence/filename/description/text/p[5],"Company
 Raises Full Year 2016 Revenue Guidance to a Range of $362 to $365
 million, from $345 to $355 million; Approximately 38% Year-Over-Year
 Growth at Mid-Point",REVENUE,FY2016,UNSPECIFIED,NOT_APPLICABLE,USD,362000000,365000000,363500000,62,CURRENT_CANDIDATE,CURRENT_GUIDANCE_RANGE,V3_RANGE_BOUND_NOT_SOURCE_REVIEWED,27baeba0f4183607430f17eed3fae0067d30a1240be3d7af0bb9b8a513ee24e8,PENDING,,,
SG3X-0074,LULU,0001397187,0001397187-22-000048,2022-12-08T21:08:15.000Z,lulu-20221030xex991.htm,https://www.sec.gov/Archives/edgar/data/1397187/000139718722000048/lulu-20221030xex991.htm,7b4c30a1bbf57bdb31a6acb3ca6f5796cc413ee05d2e670829caf37cbe24b142,HTML_DIV,/html/body/document/type/sequence/filename/description/text/div[39],"For the fourth quarter of 2022, the Company expects net revenue to be in the range of $2.605 billion to $2.655 billion, representing a three-year compound annual growth rate of approximately 24%. Diluted earnings per share are expected to be in the range of $4.20 to $4.30 for the quarter.",REVENUE,Q4-2022,UNSPECIFIED,NOT_APPLICABLE,USD,2605000000,2655000000,2630000000,86,CURRENT_CANDIDATE,CURRENT_GUIDANCE_RANGE,V3_RANGE_BOUND_NOT_SOURCE_REVIEWED,284e3495643e6c4180729208a77d6baddfe7c5dd26f808551ebdcd729f2d44c9,PENDING,,,
SG3X-0075,SMCI,0001375365,0001375365-24-000028,2024-08-06T20:26:52.000Z,exhibit991_20240630.htm,https://www.sec.gov/Archives/edgar/data/1375365/000137536524000028/exhibit991_20240630.htm,8abf6019311ae8a342532eb184c637a8a3fc680c80f54176bf23468226a04336,HTML_DIV,/html/body/document/type/sequence/filename/description/text/div[37],"For the first quarter of fiscal year 2025 ending September 30, 2024, the Company expects net sales of $6.0 billion to $7.0 billion, GAAP net income per diluted share of $5.97 to $7.66 and non-GAAP net income per diluted share of $6.69 to $8.27. The Company’s projections for GAAP and non-GAAP net income per diluted share assume a tax rate of approximately 9.9% and 14.6%, respectively, and a fully diluted share count of 65 million shares for GAAP and fully diluted share count of 66 million shares for non-GAAP. The outlook for Q1 of fiscal year 2025 GAAP net income per diluted share includes approximately $48 million in expected stock-based compensation expense and other expenses, net of related tax effects of $35 million, which are excluded from non-GAAP net income per diluted share.",REVENUE,FY2025,UNSPECIFIED,NOT_APPLICABLE,USD,6000000000,7000000000,6500000000,102,CURRENT_CANDIDATE,CURRENT_GUIDANCE_RANGE,V3_RANGE_BOUND_NOT_SOURCE_REVIEWED,35291d9886715b5bf10fb242e8e38b7c01f7fe783043e88ea9b440a2da2d9c60,PENDING,,,
SG3X-0076,LULU,0001397187,0001397187-25-000038,2025-09-04T20:10:29.000Z,lulu-20250803xex991.htm,https://www.sec.gov/Archives/edgar/data/1397187/000139718725000038/lulu-20250803xex991.htm,821fc8b548ccb779009d320dbcf827238b91f1738ba2c360368a16e948f79620,HTML_DIV,/html/body/document/type/sequence/filename/description/text/div[30],"For the third quarter of 2025, the Company expects net revenue to be in the range of $2.470 billion to $2.500 billion, representing growth of 3% to 4%. Diluted earnings per share are expected to be in the range of $2.18 to $2.23 for the quarter. This assumes a tax rate of approximately 30.5%.",REVENUE,Q3-2025,UNSPECIFIED,NOT_APPLICABLE,USD,2470000000,2500000000,2485000000,85,CURRENT_CANDIDATE,CURRENT_GUIDANCE_RANGE,V3_RANGE_BOUND_NOT_SOURCE_REVIEWED,3980d75cbfdb2f100cc55cb57a045f7f285e4b56bdcf42c64c9b2bbaa4c9c520,PENDING,,,
SG3X-0077,BWA,0000908255,0000908255-20-000012,2020-02-13T11:38:20.000Z,a201912318kexhibit991p.htm,https://www.sec.gov/Archives/edgar/data/908255/000090825520000012/a201912318kexhibit991p.htm,583d3eda153e8617f14e9582127f6174def598959383a0e617f4a17fa9af3708,HTML_DIV,/html/body/document/type/sequence/filename/description/text/div/div[39],"Full Year 2020 Guidance: The company has provided 2020 full year guidance. This guidance is for BorgWarner as currently consolidated and excludes the potential impact from the acquisition of Delphi Technologies PLC, which BorgWarner announced on January 28, 2020. Net sales are expected to be in the range of $9,750 million to $10,075 million. This implies year-over-year organic sales change of down 2.5% to up 0.5%. The company expects its blended light-vehicle market to decline in the range of 2.0% to 4.0% in 2020. Global light vehicle production expectations remain volatile, particularly in China. Foreign currencies are expected to result in a year-over-year decrease in sales of $130 million, primarily due to the depreciation of the Euro, Chinese Renminbi and Korean Won against the U.S. dollar. The divestiture of the thermostat product line will decrease year-over-year sales by approximately $30 million. Operating margin is expected to be in the range of 10.0% to 11.0%. Excluding the impact of non-comparable items, adjusted operating margin is expected to be in the range of 11.6% to 12.0%. Net earnings are expected to be within a range of $3.22 to $3.75 per diluted share. Excluding the impact of non-comparable items, adjusted net earnings are expected to be within a range of $3.85 to $4.15 per diluted share. Full-year operating cash flow is expected to be approximately $1,250 million, while free cash flow is expected to be in the range of $675 million to $725 million.",REVENUE,FY2020,UNSPECIFIED,NOT_APPLICABLE,USD,9750000000,10075000000,9912500000,309,CURRENT_CANDIDATE,CURRENT_GUIDANCE_RANGE,V3_RANGE_BOUND_NOT_SOURCE_REVIEWED,3a6975264e2cbdbe5d13ad841675e3119a76a5c1bd4d2d43827ee6d1e5ab8360,PENDING,,,
SG3X-0078,PODD,0001145197,0001157523-17-002987,2017-11-02T20:08:33.000Z,a51710026ex99_1.htm,https://www.sec.gov/Archives/edgar/data/1145197/000115752317002987/a51710026ex99_1.htm,a96f3f756a4cd65a21f8bf0f7f3bbaa50611b6e76bb4b7ea4cb752751af44bbf,HTML_P,/html/body/document/type/sequence/filename/description/text/p[4],"Insulet
 Raises Full Year 2017 Revenue Guidance to a Range of $456 to $459
 million, Up from $440 to $450 Million, Representing Growth of 25% at
 Mid-Point",REVENUE,FY2017,UNSPECIFIED,NOT_APPLICABLE,USD,456000000,459000000,457500000,62,CURRENT_CANDIDATE,CURRENT_GUIDANCE_RANGE,V3_RANGE_BOUND_NOT_SOURCE_REVIEWED,3baebaab74e8d251ad12474cf3d932258530afbad10729498ead0decac23ba16,PENDING,,,
SG3X-0079,TRMB,0000864749,0000864749-25-000105,2025-05-07T11:03:39.000Z,a2025q1-8kex991.htm,https://www.sec.gov/Archives/edgar/data/864749/000086474925000105/a2025q1-8kex991.htm,05afc53d7fe0b0efdce4ffa5a3b7731fb822918efafa092d570fa251f1f536b2,HTML_DIV,/html/body/document/type/sequence/filename/description/text/div[21],"For the full-year 2025, Trimble expects to report revenue between $3,370 million and $3,470 million, GAAP earnings per share of $1.43 to $1.64, and non-GAAP earnings per share of $2.76 to $2.98. GAAP guidance assumes a tax rate of 21.0 percent and non-GAAP guidance assumes a tax rate of 17.2 percent. Both GAAP and non-GAAP earnings per share assume approximately 241 million shares outstanding.",REVENUE,FY2025,UNSPECIFIED,NOT_APPLICABLE,USD,3370000000,3470000000,3420000000,66,CURRENT_CANDIDATE,CURRENT_GUIDANCE_RANGE,V3_RANGE_BOUND_NOT_SOURCE_REVIEWED,3e82865404819b99778516ebf958540fa12e7cf8be7e6a16a3f1c4651444df57,PENDING,,,
SG3X-0080,BLDR,0001316835,0001193125-20-026187,2020-02-06T12:38:39.000Z,d882444d8k.htm,https://www.sec.gov/Archives/edgar/data/1316835/000119312520026187/d882444d8k.htm,929a61afc8e5d514a27c86db26bf0e3de600fda65c02c2d3d057b797c9110b9e,HTML_P,/html/body/div[3]/p[6],"In connection with the Offering, the Company reaffirms the following financial guidance it previously provided in conjunction with its earnings release for the third quarter of 2019. Net sales for the three-month period ended December 31, 2019 are expected to be between $1,725 million and $1,780 million, down 2 to 5 percent compared to the prior year period. Adjusted EBITDA for the three months ended December 31, 2019 is expected to be between $100 million and $110 million, down between 12 and 20 percent compared to the prior year period. For a definition of Adjusted EBITDA, an explanation of the reasons our management uses this measure and a discussion of certain of its limitations, see our Current Report on Form 8-K filed with the SEC on October 31, 2019.",REVENUE,Q3-2019,UNSPECIFIED,NOT_APPLICABLE,USD,1725000000,1780000000,1752500000,271,CURRENT_CANDIDATE,CURRENT_GUIDANCE_RANGE,V3_RANGE_BOUND_NOT_SOURCE_REVIEWED,9568b5c5daa51b74be8ce90c40bca9e187a2f0aacf3bc8741ae036d92be28619,PENDING,,,
