review_id,ticker,cik,accession_number,accepted_at,document_name,source_url,source_sha256,metric,fiscal_period,accounting_basis,metric_subtype,unit,lower_bound,upper_bound,midpoint,numeric_role,sign,source_structure,range_offset,range_role,semantic_role,table_index,row_index,column_index,row_header,header_path,source_excerpt,candidate_status,block_path,source_kind,review_priority,v10_candidate_origin,review_decision,review_reason,reviewer,reviewed_at
SG10F-0001,BDX,0000010795,0001193125-15-034351,2015-02-05T11:15:59.000Z,d862172dex991.htm,https://www.sec.gov/Archives/edgar/data/10795/000119312515034351/d862172dex991.htm,47c4c2a4e4604be5897a2741405af20c42d2fe6f22e7190a71f67672b8082f2b,EPS,FY2015,GAAP,NOT_APPLICABLE,USD_PER_SHARE,5.98,6.05,6.015,CURRENT_GUIDANCE_RANGE,AS_REPORTED,HTML_TABLE_GRID,0,CURRENT_CANDIDATE,CURRENT_GUIDANCE_RANGE,11,6,3,Reported Fully Diluted Earnings per Share | $,ReportedBasis | (~ 1.0%) | Full Year2015 | (estimated),BECTON DICKINSON AND COMPANY | SUPPLEMENTAL INFORMATION | FY2015 Outlook Reconciliation | Reported Fully Diluted Earnings per Share | | $ | 5.98 - 6.05 | | | $ | 5.99 | | | NM,V10_SIX_GRAMMAR_CORRECTED_NOT_SOURCE_REVIEWED,,,01cafc7512a741c8e731f7d1539ce17f26fc91fa6c9decef0f246730d5fc3670,PRIOR_UNREVIEWED_POOL,PENDING,,,
SG10F-0002,APH,0000820313,0001104659-14-052878,2014-07-23T15:33:06.000Z,a14-17582_1ex99d1.htm,https://www.sec.gov/Archives/edgar/data/820313/000110465914052878/a14-17582_1ex99d1.htm,217f7e76b6fcffef645bc25b7432ac2e007bd43bf286a3fc49fb61dc7f4f8ca9,EPS,Q3-2014,UNSPECIFIED,NOT_APPLICABLE,USD_PER_SHARE,1.12,1.15,1.135,CURRENT_GUIDANCE_RANGE,AS_REPORTED,NARRATIVE_CLAUSE,194,CURRENT_CANDIDATE,CURRENT_GUIDANCE_RANGE,,,,,,"“Assuming stable economic conditions and constant currency exchange rates, we expect third quarter 2014 revenues in the range of $1.320 billion to $1.350 billion and diluted EPS in the range of $1.12 to $1.15. For the year 2014, we are increasing our expectations for revenues and diluted EPS and now expect to achieve revenues in the range of $5.210 billion to $5.270 billion, an increase of 13% to 14% over 2013 and diluted EPS of $4.35 to $4.41 (excluding one-time items), an increase of 13% to 15% over 2013. While there remain uncertainties in the global economy, we believe we can perform well in the dynamic electronics marketplace due to our leading technology, increasing positions with our customers in diverse markets, worldwide presence, lean cost structure, and agile, experienced and entrepreneurial management team.”",V10_SIX_GRAMMAR_CORRECTED_NOT_SOURCE_REVIEWED,/html/body/document/type/sequence/filename/description/text/div[2]/p[8],HTML_P,0f0b74f2ac9eafa0f0dbadd2d3d529257031297925abcf006e883470ea616a54,PRIOR_UNREVIEWED_POOL,PENDING,,,
SG10F-0003,GEN,0000849399,0001157523-17-001528,2017-05-10T17:12:38.000Z,a51555340ex99_01.htm,https://www.sec.gov/Archives/edgar/data/849399/000115752317001528/a51555340ex99_01.htm,a5646d6a406aba8736d9d3f931e34bc0972dd98b44f10a1c9fec218a3f293f05,EPS,FY2018,GAAP,NOT_APPLICABLE,USD_PER_SHARE,0.03,0.13,0.08,CURRENT_GUIDANCE_RANGE,AS_REPORTED,HTML_TABLE_GRID,0,CURRENT_CANDIDATE,CURRENT_GUIDANCE_RANGE,25,38,1,GAAP diluted earnings per share range,"SYMANTEC CORPORATION | Guidance and Reconciliation of GAAP to Non-GAAP Revenue, Operating Margin and Earnings Per Share (1) | (Dollars in millions, except per share data, unaudited) | Fiscal Year 2018 | Year Ending March 30, 2018 | Range | $4,977 - $5,077 | $123 | $5,100 - $5,200 | $2,198 - $2,228 | $62 | $2,260 - $2,290 | $2,780 - $2,850 | $60 | $2,840 - $2,910 | 4% - 5% | 2% | 12% | 18% | 36% - 37%",| GAAP diluted earnings per share range | $0.03 - $0.13 | | -- | -- | --,V10_SIX_GRAMMAR_CORRECTED_NOT_SOURCE_REVIEWED,,,1024ddaa47c1447c95f93e178c091931e5438235de1ddb3ebbaa9f4f9d824773,PRIOR_UNREVIEWED_POOL,PENDING,,,
SG10F-0004,GEN,0000849399,0001157523-17-001528,2017-05-10T17:12:38.000Z,a51555340ex99_01.htm,https://www.sec.gov/Archives/edgar/data/849399/000115752317001528/a51555340ex99_01.htm,a5646d6a406aba8736d9d3f931e34bc0972dd98b44f10a1c9fec218a3f293f05,EPS,FY2018,NON_GAAP,NOT_APPLICABLE,USD_PER_SHARE,1.75,1.85,1.8,CURRENT_GUIDANCE_RANGE,AS_REPORTED,HTML_TABLE_GRID,0,CURRENT_CANDIDATE,CURRENT_GUIDANCE_RANGE,25,43,1,Non-GAAP diluted earnings per share range,"SYMANTEC CORPORATION | Guidance and Reconciliation of GAAP to Non-GAAP Revenue, Operating Margin and Earnings Per Share (1) | (Dollars in millions, except per share data, unaudited) | Fiscal Year 2018 | Year Ending March 30, 2018 | Range | $4,977 - $5,077 | $123 | $5,100 - $5,200 | $2,198 - $2,228 | $62 | $2,260 - $2,290 | $2,780 - $2,850 | $60 | $2,840 - $2,910 | 4% - 5% | 2% | 12% | 18% | 36% - 37% | $0.03 - $0.13 | $0.12 | $0.57 | $1.03",| Non-GAAP diluted earnings per share range | $1.75 - $1.85 | | -- | -- | --,V10_SIX_GRAMMAR_CORRECTED_NOT_SOURCE_REVIEWED,,,1024ddaa47c1447c95f93e178c091931e5438235de1ddb3ebbaa9f4f9d824773,PRIOR_UNREVIEWED_POOL,PENDING,,,
SG10F-0005,TEL,0001385157,0001104659-16-112658,2016-04-20T10:19:45.000Z,a16-8517_1ex99d1.htm,https://www.sec.gov/Archives/edgar/data/1385157/000110465916112658/a16-8517_1ex99d1.htm,fd1a3becfaa365e9219f36b8a3014b77c00c9a540d70f4055e5d607092170be6,EPS,Q3-2016,GAAP,NOT_APPLICABLE,USD_PER_SHARE,0.9,0.96,0.93,CURRENT_GUIDANCE_RANGE,AS_REPORTED,NARRATIVE_CLAUSE,161,CURRENT_CANDIDATE,CURRENT_GUIDANCE_RANGE,,,,,,"For the fiscal third quarter 2016, the company expects net sales of $3.0 billion to $3.2 billion and adjusted EPS of $1.00 to $1.06. GAAP EPS are expected to be $0.90 to $0.96, including acquisition related charges of $0.03, and restructuring and other charges of $0.07.",V10_SIX_GRAMMAR_CORRECTED_NOT_SOURCE_REVIEWED,/html/body/document/type/sequence/filename/description/text/div[2]/p[12],HTML_P,10c94dee831241be7cdb7da0fd19a86387dd827b284833e9f4ddf79bddd3e943,PRIOR_UNREVIEWED_POOL,PENDING,,,
SG10F-0006,MCO,0001059556,0001157523-22-000521,2022-05-02T11:15:33.000Z,a52702931ex99_1.htm,https://www.sec.gov/Archives/edgar/data/1059556/000115752322000521/a52702931ex99_1.htm,523379de16a43402e807c7fc535743b4ec3ce83fb9a3de2970525c8141b72f33,EPS,FY2022,NON_GAAP,NOT_APPLICABLE,USD_PER_SHARE,10.75,11.25,11,CURRENT_GUIDANCE_RANGE,AS_REPORTED,NARRATIVE_CLAUSE,126,CURRENT_CANDIDATE,CURRENT_GUIDANCE_RANGE,,,,,,Full year 2022 diluted EPS is projected to be $9.85 to $10.35. The Company expects full year 2022 adjusted diluted EPS1 to be $10.75 to $11.25.,V10_SIX_GRAMMAR_CORRECTED_NOT_SOURCE_REVIEWED,/html/body/document/type/sequence/filename/description/text/div/div[2]/div/div/div[2]/div[1]/p[30],HTML_P,13de64ce76bee574db2e70de881fa49b5e3eea44ca91a3162aaab7d838e7e1c2,PRIOR_UNREVIEWED_POOL,PENDING,,,
SG10F-0007,MCO,0001059556,0001157523-22-000521,2022-05-02T11:15:33.000Z,a52702931ex99_1.htm,https://www.sec.gov/Archives/edgar/data/1059556/000115752322000521/a52702931ex99_1.htm,523379de16a43402e807c7fc535743b4ec3ce83fb9a3de2970525c8141b72f33,EPS,FY2022,NON_GAAP,NOT_APPLICABLE,USD_PER_SHARE,10.75,11.25,11,CURRENT_GUIDANCE_RANGE,AS_REPORTED,NARRATIVE_CLAUSE,93,CURRENT_CANDIDATE,CURRENT_GUIDANCE_RANGE,,,,,,"FY 2022 diluted EPS and adjusted diluted EPS1 guidance ranges reduced to $9.85 to $10.35 and $10.75 to $11.25, respectively",V10_SIX_GRAMMAR_CORRECTED_NOT_SOURCE_REVIEWED,/html/body/document/type/sequence/filename/description/text/div/div[2]/div/div/div[1]/ul/b/li[4],HTML_LI,1aaf7d8dabda476d716134996fc12423bc14fcd1c5882e74ca2e798aca9629aa,PRIOR_UNREVIEWED_POOL,PENDING,,,
SG10F-0008,HUM,0000049071,0001193125-18-147566,2018-05-02T11:31:04.000Z,d573775dex992.htm,https://www.sec.gov/Archives/edgar/data/49071/000119312518147566/d573775dex992.htm,c95bdb32bd90dacef56609ef5876d92753976d8f56c6e9f6de49c1618d44c829,EPS,FY2018,GAAP,NOT_APPLICABLE,USD_PER_SHARE,13.54,13.94,13.74,CURRENT_GUIDANCE_RANGE,AS_REPORTED,HTML_TABLE_GRID,1,CURRENT_CANDIDATE,CURRENT_GUIDANCE_RANGE,130,2,5,Diluted earnings per common share (EPS) | GAAP,"Humana Inc. Full-Year 2018 Projections As of May 2, 2018","• Corporate Governance information | 17 | The company’s earnings guidance for FY18 does not include any potential impact from the previously announced pending sale of KMG, whose subsidiary, KIC, includes Humana’s closed block of non-strategic long-term care insurance policies, to CGIC, a Texas-based insurance company wholly-owned by HC2 Holdings, Inc., a diversified holding company (NYSE: HCHC). | Diluted earnings per common share (EPS) | | GAAP | | | ~$13.54 - $13.94 (was ~$13.16 - $13.66) | | | • See footnote (c) for detail of non-GAAP adjustments",V10_SIX_GRAMMAR_CORRECTED_NOT_SOURCE_REVIEWED,,,1b2b6bebb88d14364d20ab888228c9d4c2efa7369c71fd2ef2f5b5458c0fcaad,PRIOR_UNREVIEWED_POOL,PENDING,,,
SG10F-0009,HUM,0000049071,0001193125-18-147566,2018-05-02T11:31:04.000Z,d573775dex992.htm,https://www.sec.gov/Archives/edgar/data/49071/000119312518147566/d573775dex992.htm,c95bdb32bd90dacef56609ef5876d92753976d8f56c6e9f6de49c1618d44c829,EPS,FY2018,NON_GAAP,NOT_APPLICABLE,USD_PER_SHARE,13.7,14.1,13.9,CURRENT_GUIDANCE_RANGE,AS_REPORTED,HTML_TABLE_GRID,1,CURRENT_CANDIDATE,CURRENT_GUIDANCE_RANGE,130,4,5,Diluted earnings per common share (EPS) | Non-GAAP,"Humana Inc. Full-Year 2018 Projections As of May 2, 2018 | ~$13.54 - $13.94 (was ~$13.16 - $13.66) | ~$0.16 (was ~$0.34)","• Corporate Governance information | 17 | The company’s earnings guidance for FY18 does not include any potential impact from the previously announced pending sale of KMG, whose subsidiary, KIC, includes Humana’s closed block of non-strategic long-term care insurance policies, to CGIC, a Texas-based insurance company wholly-owned by HC2 Holdings, Inc., a diversified holding company (NYSE: HCHC). | Diluted earnings per common share (EPS) | | Non-GAAP | | | ~$13.70 - $14.10 (was ~$13.50 - $14.00) | | | • See footnote (c) for detail of non-GAAP adjustments",V10_SIX_GRAMMAR_CORRECTED_NOT_SOURCE_REVIEWED,,,1b2b6bebb88d14364d20ab888228c9d4c2efa7369c71fd2ef2f5b5458c0fcaad,PRIOR_UNREVIEWED_POOL,PENDING,,,
SG10F-0010,QCOM,0000804328,0001234452-14-000047,2014-01-29T21:06:48.000Z,qcom122913erex991.htm,https://www.sec.gov/Archives/edgar/data/804328/000123445214000047/qcom122913erex991.htm,90120f7a5b9105534cf381cc110de73d0d7101aec88a4e4607efeeb44b3ad5b5,EPS,FY2014,NON_GAAP,NOT_APPLICABLE,USD_PER_SHARE,5,5.2,5.1,CURRENT_GUIDANCE_RANGE,AS_REPORTED,HTML_TABLE_GRID,0,CURRENT_CANDIDATE,CURRENT_GUIDANCE_RANGE,23,6,8,Non-GAAP diluted EPS | $4.51,FISCAL YEAR | Current Guidance FY 2014 Estimates (2) | $26.0B - $27.5B | increase 5% - 11%,| | Non-GAAP diluted EPS | | $4.51 | | $4.95 - $5.15 | $4.95 - $5.15 | | $5.00 - $5.20 | $5.00 - $5.20 |,V10_SIX_GRAMMAR_CORRECTED_NOT_SOURCE_REVIEWED,,,1bd03117e39c6b8670fc2bbc03fb0f6e90a1e6574d6ca6e04e610e7b2773a9b7,PRIOR_UNREVIEWED_POOL,PENDING,,,
SG10F-0011,QCOM,0000804328,0001234452-14-000047,2014-01-29T21:06:48.000Z,qcom122913erex991.htm,https://www.sec.gov/Archives/edgar/data/804328/000123445214000047/qcom122913erex991.htm,90120f7a5b9105534cf381cc110de73d0d7101aec88a4e4607efeeb44b3ad5b5,EPS,FY2014,GAAP,NOT_APPLICABLE,USD_PER_SHARE,4.33,4.53,4.43,CURRENT_GUIDANCE_RANGE,AS_REPORTED,HTML_TABLE_GRID,0,CURRENT_CANDIDATE,CURRENT_GUIDANCE_RANGE,23,12,8,GAAP diluted EPS | $3.91,FISCAL YEAR | Current Guidance FY 2014 Estimates (2) | $26.0B - $27.5B | increase 5% - 11% | $5.00 - $5.20 | increase 11% - 15% | $0.00 | N/A,| | GAAP diluted EPS | | $3.91 | | $4.25 - $4.45 | $4.25 - $4.45 | | $4.33 - $4.53 | $4.33 - $4.53 |,V10_SIX_GRAMMAR_CORRECTED_NOT_SOURCE_REVIEWED,,,1bd03117e39c6b8670fc2bbc03fb0f6e90a1e6574d6ca6e04e610e7b2773a9b7,PRIOR_UNREVIEWED_POOL,PENDING,,,
SG10F-0012,GEN,0000849399,0001193125-14-026410,2014-01-29T16:28:54.000Z,d642116dex9901.htm,https://www.sec.gov/Archives/edgar/data/849399/000119312514026410/d642116dex9901.htm,87defc57f1fd85e999ffe1d35d0a27df7a61292cc5702319bf94490b2ebd59d7,EPS,FY2014,GAAP,NOT_APPLICABLE,USD_PER_SHARE,1.25,1.27,1.26,CURRENT_GUIDANCE_RANGE,AS_REPORTED,HTML_TABLE_GRID,0,CURRENT_CANDIDATE,CURRENT_GUIDANCE_RANGE,49,4,2,GAAP diluted earnings per share range,"Year Ended March 28, 2014 | Range","Fiscal Year 2014 | Year Ended March 28, 2014 Year-Over-Year Growth Rate Revenue Guidance Range Actual Constant Currency (1) GAAP revenue range $6,666 - $6,706 (3.5%) - (2.9%) (3.1%) - (2.6%) | Year Ended March 28, 2014 Year-Over-Year Growth Rate Operating Margin Guidance and Reconciliation Range Actual Constant Currency (1) GAAP operating margin 17.6% - 17.9% 160bps -190bps 115bps -153bps Add back: Stock-based compensation 2.3% Amortization of intangible assets, non-cash interest expense and restructuring & transition expenses 7.0% Non-GAAP operating margin 26.9% - 27.2% 140bps - 170bps 101bps - 137bps | GAAP diluted earnings per share range | | $1.25 - $1.27 | | 17.9% - 19.8%",V10_SIX_GRAMMAR_CORRECTED_NOT_SOURCE_REVIEWED,,,20013347fec3338a4bf0ae32c06dcc6d5a2eae3a18591b5b566757e0e32b40c4,PRIOR_UNREVIEWED_POOL,PENDING,,,
SG10F-0013,GEN,0000849399,0001193125-14-026410,2014-01-29T16:28:54.000Z,d642116dex9901.htm,https://www.sec.gov/Archives/edgar/data/849399/000119312514026410/d642116dex9901.htm,87defc57f1fd85e999ffe1d35d0a27df7a61292cc5702319bf94490b2ebd59d7,EPS,FY2014,NON_GAAP,NOT_APPLICABLE,USD_PER_SHARE,1.85,1.87,1.86,CURRENT_GUIDANCE_RANGE,AS_REPORTED,HTML_TABLE_GRID,0,CURRENT_CANDIDATE,CURRENT_GUIDANCE_RANGE,49,9,2,Non-GAAP diluted earnings per share range,"Year Ended March 28, 2014 | Range | $1.25 - $1.27 | $0.16 | $0.44","Fiscal Year 2014 | Year Ended March 28, 2014 Year-Over-Year Growth Rate Revenue Guidance Range Actual Constant Currency (1) GAAP revenue range $6,666 - $6,706 (3.5%) - (2.9%) (3.1%) - (2.6%) | Year Ended March 28, 2014 Year-Over-Year Growth Rate Operating Margin Guidance and Reconciliation Range Actual Constant Currency (1) GAAP operating margin 17.6% - 17.9% 160bps -190bps 115bps -153bps Add back: Stock-based compensation 2.3% Amortization of intangible assets, non-cash interest expense and restructuring & transition expenses 7.0% Non-GAAP operating margin 26.9% - 27.2% 140bps - 170bps 101bps - 137bps | Non-GAAP diluted earnings per share range | | $1.85 - $1.87 | | 5.1% - 6.3%",V10_SIX_GRAMMAR_CORRECTED_NOT_SOURCE_REVIEWED,,,20013347fec3338a4bf0ae32c06dcc6d5a2eae3a18591b5b566757e0e32b40c4,PRIOR_UNREVIEWED_POOL,PENDING,,,
SG10F-0014,APH,0000820313,0001104659-14-072928,2014-10-22T15:02:33.000Z,a14-22817_1ex99d1.htm,https://www.sec.gov/Archives/edgar/data/820313/000110465914072928/a14-22817_1ex99d1.htm,86f230e955a93a5881836aab4ad15f79c06519df94935ab7d9438df117b063dc,EPS,Q4-2014,NON_GAAP,NOT_APPLICABLE,USD_PER_SHARE,0.58,0.6,0.59,CURRENT_GUIDANCE_RANGE,AS_REPORTED,NARRATIVE_CLAUSE,346,CURRENT_CANDIDATE,CURRENT_GUIDANCE_RANGE,,,,,,"Considering these uncertainties as well as current currency exchange rates including relatively weaker overseas currencies, we expect fourth quarter 2014 sales in the range of $1.341 billion to $1.381 billion and diluted EPS in the range of $0.58 to $0.60 (excluding one-time items).",V10_SIX_GRAMMAR_CORRECTED_NOT_SOURCE_REVIEWED,/html/body/document/type/sequence/filename/description/text/div[2]/p[8],HTML_P,2323e32f32884474fb3c732c736b52307e49aca41ce0f0ded38651e0cdf1f429,PRIOR_UNREVIEWED_POOL,PENDING,,,
SG10F-0015,WST,0000105770,0000105770-18-000035,2018-10-25T13:55:48.000Z,exh991q32018earningsrelease.htm,https://www.sec.gov/Archives/edgar/data/105770/000010577018000035/exh991q32018earningsrelease.htm,20eb340515d1181b1346e2deb8ae2607e2173910e5153ab9421508d03c66f75a,EPS,FY2018,UNSPECIFIED,NOT_APPLICABLE,USD_PER_SHARE,2.71,2.86,2.785,CURRENT_GUIDANCE_RANGE,AS_REPORTED,HTML_TABLE_GRID,0,CURRENT_CANDIDATE,CURRENT_GUIDANCE_RANGE,20,3,1,Reported-diluted EPS guidance,Full-Year 2018 Guidance (2) (3),| Reported-diluted EPS guidance | $2.71 to $2.86,V10_SIX_GRAMMAR_CORRECTED_NOT_SOURCE_REVIEWED,,,26c891bde6227190de17caa4cd368d9961b828d3de0ff6fd21caf113e7e90948,PRIOR_UNREVIEWED_POOL,PENDING,,,
SG10F-0016,WST,0000105770,0000105770-18-000035,2018-10-25T13:55:48.000Z,exh991q32018earningsrelease.htm,https://www.sec.gov/Archives/edgar/data/105770/000010577018000035/exh991q32018earningsrelease.htm,20eb340515d1181b1346e2deb8ae2607e2173910e5153ab9421508d03c66f75a,EPS,FY2018,NON_GAAP,NOT_APPLICABLE,USD_PER_SHARE,2.8,2.9,2.85,CURRENT_GUIDANCE_RANGE,AS_REPORTED,HTML_TABLE_GRID,0,CURRENT_CANDIDATE,CURRENT_GUIDANCE_RANGE,20,7,1,Adjusted-diluted EPS guidance,Full-Year 2018 Guidance (2) (3) | $2.71 to $2.86 | 0.08 to 0.13 | 0.02 | (0.06),| Adjusted-diluted EPS guidance | $2.80 to $2.90,V10_SIX_GRAMMAR_CORRECTED_NOT_SOURCE_REVIEWED,,,26c891bde6227190de17caa4cd368d9961b828d3de0ff6fd21caf113e7e90948,PRIOR_UNREVIEWED_POOL,PENDING,,,
SG10F-0017,CDNS,0000813672,0000813672-23-000040,2023-07-24T20:05:55.000Z,cfocommentary07242023ex9902.htm,https://www.sec.gov/Archives/edgar/data/813672/000081367223000040/cfocommentary07242023ex9902.htm,a2d8de6986e04f79408c41134f124d1ee3b1b563f28dd3e1fda9c4e36e1094bb,EPS,FY2023,GAAP,NOT_APPLICABLE,USD_PER_SHARE,3.35,3.41,3.38,CURRENT_GUIDANCE_RANGE,AS_REPORTED,HTML_TABLE_GRID,0,CURRENT_CANDIDATE,CURRENT_GUIDANCE_RANGE,8,30,18,GAAP EPS | GAAP EPS | GAAP EPS | $ | 3.09,"Current | FY 2023E | ~85% | $4,050 - $4,090 | 14% - 15% | ~75% | 30.2% - 31.2% | 41.2% - 42.2% | $(7) - $(11) | $(13) - $(17) | ~26% | 17.5% | 272 - 274",Fiscal Year 2023 Financial Outlook | GAAP EPS | GAAP EPS | GAAP EPS | $ | 3.09 | | | | | $3.26 - $3.34 | $3.26 - $3.34 | $3.26 - $3.34 | | | | | | | $3.35 - $3.41 | $3.35 - $3.41 | $3.35 - $3.41 | | |,V10_SIX_GRAMMAR_CORRECTED_NOT_SOURCE_REVIEWED,,,2e979eb9f4f6f31fe4183928936848ca0dded404f10833fad129f47440197747,PRIOR_UNREVIEWED_POOL,PENDING,,,
SG10F-0018,CDNS,0000813672,0000813672-23-000040,2023-07-24T20:05:55.000Z,cfocommentary07242023ex9902.htm,https://www.sec.gov/Archives/edgar/data/813672/000081367223000040/cfocommentary07242023ex9902.htm,a2d8de6986e04f79408c41134f124d1ee3b1b563f28dd3e1fda9c4e36e1094bb,EPS,FY2023,NON_GAAP,NOT_APPLICABLE,USD_PER_SHARE,5.05,5.11,5.08,CURRENT_GUIDANCE_RANGE,AS_REPORTED,HTML_TABLE_GRID,0,CURRENT_CANDIDATE,CURRENT_GUIDANCE_RANGE,8,33,18,Non-GAAP EPS | Non-GAAP EPS | Non-GAAP EPS | $ | 4.27,"Current | FY 2023E | ~85% | $4,050 - $4,090 | 14% - 15% | ~75% | 30.2% - 31.2% | 41.2% - 42.2% | $(7) - $(11) | $(13) - $(17) | ~26% | 17.5% | 272 - 274 | $3.35 - $3.41 | 8% - 10%",Fiscal Year 2023 Financial Outlook | Non-GAAP EPS | Non-GAAP EPS | Non-GAAP EPS | $ | 4.27 | | | | | $4.96 - $5.04 | $4.96 - $5.04 | $4.96 - $5.04 | | | | | | | $5.05 - $5.11 | $5.05 - $5.11 | $5.05 - $5.11 | | |,V10_SIX_GRAMMAR_CORRECTED_NOT_SOURCE_REVIEWED,,,2e979eb9f4f6f31fe4183928936848ca0dded404f10833fad129f47440197747,PRIOR_UNREVIEWED_POOL,PENDING,,,
SG10F-0019,BDX,0000010795,0001193125-16-448384,2016-02-03T11:16:07.000Z,d104364dex991.htm,https://www.sec.gov/Archives/edgar/data/10795/000119312516448384/d104364dex991.htm,51a9f27aef5d9921aa90dfa81a786d4d5a9b9d286b9ee3d5385e27db44c42e8e,EPS,FY2016,UNSPECIFIED,NOT_APPLICABLE,USD_PER_SHARE,6.23,6.3,6.265,CURRENT_GUIDANCE_RANGE,AS_REPORTED,HTML_TABLE_GRID,0,CURRENT_CANDIDATE,CURRENT_GUIDANCE_RANGE,24,9,3,Reported Fully Diluted Earnings per Share | $,FY2016 Outlook | Revenues | 20.0% - 20.5% | NM | Full YearFY2016 | (estimated),BECTON DICKINSON AND COMPANY | SUPPLEMENTAL INFORMATION | FY2016 OUTLOOK RECONCILIATION | Reported Fully Diluted Earnings per Share | | $ | 6.23 - 6.30 | | | $ | 3.35 | | | | NM |,V10_SIX_GRAMMAR_CORRECTED_NOT_SOURCE_REVIEWED,,,327b3f98e6aed9106c1481591cd219a82e4af1d892d39c2cc0ad330a9d943e3e,PRIOR_UNREVIEWED_POOL,PENDING,,,
SG10F-0020,DHR,0000313616,0001193125-12-168642,2012-04-18T21:39:15.000Z,d336946dex991.htm,https://www.sec.gov/Archives/edgar/data/313616/000119312512168642/d336946dex991.htm,386cb0ebee8805af74c99e48bae98db94ffc15d07a247f2ec954b17d9475ce72,EPS,FY2012,UNSPECIFIED,NOT_APPLICABLE,USD_PER_SHARE,3.25,3.35,3.3,CURRENT_GUIDANCE_RANGE,AS_REPORTED,NARRATIVE_CLAUSE,220,CURRENT_CANDIDATE,CURRENT_GUIDANCE_RANGE,,,,,,"share for the quarter ending June 30, 2012 will be in the range of $0.76 to $0.81. The Company narrowed its full year 2012 diluted net earnings per share guidance to $3.25 to $3.35 from a previous range of $3.20 to $3.35. The second quarter and",V10_SIX_GRAMMAR_CORRECTED_NOT_SOURCE_REVIEWED,/html/body/document/type/sequence/filename/description/text/p[7],HTML_P,399998abd00ef77ac4754445892d2fcaf31a7c8132adaf61d1b91003d89a4af4,PRIOR_UNREVIEWED_POOL,PENDING,,,
SG10F-0021,DHR,0000313616,0001193125-12-306311,2012-07-18T21:37:30.000Z,d384687dex991.htm,https://www.sec.gov/Archives/edgar/data/313616/000119312512306311/d384687dex991.htm,767f20edc34408fe944d13dd38b89eafe58f976f30c8efd0d91e1a4bb52977dc,EPS,FY2012,UNSPECIFIED,NOT_APPLICABLE,USD_PER_SHARE,3.19,3.26,3.225,CURRENT_GUIDANCE_RANGE,AS_REPORTED,NARRATIVE_CLAUSE,224,CURRENT_CANDIDATE,CURRENT_GUIDANCE_RANGE,,,,,,"anticipates that diluted net earnings per share for the quarter ending September 30, 2012 will be in the range of $0.74 to $0.79. The Company updated its full year 2012 diluted net earnings per share guidance to $3.19 to $3.26 from a previous",V10_SIX_GRAMMAR_CORRECTED_NOT_SOURCE_REVIEWED,/html/body/document/type/sequence/filename/description/text/p[8],HTML_P,466ab3be7fdeced9863e7d7129a3d77e3b1d30ba619526477a56d1f2e19a99b8,PRIOR_UNREVIEWED_POOL,PENDING,,,
SG10F-0022,MCO,0001059556,0001157523-11-002298,2011-04-27T12:00:21.000Z,a6696290-ex991.htm,https://www.sec.gov/Archives/edgar/data/1059556/000115752311002298/a6696290-ex991.htm,f5efb3b704a098a6e53188b2133811913379dc1c9277544f31918717a53dc459,EPS,FY2011,UNSPECIFIED,NOT_APPLICABLE,USD_PER_SHARE,2.22,2.32,2.27,CURRENT_GUIDANCE_RANGE,AS_REPORTED,NARRATIVE_CLAUSE,44,CURRENT_CANDIDATE,CURRENT_GUIDANCE_RANGE,,,,,,FY 2011 EPS guidance to a range of $2.22 to $2.32 from previous range,V10_SIX_GRAMMAR_CORRECTED_NOT_SOURCE_REVIEWED,/html/body/document/type/sequence/filename/description/text/ul/li[3],HTML_LI,4c908cc32db2ad17166eb21708f88d2dddd00966a518a4c127292be4a3ce8044,PRIOR_UNREVIEWED_POOL,PENDING,,,
SG10F-0023,QCOM,0000804328,0001234452-15-000031,2015-02-09T21:12:58.000Z,qcom29158kex991.htm,https://www.sec.gov/Archives/edgar/data/804328/000123445215000031/qcom29158kex991.htm,8b4074899ee7583f1d0c597cc86ac1ad25d1775122355e252dec3e098a532a81,EPS,FY2015,NON_GAAP,NOT_APPLICABLE,USD_PER_SHARE,4.85,5.05,4.95,CURRENT_GUIDANCE_RANGE,AS_REPORTED,HTML_TABLE_GRID,0,CURRENT_CANDIDATE,CURRENT_GUIDANCE_RANGE,11,5,8,Non-GAAP diluted EPS | $5.27,Current Guidance FY 2015 Estimates (2) | $26.3B - $28.0B | decrease 1% - increase 6%,| | Non-GAAP diluted EPS | | $5.27 | | $4.75 - $5.05 | $4.75 - $5.05 | | $4.85 - $5.05 | $4.85 - $5.05 |,V10_SIX_GRAMMAR_CORRECTED_NOT_SOURCE_REVIEWED,,,51552255b354fa8ccaf4ea15e5f58370e3026261a59c9fcedff30947834bbb90,PRIOR_UNREVIEWED_POOL,PENDING,,,
SG10F-0024,QCOM,0000804328,0001234452-15-000031,2015-02-09T21:12:58.000Z,qcom29158kex991.htm,https://www.sec.gov/Archives/edgar/data/804328/000123445215000031/qcom29158kex991.htm,8b4074899ee7583f1d0c597cc86ac1ad25d1775122355e252dec3e098a532a81,EPS,FY2015,GAAP,NOT_APPLICABLE,USD_PER_SHARE,3.56,3.76,3.66,CURRENT_GUIDANCE_RANGE,AS_REPORTED,HTML_TABLE_GRID,0,CURRENT_CANDIDATE,CURRENT_GUIDANCE_RANGE,11,10,8,GAAP diluted EPS | $4.65,Current Guidance FY 2015 Estimates (2) | $26.3B - $28.0B | decrease 1% - increase 6% | $4.85 - $5.05 | decrease 4% - 8%,| | GAAP diluted EPS | | $4.65 | | $4.04 - $4.34 | $4.04 - $4.34 | | $3.56 - $3.76 | $3.56 - $3.76 |,V10_SIX_GRAMMAR_CORRECTED_NOT_SOURCE_REVIEWED,,,51552255b354fa8ccaf4ea15e5f58370e3026261a59c9fcedff30947834bbb90,PRIOR_UNREVIEWED_POOL,PENDING,,,
SG10F-0025,CDNS,0000813672,0000813672-25-000046,2025-04-28T20:03:44.000Z,cfocommentary4282025ex9902.htm,https://www.sec.gov/Archives/edgar/data/813672/000081367225000046/cfocommentary4282025ex9902.htm,aff54eb430bdba3ead311c1dd45558ce13ed124b839f218ba9beb50596ff1abe,EPS,FY2025,GAAP,NOT_APPLICABLE,USD_PER_SHARE,4.21,4.31,4.26,CURRENT_GUIDANCE_RANGE,AS_REPORTED,HTML_TABLE_GRID,0,CURRENT_CANDIDATE,CURRENT_GUIDANCE_RANGE,8,30,18,GAAP EPS | GAAP EPS | GAAP EPS | $ | 3.85,"Current | FY 2025E | ~80% | $5,150 - $5,230 | 11% - 13% | ~70% | 30.25% - 31.25% | 43.25% - 44.25% | $(43) - $(57) | $(40) - $(54) | ~26% | 16.5% | 273 - 275",Fiscal Year 2025 Financial Outlook | GAAP EPS | GAAP EPS | GAAP EPS | $ | 3.85 | | | | | $4.19 - $4.29 | $4.19 - $4.29 | $4.19 - $4.29 | | | | | | | $4.21 - $4.31 | $4.21 - $4.31 | $4.21 - $4.31 | | |,V10_SIX_GRAMMAR_CORRECTED_NOT_SOURCE_REVIEWED,,,526b562119b1bb0094018630083985c00a2341c1952aac52b800030b59be3976,PRIOR_UNREVIEWED_POOL,PENDING,,,
SG10F-0026,CDNS,0000813672,0000813672-25-000046,2025-04-28T20:03:44.000Z,cfocommentary4282025ex9902.htm,https://www.sec.gov/Archives/edgar/data/813672/000081367225000046/cfocommentary4282025ex9902.htm,aff54eb430bdba3ead311c1dd45558ce13ed124b839f218ba9beb50596ff1abe,EPS,FY2025,NON_GAAP,NOT_APPLICABLE,USD_PER_SHARE,6.73,6.83,6.78,CURRENT_GUIDANCE_RANGE,AS_REPORTED,HTML_TABLE_GRID,0,CURRENT_CANDIDATE,CURRENT_GUIDANCE_RANGE,8,33,18,Non-GAAP EPS | Non-GAAP EPS | Non-GAAP EPS | $ | 5.97,"Current | FY 2025E | ~80% | $5,150 - $5,230 | 11% - 13% | ~70% | 30.25% - 31.25% | 43.25% - 44.25% | $(43) - $(57) | $(40) - $(54) | ~26% | 16.5% | 273 - 275 | $4.21 - $4.31 | 9% - 12%",Fiscal Year 2025 Financial Outlook | Non-GAAP EPS | Non-GAAP EPS | Non-GAAP EPS | $ | 5.97 | | | | | $6.65 - $6.75 | $6.65 - $6.75 | $6.65 - $6.75 | | | | | | | $6.73 - $6.83 | $6.73 - $6.83 | $6.73 - $6.83 | | |,V10_SIX_GRAMMAR_CORRECTED_NOT_SOURCE_REVIEWED,,,526b562119b1bb0094018630083985c00a2341c1952aac52b800030b59be3976,PRIOR_UNREVIEWED_POOL,PENDING,,,
SG10F-0027,WST,0000105770,0000105770-15-000044,2015-10-29T12:59:45.000Z,exh991q32015earningsrelease.htm,https://www.sec.gov/Archives/edgar/data/105770/000010577015000044/exh991q32015earningsrelease.htm,6f91648ed86c054b7f8fe6dc5f39c6233970ebceaea70ed314ea89919c92a401,EPS,FY2015,NON_GAAP,NOT_APPLICABLE,USD_PER_SHARE,1.79,1.84,1.815,CURRENT_GUIDANCE_RANGE,AS_REPORTED,HTML_TABLE_GRID,0,CURRENT_CANDIDATE,CURRENT_GUIDANCE_RANGE,23,3,1,Adjusted diluted EPS guidance,Full Year 2015 Guidance(2) (3),| Adjusted diluted EPS guidance | $1.79 to $1.84,V10_SIX_GRAMMAR_CORRECTED_NOT_SOURCE_REVIEWED,,,58200f52a4382fc1cf68808ac6994f59044220108e5ff21759e8b03c6e79f516,PRIOR_UNREVIEWED_POOL,PENDING,,,
SG10F-0028,WST,0000105770,0000105770-15-000044,2015-10-29T12:59:45.000Z,exh991q32015earningsrelease.htm,https://www.sec.gov/Archives/edgar/data/105770/000010577015000044/exh991q32015earningsrelease.htm,6f91648ed86c054b7f8fe6dc5f39c6233970ebceaea70ed314ea89919c92a401,EPS,FY2015,UNSPECIFIED,NOT_APPLICABLE,USD_PER_SHARE,1.24,1.33,1.285,CURRENT_GUIDANCE_RANGE,AS_REPORTED,HTML_TABLE_GRID,0,CURRENT_CANDIDATE,CURRENT_GUIDANCE_RANGE,23,6,1,Reported diluted EPS guidance,Full Year 2015 Guidance(2) (3) | $1.79 to $1.84 | (0.09) | (0.42 to 0.46),| Reported diluted EPS guidance | $1.24 to $1.33,V10_SIX_GRAMMAR_CORRECTED_NOT_SOURCE_REVIEWED,,,58200f52a4382fc1cf68808ac6994f59044220108e5ff21759e8b03c6e79f516,PRIOR_UNREVIEWED_POOL,PENDING,,,
SG10F-0029,MCO,0001059556,0001157523-12-003901,2012-07-26T12:00:24.000Z,a50354285_ex991.htm,https://www.sec.gov/Archives/edgar/data/1059556/000115752312003901/a50354285_ex991.htm,d7b84335f946f63325ef697577d4f8aa878c4028b28827bca56f3d2bedbf858a,EPS,FY2012,UNSPECIFIED,NOT_APPLICABLE,USD_PER_SHARE,2.62,2.72,2.67,CURRENT_GUIDANCE_RANGE,AS_REPORTED,NARRATIVE_CLAUSE,43,CURRENT_CANDIDATE,CURRENT_GUIDANCE_RANGE,,,,,,FY 2012 EPS guidance range of $2.62 to $2.72; still expecting to be,V10_SIX_GRAMMAR_CORRECTED_NOT_SOURCE_REVIEWED,/html/body/document/type/sequence/filename/description/text/ul/li[3],HTML_LI,5972e03cdaa7a619c113e1775c27b844ab6962b7f83a97a707ab59ad3ac88aa1,PRIOR_UNREVIEWED_POOL,PENDING,,,
SG10F-0030,BDX,0000010795,0001193125-13-426319,2013-11-05T11:16:24.000Z,d621183dex991.htm,https://www.sec.gov/Archives/edgar/data/10795/000119312513426319/d621183dex991.htm,01729495e44bd7d739d4e6288dcc54a295573e4be5671c3d9f802d88fa38a019,EPS,FY2014,GAAP,NOT_APPLICABLE,USD_PER_SHARE,6.16,6.22,6.19,CURRENT_GUIDANCE_RANGE,AS_REPORTED,HTML_TABLE_GRID,0,CURRENT_CANDIDATE,CURRENT_GUIDANCE_RANGE,18,7,3,Reported Fully Diluted Earnings per Share from Continuing Operations | $,ReportedBasis | 4.0% - 5.0% | Full Year2014 | (estimated),BECTON DICKINSON AND COMPANY | SUPPLEMENTAL INFORMATION | FY2014 Outlook Reconciliation | Reported Fully Diluted Earnings per Share from Continuing Operations | | $ | 6.16 - 6.22 | | | $ | 4.67 | | | NM,V10_SIX_GRAMMAR_CORRECTED_NOT_SOURCE_REVIEWED,,,5b370f2f365a847d005ae18f905284f98d880bbfc21f113898bd3f0e027a7132,PRIOR_UNREVIEWED_POOL,PENDING,,,
SG10F-0031,QCOM,0000804328,0001234452-14-000318,2014-11-05T21:07:42.000Z,qcom92814erex991.htm,https://www.sec.gov/Archives/edgar/data/804328/000123445214000318/qcom92814erex991.htm,0956547b7a4b2ab45e092c4cc88dbc90c799adc428a433732963bc93cd725947,EPS,FY2015,NON_GAAP,NOT_APPLICABLE,USD_PER_SHARE,5.05,5.35,5.2,CURRENT_GUIDANCE_RANGE,AS_REPORTED,HTML_TABLE_GRID,0,CURRENT_CANDIDATE,CURRENT_GUIDANCE_RANGE,41,13,5,Non-GAAP diluted EPS | $5.27,FISCAL YEAR | Current Guidance FY 2015 Estimates (2) | $26.8B - $28.8B | increase 1% - 9% | $9.2B - $10.0B | increase 3% - 12% | $0.0B | ($1.1B) | ($0.3B) | $7.8B - $8.6B | increase 3% - 14%,| | Non-GAAP diluted EPS | | $5.27 | | $5.05 - $5.35 | $5.05 - $5.35 |,V10_SIX_GRAMMAR_CORRECTED_NOT_SOURCE_REVIEWED,,,60b6451d60328a25cfb19d1fd92bcdbc54ed4eec00882c6f35633279af8e1a22,PRIOR_UNREVIEWED_POOL,PENDING,,,
SG10F-0032,QCOM,0000804328,0001234452-14-000318,2014-11-05T21:07:42.000Z,qcom92814erex991.htm,https://www.sec.gov/Archives/edgar/data/804328/000123445214000318/qcom92814erex991.htm,0956547b7a4b2ab45e092c4cc88dbc90c799adc428a433732963bc93cd725947,EPS,FY2015,GAAP,NOT_APPLICABLE,USD_PER_SHARE,4.33,4.63,4.48,CURRENT_GUIDANCE_RANGE,AS_REPORTED,HTML_TABLE_GRID,0,CURRENT_CANDIDATE,CURRENT_GUIDANCE_RANGE,41,19,5,GAAP diluted EPS | $4.65,FISCAL YEAR | Current Guidance FY 2015 Estimates (2) | $26.8B - $28.8B | increase 1% - 9% | $9.2B - $10.0B | increase 3% - 12% | $0.0B | ($1.1B) | ($0.3B) | $7.8B - $8.6B | increase 3% - 14% | $5.05 - $5.35 | decrease 4% - increase 2% | N/A,| | GAAP diluted EPS | | $4.65 | | $4.33 - $4.63 | $4.33 - $4.63 |,V10_SIX_GRAMMAR_CORRECTED_NOT_SOURCE_REVIEWED,,,60b6451d60328a25cfb19d1fd92bcdbc54ed4eec00882c6f35633279af8e1a22,PRIOR_UNREVIEWED_POOL,PENDING,,,
SG10F-0033,TT,0001466258,0001193125-11-028279,2011-02-09T13:54:11.000Z,dex991.htm,https://www.sec.gov/Archives/edgar/data/1466258/000119312511028279/dex991.htm,5cd2dcca213a7b0131200d435cbcb783d2ac178df97ac7a1d9c6150eaf207ba4,EPS,Q4-2010,UNSPECIFIED,NOT_APPLICABLE,USD_PER_SHARE,0.25,0.35,0.3,CURRENT_GUIDANCE_RANGE,AS_REPORTED,NARRATIVE_CLAUSE,496,CURRENT_CANDIDATE,CURRENT_GUIDANCE_RANGE,,,,,,fourth quarter of 2010. EPS from continuing operations for the first quarter are expected to be in the range of $0.25 to $0.35. The first-quarter forecast also reflects a tax rate of 24 percent for continuing operations and an average diluted share,V10_SIX_GRAMMAR_CORRECTED_NOT_SOURCE_REVIEWED,/html/body/document/type/sequence/filename/description/text/p[68],HTML_P,61576309e5851559c9721f1093d3db9bfc5b01080e2360e09bffdf516dab0229,PRIOR_UNREVIEWED_POOL,PENDING,,,
SG10F-0034,QCOM,0000804328,0001234452-13-000291,2013-07-24T20:03:34.000Z,qcom63013erex991.htm,https://www.sec.gov/Archives/edgar/data/804328/000123445213000291/qcom63013erex991.htm,f133789f64f49f8e53394de89fdae542a5210d616912ff66a33e8288c6dd04b5,EPS,FY2013,NON_GAAP,NOT_APPLICABLE,USD_PER_SHARE,4.48,4.56,4.52,CURRENT_GUIDANCE_RANGE,AS_REPORTED,HTML_TABLE_GRID,0,CURRENT_CANDIDATE,CURRENT_GUIDANCE_RANGE,19,6,8,Non-GAAP Diluted earnings per share (EPS) | $3.71,FISCAL YEAR | Current Guidance FY 2013 Estimates (3) | $24.3B - $25.0B | increase 27% - 31%,| | Non-GAAP Diluted earnings per share (EPS) | | $3.71 | | $4.40 - $4.55 | $4.40 - $4.55 | | $4.48 - $4.56 | $4.48 - $4.56 |,V10_SIX_GRAMMAR_CORRECTED_NOT_SOURCE_REVIEWED,,,6610cad45abdc1b89b9aed68da388d3f08a14c8ddcbf1a93ae21464d3403b0b4,PRIOR_UNREVIEWED_POOL,PENDING,,,
SG10F-0035,QCOM,0000804328,0001234452-13-000291,2013-07-24T20:03:34.000Z,qcom63013erex991.htm,https://www.sec.gov/Archives/edgar/data/804328/000123445213000291/qcom63013erex991.htm,f133789f64f49f8e53394de89fdae542a5210d616912ff66a33e8288c6dd04b5,EPS,FY2013,GAAP,NOT_APPLICABLE,USD_PER_SHARE,3.9,3.98,3.94,CURRENT_GUIDANCE_RANGE,AS_REPORTED,HTML_TABLE_GRID,0,CURRENT_CANDIDATE,CURRENT_GUIDANCE_RANGE,19,12,8,GAAP Diluted EPS | $3.51,FISCAL YEAR | Current Guidance FY 2013 Estimates (3) | $24.3B - $25.0B | increase 27% - 31% | $4.48 - $4.56 | increase 21% - 23%,| | GAAP Diluted EPS | | $3.51 | | $3.78 - $3.93 | $3.78 - $3.93 | | $3.90 - $3.98 | $3.90 - $3.98 |,V10_SIX_GRAMMAR_CORRECTED_NOT_SOURCE_REVIEWED,,,6610cad45abdc1b89b9aed68da388d3f08a14c8ddcbf1a93ae21464d3403b0b4,PRIOR_UNREVIEWED_POOL,PENDING,,,
SG10F-0036,APH,0000820313,0001104659-16-112800,2016-04-20T14:59:26.000Z,a16-8367_2ex99d1.htm,https://www.sec.gov/Archives/edgar/data/820313/000110465916112800/a16-8367_2ex99d1.htm,d9119727f6745d033f99c5ddc022b553328ee1e99d1f4c80d0fac41c014067d7,EPS,Q2-2016,NON_GAAP,NOT_APPLICABLE,USD_PER_SHARE,0.62,0.64,0.63,CURRENT_GUIDANCE_RANGE,AS_REPORTED,NARRATIVE_CLAUSE,331,CURRENT_CANDIDATE,CURRENT_GUIDANCE_RANGE,,,,,,"We expect second quarter 2016 diluted EPS in the range of $0.62 to $0.64, an increase over 2015 of 7% to 10% (excluding one-time items).",V10_SIX_GRAMMAR_CORRECTED_NOT_SOURCE_REVIEWED,/html/body/document/type/sequence/filename/description/text/div[3]/p[2],HTML_P,662fac52e2c02d0a236c1a1924127bc2ad4654551e1899857a9ff64708eb1e9a,PRIOR_UNREVIEWED_POOL,PENDING,,,
SG10F-0037,CDNS,0000813672,0000813672-24-000150,2024-07-22T20:04:10.000Z,cfocommentary07222024ex9902.htm,https://www.sec.gov/Archives/edgar/data/813672/000081367224000150/cfocommentary07222024ex9902.htm,a18e4065b75d7e0c101c12eccbc44333c0368ecb30c7197f82b58d7d1c1a5aee,EPS,FY2024,GAAP,NOT_APPLICABLE,USD_PER_SHARE,3.82,4.02,3.92,CURRENT_GUIDANCE_RANGE,AS_REPORTED,HTML_TABLE_GRID,0,CURRENT_CANDIDATE,CURRENT_GUIDANCE_RANGE,8,30,18,GAAP EPS | GAAP EPS | GAAP EPS | $ | 3.82,"Current | FY 2024E | 80% - 85% | $4,600 - $4,660 | 12% - 14% | ~70% | 29.7% - 31.3% | 41.7% - 43.3% | $42 - $56 | $(31) - $(45) | ~25% | 16.5% | 273.5 - 275.5",Fiscal Year 2024 Financial Outlook | GAAP EPS | GAAP EPS | GAAP EPS | $ | 3.82 | | | | | $4.04 - $4.14 | $4.04 - $4.14 | $4.04 - $4.14 | | | | | | | $3.82 - $4.02 | $3.82 - $4.02 | $3.82 - $4.02 | | |,V10_SIX_GRAMMAR_CORRECTED_NOT_SOURCE_REVIEWED,,,6d847fce354d2a6e0f3ac013247201997c28f3d3176d1f372d1b3d1b5363a8ff,PRIOR_UNREVIEWED_POOL,PENDING,,,
SG10F-0038,CDNS,0000813672,0000813672-24-000150,2024-07-22T20:04:10.000Z,cfocommentary07222024ex9902.htm,https://www.sec.gov/Archives/edgar/data/813672/000081367224000150/cfocommentary07222024ex9902.htm,a18e4065b75d7e0c101c12eccbc44333c0368ecb30c7197f82b58d7d1c1a5aee,EPS,FY2024,NON_GAAP,NOT_APPLICABLE,USD_PER_SHARE,5.77,5.97,5.87,CURRENT_GUIDANCE_RANGE,AS_REPORTED,HTML_TABLE_GRID,0,CURRENT_CANDIDATE,CURRENT_GUIDANCE_RANGE,8,33,18,Non-GAAP EPS | Non-GAAP EPS | Non-GAAP EPS | $ | 5.15,"Current | FY 2024E | 80% - 85% | $4,600 - $4,660 | 12% - 14% | ~70% | 29.7% - 31.3% | 41.7% - 43.3% | $42 - $56 | $(31) - $(45) | ~25% | 16.5% | 273.5 - 275.5 | $3.82 - $4.02 | 0% - 5%",Fiscal Year 2024 Financial Outlook | Non-GAAP EPS | Non-GAAP EPS | Non-GAAP EPS | $ | 5.15 | | | | | $5.88 - $5.98 | $5.88 - $5.98 | $5.88 - $5.98 | | | | | | | $5.77 - $5.97 | $5.77 - $5.97 | $5.77 - $5.97 | | |,V10_SIX_GRAMMAR_CORRECTED_NOT_SOURCE_REVIEWED,,,6d847fce354d2a6e0f3ac013247201997c28f3d3176d1f372d1b3d1b5363a8ff,PRIOR_UNREVIEWED_POOL,PENDING,,,
SG10F-0039,CCL,0000815097,0001193125-14-246353,2014-06-24T13:26:36.000Z,d744623dex991.htm,https://www.sec.gov/Archives/edgar/data/815097/000119312514246353/d744623dex991.htm,32145e10e63255cfd804b458200632bb52cd6d4395798e3a800642929a21fa3c,EPS,FY2014,NON_GAAP,NOT_APPLICABLE,USD_PER_SHARE,1.6,1.75,1.675,CURRENT_GUIDANCE_RANGE,AS_REPORTED,NARRATIVE_CLAUSE,157,CURRENT_CANDIDATE,CURRENT_GUIDANCE_RANGE,,,,,,"its full year 2014 non-GAAP diluted earnings per share guidance to be in the range of $1.60 to $1.75, compared to 2013 non-GAAP diluted earnings of $1.58 per share.",V10_SIX_GRAMMAR_CORRECTED_NOT_SOURCE_REVIEWED,/html/body/document/type/sequence/filename/description/text/p[17],HTML_P,783bbe75cc8046c442e22c398bfadc0cc803fdfe5e707e473243cb2fe1fcdae2,PRIOR_UNREVIEWED_POOL,PENDING,,,
SG10F-0040,CDNS,0000813672,0000813672-25-000108,2025-07-28T20:03:12.000Z,cfocommentary7282025ex9902.htm,https://www.sec.gov/Archives/edgar/data/813672/000081367225000108/cfocommentary7282025ex9902.htm,19798f71b8a40e72cfe9984d5ad9121a97557f89b4a92ce3c17b9040b5e7d501,EPS,FY2025,GAAP,NOT_APPLICABLE,USD_PER_SHARE,3.97,4.07,4.02,CURRENT_GUIDANCE_RANGE,AS_REPORTED,HTML_TABLE_GRID,0,CURRENT_CANDIDATE,CURRENT_GUIDANCE_RANGE,8,30,18,GAAP EPS | GAAP EPS | GAAP EPS | $ | 3.85,"Current | FY 2025E | ~80% | $5,210 - $5,270 | 12% - 14% | ~70% | 28.5% - 29.5% | 43.5% - 44.5% | $(9) - $11 | $(52) - $(32) | ~28% | 16.5% | 273 - 275",Fiscal Year 2025 Financial Outlook | GAAP EPS | GAAP EPS | GAAP EPS | $ | 3.85 | | | | | $4.21 - $4.31 | $4.21 - $4.31 | $4.21 - $4.31 | | | | | | | $3.97 - $4.07 | $3.97 - $4.07 | $3.97 - $4.07 | | |,V10_SIX_GRAMMAR_CORRECTED_NOT_SOURCE_REVIEWED,,,7c6ef110bf911eff28af8a385636d3054997f43aaaf7a2c378e93da81f0ec44d,PRIOR_UNREVIEWED_POOL,PENDING,,,
SG10F-0041,CDNS,0000813672,0000813672-25-000108,2025-07-28T20:03:12.000Z,cfocommentary7282025ex9902.htm,https://www.sec.gov/Archives/edgar/data/813672/000081367225000108/cfocommentary7282025ex9902.htm,19798f71b8a40e72cfe9984d5ad9121a97557f89b4a92ce3c17b9040b5e7d501,EPS,FY2025,NON_GAAP,NOT_APPLICABLE,USD_PER_SHARE,6.85,6.95,6.9,CURRENT_GUIDANCE_RANGE,AS_REPORTED,HTML_TABLE_GRID,0,CURRENT_CANDIDATE,CURRENT_GUIDANCE_RANGE,8,33,18,Non-GAAP EPS | Non-GAAP EPS | Non-GAAP EPS | $ | 5.97,"Current | FY 2025E | ~80% | $5,210 - $5,270 | 12% - 14% | ~70% | 28.5% - 29.5% | 43.5% - 44.5% | $(9) - $11 | $(52) - $(32) | ~28% | 16.5% | 273 - 275 | $3.97 - $4.07 | 3% - 6%",Fiscal Year 2025 Financial Outlook | Non-GAAP EPS | Non-GAAP EPS | Non-GAAP EPS | $ | 5.97 | | | | | $6.73 - $6.83 | $6.73 - $6.83 | $6.73 - $6.83 | | | | | | | $6.85 - $6.95 | $6.85 - $6.95 | $6.85 - $6.95 | | |,V10_SIX_GRAMMAR_CORRECTED_NOT_SOURCE_REVIEWED,,,7c6ef110bf911eff28af8a385636d3054997f43aaaf7a2c378e93da81f0ec44d,PRIOR_UNREVIEWED_POOL,PENDING,,,
SG10F-0042,APH,0000820313,0001558370-20-008288,2020-07-22T14:35:44.000Z,aph-20200722xex99d1.htm,https://www.sec.gov/Archives/edgar/data/820313/000155837020008288/aph-20200722xex99d1.htm,bdadac9ded8f2e41e2c11fff86e9ca930444fd32e842d858e459f7288c1b51b8,EPS,Q3-2020,NON_GAAP,NOT_APPLICABLE,USD_PER_SHARE,0.84,0.86,0.85,CURRENT_GUIDANCE_RANGE,AS_REPORTED,NARRATIVE_CLAUSE,574,CURRENT_CANDIDATE,CURRENT_GUIDANCE_RANGE,,,,,,"However, considering the current demand environment and assuming no new material disruptions from the pandemic as well as constant exchange rates, for the third quarter 2020, we expect sales to be in the range of $1.960 billion to $2.000 billion and Adjusted Diluted EPS in the range of $0.84 to $0.86.”",V10_SIX_GRAMMAR_CORRECTED_NOT_SOURCE_REVIEWED,/html/body/document/type/sequence/filename/description/text/div[3]/div/p[3],HTML_P,7e9347198913822ca86c7f7dadf6c3f4334d9870e6d9e5a0eb1b9e669fcd0bb0,PRIOR_UNREVIEWED_POOL,PENDING,,,
SG10F-0043,QCOM,0000804328,0001193125-12-457398,2012-11-07T21:06:10.000Z,d434412dex991.htm,https://www.sec.gov/Archives/edgar/data/804328/000119312512457398/d434412dex991.htm,6633671869e2e2aeeb319fb7ea570d1a87d26cad689bb09892f85c199b343e50,EPS,Q1-2013,NON_GAAP,NOT_APPLICABLE,USD_PER_SHARE,4.12,4.32,4.22,CURRENT_GUIDANCE_RANGE,AS_REPORTED,HTML_TABLE_GRID,0,CURRENT_CANDIDATE,CURRENT_GUIDANCE_RANGE,42,30,6,Non-GAAP Diluted EPS | $3.71,Current Guidance Q1 FY13 Estimates | $5.6B - $6.1B | increase 20% -30% | $1.08 - $1.16 | increase 11% -20% | ($0.01) | ($0.13) | ($0.04) | N/A | $0.90 - $0.98 | increase 11% -21% | 168M - 178M | increase 8% - 14% | approx. $46.0B - $51.0B* | increase 11% - 23% | Current Guidance FY 2013 Estimates | $23.0B - $24.0B | increase 20% - 26% | $8.1B - $8.6B | increase 14% - 21% | ($0.05B) | ($1.15B) | ($0.30B) | $6.6B - $7.1B | increase 16% - 25%,The following table summarizes GAAP and Non-GAAP guidance based on the current business outlook. The Non-GAAP business outlook presented below is consistent with the presentation of Non-GAAP results included elsewhere herein. | Qualcomm Announces Fourth Quarter and Fiscal 2012 Results Page 7 of 19 | Qualcomm’s Business Outlook Summary | | | Non-GAAP Diluted EPS | | $3.71 | | $4.12 - $4.32,V10_SIX_GRAMMAR_CORRECTED_NOT_SOURCE_REVIEWED,,,80176acea32a9092314d3fef3bded71cc06dd92dfdbe9be7d396e68effd5381a,PRIOR_UNREVIEWED_POOL,PENDING,,,
SG10F-0044,QCOM,0000804328,0001193125-12-457398,2012-11-07T21:06:10.000Z,d434412dex991.htm,https://www.sec.gov/Archives/edgar/data/804328/000119312512457398/d434412dex991.htm,6633671869e2e2aeeb319fb7ea570d1a87d26cad689bb09892f85c199b343e50,EPS,Q1-2013,GAAP,NOT_APPLICABLE,USD_PER_SHARE,3.4,3.6,3.5,CURRENT_GUIDANCE_RANGE,AS_REPORTED,HTML_TABLE_GRID,0,CURRENT_CANDIDATE,CURRENT_GUIDANCE_RANGE,42,36,6,GAAP Diluted EPS | $3.51,Current Guidance Q1 FY13 Estimates | $5.6B - $6.1B | increase 20% -30% | $1.08 - $1.16 | increase 11% -20% | ($0.01) | ($0.13) | ($0.04) | N/A | $0.90 - $0.98 | increase 11% -21% | 168M - 178M | increase 8% - 14% | approx. $46.0B - $51.0B* | increase 11% - 23% | Current Guidance FY 2013 Estimates | $23.0B - $24.0B | increase 20% - 26% | $8.1B - $8.6B | increase 14% - 21% | ($0.05B) | ($1.15B) | ($0.30B) | $6.6B - $7.1B | increase 16% - 25% | $4.12 - $4.32 | increase 11% - 16% | ($0.53) | ($0.15),The following table summarizes GAAP and Non-GAAP guidance based on the current business outlook. The Non-GAAP business outlook presented below is consistent with the presentation of Non-GAAP results included elsewhere herein. | Qualcomm Announces Fourth Quarter and Fiscal 2012 Results Page 7 of 19 | Qualcomm’s Business Outlook Summary | | | GAAP Diluted EPS | | $3.51 | | $3.40 - $3.60,V10_SIX_GRAMMAR_CORRECTED_NOT_SOURCE_REVIEWED,,,80176acea32a9092314d3fef3bded71cc06dd92dfdbe9be7d396e68effd5381a,PRIOR_UNREVIEWED_POOL,PENDING,,,
SG10F-0045,QCOM,0000804328,0001234452-14-000236,2014-07-23T20:06:18.000Z,qcom062914erex991.htm,https://www.sec.gov/Archives/edgar/data/804328/000123445214000236/qcom062914erex991.htm,e455e968c2d185754c347ac23f174e0c7ef6fc7effc0a866bc6040a9dd24cf38,EPS,FY2014,NON_GAAP,NOT_APPLICABLE,USD_PER_SHARE,5.21,5.36,5.285,CURRENT_GUIDANCE_RANGE,AS_REPORTED,HTML_TABLE_GRID,0,CURRENT_CANDIDATE,CURRENT_GUIDANCE_RANGE,23,6,8,Non-GAAP diluted EPS | $4.51,FISCAL YEAR | Current Guidance FY 2014 Estimates | $26.3B - $27.2B | increase 6% - 9%,| | Non-GAAP diluted EPS | | $4.51 | | $5.05 - $5.25 | $5.05 - $5.25 | | $5.21 - $5.36 | $5.21 - $5.36 |,V10_SIX_GRAMMAR_CORRECTED_NOT_SOURCE_REVIEWED,,,813ef4f403a391f116129a615459b59c680ae02375ad0f57170a4c423b194a0c,PRIOR_UNREVIEWED_POOL,PENDING,,,
SG10F-0046,QCOM,0000804328,0001234452-14-000236,2014-07-23T20:06:18.000Z,qcom062914erex991.htm,https://www.sec.gov/Archives/edgar/data/804328/000123445214000236/qcom062914erex991.htm,e455e968c2d185754c347ac23f174e0c7ef6fc7effc0a866bc6040a9dd24cf38,EPS,FY2014,GAAP,NOT_APPLICABLE,USD_PER_SHARE,4.57,4.72,4.645,CURRENT_GUIDANCE_RANGE,AS_REPORTED,HTML_TABLE_GRID,0,CURRENT_CANDIDATE,CURRENT_GUIDANCE_RANGE,23,12,8,GAAP diluted EPS | $3.91,FISCAL YEAR | Current Guidance FY 2014 Estimates | $26.3B - $27.2B | increase 6% - 9% | $5.21 - $5.36 | increase 16% - 19%,| | GAAP diluted EPS | | $3.91 | | $4.37 - $4.57 | $4.37 - $4.57 | | $4.57 - $4.72 | $4.57 - $4.72 |,V10_SIX_GRAMMAR_CORRECTED_NOT_SOURCE_REVIEWED,,,813ef4f403a391f116129a615459b59c680ae02375ad0f57170a4c423b194a0c,PRIOR_UNREVIEWED_POOL,PENDING,,,
SG10F-0047,CDNS,0000813672,0000813672-26-000044,2026-04-27T20:03:41.000Z,cfocommentary04272026ex9902.htm,https://www.sec.gov/Archives/edgar/data/813672/000081367226000044/cfocommentary04272026ex9902.htm,ff517810547bf265888593ed6d1f053caf7a6a2574251a9ff66aed1ccb2fe230,EPS,FY2026,GAAP,NOT_APPLICABLE,USD_PER_SHARE,4.39,4.49,4.44,CURRENT_GUIDANCE_RANGE,AS_REPORTED,HTML_TABLE_GRID,0,CURRENT_CANDIDATE,CURRENT_GUIDANCE_RANGE,8,30,18,GAAP EPS | GAAP EPS | GAAP EPS | $ | 4.06,"Current | FY 2026E | ~80% | $6,125 - $6,225 | 16% - 18% | ~66% | 27.5% - 28.5% | 43.5% - 44.5% | $(101) - $(81) | $(115) - $(95) | ~26% | 16.5% | 275 - 277",Fiscal Year 2026 Financial Outlook | GAAP EPS | GAAP EPS | GAAP EPS | $ | 4.06 | | | | | $4.95 - $5.05 | $4.95 - $5.05 | $4.95 - $5.05 | | | | | | | $4.39 - $4.49 | $4.39 - $4.49 | $4.39 - $4.49 | | |,V10_SIX_GRAMMAR_CORRECTED_NOT_SOURCE_REVIEWED,,,858a8a3e09a5a6965eee1437ce02fad21cefa0eade0f3bd26a97149d25d975ec,PRIOR_UNREVIEWED_POOL,PENDING,,,
SG10F-0048,CDNS,0000813672,0000813672-26-000044,2026-04-27T20:03:41.000Z,cfocommentary04272026ex9902.htm,https://www.sec.gov/Archives/edgar/data/813672/000081367226000044/cfocommentary04272026ex9902.htm,ff517810547bf265888593ed6d1f053caf7a6a2574251a9ff66aed1ccb2fe230,EPS,FY2026,NON_GAAP,NOT_APPLICABLE,USD_PER_SHARE,7.85,7.95,7.9,CURRENT_GUIDANCE_RANGE,AS_REPORTED,HTML_TABLE_GRID,0,CURRENT_CANDIDATE,CURRENT_GUIDANCE_RANGE,8,33,18,Non-GAAP EPS | Non-GAAP EPS | Non-GAAP EPS | $ | 7.14,"Current | FY 2026E | ~80% | $6,125 - $6,225 | 16% - 18% | ~66% | 27.5% - 28.5% | 43.5% - 44.5% | $(101) - $(81) | $(115) - $(95) | ~26% | 16.5% | 275 - 277 | $4.39 - $4.49 | 8% - 11%",Fiscal Year 2026 Financial Outlook | Non-GAAP EPS | Non-GAAP EPS | Non-GAAP EPS | $ | 7.14 | | | | | $8.05 - $8.15 | $8.05 - $8.15 | $8.05 - $8.15 | | | | | | | $7.85 - $7.95 | $7.85 - $7.95 | $7.85 - $7.95 | | |,V10_SIX_GRAMMAR_CORRECTED_NOT_SOURCE_REVIEWED,,,858a8a3e09a5a6965eee1437ce02fad21cefa0eade0f3bd26a97149d25d975ec,PRIOR_UNREVIEWED_POOL,PENDING,,,
SG10F-0049,QCOM,0000804328,0001234452-14-000152,2014-04-23T20:06:31.000Z,qcom033014erex991.htm,https://www.sec.gov/Archives/edgar/data/804328/000123445214000152/qcom033014erex991.htm,b3aba62862b9dc05a7cd0babe5be1c665418978cacaa677b8727696cab6083e5,EPS,FY2014,GAAP,NOT_APPLICABLE,USD_PER_SHARE,4.37,4.57,4.47,CURRENT_GUIDANCE_RANGE,AS_REPORTED,HTML_TABLE_GRID,0,CURRENT_CANDIDATE,CURRENT_GUIDANCE_RANGE,21,12,8,GAAP diluted EPS | $3.91,FISCAL YEAR | Current Guidance FY 2014 Estimates (1) (3) | $26.0B - $27.5B | increase 5% - 11% | $5.05 - $5.25 | increase 12% - 16% | N/A,| | GAAP diluted EPS | | $3.91 | | $4.33 - $4.53 | $4.33 - $4.53 | | $4.37 - $4.57 | $4.37 - $4.57 |,V10_SIX_GRAMMAR_CORRECTED_NOT_SOURCE_REVIEWED,,,88d33d48f3f9d6b554f588ea40cdf61e15f610e60aa8ef23b6c8643d79652377,PRIOR_UNREVIEWED_POOL,PENDING,,,
SG10F-0050,CVS,0000064803,0000947871-23-000994,2023-10-16T10:45:19.000Z,ss2584510_8k.htm,https://www.sec.gov/Archives/edgar/data/64803/000094787123000994/ss2584510_8k.htm,c006e7508b1f49a0cfb47bb01cf550f57b12d1a5463234572fc4f9876f43f144,EPS,FY2023,NON_GAAP,NOT_APPLICABLE,USD_PER_SHARE,8.5,8.7,8.6,CURRENT_GUIDANCE_RANGE,AS_REPORTED,NARRATIVE_CLAUSE,232,CURRENT_CANDIDATE,CURRENT_GUIDANCE_RANGE,,,,,,$6.75 and its full year 2023 Adjusted EPS guidance range of $8.50 to $8.70.,V10_SIX_GRAMMAR_CORRECTED_NOT_SOURCE_REVIEWED,/html/body/p[42],HTML_P,917a6ef5e160c5afe95d71e404d03db56b9044cac9d001813ce4687f60743c7f,PRIOR_UNREVIEWED_POOL,PENDING,,,
SG10F-0051,EIX,0000827052,0000827052-24-000034,2024-04-30T20:08:35.000Z,eix-20240430xex99d2.htm,https://www.sec.gov/Archives/edgar/data/827052/000082705224000034/eix-20240430xex99d2.htm,2fd62d0237b15f471ba7743ff9f13aea22d33951e9f4f4ea2bb69848b287c4af,EPS,FY2024,NON_GAAP,NOT_APPLICABLE,USD_PER_SHARE,4.7,5.05,4.875,CURRENT_GUIDANCE_RANGE,AS_REPORTED,NARRATIVE_CLAUSE,169,CURRENT_CANDIDATE,CURRENT_GUIDANCE_RANGE,,,,,,"Edison International’s core EPS for first quarter 2024 was $1.13. We are pleased with our start to the year and are confident in affirming our 2024 core EPS guidance of $4.70 to $5.05. We also remain confident in delivering on our long-term EPS growth targets of 5 to 7% for 2021 through 2025, and 2025 through 2028. Our conviction remains grounded in the drivers that continue to support our outlook.",V10_SIX_GRAMMAR_CORRECTED_NOT_SOURCE_REVIEWED,/html/body/document/type/sequence/filename/description/text/div[2]/div[2]/p[6],HTML_P,bf27d9ab60628dd113c063d82963f1a000246b2a2fcaa40dcbb82ef8f3bc7e34,PRIOR_UNREVIEWED_POOL,PENDING,,,
SG10F-0052,CDNS,0000813672,0000813672-22-000053,2022-10-24T20:05:48.000Z,cfocommentary10242022ex9902.htm,https://www.sec.gov/Archives/edgar/data/813672/000081367222000053/cfocommentary10242022ex9902.htm,a012251c9344e3c1c19640ffa3067885c1e8d6b6b420ba6e1f621cbcb03d53eb,MARGIN,FY2022,GAAP,NOT_APPLICABLE,PERCENT,29.7,30.7,30.2,CURRENT_GUIDANCE_RANGE,AS_REPORTED,HTML_TABLE_GRID,0,CURRENT_CANDIDATE,CURRENT_GUIDANCE_RANGE,8,16,18,GAAP Operating Margin | GAAP Operating Margin | GAAP Operating Margin | 26.1% | 26.1% | 26.1%,"Current | FY 2022E | ~85% | $3,532 - $3,552 | 18% - 19% | ~70%",Fiscal Year 2022 Financial Outlook | GAAP Operating Margin | GAAP Operating Margin | GAAP Operating Margin | 26.1% | 26.1% | 26.1% | | | | 29.25% - 30.25% | 29.25% - 30.25% | 29.25% - 30.25% | | | | | | | 29.7% - 30.7% | 29.7% - 30.7% | 29.7% - 30.7% | | |,V10_SIX_GRAMMAR_CORRECTED_NOT_SOURCE_REVIEWED,,,18e679468edb4bc2937eb2ea45d49b34a66d2f2765beee6a99803d294a22b8f3,PRIOR_UNREVIEWED_POOL,PENDING,,,
SG10F-0053,CDNS,0000813672,0000813672-22-000053,2022-10-24T20:05:48.000Z,cfocommentary10242022ex9902.htm,https://www.sec.gov/Archives/edgar/data/813672/000081367222000053/cfocommentary10242022ex9902.htm,a012251c9344e3c1c19640ffa3067885c1e8d6b6b420ba6e1f621cbcb03d53eb,MARGIN,FY2022,NON_GAAP,NOT_APPLICABLE,PERCENT,39.7,40.7,40.2,CURRENT_GUIDANCE_RANGE,AS_REPORTED,HTML_TABLE_GRID,0,CURRENT_CANDIDATE,CURRENT_GUIDANCE_RANGE,8,18,18,Non-GAAP Operating Margin | Non-GAAP Operating Margin | Non-GAAP Operating Margin | 37.2% | 37.2% | 37.2%,"Current | FY 2022E | ~85% | $3,532 - $3,552 | 18% - 19% | ~70% | 29.7% - 30.7%",Fiscal Year 2022 Financial Outlook | Non-GAAP Operating Margin | Non-GAAP Operating Margin | Non-GAAP Operating Margin | 37.2% | 37.2% | 37.2% | | | | 39.25% - 40.25% | 39.25% - 40.25% | 39.25% - 40.25% | | | | | | | 39.7% - 40.7% | 39.7% - 40.7% | 39.7% - 40.7% | | |,V10_SIX_GRAMMAR_CORRECTED_NOT_SOURCE_REVIEWED,,,18e679468edb4bc2937eb2ea45d49b34a66d2f2765beee6a99803d294a22b8f3,PRIOR_UNREVIEWED_POOL,PENDING,,,
SG10F-0054,GEN,0000849399,0001157523-17-001528,2017-05-10T17:12:38.000Z,a51555340ex99_01.htm,https://www.sec.gov/Archives/edgar/data/849399/000115752317001528/a51555340ex99_01.htm,a5646d6a406aba8736d9d3f931e34bc0972dd98b44f10a1c9fec218a3f293f05,MARGIN,FY2018,GAAP,NOT_APPLICABLE,PERCENT,4,5,4.5,CURRENT_GUIDANCE_RANGE,AS_REPORTED,HTML_TABLE_GRID,0,CURRENT_CANDIDATE,CURRENT_GUIDANCE_RANGE,25,28,1,GAAP operating margin,"SYMANTEC CORPORATION | Guidance and Reconciliation of GAAP to Non-GAAP Revenue, Operating Margin and Earnings Per Share (1) | (Dollars in millions, except per share data, unaudited) | Fiscal Year 2018 | Year Ending March 30, 2018 | Range | $4,977 - $5,077 | $123 | $5,100 - $5,200 | $2,198 - $2,228 | $62 | $2,260 - $2,290 | $2,780 - $2,850 | $60 | $2,840 - $2,910",| GAAP operating margin | 4% - 5% | | -- | -- | --,V10_SIX_GRAMMAR_CORRECTED_NOT_SOURCE_REVIEWED,,,1b68d274197779335d7f9f8939eaefa83d2281284a4016311c2eb522ce29b7a2,PRIOR_UNREVIEWED_POOL,PENDING,,,
SG10F-0055,GEN,0000849399,0001157523-17-001528,2017-05-10T17:12:38.000Z,a51555340ex99_01.htm,https://www.sec.gov/Archives/edgar/data/849399/000115752317001528/a51555340ex99_01.htm,a5646d6a406aba8736d9d3f931e34bc0972dd98b44f10a1c9fec218a3f293f05,MARGIN,FY2018,NON_GAAP,NOT_APPLICABLE,PERCENT,36,37,36.5,CURRENT_GUIDANCE_RANGE,AS_REPORTED,HTML_TABLE_GRID,0,CURRENT_CANDIDATE,CURRENT_GUIDANCE_RANGE,25,33,1,Non-GAAP operating margin,"SYMANTEC CORPORATION | Guidance and Reconciliation of GAAP to Non-GAAP Revenue, Operating Margin and Earnings Per Share (1) | (Dollars in millions, except per share data, unaudited) | Fiscal Year 2018 | Year Ending March 30, 2018 | Range | $4,977 - $5,077 | $123 | $5,100 - $5,200 | $2,198 - $2,228 | $62 | $2,260 - $2,290 | $2,780 - $2,850 | $60 | $2,840 - $2,910 | 4% - 5% | 2% | 12% | 18%",| Non-GAAP operating margin | 36% - 37% | | -- | -- | --,V10_SIX_GRAMMAR_CORRECTED_NOT_SOURCE_REVIEWED,,,1b68d274197779335d7f9f8939eaefa83d2281284a4016311c2eb522ce29b7a2,PRIOR_UNREVIEWED_POOL,PENDING,,,
SG10F-0056,HST,0001070750,0000950170-23-017303,2023-05-03T21:24:21.000Z,hst-ex99_1.htm,https://www.sec.gov/Archives/edgar/data/1070750/000095017023017303/hst-ex99_1.htm,65ed446acdfb3114b9f950ff88d89f47c8cdc1c82d2d9156db3649aae59bb66f,MARGIN,FY2023,UNSPECIFIED,NOT_APPLICABLE,PERCENT,29.8,30.5,30.15,CURRENT_GUIDANCE_RANGE,AS_REPORTED,HTML_TABLE_GRID,0,CURRENT_CANDIDATE,CURRENT_GUIDANCE_RANGE,7,6,1,Comparable hotel EBITDA margin,"Current Full Year 2023 Guidance | $343 to $352 | $211 to $216 | $5,266 to $5,405 | 14.4% to 15.5%","HOST HOTELS & RESORTS, INC. NEWS RELEASE May 3, 2023 | the forecast does not include any expected gains from business interruption proceeds related to Hurricane Ian at this time, as timing of any recognition is uncertain. | The Company anticipates its 2023 operating results as compared to 2022 will be in the following range: | Comparable hotel EBITDA margin | 29.8% to 30.5% | | (200) bps to (130) bps | | (360) bps to (210) bps | | 120 bps",V10_SIX_GRAMMAR_CORRECTED_NOT_SOURCE_REVIEWED,,,2d6f32832136063156129b594c9580bae0c883f9a2763c97692e54bfdefbee2c,PRIOR_UNREVIEWED_POOL,PENDING,,,
SG10F-0057,GEN,0000849399,0001193125-14-026410,2014-01-29T16:28:54.000Z,d642116dex9901.htm,https://www.sec.gov/Archives/edgar/data/849399/000119312514026410/d642116dex9901.htm,87defc57f1fd85e999ffe1d35d0a27df7a61292cc5702319bf94490b2ebd59d7,MARGIN,FY2014,GAAP,NOT_APPLICABLE,PERCENT,17.6,17.9,17.75,CURRENT_GUIDANCE_RANGE,AS_REPORTED,HTML_TABLE_GRID,0,CURRENT_CANDIDATE,CURRENT_GUIDANCE_RANGE,48,4,2,GAAP operating margin,"Year Ended March 28, 2014 | Range","We include certain non-GAAP measures in the tracking and forecasting of our earnings and management of our business. For a detailed explanation of these non-GAAP measures, please see our Explanation of non-GAAP Measures and Other Items in Appendix A. | Fiscal Year 2014 | Year Ended March 28, 2014 Year-Over-Year Growth Rate Revenue Guidance Range Actual Constant Currency (1) GAAP revenue range $6,666 - $6,706 (3.5%) - (2.9%) (3.1%) - (2.6%) | GAAP operating margin | | 17.6% - 17.9% | | 160bps -190bps | | 115bps -153bps",V10_SIX_GRAMMAR_CORRECTED_NOT_SOURCE_REVIEWED,,,327ae0a61e0b81f572a0eb85bfd2a1cb0be6e1e52f1e48dd65f7c7d41c643fe0,PRIOR_UNREVIEWED_POOL,PENDING,,,
SG10F-0058,GEN,0000849399,0001193125-14-026410,2014-01-29T16:28:54.000Z,d642116dex9901.htm,https://www.sec.gov/Archives/edgar/data/849399/000119312514026410/d642116dex9901.htm,87defc57f1fd85e999ffe1d35d0a27df7a61292cc5702319bf94490b2ebd59d7,MARGIN,FY2014,NON_GAAP,NOT_APPLICABLE,PERCENT,26.9,27.2,27.05,CURRENT_GUIDANCE_RANGE,AS_REPORTED,HTML_TABLE_GRID,0,CURRENT_CANDIDATE,CURRENT_GUIDANCE_RANGE,48,9,2,Non-GAAP operating margin,"Year Ended March 28, 2014 | Range | 17.6% - 17.9% | 2.3% | 7.0%","We include certain non-GAAP measures in the tracking and forecasting of our earnings and management of our business. For a detailed explanation of these non-GAAP measures, please see our Explanation of non-GAAP Measures and Other Items in Appendix A. | Fiscal Year 2014 | Year Ended March 28, 2014 Year-Over-Year Growth Rate Revenue Guidance Range Actual Constant Currency (1) GAAP revenue range $6,666 - $6,706 (3.5%) - (2.9%) (3.1%) - (2.6%) | Non-GAAP operating margin | | 26.9% - 27.2% | | 140bps - 170bps | | 101bps - 137bps",V10_SIX_GRAMMAR_CORRECTED_NOT_SOURCE_REVIEWED,,,327ae0a61e0b81f572a0eb85bfd2a1cb0be6e1e52f1e48dd65f7c7d41c643fe0,PRIOR_UNREVIEWED_POOL,PENDING,,,
SG10F-0059,CDNS,0000813672,0000813672-22-000021,2022-04-25T20:05:56.000Z,cfocommentary04252022ex9902.htm,https://www.sec.gov/Archives/edgar/data/813672/000081367222000021/cfocommentary04252022ex9902.htm,176979a44cbdda8b82512ced08659625eda9d254a91daaa564b345d0a1aa69ac,MARGIN,FY2022,GAAP,NOT_APPLICABLE,PERCENT,28.5,30,29.25,CURRENT_GUIDANCE_RANGE,AS_REPORTED,HTML_TABLE_GRID,0,CURRENT_CANDIDATE,CURRENT_GUIDANCE_RANGE,8,16,18,GAAP Operating Margin | GAAP Operating Margin | GAAP Operating Margin | 26.1% | 26.1% | 26.1%,"Current | FY 2022E | 85% - 90% | $3,395 - $3,435 | 14% - 15% | ~75%",Fiscal Year 2022 Financial Outlook | GAAP Operating Margin | GAAP Operating Margin | GAAP Operating Margin | 26.1% | 26.1% | 26.1% | | | | 27.5% - 29% | 27.5% - 29% | 27.5% - 29% | | | | | | | 28.5% - 30% | 28.5% - 30% | 28.5% - 30% | | |,V10_SIX_GRAMMAR_CORRECTED_NOT_SOURCE_REVIEWED,,,3da5cc5d79f40533d0d1fcdbf6c3c789f9edaec73d6f5d23f24886f125ba73c6,PRIOR_UNREVIEWED_POOL,PENDING,,,
SG10F-0060,CDNS,0000813672,0000813672-22-000021,2022-04-25T20:05:56.000Z,cfocommentary04252022ex9902.htm,https://www.sec.gov/Archives/edgar/data/813672/000081367222000021/cfocommentary04252022ex9902.htm,176979a44cbdda8b82512ced08659625eda9d254a91daaa564b345d0a1aa69ac,MARGIN,FY2022,NON_GAAP,NOT_APPLICABLE,PERCENT,38.5,40,39.25,CURRENT_GUIDANCE_RANGE,AS_REPORTED,HTML_TABLE_GRID,0,CURRENT_CANDIDATE,CURRENT_GUIDANCE_RANGE,8,18,18,Non-GAAP Operating Margin | Non-GAAP Operating Margin | Non-GAAP Operating Margin | 37.2% | 37.2% | 37.2%,"Current | FY 2022E | 85% - 90% | $3,395 - $3,435 | 14% - 15% | ~75% | 28.5% - 30%",Fiscal Year 2022 Financial Outlook | Non-GAAP Operating Margin | Non-GAAP Operating Margin | Non-GAAP Operating Margin | 37.2% | 37.2% | 37.2% | | | | 37.5% - 39% | 37.5% - 39% | 37.5% - 39% | | | | | | | 38.5% - 40% | 38.5% - 40% | 38.5% - 40% | | |,V10_SIX_GRAMMAR_CORRECTED_NOT_SOURCE_REVIEWED,,,3da5cc5d79f40533d0d1fcdbf6c3c789f9edaec73d6f5d23f24886f125ba73c6,PRIOR_UNREVIEWED_POOL,PENDING,,,
SG10F-0061,CDNS,0000813672,0000813672-26-000044,2026-04-27T20:03:41.000Z,cfocommentary04272026ex9902.htm,https://www.sec.gov/Archives/edgar/data/813672/000081367226000044/cfocommentary04272026ex9902.htm,ff517810547bf265888593ed6d1f053caf7a6a2574251a9ff66aed1ccb2fe230,MARGIN,FY2026,GAAP,NOT_APPLICABLE,PERCENT,27.5,28.5,28,CURRENT_GUIDANCE_RANGE,AS_REPORTED,HTML_TABLE_GRID,0,CURRENT_CANDIDATE,CURRENT_GUIDANCE_RANGE,8,16,18,GAAP Operating Margin | GAAP Operating Margin | GAAP Operating Margin | 28.2% | 28.2% | 28.2%,"Current | FY 2026E | ~80% | $6,125 - $6,225 | 16% - 18% | ~66%",Fiscal Year 2026 Financial Outlook | GAAP Operating Margin | GAAP Operating Margin | GAAP Operating Margin | 28.2% | 28.2% | 28.2% | | | | 31.75% - 32.75% | 31.75% - 32.75% | 31.75% - 32.75% | | | | | | | 27.5% - 28.5% | 27.5% - 28.5% | 27.5% - 28.5% | | |,V10_SIX_GRAMMAR_CORRECTED_NOT_SOURCE_REVIEWED,,,4601f6aa52925460e3d462b2d615834312c08a0e708fc766cc9f9d9d021f34bf,PRIOR_UNREVIEWED_POOL,PENDING,,,
SG10F-0062,CDNS,0000813672,0000813672-26-000044,2026-04-27T20:03:41.000Z,cfocommentary04272026ex9902.htm,https://www.sec.gov/Archives/edgar/data/813672/000081367226000044/cfocommentary04272026ex9902.htm,ff517810547bf265888593ed6d1f053caf7a6a2574251a9ff66aed1ccb2fe230,MARGIN,FY2026,NON_GAAP,NOT_APPLICABLE,PERCENT,43.5,44.5,44,CURRENT_GUIDANCE_RANGE,AS_REPORTED,HTML_TABLE_GRID,0,CURRENT_CANDIDATE,CURRENT_GUIDANCE_RANGE,8,18,18,Non-GAAP Operating Margin | Non-GAAP Operating Margin | Non-GAAP Operating Margin | 44.6% | 44.6% | 44.6%,"Current | FY 2026E | ~80% | $6,125 - $6,225 | 16% - 18% | ~66% | 27.5% - 28.5%",Fiscal Year 2026 Financial Outlook | Non-GAAP Operating Margin | Non-GAAP Operating Margin | Non-GAAP Operating Margin | 44.6% | 44.6% | 44.6% | | | | 44.75% - 45.75% | 44.75% - 45.75% | 44.75% - 45.75% | | | | | | | 43.5% - 44.5% | 43.5% - 44.5% | 43.5% - 44.5% | | |,V10_SIX_GRAMMAR_CORRECTED_NOT_SOURCE_REVIEWED,,,4601f6aa52925460e3d462b2d615834312c08a0e708fc766cc9f9d9d021f34bf,PRIOR_UNREVIEWED_POOL,PENDING,,,
SG10F-0063,HST,0001070750,0001070750-24-000163,2024-07-31T20:43:49.000Z,hst-ex991.htm,https://www.sec.gov/Archives/edgar/data/1070750/000107075024000163/hst-ex991.htm,ef8a53ad0eece3eb37dec38011d94f2a048ff94ce988db8b89697147eea217a6,MARGIN,FY2024,UNSPECIFIED,NOT_APPLICABLE,PERCENT,29.1,29.6,29.35,CURRENT_GUIDANCE_RANGE,AS_REPORTED,HTML_TABLE_GRID,0,CURRENT_CANDIDATE,CURRENT_GUIDANCE_RANGE,12,6,3,Comparable hotel EBITDA margin | Comparable hotel EBITDA margin | Comparable hotel EBITDA margin,"Current Full Year 2024 Guidance | $344 to $351 | $208 to $213 | $5,619 to $5,725 | 15.3% to 16.0%",| Comparable hotel EBITDA margin | Comparable hotel EBITDA margin | Comparable hotel EBITDA margin | 29.1% to 29.6% | 29.1% to 29.6% | 29.1% to 29.6% | | | | (110) bps to (60) bps | (110) bps to (60) bps | (110) bps to (60) bps | | | | (80) bps to (30) bps | (80) bps to (30) bps | (80) bps to (30) bps | | | | (30) bps | (30) bps | (30) bps,V10_SIX_GRAMMAR_CORRECTED_NOT_SOURCE_REVIEWED,,,5e753c4b44daec712224d627546b6bbd817a5aefb08f8fd9e06fb0c47f739bcd,PRIOR_UNREVIEWED_POOL,PENDING,,,
SG10F-0064,CDNS,0000813672,0000813672-23-000040,2023-07-24T20:05:55.000Z,cfocommentary07242023ex9902.htm,https://www.sec.gov/Archives/edgar/data/813672/000081367223000040/cfocommentary07242023ex9902.htm,a2d8de6986e04f79408c41134f124d1ee3b1b563f28dd3e1fda9c4e36e1094bb,MARGIN,FY2023,GAAP,NOT_APPLICABLE,PERCENT,30.2,31.2,30.7,CURRENT_GUIDANCE_RANGE,AS_REPORTED,HTML_TABLE_GRID,0,CURRENT_CANDIDATE,CURRENT_GUIDANCE_RANGE,8,16,18,GAAP Operating Margin | GAAP Operating Margin | GAAP Operating Margin | 30.1% | 30.1% | 30.1%,"Current | FY 2023E | ~85% | $4,050 - $4,090 | 14% - 15% | ~75%",Fiscal Year 2023 Financial Outlook | GAAP Operating Margin | GAAP Operating Margin | GAAP Operating Margin | 30.1% | 30.1% | 30.1% | | | | 30% - 31% | 30% - 31% | 30% - 31% | | | | | | | 30.2% - 31.2% | 30.2% - 31.2% | 30.2% - 31.2% | | |,V10_SIX_GRAMMAR_CORRECTED_NOT_SOURCE_REVIEWED,,,766b0509e903d66175a0141ecbf2bd5682e31385b09579e5a44ea7163e692e24,PRIOR_UNREVIEWED_POOL,PENDING,,,
SG10F-0065,CDNS,0000813672,0000813672-23-000040,2023-07-24T20:05:55.000Z,cfocommentary07242023ex9902.htm,https://www.sec.gov/Archives/edgar/data/813672/000081367223000040/cfocommentary07242023ex9902.htm,a2d8de6986e04f79408c41134f124d1ee3b1b563f28dd3e1fda9c4e36e1094bb,MARGIN,FY2023,NON_GAAP,NOT_APPLICABLE,PERCENT,41.2,42.2,41.7,CURRENT_GUIDANCE_RANGE,AS_REPORTED,HTML_TABLE_GRID,0,CURRENT_CANDIDATE,CURRENT_GUIDANCE_RANGE,8,18,18,Non-GAAP Operating Margin | Non-GAAP Operating Margin | Non-GAAP Operating Margin | 40.3% | 40.3% | 40.3%,"Current | FY 2023E | ~85% | $4,050 - $4,090 | 14% - 15% | ~75% | 30.2% - 31.2%",Fiscal Year 2023 Financial Outlook | Non-GAAP Operating Margin | Non-GAAP Operating Margin | Non-GAAP Operating Margin | 40.3% | 40.3% | 40.3% | | | | 41% - 42% | 41% - 42% | 41% - 42% | | | | | | | 41.2% - 42.2% | 41.2% - 42.2% | 41.2% - 42.2% | | |,V10_SIX_GRAMMAR_CORRECTED_NOT_SOURCE_REVIEWED,,,766b0509e903d66175a0141ecbf2bd5682e31385b09579e5a44ea7163e692e24,PRIOR_UNREVIEWED_POOL,PENDING,,,
SG10F-0066,NOVT,0001076930,0001564590-18-011472,2018-05-08T11:30:20.000Z,novt-ex991_20.htm,https://www.sec.gov/Archives/edgar/data/1076930/000156459018011472/novt-ex991_20.htm,b1b370cf714eb096f330b8cc975ea515c63098506cb2d6e9bccfeec096f4edd3,REVENUE,FY2018,GAAP,NOT_APPLICABLE,USD,590000000,605000000,597500000,CURRENT_GUIDANCE_RANGE,AS_REPORTED,NARRATIVE_CLAUSE,74,CURRENT_CANDIDATE,CURRENT_GUIDANCE_RANGE,,,,,,"For the full year 2018, the Company expects GAAP revenue of approximately $590 million to $605 million, Adjusted EBITDA in the range of $119 million to $125 million, and Adjusted Diluted EPS to be in the range of $1.93 to $2.02. The Company’s Adjusted Diluted EPS assumes no significant changes in foreign exchange rates.",V10_SIX_GRAMMAR_CORRECTED_NOT_SOURCE_REVIEWED,/html/body/document/type/sequence/filename/description/text/p[33],HTML_P,04829f0b784040ae8cd8730d5ebef02bbeedcdf7d1d9871f4848990469eaf117,FINAL_EXPANSION,PENDING,,,
SG10F-0067,NOVT,0001076930,0001564590-21-026295,2021-05-11T11:57:25.000Z,novt-ex991_16.htm,https://www.sec.gov/Archives/edgar/data/1076930/000156459021026295/novt-ex991_16.htm,5fc98a4dcff7fa40a5578a90f3ff1893eeb53a7d80d096bfbd678f67a38a6fef,REVENUE,Q2-2021,GAAP,NOT_APPLICABLE,USD,162000000,165000000,163500000,CURRENT_GUIDANCE_RANGE,AS_REPORTED,NARRATIVE_CLAUSE,82,CURRENT_CANDIDATE,CURRENT_GUIDANCE_RANGE,,,,,,"For the second quarter of 2021, the Company expects GAAP revenue of approximately $162 million to $165 million.",V10_SIX_GRAMMAR_CORRECTED_NOT_SOURCE_REVIEWED,/html/body/document/type/sequence/filename/description/text/p[34],HTML_P,181c354b0648e3144fc15443a6d26f2b6751d7878e86f666f061c6de60669c55,FINAL_EXPANSION,PENDING,,,
SG10F-0068,NOVT,0001076930,0000950170-23-039378,2023-08-08T12:00:34.000Z,novt-ex99_1.htm,https://www.sec.gov/Archives/edgar/data/1076930/000095017023039378/novt-ex99_1.htm,d04986f8c433e7432c4efd515d7774760ce5669e8570304d95a231e2fc045d1a,REVENUE,Q3-2023,GAAP,NOT_APPLICABLE,USD,221000000,224000000,222500000,CURRENT_GUIDANCE_RANGE,AS_REPORTED,NARRATIVE_CLAUSE,81,CURRENT_CANDIDATE,CURRENT_GUIDANCE_RANGE,,,,,,"For the third quarter of 2023, the Company expects GAAP revenue of approximately $221 million to $224 million.",V10_SIX_GRAMMAR_CORRECTED_NOT_SOURCE_REVIEWED,/html/body/document/type/sequence/filename/description/text/p[36],HTML_P,283bbd835cec931e794186d912a8538c445ccfd45e11e8c3444eeaf18ec460dd,FINAL_EXPANSION,PENDING,,,
SG10F-0069,NOVT,0001076930,0001564590-19-016198,2019-05-07T11:30:21.000Z,novt-ex991_29.htm,https://www.sec.gov/Archives/edgar/data/1076930/000156459019016198/novt-ex991_29.htm,4aeff1f81a8b19120b634be866a4c44aa0791da47cb5d500e50c9880ca5ae516,REVENUE,Q2-2019,GAAP,NOT_APPLICABLE,USD,153000000,155000000,154000000,CURRENT_GUIDANCE_RANGE,AS_REPORTED,NARRATIVE_CLAUSE,82,CURRENT_CANDIDATE,CURRENT_GUIDANCE_RANGE,,,,,,"For the second quarter of 2019, the Company expects GAAP revenue of approximately $153 million to $155 million, Adjusted EBITDA in the range of $29.5 million to $30.5 million, and Adjusted Diluted EPS to be in the range of $0.53 to $0.55. The Company’s Adjusted Diluted EPS and Adjusted EBITDA guidance assumes no significant changes in foreign exchange rates.",V10_SIX_GRAMMAR_CORRECTED_NOT_SOURCE_REVIEWED,/html/body/document/type/sequence/filename/description/text/p[31],HTML_P,2d31a57dfdf315977bb102e8303446d737f2014d35de9f0d63e842204fb6d8b4,FINAL_EXPANSION,PENDING,,,
SG10F-0070,NOVT,0001076930,0001193125-26-216984,2026-05-11T20:45:18.000Z,novt-ex99_1.htm,https://www.sec.gov/Archives/edgar/data/1076930/000119312526216984/novt-ex99_1.htm,7e745fb45391406ab27b3a25f8324ac3c00f55f1eafdfe6a911ef5fca94b8008,REVENUE,FY2026,GAAP,NOT_APPLICABLE,USD,1040000000,1055000000,1047500000,CURRENT_GUIDANCE_RANGE,AS_REPORTED,NARRATIVE_CLAUSE,79,CURRENT_CANDIDATE,CURRENT_GUIDANCE_RANGE,,,,,,"For the full year 2026, the Company expects GAAP revenue to be in the range of $1,040 million to $1,055 million.",V10_SIX_GRAMMAR_CORRECTED_NOT_SOURCE_REVIEWED,/html/body/document/type/sequence/filename/description/text/div[5]/p[13],HTML_P,367b0efe708dae860544b4fc02bf92fee95a89e4fc697706ee404625092d2d81,FINAL_EXPANSION,PENDING,,,
SG10F-0071,A,0001090872,0001104659-10-057827,2010-11-12T13:04:18.000Z,a10-21078_1ex99d1.htm,https://www.sec.gov/Archives/edgar/data/1090872/000110465910057827/a10-21078_1ex99d1.htm,17d134eebc636065e3d0f98e889ac38c9a70bcf325e6bf40c8a498f19d512b62,REVENUE,FY2011,UNSPECIFIED,NOT_APPLICABLE,USD,1530000000,1550000000,1540000000,CURRENT_GUIDANCE_RANGE,AS_REPORTED,NARRATIVE_CLAUSE,70,CURRENT_CANDIDATE,CURRENT_GUIDANCE_RANGE,,,,,,fiscal year 2011 revenue guidance of $1.53 billion to $1.55 billion.,V10_SIX_GRAMMAR_CORRECTED_NOT_SOURCE_REVIEWED,/html/body/document/type/sequence/filename/description/text/div[1]/p[24],HTML_P,392b9383d830d50da7991e94a41c1938222dad198d6bd359767999a64f6db6cb,PRIOR_UNREVIEWED_POOL,PENDING,,,
SG10F-0072,NOVT,0001076930,0001564590-15-009347,2015-11-04T21:11:08.000Z,gsig-ex991_6.htm,https://www.sec.gov/Archives/edgar/data/1076930/000156459015009347/gsig-ex991_6.htm,4294cd183db1c967efb5871d29754a93a06944bed37f2b3c4b1982d74058645c,REVENUE,FY2015,NON_GAAP,NOT_APPLICABLE,USD,365000000,370000000,367500000,CURRENT_GUIDANCE_RANGE,AS_REPORTED,NARRATIVE_CLAUSE,78,CURRENT_CANDIDATE,CURRENT_GUIDANCE_RANGE,,,,,,"For the full year 2015, the Company expects Adjusted Revenue of approximately $365 million to $370 million.",V10_SIX_GRAMMAR_CORRECTED_NOT_SOURCE_REVIEWED,/html/body/document/type/sequence/filename/description/text/p[21],HTML_P,39f46defd7f469bc9af272868ddef5c84354bfdd7c1532bad98d4056d82f5915,FINAL_EXPANSION,PENDING,,,
SG10F-0073,RPAY,0001720592,0000950170-23-062030,2023-11-09T21:08:22.000Z,rpay-ex99_1.htm,https://www.sec.gov/Archives/edgar/data/1720592/000095017023062030/rpay-ex99_1.htm,057601345e0b387d6a6187f7f3af1e979f7ca09e86846cdd48ba0feacd77785e,REVENUE,FY2023,UNSPECIFIED,NOT_APPLICABLE,USD,286000000,292000000,289000000,CURRENT_GUIDANCE_RANGE,AS_REPORTED,HTML_TABLE_GRID,0,CURRENT_CANDIDATE,CURRENT_GUIDANCE_RANGE,2,3,1,Revenue,Full Year 2023 Outlook | $26.0 - 27.2 billion,"2023 Outlook Update | “We have solid momentum heading into the fourth quarter and are confident in the fundamentals of our business model. Based on the results from the first nine months of the year, as well as current trends, we are raising the midpoint of our 2023 revenue outlook,” said Tim Murphy, CFO of REPAY. “We expect adjusted free cash flow conversion to accelerate into 2024 as we realize the benefits from investments we've made in sales, product and technology over the past several years.” | REPAY now expects the following financial results for full year 2023, which replaces the previously provided outlook. | Revenue | $286 - 292 million",V10_SIX_GRAMMAR_CORRECTED_NOT_SOURCE_REVIEWED,,,4d0c83bb82bec8d74092b60528cb818a813d1cc2be418dac8ff2c0b6ec229ff9,FINAL_EXPANSION,PENDING,,,
SG10F-0074,NOVT,0001076930,0001564590-18-011472,2018-05-08T11:30:20.000Z,novt-ex991_20.htm,https://www.sec.gov/Archives/edgar/data/1076930/000156459018011472/novt-ex991_20.htm,b1b370cf714eb096f330b8cc975ea515c63098506cb2d6e9bccfeec096f4edd3,REVENUE,Q2-2018,GAAP,NOT_APPLICABLE,USD,146000000,149000000,147500000,CURRENT_GUIDANCE_RANGE,AS_REPORTED,NARRATIVE_CLAUSE,82,CURRENT_CANDIDATE,CURRENT_GUIDANCE_RANGE,,,,,,"For the second quarter of 2018, the Company expects GAAP revenue of approximately $146 million to $149 million.",V10_SIX_GRAMMAR_CORRECTED_NOT_SOURCE_REVIEWED,/html/body/document/type/sequence/filename/description/text/p[35],HTML_P,4e8fb3071b7e173da264975699d8fd74d58a41a8ab3899f111517326c5b304a5,FINAL_EXPANSION,PENDING,,,
SG10F-0075,RPAY,0001720592,0000950170-24-023078,2024-02-29T21:10:51.000Z,rpay-ex99_1.htm,https://www.sec.gov/Archives/edgar/data/1720592/000095017024023078/rpay-ex99_1.htm,d7616d956701385275e6028df52fe9be79d43c566a2a5634500ff8a30fb76cfd,REVENUE,FY2024,UNSPECIFIED,NOT_APPLICABLE,USD,314000000,320000000,317000000,CURRENT_GUIDANCE_RANGE,AS_REPORTED,HTML_TABLE_GRID,0,CURRENT_CANDIDATE,CURRENT_GUIDANCE_RANGE,2,2,1,Revenue,Full Year 2024 Outlook,"2024 Outlook | “In 2024, we expect Adjusted EBITDA to grow faster than gross profit, and we also expect to reduce capital expenditures, leading to an acceleration of cash conversion,” said Tim Murphy, CFO of REPAY. “We expect Free Cash Flow Conversion to improve throughout 2024 as we realize the benefits from investments we’ve made in sales, product, and technology over the past several years. We have always focused on profitable growth, refining processes across the business where we can scale through automation while also maintaining investments towards innovation.” | REPAY expects the following financial results for full year 2024. | Revenue | $314 - 320 million",V10_SIX_GRAMMAR_CORRECTED_NOT_SOURCE_REVIEWED,,,5d85076157ba389094050557429c7aabf468a078b466a83f91e1296b09c6dcd3,FINAL_EXPANSION,PENDING,,,
SG10F-0076,RPAY,0001720592,0001564590-20-011149,2020-03-16T20:05:49.000Z,rpay-ex991_6.htm,https://www.sec.gov/Archives/edgar/data/1720592/000156459020011149/rpay-ex991_6.htm,d03d00bffa2d5ab3edebcd728d688ff76d385c8f28dd75fde19a8cd2bb9dea75,REVENUE,FY2020,UNSPECIFIED,NOT_APPLICABLE,USD,155000000,165000000,160000000,CURRENT_GUIDANCE_RANGE,AS_REPORTED,HTML_TABLE_GRID,0,CURRENT_CANDIDATE,CURRENT_GUIDANCE_RANGE,20,3,1,Total Revenue,Full Year 2020 Outlook | $15.5 – 16.0 billion,| Total Revenue | $155.0 – 165.0 million,V10_SIX_GRAMMAR_CORRECTED_NOT_SOURCE_REVIEWED,,,77681f03182faf3f87e2b32082bb0f732f8eea5e1cb3cfd60c49ea87edf9e6e5,FINAL_EXPANSION,PENDING,,,
SG10F-0077,RPAY,0001720592,0001564590-20-038912,2020-08-10T20:07:17.000Z,rpay-ex991_6.htm,https://www.sec.gov/Archives/edgar/data/1720592/000156459020038912/rpay-ex991_6.htm,43b2b4f48e1224a4e2415074a70a0aa2e0d79e287844b242d89243b557e0bf70,REVENUE,FY2020,UNSPECIFIED,NOT_APPLICABLE,USD,145000000,155000000,150000000,CURRENT_GUIDANCE_RANGE,AS_REPORTED,HTML_TABLE_GRID,0,CURRENT_CANDIDATE,CURRENT_GUIDANCE_RANGE,9,3,2,Total Revenue,Full Year 2020 Outlook | Updated Guidance | $14.5 – 15.0 billion,| Total Revenue | | $145.0 – 155.0 million,V10_SIX_GRAMMAR_CORRECTED_NOT_SOURCE_REVIEWED,,,8093ae604ae6b73147653b73bc7894aebc584cc71c16355d29d7da39d50f3532,FINAL_EXPANSION,PENDING,,,
SG10F-0078,RPAY,0001720592,0000950170-23-020536,2023-05-10T20:16:14.000Z,rpay-ex99_1.htm,https://www.sec.gov/Archives/edgar/data/1720592/000095017023020536/rpay-ex99_1.htm,0f89a35ef0f480dcb855e6334032633359daeac53f181c77f0b54d21a4bc6f65,REVENUE,FY2023,UNSPECIFIED,NOT_APPLICABLE,USD,272000000,288000000,280000000,CURRENT_GUIDANCE_RANGE,AS_REPORTED,HTML_TABLE_GRID,0,CURRENT_CANDIDATE,CURRENT_GUIDANCE_RANGE,2,3,1,Revenue,Full Year 2023 Outlook | $26.0 - 27.2 billion,"2023 Outlook | “We're off to a strong start in 2023 and feel good about our Q1 results. Based on the current macroeconomic uncertainty, we are reaffirming our 2023 outlook,” said Tim Murphy, CFO of REPAY. “We continue to expect adjusted free cash flow conversion to remain strong in 2023, accelerating throughout the year into 2024 as we realize the benefits from investments we’ve made in sales, product, and technology over the past several years.” | REPAY reiterates its previously provided outlook for full year 2023, as shown below. | Revenue | $272 - 288 million",V10_SIX_GRAMMAR_CORRECTED_NOT_SOURCE_REVIEWED,,,86bd307d7f6f7c9aa1331ea6b6cd826a585a80dfb236fc52a13b1ed4ba30a912,FINAL_EXPANSION,PENDING,,,
SG10F-0079,RPAY,0001720592,0001193125-26-204004,2026-05-04T20:12:29.000Z,rpay-ex99_1.htm,https://www.sec.gov/Archives/edgar/data/1720592/000119312526204004/rpay-ex99_1.htm,76c3fb85f97dfe8895ef2cc1564a098485cf5a9d217365f0d33e9cfc2ebfc3f6,REVENUE,FY2026,UNSPECIFIED,NOT_APPLICABLE,USD,340000000,346000000,343000000,CURRENT_GUIDANCE_RANGE,AS_REPORTED,HTML_TABLE_GRID,0,CURRENT_CANDIDATE,CURRENT_GUIDANCE_RANGE,1,2,3,Revenue,Updated Full Year 2026 Outlook,"2026 Outlook Update | “After a strong start to the year and execution on our strategic initiatives, we are raising our 2026 Adjusted EBITDA outlook to reflect approximately 42% Adjusted EBITDA margins,” said Robert Houser, Chief Financial Officer of REPAY. ""We have strong confidence in achieving double-digit Revenue growth with Free Cash Conversion of 45%. We look forward to closing the KUBRA acquisition in the coming weeks. The 2026 outlook does not include any contributions or expenditures related to the pending KUBRA acquisition."" | As we previously provided in the Preliminary Q1 Press Release on April 27th, REPAY updated its outlook for full year 2026. REPAY reiterates the 2026 outlook presented at that time and expects the following financial results for full year 2026. | Revenue | $340 - 346 million | | $340 - 346 million",V10_SIX_GRAMMAR_CORRECTED_NOT_SOURCE_REVIEWED,,,88629eeb18bb318a5654eec6f5f23aa11ea8a5d0c3745aee730ea9b3eebc1a51,FINAL_EXPANSION,PENDING,,,
SG10F-0080,BCHT,0000728385,0001477932-22-001292,2022-03-10T13:00:25.000Z,meec_ex991.htm,https://www.sec.gov/Archives/edgar/data/728385/000147793222001292/meec_ex991.htm,55b4340255524d1a31d1bb0d4dbc3509bd8570d6d337adfee7f56651937bd77a,REVENUE,FY2022,UNSPECIFIED,NOT_APPLICABLE,USD,20000000,22000000,21000000,CURRENT_GUIDANCE_RANGE,AS_REPORTED,NARRATIVE_CLAUSE,575,CURRENT_CANDIDATE,CURRENT_GUIDANCE_RANGE,,,,,,"MacPherson will also discuss the Company's previously announced expectations of full-year 2021 preliminary unaudited revenues of approximately $13.0 million compared to approximately $8.2 million for 2020, and full year 2022 preliminary revenue guidance in the range of approximately $20 to $22 million, representing 60% year-over-year revenue growth.",V10_SIX_GRAMMAR_CORRECTED_NOT_SOURCE_REVIEWED,/html/body/document/type/sequence/filename/description/text/p[12],HTML_P,baa15ad89610f2917d03584fc4c32bcfa6f0925c4324ffcd757c746c81470b5b,FINAL_EXPANSION,PENDING,,,
