review_id,ticker,cik,accession_number,accepted_at,document_name,source_url,source_sha256,metric,fiscal_period,accounting_basis,metric_subtype,unit,lower_bound,upper_bound,midpoint,numeric_role,sign,source_structure,range_offset,range_role,semantic_role,table_index,row_index,column_index,row_header,header_path,source_excerpt,candidate_status,block_path,source_kind,review_priority,review_decision,review_reason,reviewer,reviewed_at
SG8-0001,URI,0001067701,0001193125-18-313096,2018-10-31T13:28:38.000Z,d646480dex991.htm,https://www.sec.gov/Archives/edgar/data/1067701/000119312518313096/d646480dex991.htm,e57e423a4591b0ce12d9a37c851e234607efd4ad391bd1d34bf5a60210fe239e,CAPEX,FY2018,NOT_APPLICABLE,NOT_APPLICABLE,USD,1350000000,1450000000,1400000000,CURRENT_GUIDANCE_RANGE,AS_REPORTED,HTML_TABLE_GRID,0,CURRENT_CANDIDATE,CURRENT_GUIDANCE_RANGE,1,4,4,Net rental capital expenditures after gross purchases,Current Outlook | $7.89 billion to $7.99 billion | $3.815 billion to $3.865 billion,"2018 Guidance | The company has updated its full-year 2018 guidance solely to reflect the expected impact of the BlueLine acquisition. The new guidance adds $120 million of total revenue and $50 million of adjusted EBITDA to the guidance previously released on October 17, 2018: | Net rental capital expenditures after gross purchases | | $1.35 billion to $1.45 billion, after gross purchases of $2.0 billion to $2.1 billion | | $1.35 billion to $1.45 billion, after gross purchases of $2.0billion to $2.1 billion",V8_FIVE_RELATION_CORRECTED_NOT_SOURCE_REVIEWED,,,28befc442205a9ed47eed060ed4dd203d80d4ed25205f799f3195e1fbf3e234e,PENDING,,,
SG8-0002,ALB,0000915913,0000915913-22-000134,2022-08-03T20:27:49.000Z,a2q22earningsreleaseex991.htm,https://www.sec.gov/Archives/edgar/data/915913/000091591322000134/a2q22earningsreleaseex991.htm,5c6fa060f08eff54f13b42fb0d7a87917f319377511ca709b0f11399f00d55c6,CAPEX,FY2022,NOT_APPLICABLE,NOT_APPLICABLE,USD,1300000000,1500000000,1400000000,CURRENT_GUIDANCE_RANGE,AS_REPORTED,HTML_TABLE_GRID,0,CURRENT_CANDIDATE,CURRENT_GUIDANCE_RANGE,2,7,9,Capital Expenditures | Capital Expenditures | Capital Expenditures,FY 2022 GuidanceFurther Updated | $7.1 - $7.5 billion | $3.2 - $3.5 billion | 45% - 47% | $19.25 - $22.25 | $1.4 - $1.7 billion,| Capital Expenditures | Capital Expenditures | Capital Expenditures | | | | $1.3 - $1.5 billion | $1.3 - $1.5 billion | $1.3 - $1.5 billion | $1.3 - $1.5 billion | $1.3 - $1.5 billion | $1.3 - $1.5 billion,V8_FIVE_RELATION_CORRECTED_NOT_SOURCE_REVIEWED,,,31a6040b7a27ef2654df08bc98516c4b390e88b679a696554581922c0442a3ad,PENDING,,,
SG8-0003,ALB,0000915913,0000915913-23-000113,2023-05-03T20:25:28.000Z,a1q23earningsreleaseex991.htm,https://www.sec.gov/Archives/edgar/data/915913/000091591323000113/a1q23earningsreleaseex991.htm,9375c7fe0bfee4e13798a1b97b1226b02855b53d644de8f16533bd901e87581c,CAPEX,FY2023,NOT_APPLICABLE,NOT_APPLICABLE,USD,1700000000,1900000000,1800000000,CURRENT_GUIDANCE_RANGE,AS_REPORTED,HTML_TABLE_GRID,0,CURRENT_CANDIDATE,CURRENT_GUIDANCE_RANGE,2,7,9,Capital Expenditures | Capital Expenditures | Capital Expenditures,"FY 2023 Guidance as of May 3, 2023 | $9.8 - $11.5 billion | $3.3 - $4.0 billion | 34% - 35% | $20.75 - $25.75 | $1.7 - $2.3 billion",| Capital Expenditures | Capital Expenditures | Capital Expenditures | $1.7 - $1.9 billion | $1.7 - $1.9 billion | $1.7 - $1.9 billion | | | | $1.7 - $1.9 billion | $1.7 - $1.9 billion | $1.7 - $1.9 billion,V8_FIVE_RELATION_CORRECTED_NOT_SOURCE_REVIEWED,,,4c5bb0d3a40af0b5bb7719206c4a3a8453a6b9a6484957540c34a5e5518361a2,PENDING,,,
SG8-0004,CF,0001324404,0001104659-23-022431,2023-02-15T21:55:52.000Z,tm236855d1_ex99-1.htm,https://www.sec.gov/Archives/edgar/data/1324404/000110465923022431/tm236855d1_ex99-1.htm,41be0ea1a643464dfb9b6c68c0a2c26d48bcee8e4ce0f405622a48f505e6fbac,CAPEX,FY2023,NOT_APPLICABLE,NOT_APPLICABLE,USD,500000000,550000000,525000000,CURRENT_GUIDANCE_RANGE,AS_REPORTED,NARRATIVE_CLAUSE,1522,CURRENT_CANDIDATE,CURRENT_GUIDANCE_RANGE,,,,,,The Company expects capex for full year 2023 to be in the range of $500-$550 million,V8_FIVE_RELATION_CORRECTED_NOT_SOURCE_REVIEWED,/html/body/document/type/sequence/filename/description/text/div/div/div[25]/table/tr/td[2]/p,HTML_P,4e405d77616b9de1472498c151c784d540bbe652105ff355f75f31c3adcfe753,PENDING,,,
SG8-0005,MSCI,0001408198,0001408198-25-000194,2025-10-28T10:46:17.000Z,exhibit991earningsrelease-.htm,https://www.sec.gov/Archives/edgar/data/1408198/000140819825000194/exhibit991earningsrelease-.htm,19c5b3bbaddea85cf90e16d153b7a3fac24baf57fe4c1404c9b151ee9335eaac,CAPEX,FY2025,NOT_APPLICABLE,NOT_APPLICABLE,USD,120000000,130000000,125000000,CURRENT_GUIDANCE_RANGE,AS_REPORTED,HTML_TABLE_GRID,0,CURRENT_CANDIDATE,CURRENT_GUIDANCE_RANGE,5,7,3,Capital Expenditures | Capital Expenditures | Capital Expenditures,"Current Guidance for Full-Year 2025 | $1,415 to $1,445 million | $1,230 to $1,250 million | $205 to $209 million | $185 to $195 million | 16.0% to 18.0%",| Capital Expenditures | Capital Expenditures | Capital Expenditures | $120 to $130 million | $120 to $130 million | $120 to $130 million | $115 to $125 million | $115 to $125 million | $115 to $125 million,V8_FIVE_RELATION_CORRECTED_NOT_SOURCE_REVIEWED,,,4e88a81fc0b7fe03f0fdb4f5b65ab1308d3a753653365d8285056c4be0986cc0,PENDING,,,
SG8-0006,MSCI,0001408198,0001157523-22-000470,2022-04-26T11:00:58.000Z,a52697045ex99_1.htm,https://www.sec.gov/Archives/edgar/data/1408198/000115752322000470/a52697045ex99_1.htm,b7026c38757294796ca3788829a51422bcc552d26df75eae66d1e7ae0f03782d,CAPEX,FY2022,NOT_APPLICABLE,NOT_APPLICABLE,USD,60000000,70000000,65000000,CURRENT_GUIDANCE_RANGE,AS_REPORTED,HTML_TABLE_GRID,0,CURRENT_CANDIDATE,CURRENT_GUIDANCE_RANGE,5,6,1,Capital Expenditures,"Current Guidance for Full-Year 2022 | $1,075 to $1,115 million | $975 to $1,005 million | ~$162 million | $100 to $110 million | 15.5% to 18.5%","Full-Year 2022 Guidance | MSCI's guidance for the year ending December 31, 2022 (“Full-Year 2022”) is based on assumptions about a number of macroeconomic and capital market factors, in particular related to equity markets. These assumptions are subject to uncertainty, and actual results for the year could differ materially from our current guidance, including as a result of ongoing uncertainty related to the duration, magnitude and impact of the ongoing COVID-19 pandemic as well as the economic and market impacts of elevated inflation levels and Russia’s invasion of Ukraine. | There were no changes to MSCI’s previously published guidance on January 27, 2022. | Capital Expenditures | $60 to $70 million",V8_FIVE_RELATION_CORRECTED_NOT_SOURCE_REVIEWED,,,7b301b22e8cbbbf547d6c4038c567fd34697aaace33d15748b7497b417ce9229,PENDING,,,
SG8-0007,ALB,0000915913,0000915913-23-000178,2023-11-01T20:26:53.000Z,a3q23earningsreleaseex991.htm,https://www.sec.gov/Archives/edgar/data/915913/000091591323000178/a3q23earningsreleaseex991.htm,f2fbb25d5edea1dcb277b711cc2d020825003559b14cd51f96dba517a4acf7d2,CAPEX,FY2023,NOT_APPLICABLE,NOT_APPLICABLE,USD,1900000000,2100000000,2000000000,CURRENT_GUIDANCE_RANGE,AS_REPORTED,HTML_TABLE_GRID,0,CURRENT_CANDIDATE,CURRENT_GUIDANCE_RANGE,2,7,9,Capital Expenditures | Capital Expenditures | Capital Expenditures,"FY 2023 Outlook as of November 1, 2023 | $9.5 - $9.8 billion | $3.2 - $3.4 billion | 34% - 35% | $21.50 - $23.50 | $600 - $800 million",| Capital Expenditures | Capital Expenditures | Capital Expenditures | $1.9 - $2.1 billion | $1.9 - $2.1 billion | $1.9 - $2.1 billion | | | | $1.9 - $2.1 billion | $1.9 - $2.1 billion | $1.9 - $2.1 billion,V8_FIVE_RELATION_CORRECTED_NOT_SOURCE_REVIEWED,,,8dc27c268b7ae104e6f8df5ef8bf3e68f1c4524a663c0f2ce18c1c1a3596f212,PENDING,,,
SG8-0008,HUM,0000049071,0001193125-18-233903,2018-08-01T11:30:10.000Z,d594073dex992.htm,https://www.sec.gov/Archives/edgar/data/49071/000119312518233903/d594073dex992.htm,13b1b6fa6388a6b4663563e8991993b581d3e7538b92d5e1cd71cf75f6137c76,CAPEX,FY2018,NOT_APPLICABLE,NOT_APPLICABLE,USD,550000000,600000000,575000000,CURRENT_GUIDANCE_RANGE,AS_REPORTED,HTML_TABLE_GRID,0,CURRENT_CANDIDATE,CURRENT_GUIDANCE_RANGE,153,13,2,Capital expenditures,"Humana Inc. Full-Year 2018 Projections As of August 1, 2018 | Retail segment pretax income | Group and Specialty segment pretax income | Healthcare Services segment earnings | GAAP 22.5% to 23.5% (was 32.1% to 33.1%) Adjustments ~9.8% (was ~0.2%) Non-GAAP 32.3% to 33.3% (no change) | 138.5 million to 139.5 million (no change) | $2.1 billion to $2.5 billion (was $2.2 billion to $2.6 billion)",| Capital expenditures | | $550 million to $600 million (no change) | $550 million to $600 million (no change) | $550 million to $600 million (no change) | |,V8_FIVE_RELATION_CORRECTED_NOT_SOURCE_REVIEWED,,,8f43174ba4faea3c8b537978e581ddb427d03716540d8685f1587f17bca3b099,PENDING,,,
SG8-0009,MSCI,0001408198,0001408198-24-000072,2024-04-23T10:51:39.000Z,earningsrelease-20240331.htm,https://www.sec.gov/Archives/edgar/data/1408198/000140819824000072/earningsrelease-20240331.htm,4cc57dc8aa84d27cb333900942b250e3fd85cf01e88497cca8ae245b6f9c5e62,CAPEX,FY2024,NOT_APPLICABLE,NOT_APPLICABLE,USD,95000000,105000000,100000000,CURRENT_GUIDANCE_RANGE,AS_REPORTED,HTML_TABLE_GRID,0,CURRENT_CANDIDATE,CURRENT_GUIDANCE_RANGE,10,7,3,Capital Expenditures | Capital Expenditures | Capital Expenditures,"Current Guidance for Full-Year 2024 | $1,300 to $1,340 million | $1,130 to $1,160 million | $185 to $189 million | $170 to $180 million | 18% to 21%",| Capital Expenditures | Capital Expenditures | Capital Expenditures | $95 to $105 million | $95 to $105 million | $95 to $105 million,V8_FIVE_RELATION_CORRECTED_NOT_SOURCE_REVIEWED,,,9b09e06c1717b64323b0e77de0cec1af7ceb9e726462a3744b878a10957e95c2,PENDING,,,
SG8-0010,URI,0001067701,0001193125-18-313096,2018-10-31T13:28:38.000Z,d646480dex991.htm,https://www.sec.gov/Archives/edgar/data/1067701/000119312518313096/d646480dex991.htm,e57e423a4591b0ce12d9a37c851e234607efd4ad391bd1d34bf5a60210fe239e,CAPEX,FY2018,NOT_APPLICABLE,NOT_APPLICABLE,USD,2000000000,2100000000,2050000000,CURRENT_GUIDANCE_RANGE,AS_REPORTED,HTML_TABLE_GRID,57,CURRENT_CANDIDATE,CURRENT_GUIDANCE_RANGE,1,4,4,Net rental capital expenditures after gross purchases,Current Outlook | $7.89 billion to $7.99 billion | $3.815 billion to $3.865 billion,"2018 Guidance | The company has updated its full-year 2018 guidance solely to reflect the expected impact of the BlueLine acquisition. The new guidance adds $120 million of total revenue and $50 million of adjusted EBITDA to the guidance previously released on October 17, 2018: | Net rental capital expenditures after gross purchases | | $1.35 billion to $1.45 billion, after gross purchases of $2.0 billion to $2.1 billion | | $1.35 billion to $1.45 billion, after gross purchases of $2.0billion to $2.1 billion",V8_FIVE_RELATION_CORRECTED_NOT_SOURCE_REVIEWED,,,b35eea5086ab1eb2134862993aee7bc9f27b5341d5c869cee181ad07779572f8,PENDING,,,
SG8-0011,HUM,0000049071,0000049071-20-000018,2020-02-05T11:57:09.000Z,hum-2019q48kxex99x2.htm,https://www.sec.gov/Archives/edgar/data/49071/000004907120000018/hum-2019q48kxex99x2.htm,4634c6875889788e3b1b210ef29515352c2e7b17b4be9bf6eea6dd17b360c66a,CAPEX,FY2020,NOT_APPLICABLE,NOT_APPLICABLE,USD,850000000,900000000,875000000,CURRENT_GUIDANCE_RANGE,AS_REPORTED,HTML_TABLE_GRID,0,CURRENT_CANDIDATE,CURRENT_GUIDANCE_RANGE,146,10,2,Capital expenditures,"Humana Inc.Full-Year 2020 ProjectionsAs of February 5, 2020 | Retail segment earnings | Group and Specialty segment earnings | Healthcare Services Adjusted EBITDA | GAAP: 30.8% to 31.3%Adjustment: ~0.2% Non-GAAP: 30.6% to 31.1% | 132.2 million to 133.2 million | $3.2 billion to $3.6 billion",| Capital expenditures | | $850 million to $900 million | $850 million to $900 million | $850 million to $900 million | $850 million to $900 million | |,V8_FIVE_RELATION_CORRECTED_NOT_SOURCE_REVIEWED,,,b8803b24b28c42bbcc1cb20392a8c8843ff81e1eed68bd697ff08b5a8817bc4a,PENDING,,,
SG8-0012,TEL,0001385157,0001104659-17-026104,2017-04-26T10:19:04.000Z,a17-11631_1ex99d1.htm,https://www.sec.gov/Archives/edgar/data/1385157/000110465917026104/a17-11631_1ex99d1.htm,d15bd80c7a8bb4c63ddd66f98c30dc563fe01fce714f005f944387d2f2a4e228,EPS,FY2016,NON_GAAP,NOT_APPLICABLE,USD_PER_SHARE,4.58,4.66,4.62,CURRENT_GUIDANCE_RANGE,AS_REPORTED,NARRATIVE_CLAUSE,377,CURRENT_CANDIDATE,CURRENT_GUIDANCE_RANGE,,,,,,"For the full year, the company expects net sales of $12.6 to $12.8 billion, reflecting 6 percent growth at the mid-point versus the prior year, excluding the additional week in fiscal year 2016. GAAP EPS are expected to be $4.39 to $4.47 including net restructuring, acquisition-related and other charges of $0.33 and a tax related benefit of $0.14. TE expects adjusted EPS of $4.58 to $4.66, reflecting 17 percent growth at the mid-point compared to 2016, when excluding the additional week.",V8_FIVE_RELATION_CORRECTED_NOT_SOURCE_REVIEWED,/html/body/document/type/sequence/filename/description/text/div[2]/p[10],HTML_P,046f4fb1a15014966ae028b8578f22eb6c83772f761d47506e232d0845d2d258,PENDING,,,
SG8-0013,APH,0000820313,0001558370-19-009028,2019-10-23T14:19:40.000Z,aph-20191023ex991023d5e.htm,https://www.sec.gov/Archives/edgar/data/820313/000155837019009028/aph-20191023ex991023d5e.htm,5ab23e9b0d35026c4c554af929724799c3b04638793ea62c15ac2d84de45fb43,EPS,FY2019,NON_GAAP,NOT_APPLICABLE,USD_PER_SHARE,3.65,3.67,3.66,CURRENT_GUIDANCE_RANGE,AS_REPORTED,NARRATIVE_CLAUSE,551,CURRENT_CANDIDATE,CURRENT_GUIDANCE_RANGE,,,,,,"Given the current demand environment, together with contributions from the acquisitions just completed, we expect fourth quarter 2019 sales to be in the range of $1.960 billion to $2.000 billion and Adjusted Diluted EPS in the range of $0.89 to $0.91. For the full year 2019, we now expect sales in the range of $8.035 billion to $8.075 billion, a decrease of 2% over 2018, and Adjusted Diluted EPS to be in the range of $3.65 to $3.67, which is a decrease of 3% over 2018. This compares to our prior full-year 2019 guidance for sales in the range of $7.920 billion to $8.000 billion and Adjusted Diluted EPS in the range of $3.56 to $3.60.”",V8_FIVE_RELATION_CORRECTED_NOT_SOURCE_REVIEWED,/html/body/document/type/sequence/filename/description/text/div[6]/p[3],HTML_P,07952e1d917dcd812de8a901aea33d9ec7b150e944ee4f979d090b09324e6c2a,PENDING,,,
SG8-0014,CVS,0000064803,0000947871-24-000009,2024-01-05T11:41:14.000Z,ss2874786_8k.htm,https://www.sec.gov/Archives/edgar/data/64803/000094787124000009/ss2874786_8k.htm,823e5bb96eff61093991e96784fa65638fe6f67aa56f98feb2b8ac90f96c8d54,EPS,FY2023,NON_GAAP,NOT_APPLICABLE,USD_PER_SHARE,8.5,8.7,8.6,CURRENT_GUIDANCE_RANGE,AS_REPORTED,NARRATIVE_CLAUSE,469,CURRENT_CANDIDATE,CURRENT_GUIDANCE_RANGE,,,,,,guidance range of $6.37 to $6.61 and its full-year 2023 Adjusted EPS guidance range of $8.50 to $8.70. The Company expects its full-year,V8_FIVE_RELATION_CORRECTED_NOT_SOURCE_REVIEWED,/html/body/p[35],HTML_P,08a7fc4a7e13d50f9e1b83114a026dca6854b8454607d74c6941231f4233aa0e,PENDING,,,
SG8-0015,MCO,0001059556,0001059556-24-000012,2024-02-13T12:00:40.000Z,a4q23earningsrelease.htm,https://www.sec.gov/Archives/edgar/data/1059556/000105955624000012/a4q23earningsrelease.htm,7bb39baf191e5fd70514b5f3668acb7ff034f3c21bd1330ecaba5a5c5038a45c,EPS,FY2024,UNSPECIFIED,NOT_APPLICABLE,USD_PER_SHARE,9.45,10.2,9.825,CURRENT_GUIDANCE_RANGE,AS_REPORTED,HTML_TABLE_GRID,0,CURRENT_CANDIDATE,CURRENT_GUIDANCE_RANGE,43,9,3,Diluted EPS | Diluted EPS | Diluted EPS,"Full Year 2024 Moody's Corporation Guidance as of February 13, 2024 | Current guidance | Increase in the high-single-digit to low-double-digit percent range | Increase in the mid-to-high-single-digit percent range | 37% to 39% | 44% to 46% | $240 - $260 million | 22% to 24%",| Diluted EPS | Diluted EPS | Diluted EPS | $9.45 to $10.20 | $9.45 to $10.20 | $9.45 to $10.20,V8_FIVE_RELATION_CORRECTED_NOT_SOURCE_REVIEWED,,,10751f6a719138d40efadab030c8bad0640fee84817bdcb9864c198c0e9b793a,PENDING,,,
SG8-0016,MCO,0001059556,0001059556-24-000012,2024-02-13T12:00:40.000Z,a4q23earningsrelease.htm,https://www.sec.gov/Archives/edgar/data/1059556/000105955624000012/a4q23earningsrelease.htm,7bb39baf191e5fd70514b5f3668acb7ff034f3c21bd1330ecaba5a5c5038a45c,EPS,FY2024,NON_GAAP,NOT_APPLICABLE,USD_PER_SHARE,10.25,11,10.625,CURRENT_GUIDANCE_RANGE,AS_REPORTED,HTML_TABLE_GRID,0,CURRENT_CANDIDATE,CURRENT_GUIDANCE_RANGE,43,10,3,Adjusted Diluted EPS (1) | Adjusted Diluted EPS (1) | Adjusted Diluted EPS (1),"Full Year 2024 Moody's Corporation Guidance as of February 13, 2024 | Current guidance | Increase in the high-single-digit to low-double-digit percent range | Increase in the mid-to-high-single-digit percent range | 37% to 39% | 44% to 46% | $240 - $260 million | 22% to 24% | $9.45 to $10.20",| Adjusted Diluted EPS (1) | Adjusted Diluted EPS (1) | Adjusted Diluted EPS (1) | $10.25 to $11.00 | $10.25 to $11.00 | $10.25 to $11.00,V8_FIVE_RELATION_CORRECTED_NOT_SOURCE_REVIEWED,,,10751f6a719138d40efadab030c8bad0640fee84817bdcb9864c198c0e9b793a,PENDING,,,
SG8-0017,MCO,0001059556,0001157523-21-000934,2021-07-28T11:15:47.000Z,a52467066ex99_1.htm,https://www.sec.gov/Archives/edgar/data/1059556/000115752321000934/a52467066ex99_1.htm,ff37af8c6dc7c6120f76f04a1a6fc6e27e7c0091fba51f60e6e81a649e819c42,EPS,FY2021,UNSPECIFIED,NOT_APPLICABLE,USD_PER_SHARE,10.95,11.25,11.1,CURRENT_GUIDANCE_RANGE,AS_REPORTED,NARRATIVE_CLAUSE,46,CURRENT_CANDIDATE,CURRENT_GUIDANCE_RANGE,,,,,,Full year 2021 diluted EPS is projected to be $10.95 to $11.25. The company expects full year 2021 adjusted diluted EPS1 to be $11.55 to $11.85.,V8_FIVE_RELATION_CORRECTED_NOT_SOURCE_REVIEWED,/html/body/document/type/sequence/filename/description/text/div/div[2]/div/div[2]/div[1]/p[44],HTML_P,125f374e6e0b2edf0f97b2282697c79ab496cbd3e1cf44fa2103799521950b16,PENDING,,,
SG8-0018,MCO,0001059556,0001157523-18-001569,2018-07-27T11:30:44.000Z,a51843924ex99_1.htm,https://www.sec.gov/Archives/edgar/data/1059556/000115752318001569/a51843924ex99_1.htm,e2d51f2772ca94168a8a30c96b4cb95c816001e9399d3b508abf0c63163cba37,EPS,FY2018,UNSPECIFIED,NOT_APPLICABLE,USD_PER_SHARE,7.2,7.4,7.3,CURRENT_GUIDANCE_RANGE,AS_REPORTED,HTML_TABLE_GRID,0,CURRENT_CANDIDATE,CURRENT_GUIDANCE_RANGE,15,10,2,Diluted EPS,"Full Year 2018 Moody's Corporation Guidance as of July 27, 2018 | Current guidance | increase in the high-single-digit percent range | approximately $195 million | approximately 44% | 48% - 49% | 22% - 23%",| Diluted EPS | | $7.20 to $7.40 | | NC,V8_FIVE_RELATION_CORRECTED_NOT_SOURCE_REVIEWED,,,15917f65ff64e1d536d0f8fe61cbed6d5fea15c75a1014056033b1209fb73cd4,PENDING,,,
SG8-0019,MCO,0001059556,0001157523-18-001569,2018-07-27T11:30:44.000Z,a51843924ex99_1.htm,https://www.sec.gov/Archives/edgar/data/1059556/000115752318001569/a51843924ex99_1.htm,e2d51f2772ca94168a8a30c96b4cb95c816001e9399d3b508abf0c63163cba37,EPS,FY2018,NON_GAAP,NOT_APPLICABLE,USD_PER_SHARE,7.65,7.85,7.75,CURRENT_GUIDANCE_RANGE,AS_REPORTED,HTML_TABLE_GRID,0,CURRENT_CANDIDATE,CURRENT_GUIDANCE_RANGE,15,11,2,Adjusted Diluted EPS(1),"Full Year 2018 Moody's Corporation Guidance as of July 27, 2018 | Current guidance | increase in the high-single-digit percent range | approximately $195 million | approximately 44% | 48% - 49% | 22% - 23% | $7.20 to $7.40",| Adjusted Diluted EPS(1) | | $7.65 to $7.85 | | NC,V8_FIVE_RELATION_CORRECTED_NOT_SOURCE_REVIEWED,,,15917f65ff64e1d536d0f8fe61cbed6d5fea15c75a1014056033b1209fb73cd4,PENDING,,,
SG8-0020,CVS,0000064803,0000064803-26-000051,2026-05-06T10:31:25.000Z,cvs_ex99x1q1-26.htm,https://www.sec.gov/Archives/edgar/data/64803/000006480326000051/cvs_ex99x1q1-26.htm,ad45035d450a66a025a877c25253698ed01fb7df32f04c22e245383194aa9138,EPS,FY2026,NON_GAAP,NOT_APPLICABLE,USD_PER_SHARE,6.24,6.44,6.34,CURRENT_GUIDANCE_RANGE,AS_REPORTED,NARRATIVE_CLAUSE,216,CURRENT_CANDIDATE,CURRENT_GUIDANCE_RANGE,,,,,,"•First quarter total revenues increased to $100.4 billion, up 6.2% year-over-year•First quarter GAAP diluted EPS of $2.30 and Adjusted EPS of $2.57•Raising full-year 2026 guidance:◦GAAP diluted EPS guidance range to $6.24 to $6.44 from $5.94 to $6.14◦Adjusted EPS guidance range to $7.30 to $7.50 from $7.00 to $7.20◦Cash flow from operations guidance to at least $9.5 billion from at least $9.0 billion",V8_FIVE_RELATION_CORRECTED_NOT_SOURCE_REVIEWED,/html/body/document/type/sequence/filename/description/text/div[6]/table/tr[4],HTML_SINGLE_CELL_ROW,19200bd9031de94fdde2390a0c6ef3e6a1c5364bd8a74d46193362798f803be3,PENDING,,,
SG8-0021,CNP,0001130310,0001193125-21-055623,2021-02-25T11:26:11.000Z,d109934dex992.htm,https://www.sec.gov/Archives/edgar/data/1130310/000119312521055623/d109934dex992.htm,fdecee62f4f87249668b9b0d12d6f930d81520af04c6cb6821ecfab392b64cfa,EPS,Q4-2019,UNSPECIFIED,NOT_APPLICABLE,USD_PER_SHARE,-0.03,0.02,-0.005,CURRENT_GUIDANCE_RANGE,AS_REPORTED,NARRATIVE_CLAUSE,874,CURRENT_CANDIDATE,CURRENT_GUIDANCE_RANGE,,,,,,$0.35 $0.29 $1.60 $1.40 Full Year Fourth Quarter 2019 2019 2020 2020 Guidance Basis Earnings Per Share (1) FY Q4 $0.02 $0.02 - ($0.03) ($0.02) - (2) Natural Gas Drivers Net Growth and Rate Relief (3) O&M Management FY Q4 $0.11 $0.02 $0.02 - FY,V8_FIVE_RELATION_CORRECTED_NOT_SOURCE_REVIEWED,/html/body/document/type/sequence/filename/description/text/p[14],HTML_P,1f79732126642114804ab626f7dfe7282791146d1765df34458afb2eda33083a,PENDING,,,
SG8-0022,ALB,0000915913,0000915913-23-000178,2023-11-01T20:26:53.000Z,a3q23earningsreleaseex991.htm,https://www.sec.gov/Archives/edgar/data/915913/000091591323000178/a3q23earningsreleaseex991.htm,f2fbb25d5edea1dcb277b711cc2d020825003559b14cd51f96dba517a4acf7d2,EPS,FY2023,NON_GAAP,NOT_APPLICABLE,USD_PER_SHARE,21.5,23.5,22.5,CURRENT_GUIDANCE_RANGE,AS_REPORTED,HTML_TABLE_GRID,0,CURRENT_CANDIDATE,CURRENT_GUIDANCE_RANGE,2,5,9,Adjusted Diluted EPS(a) | Adjusted Diluted EPS(a) | Adjusted Diluted EPS(a),"FY 2023 Outlook as of November 1, 2023 | $9.5 - $9.8 billion | $3.2 - $3.4 billion | 34% - 35%",| Adjusted Diluted EPS(a) | Adjusted Diluted EPS(a) | Adjusted Diluted EPS(a) | $25.00 - $29.50 | $25.00 - $29.50 | $25.00 - $29.50 | | | | $21.50 - $23.50 | $21.50 - $23.50 | $21.50 - $23.50,V8_FIVE_RELATION_CORRECTED_NOT_SOURCE_REVIEWED,,,205efca1c5d353515364e488ab2080507a0aa936b934499fdfbb57bea4edcff4,PENDING,,,
SG8-0023,AXP,0000004962,0000004962-26-000037,2026-01-30T12:00:34.000Z,q425exhibit991.htm,https://www.sec.gov/Archives/edgar/data/4962/000000496226000037/q425exhibit991.htm,d19d5854aaf0d1031f47a6bfb7d1027b63365ee70662975d8b8d48417d56f476,EPS,FY2026,UNSPECIFIED,NOT_APPLICABLE,USD_PER_SHARE,17.3,17.9,17.6,CURRENT_GUIDANCE_RANGE,AS_REPORTED,NARRATIVE_CLAUSE,1161,CURRENT_CANDIDATE,CURRENT_GUIDANCE_RANGE,,,,,,"For the full year 2026, we expect revenue growth of 9 to 10 percent and EPS in the range of $17.30 to $17.90, and we plan to increase our quarterly common stock dividend by approximately 16 percent.""",V8_FIVE_RELATION_CORRECTED_NOT_SOURCE_REVIEWED,/html/body/document/type/sequence/filename/description/text/div[3]/div[9]/table/tr[2],HTML_SINGLE_CELL_ROW,2189eab3c7a09c0bf44c363cabd16bbeb2608918a7c7dfe966e6a1930988b7f8,PENDING,,,
SG8-0024,MCO,0001059556,0001157523-21-000934,2021-07-28T11:15:47.000Z,a52467066ex99_1.htm,https://www.sec.gov/Archives/edgar/data/1059556/000115752321000934/a52467066ex99_1.htm,ff37af8c6dc7c6120f76f04a1a6fc6e27e7c0091fba51f60e6e81a649e819c42,EPS,FY2021,NON_GAAP,NOT_APPLICABLE,USD_PER_SHARE,10.95,11.25,11.1,CURRENT_GUIDANCE_RANGE,AS_REPORTED,NARRATIVE_CLAUSE,72,CURRENT_CANDIDATE,CURRENT_GUIDANCE_RANGE,,,,,,"FY 2021 diluted EPS and adjusted diluted EPS1 guidance ranges raised to $10.95 to $11.25 and $11.55 to $11.85, respectively",V8_FIVE_RELATION_CORRECTED_NOT_SOURCE_REVIEWED,/html/body/document/type/sequence/filename/description/text/div/div[2]/div/div[1]/ul/b/li[4],HTML_LI,24034b57cc6223cfb1f041d0b0f8824fd2f362eb06930c93b4afa11cbae42acc,PENDING,,,
SG8-0025,HUM,0000049071,0001193125-18-233903,2018-08-01T11:30:10.000Z,d594073dex992.htm,https://www.sec.gov/Archives/edgar/data/49071/000119312518233903/d594073dex992.htm,13b1b6fa6388a6b4663563e8991993b581d3e7538b92d5e1cd71cf75f6137c76,EPS,FY2018,NON_GAAP,NOT_APPLICABLE,USD_PER_SHARE,13.7,14.1,13.9,CURRENT_GUIDANCE_RANGE,AS_REPORTED,HTML_TABLE_GRID,65,CURRENT_CANDIDATE,CURRENT_GUIDANCE_RANGE,152,2,4,Diluted earnings per common share (EPS) | GAAP Adjustments Non-GAAP,"Humana Inc. Full-Year 2018 Projections As of August 1, 2018",| Diluted earnings per common share (EPS) | | GAAP Adjustments Non-GAAP | | ~$11.52 (was ~$13.54 - $13.94) ~$2.63 (was ~$0.16) ~$14.15 (was ~$13.70 - $14.10) | | • See footnote (e) for detail of non-GAAP adjustments,V8_FIVE_RELATION_CORRECTED_NOT_SOURCE_REVIEWED,,,25718a447ce0add2012cb7845d046f48fe59b6a90e1326693a79dd0f06f15bc4,PENDING,,,
SG8-0026,MCO,0001059556,0001157523-20-000328,2020-03-11T11:01:09.000Z,a52187115ex99_1.htm,https://www.sec.gov/Archives/edgar/data/1059556/000115752320000328/a52187115ex99_1.htm,4c2dc5157b3817c1f4b25cbe43502c3d9b3d476bb2fa4e8dbceb5758f7091fb6,EPS,FY2020,NON_GAAP,NOT_APPLICABLE,USD_PER_SHARE,9.1,9.3,9.2,CURRENT_GUIDANCE_RANGE,AS_REPORTED,NARRATIVE_CLAUSE,150,CURRENT_CANDIDATE,CURRENT_GUIDANCE_RANGE,,,,,,"NEW YORK--(BUSINESS WIRE)--March 11, 2020--Moody's Corporation (NYSE: MCO) today reaffirmed its full year 2020 adjusted diluted EPS guidance range of $9.10 to $9.30, though the Company now expects to be toward the lower end of that range.",V8_FIVE_RELATION_CORRECTED_NOT_SOURCE_REVIEWED,/html/body/document/type/sequence/filename/description/text/div/div[2]/div/div[1]/p[1],HTML_P,2a976e599c0d5c40f0d6601bdffc9b266577dfb0c622b8ed7faa68b0757e7704,PENDING,,,
SG8-0027,MCO,0001059556,0001157523-20-000190,2020-02-12T12:30:39.000Z,a52172350_ex991.htm,https://www.sec.gov/Archives/edgar/data/1059556/000115752320000190/a52172350_ex991.htm,d8b99bb935e4533cdf2836a9633e8b1b55491ebd93c0d6f7bb3d50d5f3cc046e,EPS,FY2020,UNSPECIFIED,NOT_APPLICABLE,USD_PER_SHARE,8.6,8.8,8.7,CURRENT_GUIDANCE_RANGE,AS_REPORTED,NARRATIVE_CLAUSE,45,CURRENT_CANDIDATE,CURRENT_GUIDANCE_RANGE,,,,,,Full year 2020 diluted EPS is expected to be $8.60 to $8.80. The Company expects full year 2020 adjusted diluted EPS to be $9.10 to $9.30.,V8_FIVE_RELATION_CORRECTED_NOT_SOURCE_REVIEWED,/html/body/document/type/sequence/filename/description/text/div[4]/div/div[2]/div[1]/p[40],HTML_P,2ea36df82517588450916dc29d2a7eb8f141bcf8cde41e522499d31f76fdc18e,PENDING,,,
SG8-0028,MCO,0001059556,0001157523-21-000516,2021-04-28T11:30:32.000Z,a52419301ex99_1.htm,https://www.sec.gov/Archives/edgar/data/1059556/000115752321000516/a52419301ex99_1.htm,673705d703819843a5d0e9786c6fa59acdd6c584b4c0a1bc69e9fa04d4472927,EPS,FY2021,NON_GAAP,NOT_APPLICABLE,USD_PER_SHARE,10.4,10.7,10.55,CURRENT_GUIDANCE_RANGE,AS_REPORTED,NARRATIVE_CLAUSE,71,CURRENT_CANDIDATE,CURRENT_GUIDANCE_RANGE,,,,,,"FY 2021 diluted EPS and adjusted diluted EPS guidance ranges raised to $10.40 to $10.70 and $11.00 to $11.301, respectively",V8_FIVE_RELATION_CORRECTED_NOT_SOURCE_REVIEWED,/html/body/document/type/sequence/filename/description/text/div/div[3]/div/div[1]/ul/b/li[4],HTML_LI,3c6c8b4f5d4acb7ad410f8b61fdba37bda755655492152f20d31d158737caaae,PENDING,,,
SG8-0029,MCO,0001059556,0001157523-20-001069,2020-07-30T11:32:47.000Z,a52258353_ex991.htm,https://www.sec.gov/Archives/edgar/data/1059556/000115752320001069/a52258353_ex991.htm,5625fa5b80f4c7974f87eb9d36c45421a3fb0a26d97b984d7fd9d6c63d6a466c,EPS,FY2020,NON_GAAP,NOT_APPLICABLE,USD_PER_SHARE,8.8,9.2,9,CURRENT_GUIDANCE_RANGE,AS_REPORTED,NARRATIVE_CLAUSE,123,CURRENT_CANDIDATE,CURRENT_GUIDANCE_RANGE,,,,,,Full year 2020 diluted EPS is expected to be $8.15 to $8.55. The company expects full year 2020 adjusted diluted EPS to be $8.80 to $9.20.,V8_FIVE_RELATION_CORRECTED_NOT_SOURCE_REVIEWED,/html/body/document/type/sequence/filename/description/text/div[3]/div/div[2]/div[1]/p[36],HTML_P,436decb4499b73a32a12e9d7736ec4777c034b5d0eea5271c9ce6a045cb31ef3,PENDING,,,
SG8-0030,MCO,0001059556,0001157523-21-001272,2021-10-28T11:17:25.000Z,a52517052ex99_1.htm,https://www.sec.gov/Archives/edgar/data/1059556/000115752321001272/a52517052ex99_1.htm,c4d7d477ed45516a94a5c1af48b065ef949d6d3ba0b689862dfd460fd1bb1c2b,EPS,FY2021,UNSPECIFIED,NOT_APPLICABLE,USD_PER_SHARE,11.65,11.85,11.75,CURRENT_GUIDANCE_RANGE,AS_REPORTED,NARRATIVE_CLAUSE,46,CURRENT_CANDIDATE,CURRENT_GUIDANCE_RANGE,,,,,,Full year 2021 diluted EPS is projected to be $11.65 to $11.85. The company expects full year 2021 adjusted diluted EPS1 to be $12.15 to $12.35.,V8_FIVE_RELATION_CORRECTED_NOT_SOURCE_REVIEWED,/html/body/document/type/sequence/filename/description/text/div[3]/div/div/div[2]/div[1]/p[44],HTML_P,4da7923e6b6b1eab8dc3b9d385634455a989ae5fe5a0e6def19ad0a215eddece,PENDING,,,
SG8-0031,HUM,0000049071,0000049071-20-000018,2020-02-05T11:57:09.000Z,hum-2019q48kxex99x2.htm,https://www.sec.gov/Archives/edgar/data/49071/000004907120000018/hum-2019q48kxex99x2.htm,4634c6875889788e3b1b210ef29515352c2e7b17b4be9bf6eea6dd17b360c66a,EPS,FY2020,GAAP,NOT_APPLICABLE,USD_PER_SHARE,17.76,18.26,18.01,CURRENT_GUIDANCE_RANGE,AS_REPORTED,HTML_TABLE_GRID,0,CURRENT_CANDIDATE,CURRENT_GUIDANCE_RANGE,145,3,3,Diluted earningsper commonshare (EPS) | GAAP,"Humana Inc.Full-Year 2020 ProjectionsAs of February 5, 2020",| Diluted earningsper commonshare (EPS) | | GAAP | $17.76 to $18.26 | | • GAAP EPS guidance excludes the impact of future fair value changes of put/call options related to the company's minority interest in certain investments. The future value change of these put/call options cannot be estimated.• See footnote (f) for detail of non-GAAP adjustments.,V8_FIVE_RELATION_CORRECTED_NOT_SOURCE_REVIEWED,,,4f295cfba0b264b4a375bf8208ab7e4cce180ddbf508d3abc05f960128b504fa,PENDING,,,
SG8-0032,HUM,0000049071,0000049071-20-000018,2020-02-05T11:57:09.000Z,hum-2019q48kxex99x2.htm,https://www.sec.gov/Archives/edgar/data/49071/000004907120000018/hum-2019q48kxex99x2.htm,4634c6875889788e3b1b210ef29515352c2e7b17b4be9bf6eea6dd17b360c66a,EPS,FY2020,NON_GAAP,NOT_APPLICABLE,USD_PER_SHARE,18.25,18.75,18.5,CURRENT_GUIDANCE_RANGE,AS_REPORTED,HTML_TABLE_GRID,0,CURRENT_CANDIDATE,CURRENT_GUIDANCE_RANGE,145,5,3,Diluted earningsper commonshare (EPS) | Non-GAAP,"Humana Inc.Full-Year 2020 ProjectionsAs of February 5, 2020 | $17.76 to $18.26 | ~0.49",| Diluted earningsper commonshare (EPS) | | Non-GAAP | $18.25 to $18.75 | | • GAAP EPS guidance excludes the impact of future fair value changes of put/call options related to the company's minority interest in certain investments. The future value change of these put/call options cannot be estimated.• See footnote (f) for detail of non-GAAP adjustments.,V8_FIVE_RELATION_CORRECTED_NOT_SOURCE_REVIEWED,,,4f295cfba0b264b4a375bf8208ab7e4cce180ddbf508d3abc05f960128b504fa,PENDING,,,
SG8-0033,HUM,0000049071,0000049071-20-000018,2020-02-05T11:57:09.000Z,hum-2019q48kxex99x2.htm,https://www.sec.gov/Archives/edgar/data/49071/000004907120000018/hum-2019q48kxex99x2.htm,4634c6875889788e3b1b210ef29515352c2e7b17b4be9bf6eea6dd17b360c66a,EPS,FY2020,UNSPECIFIED,NOT_APPLICABLE,USD,132200000,133200000,132700000,CURRENT_GUIDANCE_RANGE,AS_REPORTED,HTML_TABLE_GRID,0,CURRENT_CANDIDATE,CURRENT_GUIDANCE_RANGE,146,8,2,Weighted average share count fordiluted EPS,"Humana Inc.Full-Year 2020 ProjectionsAs of February 5, 2020 | Retail segment earnings | Group and Specialty segment earnings | Healthcare Services Adjusted EBITDA | GAAP: 30.8% to 31.3%Adjustment: ~0.2% Non-GAAP: 30.6% to 31.1%",| Weighted average share count fordiluted EPS | | 132.2 million to 133.2 million | 132.2 million to 133.2 million | 132.2 million to 133.2 million | 132.2 million to 133.2 million | | • FY 2020 guidance reflects incremental share repurchase.,V8_FIVE_RELATION_CORRECTED_NOT_SOURCE_REVIEWED,,,4f295cfba0b264b4a375bf8208ab7e4cce180ddbf508d3abc05f960128b504fa,PENDING,,,
SG8-0034,ALB,0000915913,0000915913-22-000134,2022-08-03T20:27:49.000Z,a2q22earningsreleaseex991.htm,https://www.sec.gov/Archives/edgar/data/915913/000091591322000134/a2q22earningsreleaseex991.htm,5c6fa060f08eff54f13b42fb0d7a87917f319377511ca709b0f11399f00d55c6,EPS,FY2022,NON_GAAP,NOT_APPLICABLE,USD_PER_SHARE,19.25,22.25,20.75,CURRENT_GUIDANCE_RANGE,AS_REPORTED,HTML_TABLE_GRID,0,CURRENT_CANDIDATE,CURRENT_GUIDANCE_RANGE,2,5,9,Adjusted Diluted EPS | Adjusted Diluted EPS | Adjusted Diluted EPS,FY 2022 GuidanceFurther Updated | $7.1 - $7.5 billion | $3.2 - $3.5 billion | 45% - 47%,| Adjusted Diluted EPS | Adjusted Diluted EPS | Adjusted Diluted EPS | | | | $12.30 - $15.00 | $12.30 - $15.00 | $12.30 - $15.00 | $19.25 - $22.25 | $19.25 - $22.25 | $19.25 - $22.25,V8_FIVE_RELATION_CORRECTED_NOT_SOURCE_REVIEWED,,,55b39445057a988841745c74a3e2c395771069f61d0ac08dee15499df8264827,PENDING,,,
SG8-0035,MCO,0001059556,0001157523-21-000934,2021-07-28T11:15:47.000Z,a52467066ex99_1.htm,https://www.sec.gov/Archives/edgar/data/1059556/000115752321000934/a52467066ex99_1.htm,ff37af8c6dc7c6120f76f04a1a6fc6e27e7c0091fba51f60e6e81a649e819c42,EPS,FY2021,NON_GAAP,NOT_APPLICABLE,USD_PER_SHARE,11.55,11.85,11.7,CURRENT_GUIDANCE_RANGE,AS_REPORTED,NARRATIVE_CLAUSE,836,CURRENT_CANDIDATE,CURRENT_GUIDANCE_RANGE,,,,,,the low-double-digit percent range and are raising our full year 2021 adjusted diluted EPS guidance range to $11.55 to $11.85.”,V8_FIVE_RELATION_CORRECTED_NOT_SOURCE_REVIEWED,/html/body/document/type/sequence/filename/description/text/div/div[2]/div/div[2]/div[1]/p[2],HTML_P,59bc11ce063ee7bffca0b826b9030a7ea988ee383e6e5cb7a05d99a70be37d57,PENDING,,,
SG8-0036,ALB,0000915913,0000915913-23-000113,2023-05-03T20:25:28.000Z,a1q23earningsreleaseex991.htm,https://www.sec.gov/Archives/edgar/data/915913/000091591323000113/a1q23earningsreleaseex991.htm,9375c7fe0bfee4e13798a1b97b1226b02855b53d644de8f16533bd901e87581c,EPS,FY2023,NON_GAAP,NOT_APPLICABLE,USD_PER_SHARE,20.75,25.75,23.25,CURRENT_GUIDANCE_RANGE,AS_REPORTED,HTML_TABLE_GRID,0,CURRENT_CANDIDATE,CURRENT_GUIDANCE_RANGE,2,5,9,Adjusted Diluted EPS(a) | Adjusted Diluted EPS(a) | Adjusted Diluted EPS(a),"FY 2023 Guidance as of May 3, 2023 | $9.8 - $11.5 billion | $3.3 - $4.0 billion | 34% - 35%",| Adjusted Diluted EPS(a) | Adjusted Diluted EPS(a) | Adjusted Diluted EPS(a) | $26.00 - $33.00 | $26.00 - $33.00 | $26.00 - $33.00 | | | | $20.75 - $25.75 | $20.75 - $25.75 | $20.75 - $25.75,V8_FIVE_RELATION_CORRECTED_NOT_SOURCE_REVIEWED,,,5a6c8b07247d129a66b828c56b8fb72c2f31db2e5d5c695ce98aaa688fc8f910,PENDING,,,
SG8-0037,MCO,0001059556,0001157523-20-001069,2020-07-30T11:32:47.000Z,a52258353_ex991.htm,https://www.sec.gov/Archives/edgar/data/1059556/000115752320001069/a52258353_ex991.htm,5625fa5b80f4c7974f87eb9d36c45421a3fb0a26d97b984d7fd9d6c63d6a466c,EPS,FY2020,UNSPECIFIED,NOT_APPLICABLE,USD_PER_SHARE,8.15,8.55,8.35,CURRENT_GUIDANCE_RANGE,AS_REPORTED,NARRATIVE_CLAUSE,49,CURRENT_CANDIDATE,CURRENT_GUIDANCE_RANGE,,,,,,FY 2020 guidance range for diluted EPS raised to $8.15 to $8.55; adjusted diluted EPS guidance raised to $8.80 to $9.20,V8_FIVE_RELATION_CORRECTED_NOT_SOURCE_REVIEWED,/html/body/document/type/sequence/filename/description/text/div[3]/div/div[1]/ul/b/li[4],HTML_LI,5d4b67ada838fdd3b2d956fe25c261fd362e4becb7710d3f8b9d6aa3a81a0cac,PENDING,,,
SG8-0038,CVS,0000064803,0000064803-26-000051,2026-05-06T10:31:25.000Z,cvs_ex99x1q1-26.htm,https://www.sec.gov/Archives/edgar/data/64803/000006480326000051/cvs_ex99x1q1-26.htm,ad45035d450a66a025a877c25253698ed01fb7df32f04c22e245383194aa9138,EPS,FY2026,NON_GAAP,NOT_APPLICABLE,USD_PER_SHARE,7.3,7.5,7.4,CURRENT_GUIDANCE_RANGE,AS_REPORTED,NARRATIVE_CLAUSE,282,CURRENT_CANDIDATE,CURRENT_GUIDANCE_RANGE,,,,,,"•First quarter total revenues increased to $100.4 billion, up 6.2% year-over-year•First quarter GAAP diluted EPS of $2.30 and Adjusted EPS of $2.57•Raising full-year 2026 guidance:◦GAAP diluted EPS guidance range to $6.24 to $6.44 from $5.94 to $6.14◦Adjusted EPS guidance range to $7.30 to $7.50 from $7.00 to $7.20◦Cash flow from operations guidance to at least $9.5 billion from at least $9.0 billion",V8_FIVE_RELATION_CORRECTED_NOT_SOURCE_REVIEWED,/html/body/document/type/sequence/filename/description/text/div[6]/table/tr[4],HTML_SINGLE_CELL_ROW,5d62f87f539db2c1d59da9ff9ff06bedfb414322218f0522f694e160c5b2fae2,PENDING,,,
SG8-0039,MCO,0001059556,0001157523-21-000934,2021-07-28T11:15:47.000Z,a52467066ex99_1.htm,https://www.sec.gov/Archives/edgar/data/1059556/000115752321000934/a52467066ex99_1.htm,ff37af8c6dc7c6120f76f04a1a6fc6e27e7c0091fba51f60e6e81a649e819c42,EPS,FY2021,NON_GAAP,NOT_APPLICABLE,USD_PER_SHARE,11.55,11.85,11.7,CURRENT_GUIDANCE_RANGE,AS_REPORTED,NARRATIVE_CLAUSE,93,CURRENT_CANDIDATE,CURRENT_GUIDANCE_RANGE,,,,,,"FY 2021 diluted EPS and adjusted diluted EPS1 guidance ranges raised to $10.95 to $11.25 and $11.55 to $11.85, respectively",V8_FIVE_RELATION_CORRECTED_NOT_SOURCE_REVIEWED,/html/body/document/type/sequence/filename/description/text/div/div[2]/div/div[1]/ul/b/li[4],HTML_LI,5fc04efbec49474eda29b3c6e3621a55ebb48bf9c29bb68570c25e2939cc2cc0,PENDING,,,
SG8-0040,MCO,0001059556,0001157523-18-002164,2018-10-26T11:30:57.000Z,a51889491ex99_1.htm,https://www.sec.gov/Archives/edgar/data/1059556/000115752318002164/a51889491ex99_1.htm,a4c6e8e8222546ee133fbf58d8ae3d472deca0a272f5e56b1f8e52aa0a06705d,EPS,FY2018,UNSPECIFIED,NOT_APPLICABLE,USD_PER_SHARE,6.95,7.1,7.025,CURRENT_GUIDANCE_RANGE,AS_REPORTED,HTML_TABLE_GRID,0,CURRENT_CANDIDATE,CURRENT_GUIDANCE_RANGE,17,11,2,Diluted EPS,"Full Year 2018 Moody's Corporation Guidance as of October 26, 2018 | Current guidance | increase in the high-single-digit percent range | approximately $30 million - $40 million | approximately $195 million | approximately 43% | approximately 48% | 22% - 23%",| Diluted EPS | | $6.95 to $7.10 | | $7.20 to $7.40,V8_FIVE_RELATION_CORRECTED_NOT_SOURCE_REVIEWED,,,62bbe98435c07f1393798bafcf8d5141e5b709706992ad4242c247e63f88c477,PENDING,,,
SG8-0041,CDNS,0000813672,0000813672-23-000024,2023-04-24T20:06:18.000Z,cfocommentary04242023ex9902.htm,https://www.sec.gov/Archives/edgar/data/813672/000081367223000024/cfocommentary04242023ex9902.htm,0dcee8933ef16d1d854708a2dea21f276f9ddcbe878bcc1c6f499da85d99f749,EPS,FY2023,GAAP,NOT_APPLICABLE,USD_PER_SHARE,4.96,5.04,5,CURRENT_GUIDANCE_RANGE,AS_REPORTED,HTML_TABLE_GRID,0,CURRENT_CANDIDATE,CURRENT_GUIDANCE_RANGE,8,33,18,Non-GAAP EPS | Non-GAAP EPS | Non-GAAP EPS | $ | 4.27,"Current | FY 2023E | ~85% | $4,030 - $4,070 | 13% - 14% | ~75% | 30% - 31% | 41% - 42% | $(18) - $(24) | $(21) - $(27) | ~26% | 17.5% | 272 - 274 | $3.26 - $3.34 | 6% - 8%",Fiscal Year 2023 Financial Outlook | Non-GAAP EPS | Non-GAAP EPS | Non-GAAP EPS | $ | 4.27 | | | | | $4.90 - $5.00 | $4.90 - $5.00 | $4.90 - $5.00 | | | | | | | $4.96 - $5.04 | $4.96 - $5.04 | $4.96 - $5.04 | | |,V8_FIVE_RELATION_CORRECTED_NOT_SOURCE_REVIEWED,,,67f837d499684d8177b8ad147a48e66f32987f7bb9a698d0d9c4230733266ccb,PENDING,,,
SG8-0042,FIS,0001136893,0001193125-25-083595,2025-04-17T12:34:42.000Z,d934755d8k.htm,https://www.sec.gov/Archives/edgar/data/1136893/000119312525083595/d934755d8k.htm,8146b1627b9d405b5fbf7804fb8deb59e3ac2f2b8a922da9ba1898bb2cfb5e20,EPS,FY2025,NON_GAAP,NOT_APPLICABLE,USD_PER_SHARE,5.7,5.8,5.75,CURRENT_GUIDANCE_RANGE,AS_REPORTED,HTML_TABLE_GRID,0,CURRENT_CANDIDATE,CURRENT_GUIDANCE_RANGE,9,4,2,Adjusted EPS (Non-GAAP)1,"FY 2025 | $10,435 - $10,495 | $4,305 - $4,335","Full-Year 2025 Outlook | The Company previously provided full-year outlook on February 11, 2025 and is re-affirming the guidance for the metrics below: | Adjusted EPS (Non-GAAP)1 | | $5.70 - $5.80",V8_FIVE_RELATION_CORRECTED_NOT_SOURCE_REVIEWED,,,86a2da35e39d77dd8e722b37335072117a92c157ba5a55632c1c03ffd0bbc50e,PENDING,,,
SG8-0043,SBUX,0000829224,0001193125-18-259482,2018-08-28T10:05:07.000Z,d614632d8k.htm,https://www.sec.gov/Archives/edgar/data/829224/000119312518259482/d614632d8k.htm,df2567699edeeb69766f854e9d9ee97629fb8b746058f70c216cfc0980cbbef0,EPS,FY2018,GAAP,NOT_APPLICABLE,USD_PER_SHARE,2.4,2.42,2.41,CURRENT_GUIDANCE_RANGE,AS_REPORTED,NARRATIVE_CLAUSE,149,CURRENT_CANDIDATE,CURRENT_GUIDANCE_RANGE,,,,,,The Company’s previously announced guidance for fiscal year 2018 of (1) GAAP EPS in the range of $3.26 to $3.28 and (2) non-GAAP EPS in the range of $2.40-$2.42 were based on the assumption that the transactions contemplated by the TA would be consummated on or after the final day of,V8_FIVE_RELATION_CORRECTED_NOT_SOURCE_REVIEWED,/html/body/document/type/sequence/filename/description/text/center[2]/div/p[11],HTML_P,920fe52f2cc8aa9f9721c6c8dd64b69d7463310601e9f535d91f862beec0d265,PENDING,,,
SG8-0044,EIX,0000827052,0000827052-24-000054,2024-07-25T20:07:55.000Z,eix-20240725xex99d2.htm,https://www.sec.gov/Archives/edgar/data/827052/000082705224000054/eix-20240725xex99d2.htm,8b4d310a20792382d2afdaec98cf8899f7b760f7c25569639054a718868cd747,EPS,Q2-2024,NON_GAAP,NOT_APPLICABLE,USD_PER_SHARE,4.75,5.05,4.9,CURRENT_GUIDANCE_RANGE,AS_REPORTED,NARRATIVE_CLAUSE,221,CURRENT_CANDIDATE,CURRENT_GUIDANCE_RANGE,,,,,,"Edison International’s core EPS for second quarter 2024 was $1.23, bring year-to-date core EPS to $2.37. With this strong start to the first half of the year, we are confident in reaffirming our 2024 core EPS guidance of $4.75 to $5.05. Based on the progress in SCE’s 2025 General Rate Case, including many partial settlements, we are also confident in getting a strong outcome for customers.",V8_FIVE_RELATION_CORRECTED_NOT_SOURCE_REVIEWED,/html/body/document/type/sequence/filename/description/text/div[2]/div[2]/p[6],HTML_P,9a41d0ca30d155df9e8ad17982a5f6d48b3fcbae3125b4b284bbb333227e95ae,PENDING,,,
SG8-0045,BDX,0000010795,0000010795-19-000002,2019-01-17T11:36:28.000Z,ex99112312018preliminary.htm,https://www.sec.gov/Archives/edgar/data/10795/000001079519000002/ex99112312018preliminary.htm,0609c269bf356bbc07f84151f8b24e0a9a45c62c0cec0c48b415451156e92c83,EPS,FY2019,NON_GAAP,NOT_APPLICABLE,USD_PER_SHARE,12.05,12.15,12.1,CURRENT_GUIDANCE_RANGE,AS_REPORTED,HTML_TABLE_GRID,0,CURRENT_CANDIDATE,CURRENT_GUIDANCE_RANGE,16,10,6,Adjusted Fully Diluted Earnings per Share | $ | 11.01,FY2019 Outlook | Full Year FY2019 Outlook,| Adjusted Fully Diluted Earnings per Share | | $ | 11.01 | | | $12.05 to 12.15 | | ~10%,V8_FIVE_RELATION_CORRECTED_NOT_SOURCE_REVIEWED,,,d860a6898d61a99161927cb5440fe9e75f0092ccc5b2054f5de314f66e4f6f8d,PENDING,,,
SG8-0046,HSIC,0001000228,0001000228-22-000013,2022-02-15T11:48:01.000Z,exhibit991.htm,https://www.sec.gov/Archives/edgar/data/1000228/000100022822000013/exhibit991.htm,4930895800aff1d81d5a24de7894e0840727f5ae187d6397b867eeaa8ea0ed1b,EPS,FY2022,GAAP,NOT_APPLICABLE,USD_PER_SHARE,4.75,4.91,4.83,CURRENT_GUIDANCE_RANGE,AS_REPORTED,NARRATIVE_CLAUSE,67,CURRENT_CANDIDATE,CURRENT_GUIDANCE_RANGE,,,,,,"full-year 2022 GAAP diluted EPS guidance to be $4.75 to $4.91, reflecting",V8_FIVE_RELATION_CORRECTED_NOT_SOURCE_REVIEWED,/html/body/document/type/sequence/filename/description/text/div/div[1]/p[15],HTML_P,e016f921d62e423bee5d1e42946a4e75a02a61149cb8aece63e6a98ef476cea0,PENDING,,,
SG8-0047,MCO,0001059556,0001628280-26-026383,2026-04-22T10:59:06.000Z,a1q26earningsrelease.htm,https://www.sec.gov/Archives/edgar/data/1059556/000162828026026383/a1q26earningsrelease.htm,8505f6ea5cc1b4b306e868c8d57fff26e54de5fde51fd63b43eb1172b9423617,FREE_CASH_FLOW,FY2026,NON_GAAP,NOT_APPLICABLE,USD,2800000000,3000000000,2900000000,CURRENT_GUIDANCE_RANGE,AS_REPORTED,HTML_TABLE_GRID,0,CURRENT_CANDIDATE,CURRENT_GUIDANCE_RANGE,11,13,3,Free Cash Flow (1) | Free Cash Flow (1) | Free Cash Flow (1),"Full Year 2026 Moody's Corporation Guidance as of April 22, 2026 | Last Publicly Disclosed Guidance | Increase in the high-single-digit percent range | Increase in the mid-single-digit percent range | 45% to 46% | 52% to 53% | $210 to $230 million | ($180 to $200 million) | 23% to 25% | $15.00 to $15.60 | $16.40 to $17.00 | $3.25 to $3.45 billion",| Free Cash Flow (1) | Free Cash Flow (1) | Free Cash Flow (1) | $2.8 to $3.0 billion | $2.8 to $3.0 billion | $2.8 to $3.0 billion | NC | NC | NC,V8_FIVE_RELATION_CORRECTED_NOT_SOURCE_REVIEWED,,,10dae7b7fc8a6fc4416506546f20acab3720ca55076004c405eb6c0f5c8faac1,PENDING,,,
SG8-0048,MCO,0001059556,0001157523-19-001632,2019-07-31T11:30:12.000Z,a52021921ex99_1.htm,https://www.sec.gov/Archives/edgar/data/1059556/000115752319001632/a52021921ex99_1.htm,2bc2e33e50aa4e9122d16fdbf75f365ec9228346fc91505a1d861a9503fea3e5,FREE_CASH_FLOW,FY2019,NON_GAAP,NOT_APPLICABLE,USD,1600000000,1700000000,1650000000,CURRENT_GUIDANCE_RANGE,AS_REPORTED,HTML_TABLE_GRID,0,CURRENT_CANDIDATE,CURRENT_GUIDANCE_RANGE,17,13,3,Free cash flow(2) | Free cash flow(2) | Free cash flow(2),"Full Year 2019 Moody's Corporation Guidance as of July 31, 2019 | Current guidance | increase in the mid-single-digit percent range | increase in the high-single-digit percent range | approximately 42% | approximately 48% | approximately $195 million | 21% - 22% | $7.15 to $7.35 | $7.95 to $8.15 | $1.7 to $1.8 billion","Three Months Ended June 30, 2019 Amounts in millions Reported change FX impact Change on a constant currency basis $ % $ % $ % MIS Revenue $ (13.9) (1.8%) $ (10.6) (1.4%) $ (3.3) (0.4%) | Table 13 - 2019 Outlook | Moody’s outlook for 2019 is based on assumptions about many geopolitical conditions and macroeconomic and capital market factors, including interest rates, foreign currency exchange rates, corporate profitability and business investment spending, mergers and acquisitions, consumer borrowing and securitization, and the level of debt capital markets activity. These assumptions are subject to uncertainty, and results for the year could differ materially from our current outlook. Our guidance assumes foreign currency translation at end-of-quarter exchange rates. Specifically, our forecast for the remainder of 2019 reflects exchange rates for the British pound (£) of $1.27 to £1 and for the euro (€) of $1.14 to €1. | Free cash flow(2) | Free cash flow(2) | Free cash flow(2) | $1.6 to $1.7 billion | $1.6 to $1.7 billion | $1.6 to $1.7 billion | $1.6 to $1.7 billion | NC | NC | NC | NC |",V8_FIVE_RELATION_CORRECTED_NOT_SOURCE_REVIEWED,,,16dd83f2db877593369fc0c821244d70e379a317add547ba44f4035408028824,PENDING,,,
SG8-0049,MCO,0001059556,0001059556-25-000165,2025-07-23T10:59:13.000Z,a2q25earningsrelease.htm,https://www.sec.gov/Archives/edgar/data/1059556/000105955625000165/a2q25earningsrelease.htm,ae0ea13de4d1ea2c67d261d52b23d94c9ef63130f02233bf950310b191f23f65,FREE_CASH_FLOW,FY2025,NON_GAAP,NOT_APPLICABLE,USD,2300000000,2500000000,2400000000,CURRENT_GUIDANCE_RANGE,AS_REPORTED,HTML_TABLE_GRID,0,CURRENT_CANDIDATE,CURRENT_GUIDANCE_RANGE,48,12,3,Free Cash Flow (1) | Free Cash Flow (1) | Free Cash Flow (1),"Full Year 2025 Moody's Corporation Guidance as of July 23, 2025 | Last Publicly Disclosed Guidance | Increase in the mid-single-digit percent range | Increase in the low-to-mid-single-digit percent range | 42% to 43% | 49% to 50% | $220 million to $240 million | 23% to 25% | $12.00 to $12.75 | $13.25 to $14.00 | $2.65 to $2.85 billion",| Free Cash Flow (1) | Free Cash Flow (1) | Free Cash Flow (1) | $2.30 to $2.50 billion | $2.30 to $2.50 billion | $2.30 to $2.50 billion | NC | NC | NC,V8_FIVE_RELATION_CORRECTED_NOT_SOURCE_REVIEWED,,,759bc30182a929ca1f6a45ed76887464929916c0ec1a30b6c035e189923675d0,PENDING,,,
SG8-0050,MCO,0001059556,0001059556-24-000012,2024-02-13T12:00:40.000Z,a4q23earningsrelease.htm,https://www.sec.gov/Archives/edgar/data/1059556/000105955624000012/a4q23earningsrelease.htm,7bb39baf191e5fd70514b5f3668acb7ff034f3c21bd1330ecaba5a5c5038a45c,FREE_CASH_FLOW,FY2024,NON_GAAP,NOT_APPLICABLE,USD,1900000000,2100000000,2000000000,CURRENT_GUIDANCE_RANGE,AS_REPORTED,HTML_TABLE_GRID,0,CURRENT_CANDIDATE,CURRENT_GUIDANCE_RANGE,43,12,3,Free Cash Flow (1) | Free Cash Flow (1) | Free Cash Flow (1),"Full Year 2024 Moody's Corporation Guidance as of February 13, 2024 | Current guidance | Increase in the high-single-digit to low-double-digit percent range | Increase in the mid-to-high-single-digit percent range | 37% to 39% | 44% to 46% | $240 - $260 million | 22% to 24% | $9.45 to $10.20 | $10.25 to $11.00 | $2.3 to $2.5 billion",| Free Cash Flow (1) | Free Cash Flow (1) | Free Cash Flow (1) | $1.9 to $2.1 billion | $1.9 to $2.1 billion | $1.9 to $2.1 billion,V8_FIVE_RELATION_CORRECTED_NOT_SOURCE_REVIEWED,,,9e6a97093ae8bd3f75062eda574700d401f2d44cfdb5fee8cbca8657e98703ec,PENDING,,,
SG8-0051,MSCI,0001408198,0001408198-25-000194,2025-10-28T10:46:17.000Z,exhibit991earningsrelease-.htm,https://www.sec.gov/Archives/edgar/data/1408198/000140819825000194/exhibit991earningsrelease-.htm,19c5b3bbaddea85cf90e16d153b7a3fac24baf57fe4c1404c9b151ee9335eaac,FREE_CASH_FLOW,FY2025,NON_GAAP,NOT_APPLICABLE,USD,1410000000,1470000000,1440000000,CURRENT_GUIDANCE_RANGE,AS_REPORTED,HTML_TABLE_GRID,0,CURRENT_CANDIDATE,CURRENT_GUIDANCE_RANGE,5,9,3,Free Cash Flow | Free Cash Flow | Free Cash Flow,"Current Guidance for Full-Year 2025 | $1,415 to $1,445 million | $1,230 to $1,250 million | $205 to $209 million | $185 to $195 million | 16.0% to 18.0% | $120 to $130 million | $1,540 to $1,590 million","| Free Cash Flow | Free Cash Flow | Free Cash Flow | $1,410 to $1,470 million | $1,410 to $1,470 million | $1,410 to $1,470 million | $1,400 to $1,460 million | $1,400 to $1,460 million | $1,400 to $1,460 million",V8_FIVE_RELATION_CORRECTED_NOT_SOURCE_REVIEWED,,,a61c3aea3ec26d6c53bc96ff9c8fe2f502e9541df14d38845fadd9ed31faa61d,PENDING,,,
SG8-0052,MSCI,0001408198,0001408198-24-000072,2024-04-23T10:51:39.000Z,earningsrelease-20240331.htm,https://www.sec.gov/Archives/edgar/data/1408198/000140819824000072/earningsrelease-20240331.htm,4cc57dc8aa84d27cb333900942b250e3fd85cf01e88497cca8ae245b6f9c5e62,FREE_CASH_FLOW,FY2024,NON_GAAP,NOT_APPLICABLE,USD,1225000000,1285000000,1255000000,CURRENT_GUIDANCE_RANGE,AS_REPORTED,HTML_TABLE_GRID,0,CURRENT_CANDIDATE,CURRENT_GUIDANCE_RANGE,10,9,3,Free Cash Flow | Free Cash Flow | Free Cash Flow,"Current Guidance for Full-Year 2024 | $1,300 to $1,340 million | $1,130 to $1,160 million | $185 to $189 million | $170 to $180 million | 18% to 21% | $95 to $105 million | $1,330 to $1,380 million","| Free Cash Flow | Free Cash Flow | Free Cash Flow | $1,225 to $1,285 million | $1,225 to $1,285 million | $1,225 to $1,285 million",V8_FIVE_RELATION_CORRECTED_NOT_SOURCE_REVIEWED,,,a9e526fc537eb4ecae2292430f49ab4802fa52108911d70e0aa60c05866def3b,PENDING,,,
SG8-0053,MCO,0001059556,0001157523-20-000190,2020-02-12T12:30:39.000Z,a52172350_ex991.htm,https://www.sec.gov/Archives/edgar/data/1059556/000115752320000190/a52172350_ex991.htm,d8b99bb935e4533cdf2836a9633e8b1b55491ebd93c0d6f7bb3d50d5f3cc046e,FREE_CASH_FLOW,FY2020,NON_GAAP,NOT_APPLICABLE,USD,1700000000,1800000000,1750000000,CURRENT_GUIDANCE_RANGE,AS_REPORTED,HTML_TABLE_GRID,0,CURRENT_CANDIDATE,CURRENT_GUIDANCE_RANGE,17,11,1,Free cash flow(1),"Full Year 2020 Moody's Corporation Guidance as of February 12, 2020 | MOODY'S CORPORATION | increase in the mid-single-digit percent range | increase in the low-single-digit percent range | approximately 44% | 48% - 49% | $180 - $200 million | 20% - 22% | $8.60 to $8.80 | $9.10 to $9.30 | $1.8 to $1.9 billion","Note: The tax impacts in the table above were calculated using tax rates in effect in the jurisdiction for which the item relates. | Table 12 - 2020 Outlook | Moody's outlook for 2020 is based on assumptions about many geopolitical conditions and macroeconomic and capital market factors, including interest rates, foreign currency exchange rates, corporate profitability and business investment spending, mergers and acquisitions, consumer borrowing and securitization, and the amount of debt issued. These assumptions are subject to uncertainty, and results for the year could differ materially from our current outlook. Our guidance assumes timely closing of the recently announced acquisition of Regulatory DataCorp and assumes foreign currency translation at end-of-quarter exchange rates. Specifically, our forecast reflects exchange rates for the British pound (£) of $1.31 to £1 and for the euro (€) of $1.11 to €1. | Free cash flow(1) | $1.7 to $1.8 billion",V8_FIVE_RELATION_CORRECTED_NOT_SOURCE_REVIEWED,,,b8b6b8bec84a5aa7d92ef84d63302beb85586b67d531c034ecb21e29a0002b0d,PENDING,,,
SG8-0054,MSCI,0001408198,0001157523-22-000470,2022-04-26T11:00:58.000Z,a52697045ex99_1.htm,https://www.sec.gov/Archives/edgar/data/1408198/000115752322000470/a52697045ex99_1.htm,b7026c38757294796ca3788829a51422bcc552d26df75eae66d1e7ae0f03782d,FREE_CASH_FLOW,FY2022,NON_GAAP,NOT_APPLICABLE,USD,1050000000,1100000000,1075000000,CURRENT_GUIDANCE_RANGE,AS_REPORTED,HTML_TABLE_GRID,0,CURRENT_CANDIDATE,CURRENT_GUIDANCE_RANGE,5,8,1,Free Cash Flow,"Current Guidance for Full-Year 2022 | $1,075 to $1,115 million | $975 to $1,005 million | ~$162 million | $100 to $110 million | 15.5% to 18.5% | $60 to $70 million | $1,120 to $1,160 million","Full-Year 2022 Guidance | MSCI's guidance for the year ending December 31, 2022 (“Full-Year 2022”) is based on assumptions about a number of macroeconomic and capital market factors, in particular related to equity markets. These assumptions are subject to uncertainty, and actual results for the year could differ materially from our current guidance, including as a result of ongoing uncertainty related to the duration, magnitude and impact of the ongoing COVID-19 pandemic as well as the economic and market impacts of elevated inflation levels and Russia’s invasion of Ukraine. | There were no changes to MSCI’s previously published guidance on January 27, 2022. | Free Cash Flow | $1,050 to $1,100 million",V8_FIVE_RELATION_CORRECTED_NOT_SOURCE_REVIEWED,,,cb78daf4620223daeca4155312512fccdbd8bbfbec4b8268235114d242551c0d,PENDING,,,
SG8-0055,URI,0001067701,0001193125-18-313096,2018-10-31T13:28:38.000Z,d646480dex991.htm,https://www.sec.gov/Archives/edgar/data/1067701/000119312518313096/d646480dex991.htm,e57e423a4591b0ce12d9a37c851e234607efd4ad391bd1d34bf5a60210fe239e,FREE_CASH_FLOW,FY2018,NON_GAAP,NOT_APPLICABLE,USD,1250000000,1350000000,1300000000,CURRENT_GUIDANCE_RANGE,AS_REPORTED,HTML_TABLE_GRID,0,CURRENT_CANDIDATE,CURRENT_GUIDANCE_RANGE,1,6,4,Free cash flow (excluding the impact of merger and restructuring related costs)2,"Current Outlook | $7.89 billion to $7.99 billion | $3.815 billion to $3.865 billion | $1.35 billion to $1.45 billion, after gross purchases of $2.0billion to $2.1 billion | $2.725 billion to $2.875 billion","2018 Guidance | The company has updated its full-year 2018 guidance solely to reflect the expected impact of the BlueLine acquisition. The new guidance adds $120 million of total revenue and $50 million of adjusted EBITDA to the guidance previously released on October 17, 2018: | Free cash flow (excluding the impact of merger and restructuring related costs)2 | | $1.25 billion to $1.35 billion | | $1.25 billion to $1.35 billion",V8_FIVE_RELATION_CORRECTED_NOT_SOURCE_REVIEWED,,,e6bfe2c5cf7c96c24745ec19184439fd73b58d9221cc4ce859f262aa24a88bd0,PENDING,,,
SG8-0056,ALB,0000915913,0000915913-23-000113,2023-05-03T20:25:28.000Z,a1q23earningsreleaseex991.htm,https://www.sec.gov/Archives/edgar/data/915913/000091591323000113/a1q23earningsreleaseex991.htm,9375c7fe0bfee4e13798a1b97b1226b02855b53d644de8f16533bd901e87581c,MARGIN,FY2023,NON_GAAP,NOT_APPLICABLE,PERCENT,34,35,34.5,CURRENT_GUIDANCE_RANGE,AS_REPORTED,HTML_TABLE_GRID,0,CURRENT_CANDIDATE,CURRENT_GUIDANCE_RANGE,2,4,9,Adjusted EBITDA Margin(a) | Adjusted EBITDA Margin(a) | Adjusted EBITDA Margin(a),"FY 2023 Guidance as of May 3, 2023 | $9.8 - $11.5 billion | $3.3 - $4.0 billion",| Adjusted EBITDA Margin(a) | Adjusted EBITDA Margin(a) | Adjusted EBITDA Margin(a) | 37% - 40% | 37% - 40% | 37% - 40% | | | | 34% - 35% | 34% - 35% | 34% - 35%,V8_FIVE_RELATION_CORRECTED_NOT_SOURCE_REVIEWED,,,191e80b4ba400757db30c3d65a51511f810bbdcc291d2b85eb1cf086dcda4b93,PENDING,,,
SG8-0057,MCO,0001059556,0001157523-19-001632,2019-07-31T11:30:12.000Z,a52021921ex99_1.htm,https://www.sec.gov/Archives/edgar/data/1059556/000115752319001632/a52021921ex99_1.htm,2bc2e33e50aa4e9122d16fdbf75f365ec9228346fc91505a1d861a9503fea3e5,MARGIN,FY2019,NON_GAAP,NOT_APPLICABLE,PERCENT,28,29,28.5,CURRENT_GUIDANCE_RANGE,AS_REPORTED,HTML_TABLE_GRID,0,CURRENT_CANDIDATE,CURRENT_GUIDANCE_RANGE,17,29,3,MA adjusted operating margin | MA adjusted operating margin | MA adjusted operating margin,"Full Year 2019 Moody's Corporation Guidance as of July 31, 2019 | Current guidance | increase in the mid-single-digit percent range | increase in the high-single-digit percent range | approximately 42% | approximately 48% | approximately $195 million | 21% - 22% | $7.15 to $7.35 | $7.95 to $8.15 | $1.7 to $1.8 billion | $1.6 to $1.7 billion | $1.0 to $1.3 billion (subject to available cash, market conditions and other ongoing capital allocation decisions) | NC - There is no difference between th","Three Months Ended June 30, 2019 Amounts in millions Reported change FX impact Change on a constant currency basis $ % $ % $ % MIS Revenue $ (13.9) (1.8%) $ (10.6) (1.4%) $ (3.3) (0.4%) | Table 13 - 2019 Outlook | Moody’s outlook for 2019 is based on assumptions about many geopolitical conditions and macroeconomic and capital market factors, including interest rates, foreign currency exchange rates, corporate profitability and business investment spending, mergers and acquisitions, consumer borrowing and securitization, and the level of debt capital markets activity. These assumptions are subject to uncertainty, and results for the year could differ materially from our current outlook. Our guidance assumes foreign currency translation at end-of-quarter exchange rates. Specifically, our forecast for the remainder of 2019 reflects exchange rates for the British pound (£) of $1.27 to £1 and for the euro (€) of $1.14 to €1. | MA adjusted operating margin | MA adjusted operating margin | MA adjusted operating margin | 28% - 29% | 28% - 29% | 28% - 29% | 28% - 29% | 29% - 30% | 29% - 30% | 29% - 30% | 29% - 30% |",V8_FIVE_RELATION_CORRECTED_NOT_SOURCE_REVIEWED,,,3d737409e531a460ddb1467ed78c0805be0ba083e779e68b4f0a93d55a62da35,PENDING,,,
SG8-0058,ALB,0000915913,0000915913-23-000178,2023-11-01T20:26:53.000Z,a3q23earningsreleaseex991.htm,https://www.sec.gov/Archives/edgar/data/915913/000091591323000178/a3q23earningsreleaseex991.htm,f2fbb25d5edea1dcb277b711cc2d020825003559b14cd51f96dba517a4acf7d2,MARGIN,FY2023,NON_GAAP,NOT_APPLICABLE,PERCENT,34,35,34.5,CURRENT_GUIDANCE_RANGE,AS_REPORTED,HTML_TABLE_GRID,0,CURRENT_CANDIDATE,CURRENT_GUIDANCE_RANGE,2,4,9,Adjusted EBITDA Margin(a) | Adjusted EBITDA Margin(a) | Adjusted EBITDA Margin(a),"FY 2023 Outlook as of November 1, 2023 | $9.5 - $9.8 billion | $3.2 - $3.4 billion",| Adjusted EBITDA Margin(a) | Adjusted EBITDA Margin(a) | Adjusted EBITDA Margin(a) | 37% - 38% | 37% - 38% | 37% - 38% | | | | 34% - 35% | 34% - 35% | 34% - 35%,V8_FIVE_RELATION_CORRECTED_NOT_SOURCE_REVIEWED,,,3ea331be40a53ba0cb47bf1fcaedd23e1e374dca64c1aba391e68aabd8d4511c,PENDING,,,
SG8-0059,MCO,0001059556,0001059556-25-000165,2025-07-23T10:59:13.000Z,a2q25earningsrelease.htm,https://www.sec.gov/Archives/edgar/data/1059556/000105955625000165/a2q25earningsrelease.htm,ae0ea13de4d1ea2c67d261d52b23d94c9ef63130f02233bf950310b191f23f65,MARGIN,FY2025,UNSPECIFIED,NOT_APPLICABLE,PERCENT,42,43,42.5,CURRENT_GUIDANCE_RANGE,AS_REPORTED,HTML_TABLE_GRID,0,CURRENT_CANDIDATE,CURRENT_GUIDANCE_RANGE,48,5,3,Operating Margin | Operating Margin | Operating Margin,"Full Year 2025 Moody's Corporation Guidance as of July 23, 2025 | Last Publicly Disclosed Guidance | Increase in the mid-single-digit percent range | Increase in the low-to-mid-single-digit percent range",| Operating Margin | Operating Margin | Operating Margin | 42% to 43% | 42% to 43% | 42% to 43% | NC | NC | NC,V8_FIVE_RELATION_CORRECTED_NOT_SOURCE_REVIEWED,,,58b0f4bac0f4a6ec923060d5ab0c012ebb598665ad1a42c9f37226fdcd2d7930,PENDING,,,
SG8-0060,MCO,0001059556,0001059556-25-000165,2025-07-23T10:59:13.000Z,a2q25earningsrelease.htm,https://www.sec.gov/Archives/edgar/data/1059556/000105955625000165/a2q25earningsrelease.htm,ae0ea13de4d1ea2c67d261d52b23d94c9ef63130f02233bf950310b191f23f65,MARGIN,FY2025,NON_GAAP,NOT_APPLICABLE,PERCENT,49,50,49.5,CURRENT_GUIDANCE_RANGE,AS_REPORTED,HTML_TABLE_GRID,0,CURRENT_CANDIDATE,CURRENT_GUIDANCE_RANGE,48,6,3,Adjusted Operating Margin (1) | Adjusted Operating Margin (1) | Adjusted Operating Margin (1),"Full Year 2025 Moody's Corporation Guidance as of July 23, 2025 | Last Publicly Disclosed Guidance | Increase in the mid-single-digit percent range | Increase in the low-to-mid-single-digit percent range | 42% to 43%",| Adjusted Operating Margin (1) | Adjusted Operating Margin (1) | Adjusted Operating Margin (1) | 49% to 50% | 49% to 50% | 49% to 50% | NC | NC | NC,V8_FIVE_RELATION_CORRECTED_NOT_SOURCE_REVIEWED,,,58b0f4bac0f4a6ec923060d5ab0c012ebb598665ad1a42c9f37226fdcd2d7930,PENDING,,,
SG8-0061,MCO,0001059556,0001059556-25-000165,2025-07-23T10:59:13.000Z,a2q25earningsrelease.htm,https://www.sec.gov/Archives/edgar/data/1059556/000105955625000165/a2q25earningsrelease.htm,ae0ea13de4d1ea2c67d261d52b23d94c9ef63130f02233bf950310b191f23f65,MARGIN,FY2025,NON_GAAP,NOT_APPLICABLE,PERCENT,32,33,32.5,CURRENT_GUIDANCE_RANGE,AS_REPORTED,HTML_TABLE_GRID,0,CURRENT_CANDIDATE,CURRENT_GUIDANCE_RANGE,48,17,3,MA Adjusted Operating Margin | MA Adjusted Operating Margin | MA Adjusted Operating Margin,"Full Year 2025 Moody's Corporation Guidance as of July 23, 2025 | Last Publicly Disclosed Guidance | Increase in the mid-single-digit percent range | Increase in the low-to-mid-single-digit percent range | 42% to 43% | 49% to 50% | $220 million to $240 million | 23% to 25% | $12.00 to $12.75 | $13.25 to $14.00 | $2.65 to $2.85 billion | $2.30 to $2.50 billion | At least $1.3 billion(subject to available cash, market conditions, M&A opportunitiesand other ongoing capital allocation decisions) | I",| MA Adjusted Operating Margin | MA Adjusted Operating Margin | MA Adjusted Operating Margin | 32% to 33% | 32% to 33% | 32% to 33% | NC | NC | NC,V8_FIVE_RELATION_CORRECTED_NOT_SOURCE_REVIEWED,,,58b0f4bac0f4a6ec923060d5ab0c012ebb598665ad1a42c9f37226fdcd2d7930,PENDING,,,
SG8-0062,MCO,0001059556,0001059556-25-000165,2025-07-23T10:59:13.000Z,a2q25earningsrelease.htm,https://www.sec.gov/Archives/edgar/data/1059556/000105955625000165/a2q25earningsrelease.htm,ae0ea13de4d1ea2c67d261d52b23d94c9ef63130f02233bf950310b191f23f65,MARGIN,FY2025,NON_GAAP,NOT_APPLICABLE,PERCENT,61,62,61.5,CURRENT_GUIDANCE_RANGE,AS_REPORTED,HTML_TABLE_GRID,0,CURRENT_CANDIDATE,CURRENT_GUIDANCE_RANGE,48,20,3,MIS Adjusted Operating Margin | MIS Adjusted Operating Margin | MIS Adjusted Operating Margin,"Full Year 2025 Moody's Corporation Guidance as of July 23, 2025 | Last Publicly Disclosed Guidance | Increase in the mid-single-digit percent range | Increase in the low-to-mid-single-digit percent range | 42% to 43% | 49% to 50% | $220 million to $240 million | 23% to 25% | $12.00 to $12.75 | $13.25 to $14.00 | $2.65 to $2.85 billion | $2.30 to $2.50 billion | At least $1.3 billion(subject to available cash, market conditions, M&A opportunitiesand other ongoing capital allocation decisions) | I",| MIS Adjusted Operating Margin | MIS Adjusted Operating Margin | MIS Adjusted Operating Margin | 61% to 62% | 61% to 62% | 61% to 62% | NC | NC | NC,V8_FIVE_RELATION_CORRECTED_NOT_SOURCE_REVIEWED,,,58b0f4bac0f4a6ec923060d5ab0c012ebb598665ad1a42c9f37226fdcd2d7930,PENDING,,,
SG8-0063,MCO,0001059556,0001157523-18-001569,2018-07-27T11:30:44.000Z,a51843924ex99_1.htm,https://www.sec.gov/Archives/edgar/data/1059556/000115752318001569/a51843924ex99_1.htm,e2d51f2772ca94168a8a30c96b4cb95c816001e9399d3b508abf0c63163cba37,MARGIN,FY2018,NON_GAAP,NOT_APPLICABLE,PERCENT,48,49,48.5,CURRENT_GUIDANCE_RANGE,AS_REPORTED,HTML_TABLE_GRID,0,CURRENT_CANDIDATE,CURRENT_GUIDANCE_RANGE,15,8,2,Adjusted operating margin(1),"Full Year 2018 Moody's Corporation Guidance as of July 27, 2018 | Current guidance | increase in the high-single-digit percent range | approximately $195 million | approximately 44%",| Adjusted operating margin(1) | | 48% - 49% | | approximately 48%,V8_FIVE_RELATION_CORRECTED_NOT_SOURCE_REVIEWED,,,63103cfa7ff5b7de9b1a6fd4f70981f58e98c2a010a69733eecaf30fb06c301a,PENDING,,,
SG8-0064,GEN,0000849399,0001157523-19-000204,2019-01-31T16:20:25.000Z,a51933078ex99_01.htm,https://www.sec.gov/Archives/edgar/data/849399/000115752319000204/a51933078ex99_01.htm,799969c410d92163b3c01e658e9a6e4e7067b002b95128fc8f5bedccf2aa002d,MARGIN,FY2019,UNSPECIFIED,NOT_APPLICABLE,PERCENT,9,10,9.5,CURRENT_GUIDANCE_RANGE,AS_REPORTED,HTML_TABLE_GRID,0,CURRENT_CANDIDATE,CURRENT_GUIDANCE_RANGE,5,2,1,Operating Margin,"GAAP | $1,185M - $1,215M","· GAAP diluted EPS was $0.10, non-GAAP diluted EPS was $0.44 | · Cash flow from operating activities of $377 million | Fourth Quarter and Fiscal Year 2019 Guidance | Operating Margin | 9% - 10% | 30%",V8_FIVE_RELATION_CORRECTED_NOT_SOURCE_REVIEWED,,,79e247020c00e1015eef10da2381f8bea774d5f95e0d6eb3a7143a06f93ddc7f,PENDING,,,
SG8-0065,ALB,0000915913,0000915913-22-000134,2022-08-03T20:27:49.000Z,a2q22earningsreleaseex991.htm,https://www.sec.gov/Archives/edgar/data/915913/000091591322000134/a2q22earningsreleaseex991.htm,5c6fa060f08eff54f13b42fb0d7a87917f319377511ca709b0f11399f00d55c6,MARGIN,FY2022,NON_GAAP,NOT_APPLICABLE,PERCENT,45,47,46,CURRENT_GUIDANCE_RANGE,AS_REPORTED,HTML_TABLE_GRID,0,CURRENT_CANDIDATE,CURRENT_GUIDANCE_RANGE,2,4,9,Adjusted EBITDA Margin | Adjusted EBITDA Margin | Adjusted EBITDA Margin,FY 2022 GuidanceFurther Updated | $7.1 - $7.5 billion | $3.2 - $3.5 billion,| Adjusted EBITDA Margin | Adjusted EBITDA Margin | Adjusted EBITDA Margin | | | | 38% - 40% | 38% - 40% | 38% - 40% | 45% - 47% | 45% - 47% | 45% - 47%,V8_FIVE_RELATION_CORRECTED_NOT_SOURCE_REVIEWED,,,939bb2fcf6c800fee72058f94aacc8cbf8b2c510e21b89649fd43aafb88acbe1,PENDING,,,
SG8-0066,MCO,0001059556,0001059556-24-000012,2024-02-13T12:00:40.000Z,a4q23earningsrelease.htm,https://www.sec.gov/Archives/edgar/data/1059556/000105955624000012/a4q23earningsrelease.htm,7bb39baf191e5fd70514b5f3668acb7ff034f3c21bd1330ecaba5a5c5038a45c,MARGIN,FY2024,UNSPECIFIED,NOT_APPLICABLE,PERCENT,37,39,38,CURRENT_GUIDANCE_RANGE,AS_REPORTED,HTML_TABLE_GRID,0,CURRENT_CANDIDATE,CURRENT_GUIDANCE_RANGE,43,5,3,Operating Margin | Operating Margin | Operating Margin,"Full Year 2024 Moody's Corporation Guidance as of February 13, 2024 | Current guidance | Increase in the high-single-digit to low-double-digit percent range | Increase in the mid-to-high-single-digit percent range",| Operating Margin | Operating Margin | Operating Margin | 37% to 39% | 37% to 39% | 37% to 39%,V8_FIVE_RELATION_CORRECTED_NOT_SOURCE_REVIEWED,,,986ac7f7eafd7d18e46ec2187e1f723e8ec82fb846d9b750290b5bf50aa0ba8d,PENDING,,,
SG8-0067,MCO,0001059556,0001059556-24-000012,2024-02-13T12:00:40.000Z,a4q23earningsrelease.htm,https://www.sec.gov/Archives/edgar/data/1059556/000105955624000012/a4q23earningsrelease.htm,7bb39baf191e5fd70514b5f3668acb7ff034f3c21bd1330ecaba5a5c5038a45c,MARGIN,FY2024,NON_GAAP,NOT_APPLICABLE,PERCENT,55.5,57.5,56.5,CURRENT_GUIDANCE_RANGE,AS_REPORTED,HTML_TABLE_GRID,0,CURRENT_CANDIDATE,CURRENT_GUIDANCE_RANGE,43,20,3,MIS Adjusted Operating Margin | MIS Adjusted Operating Margin | MIS Adjusted Operating Margin,"Full Year 2024 Moody's Corporation Guidance as of February 13, 2024 | Current guidance | Increase in the high-single-digit to low-double-digit percent range | Increase in the mid-to-high-single-digit percent range | 37% to 39% | 44% to 46% | $240 - $260 million | 22% to 24% | $9.45 to $10.20 | $10.25 to $11.00 | $2.3 to $2.5 billion | $1.9 to $2.1 billion | Approximately $1.0 billion (subject to available cash, market conditions, M&A opportunities, and other ongoing capital allocation decisions)",| MIS Adjusted Operating Margin | MIS Adjusted Operating Margin | MIS Adjusted Operating Margin | 55.5% to 57.5% | 55.5% to 57.5% | 55.5% to 57.5%,V8_FIVE_RELATION_CORRECTED_NOT_SOURCE_REVIEWED,,,986ac7f7eafd7d18e46ec2187e1f723e8ec82fb846d9b750290b5bf50aa0ba8d,PENDING,,,
SG8-0068,MAR,0001048286,0001628280-18-001699,2018-02-14T22:32:46.000Z,mar-2017q4earningsreleasee.htm,https://www.sec.gov/Archives/edgar/data/1048286/000162828018001699/mar-2017q4earningsreleasee.htm,e034e2af2b67762a97e01662049d9bcbe9f9c37f79b2827fd8be70d97c6295b2,OPERATING_INCOME,FY2018,UNSPECIFIED,NOT_APPLICABLE,USD,2590000000,2695000000,2642500000,CURRENT_GUIDANCE_RANGE,AS_REPORTED,HTML_TABLE_GRID,0,CURRENT_CANDIDATE,CURRENT_GUIDANCE_RANGE,10,9,1,Operating income,"2018 Full Year Outlook Both Including and Excluding the Impact of the New Revenue Standard | Full Year 2018 Outlook1 | $3,535 million to $3,620 million | Approx. $55 million | $285 million to $295 million | Approx. $230 million | $935 million to $945 million","| Operating income | $2,590 million to $2,695 million | $2,640 million to $2,745 million",V8_FIVE_RELATION_CORRECTED_NOT_SOURCE_REVIEWED,,,48d7a026b764e1c48a720ae9df84a12bb4a79b04eef49af1214091806a326919,PENDING,,,
SG8-0069,MAR,0001048286,0001628280-18-001699,2018-02-14T22:32:46.000Z,mar-2017q4earningsreleasee.htm,https://www.sec.gov/Archives/edgar/data/1048286/000162828018001699/mar-2017q4earningsreleasee.htm,e034e2af2b67762a97e01662049d9bcbe9f9c37f79b2827fd8be70d97c6295b2,OPERATING_INCOME,FY2018,UNSPECIFIED,NOT_APPLICABLE,USD,2640000000,2745000000,2692500000,CURRENT_GUIDANCE_RANGE,AS_REPORTED,HTML_TABLE_GRID,0,CURRENT_CANDIDATE,CURRENT_GUIDANCE_RANGE,10,9,2,Operating income,"2018 Full Year Outlook Both Including and Excluding the Impact of the New Revenue Standard | Full Year 2018 Excluding the Impact of the New Revenue Standard1 | $3,560 million to $3,645 million | Approx. $0 | $310 million to $320 million | Approx. $295 million | $925 million to $935 million","| Operating income | $2,590 million to $2,695 million | $2,640 million to $2,745 million",V8_FIVE_RELATION_CORRECTED_NOT_SOURCE_REVIEWED,,,48d7a026b764e1c48a720ae9df84a12bb4a79b04eef49af1214091806a326919,PENDING,,,
SG8-0070,ALB,0000915913,0000915913-23-000113,2023-05-03T20:25:28.000Z,a1q23earningsreleaseex991.htm,https://www.sec.gov/Archives/edgar/data/915913/000091591323000113/a1q23earningsreleaseex991.htm,9375c7fe0bfee4e13798a1b97b1226b02855b53d644de8f16533bd901e87581c,REVENUE,FY2023,UNSPECIFIED,NOT_APPLICABLE,USD,9800000000,11500000000,10650000000,CURRENT_GUIDANCE_RANGE,AS_REPORTED,HTML_TABLE_GRID,0,CURRENT_CANDIDATE,CURRENT_GUIDANCE_RANGE,2,2,9,Net sales | Net sales | Net sales,"FY 2023 Guidance as of May 3, 2023",| Net sales | Net sales | Net sales | $11.3 - $12.9 billion | $11.3 - $12.9 billion | $11.3 - $12.9 billion | | | | $9.8 - $11.5 billion | $9.8 - $11.5 billion | $9.8 - $11.5 billion,V8_FIVE_RELATION_CORRECTED_NOT_SOURCE_REVIEWED,,,08c506641f17f9ba275050e1f2ed5729ce5f9054715bc78da5dc1298f946fadd,PENDING,,,
SG8-0071,TEL,0001385157,0001104659-19-023211,2019-04-24T10:20:17.000Z,a19-8585_1ex99d1.htm,https://www.sec.gov/Archives/edgar/data/1385157/000110465919023211/a19-8585_1ex99d1.htm,b015cc9206eea0ff93421b4a462cd2c7d513eff4bdcca63174a96f8fc9681f98,REVENUE,Q3-2019,UNSPECIFIED,NOT_APPLICABLE,USD,3400000000,3500000000,3450000000,CURRENT_GUIDANCE_RANGE,AS_REPORTED,NARRATIVE_CLAUSE,71,CURRENT_CANDIDATE,CURRENT_GUIDANCE_RANGE,,,,,,"For the fiscal third quarter of 2019, the company expects net sales of $3.4 billion to $3.5 billion.",V8_FIVE_RELATION_CORRECTED_NOT_SOURCE_REVIEWED,/html/body/document/type/sequence/filename/description/text/div[3]/p[4],HTML_P,15e06403a748622bcc29770f54c30c112bb7145bf44244f7fca0de9ee31a5568,PENDING,,,
SG8-0072,COHR,0000820318,0001193125-26-208972,2026-05-06T20:10:58.000Z,d57080dex992.htm,https://www.sec.gov/Archives/edgar/data/820318/000119312526208972/d57080dex992.htm,4527944e28a8db20dc61b2f2adc346087ea253638ee19f12a5909d03a7a34812,REVENUE,Q4-2026,UNSPECIFIED,NOT_APPLICABLE,USD,1910000000,2050000000,1980000000,CURRENT_GUIDANCE_RANGE,AS_REPORTED,NARRATIVE_CLAUSE,47,CURRENT_CANDIDATE,CURRENT_GUIDANCE_RANGE,,,,,,(1) FOURTH QUARTER FISCAL 2026 OUTLOOK REVENUE $1.91 billion to $2.05,V8_FIVE_RELATION_CORRECTED_NOT_SOURCE_REVIEWED,/html/body/document/type/sequence/filename/description/text/p[26],HTML_P,19f37eef3b2d18f57880d6f9299492120ee6c3e09b02980d2e785edb3f6df3aa,PENDING,,,
SG8-0073,TEL,0001385157,0001104659-17-026104,2017-04-26T10:19:04.000Z,a17-11631_1ex99d1.htm,https://www.sec.gov/Archives/edgar/data/1385157/000110465917026104/a17-11631_1ex99d1.htm,d15bd80c7a8bb4c63ddd66f98c30dc563fe01fce714f005f944387d2f2a4e228,REVENUE,Q3-2017,UNSPECIFIED,NOT_APPLICABLE,USD,3200000000,3300000000,3250000000,CURRENT_GUIDANCE_RANGE,AS_REPORTED,NARRATIVE_CLAUSE,71,CURRENT_CANDIDATE,CURRENT_GUIDANCE_RANGE,,,,,,"For the fiscal third quarter of 2017, the company expects net sales of $3.2 billion to $3.3 billion, reflecting an increase of 4 percent on an as reported basis and 5 percent organically, year over year at the midpoint.",V8_FIVE_RELATION_CORRECTED_NOT_SOURCE_REVIEWED,/html/body/document/type/sequence/filename/description/text/div[2]/p[8],HTML_P,1c9083c9e69f6d4d698c56d7bd27860c6bccb3b1e9a7521f37f40a89fcc96fee,PENDING,,,
SG8-0074,URI,0001067701,0001193125-18-313096,2018-10-31T13:28:38.000Z,d646480dex991.htm,https://www.sec.gov/Archives/edgar/data/1067701/000119312518313096/d646480dex991.htm,e57e423a4591b0ce12d9a37c851e234607efd4ad391bd1d34bf5a60210fe239e,REVENUE,FY2018,UNSPECIFIED,NOT_APPLICABLE,USD,7890000000,7990000000,7940000000,CURRENT_GUIDANCE_RANGE,AS_REPORTED,HTML_TABLE_GRID,0,CURRENT_CANDIDATE,CURRENT_GUIDANCE_RANGE,1,2,4,Total revenue,Current Outlook,"2018 Guidance | The company has updated its full-year 2018 guidance solely to reflect the expected impact of the BlueLine acquisition. The new guidance adds $120 million of total revenue and $50 million of adjusted EBITDA to the guidance previously released on October 17, 2018: | Total revenue | | $7.77 billion to $7.87 billion | | $7.89 billion to $7.99 billion",V8_FIVE_RELATION_CORRECTED_NOT_SOURCE_REVIEWED,,,26f3cdd8ab70b2fc1c817737e9c13a0432c00e7c788101083e9ab922a4f2200e,PENDING,,,
SG8-0075,COHR,0000820318,0001193125-24-131935,2024-05-06T20:15:45.000Z,d819783dex993.htm,https://www.sec.gov/Archives/edgar/data/820318/000119312524131935/d819783dex993.htm,c9293b689e7fa0bfd3f1e0af331f909f8bdaa73855c4317e511dee75abf69867,REVENUE,Q4-2024,UNSPECIFIED,NOT_APPLICABLE,USD,1230000000,1320000000,1275000000,CURRENT_GUIDANCE_RANGE,AS_REPORTED,NARRATIVE_CLAUSE,43,CURRENT_CANDIDATE,CURRENT_GUIDANCE_RANGE,,,,,,FOURTH QUARTER FISCAL 2024 OUTLOOK Revenue $1.23 – 1.32 billion,V8_FIVE_RELATION_CORRECTED_NOT_SOURCE_REVIEWED,/html/body/document/type/sequence/filename/description/text/p[74],HTML_P,3ad553dd0529d81dd127b9504300ae00b3b60023bd1f98be21c710510c1159d4,PENDING,,,
SG8-0076,ALB,0000915913,0000915913-23-000178,2023-11-01T20:26:53.000Z,a3q23earningsreleaseex991.htm,https://www.sec.gov/Archives/edgar/data/915913/000091591323000178/a3q23earningsreleaseex991.htm,f2fbb25d5edea1dcb277b711cc2d020825003559b14cd51f96dba517a4acf7d2,REVENUE,FY2023,UNSPECIFIED,NOT_APPLICABLE,USD,9500000000,9800000000,9650000000,CURRENT_GUIDANCE_RANGE,AS_REPORTED,HTML_TABLE_GRID,0,CURRENT_CANDIDATE,CURRENT_GUIDANCE_RANGE,2,2,9,Net sales | Net sales | Net sales,"FY 2023 Outlook as of November 1, 2023",| Net sales | Net sales | Net sales | $10.4 - $11.5 billion | $10.4 - $11.5 billion | $10.4 - $11.5 billion | | | | $9.5 - $9.8 billion | $9.5 - $9.8 billion | $9.5 - $9.8 billion,V8_FIVE_RELATION_CORRECTED_NOT_SOURCE_REVIEWED,,,6383925c13050681e1131c0c9f36ebedeb3a5328d443ccfc31b83510a97718bf,PENDING,,,
SG8-0077,COHR,0000820318,0001193125-24-252062,2024-11-06T21:20:03.000Z,d857703dex992.htm,https://www.sec.gov/Archives/edgar/data/820318/000119312524252062/d857703dex992.htm,fa7e32159f61b975d98d4aa99777343d49c4a22dfd79cbbefab3f9b34f11a1c3,REVENUE,Q2-2025,UNSPECIFIED,NOT_APPLICABLE,USD,1330000000,1410000000,1370000000,CURRENT_GUIDANCE_RANGE,AS_REPORTED,NARRATIVE_CLAUSE,43,CURRENT_CANDIDATE,CURRENT_GUIDANCE_RANGE,,,,,,SECOND QUARTER FISCAL 2025 OUTLOOK REVENUE $1.33 – 1.41 billion,V8_FIVE_RELATION_CORRECTED_NOT_SOURCE_REVIEWED,/html/body/document/type/sequence/filename/description/text/p[44],HTML_P,98941967fcf461f07ff730ab561d1a0db778de698f6b44ba5634a682a661fde5,PENDING,,,
SG8-0078,MAR,0001048286,0001628280-18-001699,2018-02-14T22:32:46.000Z,mar-2017q4earningsreleasee.htm,https://www.sec.gov/Archives/edgar/data/1048286/000162828018001699/mar-2017q4earningsreleasee.htm,e034e2af2b67762a97e01662049d9bcbe9f9c37f79b2827fd8be70d97c6295b2,REVENUE,FY2018,UNSPECIFIED,NOT_APPLICABLE,USD,285000000,295000000,290000000,CURRENT_GUIDANCE_RANGE,AS_REPORTED,HTML_TABLE_GRID,0,CURRENT_CANDIDATE,CURRENT_GUIDANCE_RANGE,10,6,1,"Owned, leased, and other revenue, net of direct expenses","2018 Full Year Outlook Both Including and Excluding the Impact of the New Revenue Standard | Full Year 2018 Outlook1 | $3,535 million to $3,620 million | Approx. $55 million","| Owned, leased, and other revenue, net of direct expenses | $285 million to $295 million | $310 million to $320 million",V8_FIVE_RELATION_CORRECTED_NOT_SOURCE_REVIEWED,,,b910cbab8e62c90a050feac5c871567e9b0d51fd0184dc34f47e813e3c906dd9,PENDING,,,
SG8-0079,MAR,0001048286,0001628280-18-001699,2018-02-14T22:32:46.000Z,mar-2017q4earningsreleasee.htm,https://www.sec.gov/Archives/edgar/data/1048286/000162828018001699/mar-2017q4earningsreleasee.htm,e034e2af2b67762a97e01662049d9bcbe9f9c37f79b2827fd8be70d97c6295b2,REVENUE,FY2018,UNSPECIFIED,NOT_APPLICABLE,USD,310000000,320000000,315000000,CURRENT_GUIDANCE_RANGE,AS_REPORTED,HTML_TABLE_GRID,0,CURRENT_CANDIDATE,CURRENT_GUIDANCE_RANGE,10,6,2,"Owned, leased, and other revenue, net of direct expenses","2018 Full Year Outlook Both Including and Excluding the Impact of the New Revenue Standard | Full Year 2018 Excluding the Impact of the New Revenue Standard1 | $3,560 million to $3,645 million | Approx. $0","| Owned, leased, and other revenue, net of direct expenses | $285 million to $295 million | $310 million to $320 million",V8_FIVE_RELATION_CORRECTED_NOT_SOURCE_REVIEWED,,,b910cbab8e62c90a050feac5c871567e9b0d51fd0184dc34f47e813e3c906dd9,PENDING,,,
SG8-0080,ALB,0000915913,0000915913-22-000134,2022-08-03T20:27:49.000Z,a2q22earningsreleaseex991.htm,https://www.sec.gov/Archives/edgar/data/915913/000091591322000134/a2q22earningsreleaseex991.htm,5c6fa060f08eff54f13b42fb0d7a87917f319377511ca709b0f11399f00d55c6,REVENUE,FY2022,UNSPECIFIED,NOT_APPLICABLE,USD,7100000000,7500000000,7300000000,CURRENT_GUIDANCE_RANGE,AS_REPORTED,HTML_TABLE_GRID,0,CURRENT_CANDIDATE,CURRENT_GUIDANCE_RANGE,2,2,9,Net sales | Net sales | Net sales,FY 2022 GuidanceFurther Updated,| Net sales | Net sales | Net sales | | | | $5.8 - $6.2 billion | $5.8 - $6.2 billion | $5.8 - $6.2 billion | $7.1 - $7.5 billion | $7.1 - $7.5 billion | $7.1 - $7.5 billion,V8_FIVE_RELATION_CORRECTED_NOT_SOURCE_REVIEWED,,,ea4b9151738b2b4a40c43cadcfe725df7bc49f346421a5133d74ca2dc351f6f4,PENDING,,,
