universe_role,fold_id,policy,rows,brier,log_loss,balanced_accuracy,action_rate
INDEPENDENT_CURRENT_CONSTITUENTS,F01,NEVER_TRIM,250,0.5189610000000001,3.592512985230831,0.5,0.0
INDEPENDENT_CURRENT_CONSTITUENTS,F02,NEVER_TRIM,244,0.6789682131147542,4.6998582595780904,0.5,0.0
INDEPENDENT_CURRENT_CONSTITUENTS,F03,NEVER_TRIM,118,0.8288484576271189,5.737118875821364,0.5,0.0
INDEPENDENT_CURRENT_CONSTITUENTS,F04,NEVER_TRIM,93,0.8155708924731185,5.645230211917346,0.5,0.0
INDEPENDENT_CURRENT_CONSTITUENTS,F05,NEVER_TRIM,270,0.5803195185185187,4.017150501251446,0.5,0.0
INDEPENDENT_CURRENT_CONSTITUENTS,F06,NEVER_TRIM,107,0.7928047383177572,5.4876748572039284,0.5,0.0
INDEPENDENT_CURRENT_CONSTITUENTS,F07,NEVER_TRIM,116,0.8603458275862071,5.955099447444404,0.5,0.0
INDEPENDENT_CURRENT_CONSTITUENTS,F08,NEVER_TRIM,156,0.5565779230769231,3.8528445115029686,0.5,0.0
INDEPENDENT_CURRENT_CONSTITUENTS,F09,NEVER_TRIM,146,0.7655900410958905,5.29933293326946,0.5,0.0
INDEPENDENT_CURRENT_CONSTITUENTS,F01,ALWAYS_TRIM,250,0.47904100000000005,3.3162427940848884,0.5,1.0
INDEPENDENT_CURRENT_CONSTITUENTS,F02,ALWAYS_TRIM,244,0.319033786885246,2.208897519737629,0.5,1.0
INDEPENDENT_CURRENT_CONSTITUENTS,F03,ALWAYS_TRIM,118,0.1691535423728814,1.1716369034943552,0.5,1.0
INDEPENDENT_CURRENT_CONSTITUENTS,F04,ALWAYS_TRIM,93,0.1824311075268818,1.2635255673983727,0.5,1.0
INDEPENDENT_CURRENT_CONSTITUENTS,F05,ALWAYS_TRIM,270,0.41768248148148146,2.891605278064274,0.5,1.0
INDEPENDENT_CURRENT_CONSTITUENTS,F06,ALWAYS_TRIM,107,0.20519726168224306,1.421080922111791,0.5,1.0
INDEPENDENT_CURRENT_CONSTITUENTS,F07,ALWAYS_TRIM,116,0.13765617241379308,0.953656331871315,0.5,1.0
INDEPENDENT_CURRENT_CONSTITUENTS,F08,ALWAYS_TRIM,156,0.441424076923077,3.0559112678127507,0.5,1.0
INDEPENDENT_CURRENT_CONSTITUENTS,F09,ALWAYS_TRIM,146,0.23241195890410962,1.6094228460462603,0.5,1.0
INDEPENDENT_CURRENT_CONSTITUENTS,F01,FIRST_RUSH_PER_TICKER_YEAR,250,0.46706500000000006,3.2333617367411063,0.521474358974359,0.764
INDEPENDENT_CURRENT_CONSTITUENTS,F02,FIRST_RUSH_PER_TICKER_YEAR,244,0.35993542622950825,2.491961240174045,0.5344454742045104,0.8032786885245902
INDEPENDENT_CURRENT_CONSTITUENTS,F03,FIRST_RUSH_PER_TICKER_YEAR,118,0.43133998305084753,2.986123328393551,0.40153061224489794,0.6864406779661016
INDEPENDENT_CURRENT_CONSTITUENTS,F04,FIRST_RUSH_PER_TICKER_YEAR,93,0.17169992473118276,1.189259386982797,0.5979102167182663,0.9247311827956989
INDEPENDENT_CURRENT_CONSTITUENTS,F05,FIRST_RUSH_PER_TICKER_YEAR,270,0.4287713703703705,2.9683469978270356,0.5276478214305845,0.7666666666666667
INDEPENDENT_CURRENT_CONSTITUENTS,F06,FIRST_RUSH_PER_TICKER_YEAR,107,0.2611598785046729,1.8083755825967562,0.5320855614973262,0.8691588785046729
INDEPENDENT_CURRENT_CONSTITUENTS,F07,FIRST_RUSH_PER_TICKER_YEAR,116,0.30972513793103446,2.144476121293479,0.42625,0.8103448275862069
INDEPENDENT_CURRENT_CONSTITUENTS,F08,FIRST_RUSH_PER_TICKER_YEAR,156,0.4094368974358975,2.8345409223432463,0.5482258870564718,0.8653846153846154
INDEPENDENT_CURRENT_CONSTITUENTS,F09,FIRST_RUSH_PER_TICKER_YEAR,146,0.32127497260273974,2.2244078605834603,0.48293067226890757,0.8561643835616438
INDEPENDENT_CURRENT_CONSTITUENTS,F01,EXPANDING_PRIOR_PREVALENCE,250,0.25,0.6931471805599454,0.5,1.0
INDEPENDENT_CURRENT_CONSTITUENTS,F02,EXPANDING_PRIOR_PREVALENCE,244,0.24318688524590162,0.679513890351483,0.5,1.0
INDEPENDENT_CURRENT_CONSTITUENTS,F03,EXPANDING_PRIOR_PREVALENCE,118,0.19427225380195356,0.5803273211061541,0.5,1.0
INDEPENDENT_CURRENT_CONSTITUENTS,F04,EXPANDING_PRIOR_PREVALENCE,93,0.17945365650652698,0.5485700763396649,0.5,1.0
INDEPENDENT_CURRENT_CONSTITUENTS,F05,EXPANDING_PRIOR_PREVALENCE,270,0.2506172839506173,0.6955600392314006,0.5,1.0
INDEPENDENT_CURRENT_CONSTITUENTS,F06,EXPANDING_PRIOR_PREVALENCE,107,0.18622945307747607,0.5625411111021771,0.5,1.0
INDEPENDENT_CURRENT_CONSTITUENTS,F07,EXPANDING_PRIOR_PREVALENCE,116,0.1605336114439764,0.5087747418942724,0.5,1.0
INDEPENDENT_CURRENT_CONSTITUENTS,F08,EXPANDING_PRIOR_PREVALENCE,156,0.26109657313792756,0.717836290937322,0.5,1.0
INDEPENDENT_CURRENT_CONSTITUENTS,F09,EXPANDING_PRIOR_PREVALENCE,146,0.18928809349340697,0.5681211102862354,0.5,1.0
PRIMARY,F01,NEVER_TRIM,24,0.6653343333333334,4.6055036860992855,0.5,0.0
PRIMARY,F02,NEVER_TRIM,22,0.4082737272727273,2.8264910915989003,0.5,0.0
PRIMARY,F03,NEVER_TRIM,11,0.725819181818182,5.024094884805258,0.5,0.0
PRIMARY,F04,NEVER_TRIM,13,0.7676933076923077,5.313888791601702,0.5,0.0
PRIMARY,F05,NEVER_TRIM,25,0.638721,4.421323558668658,0.5,0.0
PRIMARY,F06,NEVER_TRIM,18,0.6653343333333334,4.605503686099286,0.5,0.0
PRIMARY,F07,NEVER_TRIM,13,0.8444625384615386,5.845177620728513,0.5,0.0
PRIMARY,F08,NEVER_TRIM,23,0.4339140434782609,3.003937360615563,0.5,0.0
PRIMARY,F09,NEVER_TRIM,23,0.7810444782608696,5.406286848841147,0.5,0.0
PRIMARY,F01,ALWAYS_TRIM,24,0.33266766666666664,2.303252093216434,0.5,1.0
PRIMARY,F02,ALWAYS_TRIM,22,0.5897282727272727,4.08226468771682,0.5,1.0
PRIMARY,F03,ALWAYS_TRIM,11,0.2721828181818182,1.8846608945104613,0.5,1.0
PRIMARY,F04,ALWAYS_TRIM,13,0.23030869230769233,1.594866987714019,0.5,1.0
PRIMARY,F05,ALWAYS_TRIM,25,0.359281,2.4874322206470625,0.5,1.0
PRIMARY,F06,ALWAYS_TRIM,18,0.3326676666666667,2.303252093216434,0.5,1.0
PRIMARY,F07,ALWAYS_TRIM,13,0.1535394615384615,1.063578158587207,0.5,1.0
PRIMARY,F08,ALWAYS_TRIM,23,0.564087956521739,3.904818418700158,0.5,1.0
PRIMARY,F09,ALWAYS_TRIM,23,0.21695752173913044,1.502468930474573,0.5,1.0
PRIMARY,F01,FIRST_RUSH_PER_TICKER_YEAR,24,0.3326676666666667,2.3032520932164346,0.5625,0.8333333333333334
PRIMARY,F02,FIRST_RUSH_PER_TICKER_YEAR,22,0.5443646363636364,3.7683212886873405,0.5213675213675213,0.8636363636363636
PRIMARY,F03,FIRST_RUSH_PER_TICKER_YEAR,11,0.36291009090909093,2.5125476925694206,0.5416666666666666,0.7272727272727273
PRIMARY,F04,FIRST_RUSH_PER_TICKER_YEAR,13,0.23030869230769233,1.594866987714019,0.5,1.0
PRIMARY,F05,FIRST_RUSH_PER_TICKER_YEAR,25,0.359281,2.4874322206470625,0.5486111111111112,0.84
PRIMARY,F06,FIRST_RUSH_PER_TICKER_YEAR,18,0.38811211111111116,2.686960692030243,0.5,0.8333333333333334
PRIMARY,F07,FIRST_RUSH_PER_TICKER_YEAR,13,0.3838471538461539,2.657444645967642,0.36363636363636365,0.7692307692307693
PRIMARY,F08,FIRST_RUSH_PER_TICKER_YEAR,23,0.520696652173913,3.60452473267196,0.5384615384615384,0.9565217391304348
PRIMARY,F09,FIRST_RUSH_PER_TICKER_YEAR,23,0.30374013043478265,2.1030563025309688,0.5166666666666667,0.8260869565217391
PRIMARY,F01,EXPANDING_PRIOR_PREVALENCE,24,0.25,0.6931471805599453,0.5,1.0
PRIMARY,F02,EXPANDING_PRIOR_PREVALENCE,22,0.308080808080808,0.8150520784390409,0.5,1.0
PRIMARY,F03,EXPANDING_PRIOR_PREVALENCE,11,0.23212751331843962,0.6573164953876517,0.5,1.0
PRIMARY,F04,EXPANDING_PRIOR_PREVALENCE,13,0.21372256552311958,0.6200330289338857,0.5,1.0
PRIMARY,F05,EXPANDING_PRIOR_PREVALENCE,25,0.2310612244897959,0.6548258962439206,0.5,1.0
PRIMARY,F06,EXPANDING_PRIOR_PREVALENCE,18,0.2243028624192059,0.6410122828446911,0.5,1.0
PRIMARY,F07,EXPANDING_PRIOR_PREVALENCE,13,0.1776297161996903,0.5454787507107094,0.5,1.0
PRIMARY,F08,EXPANDING_PRIOR_PREVALENCE,23,0.2924074621797189,0.7814272237523509,0.5,1.0
PRIMARY,F09,EXPANDING_PRIOR_PREVALENCE,23,0.1974098307361792,0.5862310569865256,0.5,1.0
