ticker,signal_date,fold_id,business_state,business_month_end,common_return_63d,residual_return_63d,systematic_fraction,group,FORWARD_TOTAL_RETURN,FORWARD_TROUGH_RETURN,outcome_end
AAPL,2018-11-30,F01,PASS,2018-10-31,-0.11821591567178905,-0.12098586341115533,0.49421001852497554,EXCLUDED_UNKNOWN_OR_MIDDLE,0.030512165694402293,-0.20377426110729868,2019-06-05
AAPL,2020-02-28,F02,PASS,2020-01-31,0.023466618962996393,0.012646526306902238,,EXCLUDED_UNKNOWN_OR_MIDDLE,0.8374948696994442,-0.1792141696754248,2020-08-27
AAPL,2020-09-30,F02,PASS,2020-08-31,0.12002976030089597,0.1225609873965768,,EXCLUDED_UNKNOWN_OR_MIDDLE,0.06550665679351386,-0.06078914910873068,2021-04-01
AAPL,2021-05-28,F02,PASS,2021-04-30,-0.007048536468057251,-0.016453569644303084,0.2999108434945859,HEALTHY_FIRM_SPECIFIC,0.26213092456686704,-0.008586847722058755,2021-11-26
AAPL,2022-04-29,F03,PASS,2022-03-31,-0.10441842943269203,0.02833123890179233,1.0,HEALTHY_SYSTEMATIC,-0.009289795732198236,-0.17379570194163418,2022-10-28
AAPL,2024-04-30,F04,PASS,2024-03-31,-0.020476966189377666,-0.07716468087001008,0.20971549339927803,HEALTHY_FIRM_SPECIFIC,0.37531703878949063,-0.0060472001366875805,2024-10-29
AAPL,2025-03-31,F04,PASS,2025-02-28,-0.07564825767105525,-0.07689518416290403,0.49591288069530365,EXCLUDED_UNKNOWN_OR_MIDDLE,0.149116587247208,-0.22378789100008434,2025-09-30
ABBV,2018-03-29,F01,PASS,2018-02-28,-0.027011778668666102,-0.001540298526826014,0.946053013366425,HEALTHY_SYSTEMATIC,0.015177102235298445,-0.051452787527195176,2018-09-27
ABBV,2019-01-31,F01,PASS,2018-12-31,0.05508946660173184,-0.05613770333086048,0.0,HEALTHY_FIRM_SPECIFIC,-0.15694216391551719,-0.1708666071520495,2019-08-01
ABBV,2020-02-28,F02,PASS,2020-01-31,-0.056091815762988745,0.04633175629685629,1.0,HEALTHY_SYSTEMATIC,0.13025865374889367,-0.24746257013905892,2020-08-27
ABBV,2020-09-30,F02,PASS,2020-08-31,0.041268792824327064,-0.15300375496387045,0.0,HEALTHY_FIRM_SPECIFIC,0.27051425098483706,-0.06854534423396952,2021-04-01
ABBV,2022-04-29,F03,PASS,2022-03-31,0.01825789910887851,0.05314730125214563,,EXCLUDED_UNKNOWN_OR_MIDDLE,0.024692046039958893,-0.07771387603893476,2022-10-28
ABBV,2023-01-31,F03,PASS,2022-12-31,-0.01242176851629304,0.022830976729658826,1.0,HEALTHY_SYSTEMATIC,0.031644460133939845,-0.09489697384924933,2023-08-02
ABBV,2024-05-31,F04,VETO,2024-04-30,-0.02615411245111833,-0.06853893501605271,0.27619886729472565,DAMAGED_FIRM_SPECIFIC,0.15408484388343524,-0.006512113941812059,2024-11-29
ABBV,2024-11-29,F04,VETO,2024-10-31,-0.10675236888006523,0.04411463516141087,1.0,DAMAGED_SYSTEMATIC,0.043318666875375555,-0.06633365497079102,2025-06-04
ABBV,2025-06-30,F04,VETO,2025-05-31,-0.1002622298096508,0.008739247540566614,1.0,DAMAGED_SYSTEMATIC,0.2634000831186034,0.004453087827045232,2025-12-29
AMT,2020-09-30,F02,UNKNOWN,2020-08-31,0.05272790905680173,-0.14126834440778727,0.0,EXCLUDED_UNKNOWN_OR_MIDDLE,-0.0013502470483988116,-0.17357414710327457,2021-04-01
AMT,2022-03-31,F03,UNKNOWN,2022-02-28,-0.0016545633290790292,-0.14582075317195614,0.011219255997103862,EXCLUDED_UNKNOWN_OR_MIDDLE,-0.1356824369919315,-0.13962744591499066,2022-09-30
AMT,2022-09-30,F03,UNKNOWN,2022-08-31,-0.08079146920522798,-0.10447576695598138,0.43608071712651714,EXCLUDED_UNKNOWN_OR_MIDDLE,-0.04953512274727312,-0.13772646943913547,2023-04-03
AMT,2024-01-31,F04,UNKNOWN,2023-12-31,0.11732860164657868,0.015682930533712905,,EXCLUDED_UNKNOWN_OR_MIDDLE,0.18521099599471924,-0.11813895968713761,2024-08-01
AMT,2024-10-31,F04,UNKNOWN,2024-09-30,0.06159853107970441,-0.14857739984187884,0.0,EXCLUDED_UNKNOWN_OR_MIDDLE,0.06610467878924875,-0.18047699625584568,2025-05-06
AMZN,2018-10-31,F01,PASS,2018-09-30,-0.08162708271338252,-0.05629312909180535,0.5918427882686308,EXCLUDED_UNKNOWN_OR_MIDDLE,0.22061187933450244,-0.15897897756567458,2019-05-06
AMZN,2020-03-31,F02,PASS,2020-02-29,-0.17486580463332713,0.22904845948743136,1.0,HEALTHY_SYSTEMATIC,0.6129906161215002,-0.022121143227465723,2020-09-29
AMZN,2020-09-30,F02,PASS,2020-08-31,0.0985627318265633,-0.008902366664616971,0.0,HEALTHY_FIRM_SPECIFIC,0.003896874153501928,-0.06249497190114295,2021-04-01
AMZN,2024-08-30,F04,PASS,2024-07-31,0.09150803168050303,-0.07990031929990615,0.0,HEALTHY_FIRM_SPECIFIC,0.16728291652661076,-0.039831936134453794,2025-03-05
AMZN,2025-03-31,F04,PASS,2025-02-28,-0.15547486742553748,-0.02130387490130308,0.8794884802273623,HEALTHY_SYSTEMATIC,0.1540524211462646,-0.12057178525777801,2025-09-30
APD,2020-02-28,F02,PASS,2020-01-31,-0.11159891676998233,0.05136446475517681,1.0,HEALTHY_SYSTEMATIC,0.3493279092228516,-0.1952553856400594,2020-08-27
APD,2020-10-30,F02,VETO,2020-09-30,0.033869436719343324,-0.037123940330333664,0.0,DAMAGED_FIRM_SPECIFIC,0.061643570123084857,-0.07903456418598975,2021-05-04
APD,2022-03-31,F03,PASS,2022-02-28,-0.0215837319973224,-0.1626132666133305,0.1171774358981011,HEALTHY_FIRM_SPECIFIC,-0.055898924614328216,-0.1058022850331124,2022-09-30
APD,2023-02-28,F03,VETO,2023-01-31,0.00033955766202497205,-0.07548400272910845,0.0,DAMAGED_FIRM_SPECIFIC,0.03949142655105242,-0.06657781117184014,2023-08-29
APD,2024-12-31,F04,PASS,2024-11-30,-0.17985538343086652,0.17507457262024323,1.0,HEALTHY_SYSTEMATIC,0.015166585114934517,-0.1323129321264338,2025-07-07
AVGO,2018-01-31,F01,PASS,2017-12-31,0.09480296255537357,-0.14004695474179965,0.0,HEALTHY_FIRM_SPECIFIC,-0.10121097472984308,-0.1606604606664468,2018-08-01
AVGO,2019-05-31,F01,PASS,2019-04-30,0.007400520569182148,-0.07906350918005119,0.0,HEALTHY_FIRM_SPECIFIC,0.28934713419971914,0.006119720494359049,2019-11-27
AVGO,2020-02-28,F02,UNKNOWN,2020-01-31,0.019871839476814375,-0.1583111748693392,0.0,EXCLUDED_UNKNOWN_OR_MIDDLE,0.27818241627456675,-0.3842343578191765,2020-08-27
AVGO,2022-01-31,F03,UNKNOWN,2021-12-31,0.012063376054686575,0.09140520118450399,,EXCLUDED_UNKNOWN_OR_MIDDLE,-0.07961387764510597,-0.1747520596045692,2022-08-02
AVGO,2024-06-28,F04,UNKNOWN,2024-05-31,0.1304247905517567,0.06447745959616775,,EXCLUDED_UNKNOWN_OR_MIDDLE,0.5147334330809585,-0.15124602469153103,2024-12-27
BA,2018-03-29,F01,PASS,2018-02-28,-0.016892169270964364,0.12538924593063663,1.0,HEALTHY_SYSTEMATIC,0.131655139468434,-0.01659161741037163,2018-09-27
BA,2018-11-30,F01,PASS,2018-10-31,-0.07221713296554694,0.08833919487224826,1.0,HEALTHY_SYSTEMATIC,0.016598537308281536,-0.15168988270400474,2019-06-05
BA,2019-06-28,F01,VETO,2019-05-31,0.0448641059059472,-0.0858552168418912,0.0,DAMAGED_FIRM_SPECIFIC,-0.08206159198421614,-0.11425664890080878,2019-12-27
BA,2024-04-30,F04,PASS,2024-03-31,0.079034171763087,-0.2565380112250871,0.0,HEALTHY_FIRM_SPECIFIC,-0.08853670714719863,-0.12642994320657042,2024-10-29
BAC,2018-05-31,F01,UNKNOWN,2018-04-30,-0.06400723034257187,-0.012593592398863998,0.8355945543643395,EXCLUDED_UNKNOWN_OR_MIDDLE,-0.016272956073773548,-0.09378092491098022,2018-11-28
BAC,2019-05-31,F01,UNKNOWN,2019-04-30,-0.026387792830775015,-0.07062953411741762,0.2719905161360107,EXCLUDED_UNKNOWN_OR_MIDDLE,0.2715050677049837,-0.0078256807574828,2019-11-27
BAC,2020-02-28,F02,UNKNOWN,2020-01-31,-0.16454251975215797,0.012833632184009501,1.0,EXCLUDED_UNKNOWN_OR_MIDDLE,-0.07371762067380949,-0.3615662862789498,2020-08-27
BAC,2021-01-29,F02,UNKNOWN,2020-12-31,0.2619303970443607,-0.021977808444251484,0.0,EXCLUDED_UNKNOWN_OR_MIDDLE,0.3056596071884876,0.010455077670137536,2021-07-30
BAC,2022-02-28,F03,UNKNOWN,2022-01-31,0.019922658041813826,-0.04980635145596731,0.0,EXCLUDED_UNKNOWN_OR_MIDDLE,-0.22484258467451634,-0.3110474395956343,2022-08-29
BAC,2022-12-30,F03,UNKNOWN,2022-11-30,0.16817032505366453,-0.0700456892135045,0.0,EXCLUDED_UNKNOWN_OR_MIDDLE,-0.10923411953975459,-0.1804069641262953,2023-07-05
BAC,2025-03-31,F04,UNKNOWN,2025-02-28,0.028476455875984408,-0.08757759473759998,0.0,EXCLUDED_UNKNOWN_OR_MIDDLE,0.25048330722774503,-0.17589266227739664,2025-09-30
CAT,2018-03-29,F01,UNKNOWN,2018-02-28,-0.018330977655841844,-0.043576625207961205,0.29610220405674664,EXCLUDED_UNKNOWN_OR_MIDDLE,0.04612111111735273,-0.09419000974852798,2018-09-27
CAT,2018-10-31,F01,PASS,2018-09-30,-0.1112193670165483,-0.011322115048343708,0.9076058583790584,HEALTHY_SYSTEMATIC,0.14139549903823667,-0.03602062372212933,2019-05-06
CAT,2019-05-31,F01,UNKNOWN,2019-04-30,-0.07841370838335389,-0.05304177061336027,0.5965039189071297,EXCLUDED_UNKNOWN_OR_MIDDLE,0.23499713479554352,-0.046386536665835365,2019-11-27
CAT,2020-01-31,F02,VETO,2019-12-31,0.0287911313940415,-0.08800373588243374,0.0,DAMAGED_FIRM_SPECIFIC,0.028582209006317694,-0.30072328581366414,2020-07-31
CAT,2021-06-30,F02,PASS,2021-05-31,0.014869848570277695,-0.07374009518520325,0.0,HEALTHY_FIRM_SPECIFIC,-0.036927204481746134,-0.12717023131779892,2021-12-29
CAT,2022-04-29,F03,PASS,2022-03-31,-0.0206946598448815,0.07105386922035786,1.0,HEALTHY_SYSTEMATIC,0.05607293119018775,-0.2230862611737786,2022-10-28
CAT,2023-03-31,F03,PASS,2023-02-28,0.009390960144390649,-0.053082119409201683,0.0,HEALTHY_FIRM_SPECIFIC,0.19973709456001498,-0.09601966142679197,2023-10-02
CAT,2024-05-31,F04,PASS,2024-04-30,0.028540287809912017,-0.01951078465742794,0.0,HEALTHY_FIRM_SPECIFIC,0.2088766356001457,-0.060350404677444125,2024-11-29
CAT,2024-12-31,F04,VETO,2024-11-30,-0.0278309749910276,-0.04709740769142157,0.37143434830265704,EXCLUDED_UNKNOWN_OR_MIDDLE,0.08842569165229963,-0.24207663238581623,2025-07-07
COP,2018-02-28,F01,PASS,2018-01-31,-0.010042311431781116,0.11503757593607306,1.0,HEALTHY_SYSTEMATIC,0.33758924730847717,-0.013625329195711133,2018-08-28
COP,2018-10-31,F01,PASS,2018-09-30,-0.13615845001908886,0.11688705417477435,1.0,HEALTHY_SYSTEMATIC,-0.11071597649548381,-0.1844064929446051,2019-05-06
COP,2020-01-31,F02,PASS,2019-12-31,-0.0854894333114421,0.1622284339765997,1.0,HEALTHY_SYSTEMATIC,-0.35353911496478074,-0.6158430650592011,2020-07-31
COP,2021-03-31,F02,VETO,2021-02-28,0.3002772070862798,0.013236041086439762,,EXCLUDED_UNKNOWN_OR_MIDDLE,0.30439336194429556,-0.08155560630655756,2021-09-29
COP,2022-04-29,F03,PASS,2022-03-31,0.1535812759067498,-0.07734957244831261,0.0,HEALTHY_FIRM_SPECIFIC,0.3732264805335952,-0.13512846522046773,2022-10-28
COP,2022-12-30,F03,PASS,2022-11-30,0.2320665071430443,-0.07964826234671979,0.0,HEALTHY_FIRM_SPECIFIC,-0.09909194968213197,-0.19652318042256534,2023-07-05
COP,2024-01-31,F04,VETO,2023-12-31,-0.02950660802581611,-0.019996728878147806,0.5960529101918665,EXCLUDED_UNKNOWN_OR_MIDDLE,-0.01798809933271095,-0.018771942219389604,2024-08-01
COP,2024-08-30,F04,VETO,2024-07-31,-0.022053054980998094,0.005895630940027983,1.0,DAMAGED_SYSTEMATIC,-0.20707108539794084,-0.20707108539794084,2025-03-05
COST,2018-12-31,F01,PASS,2018-11-30,-0.10972722129233822,-0.030275989020126265,0.7837478944050271,HEALTHY_SYSTEMATIC,0.31022487704491053,-0.01615028563835197,2019-07-02
COST,2020-02-28,F02,PASS,2020-01-31,-0.05383713899134091,-0.013111445523697234,0.8041564938426427,HEALTHY_SYSTEMATIC,0.23745507069617044,-0.0045881634823364825,2020-08-27
COST,2021-02-26,F02,PASS,2021-01-31,-0.03905248755191484,-0.08221532613996574,0.3220350591224485,HEALTHY_FIRM_SPECIFIC,0.36288994179884404,-0.05915395042227356,2021-08-26
COST,2022-01-31,F03,PASS,2021-12-31,0.029750736132110062,-0.002478147542960241,0.0,HEALTHY_FIRM_SPECIFIC,0.08112793766533977,-0.17300577702009945,2022-08-02
COST,2022-08-31,F03,PASS,2022-07-31,-0.014343214506758344,0.1492655815344541,1.0,HEALTHY_SYSTEMATIC,-0.08648396549989512,-0.13617556156235877,2023-03-03
COST,2025-03-31,F04,PASS,2025-02-28,-0.025233220310160443,0.015443150646726566,1.0,HEALTHY_SYSTEMATIC,-0.01867239121017006,-0.039808446010039855,2025-09-30
CRM,2018-10-31,F01,PASS,2018-09-30,-0.036981418810532636,0.008960306412863817,1.0,HEALTHY_SYSTEMATIC,0.18405705814850926,-0.12073745810167125,2019-05-06
CRM,2020-03-31,F02,PASS,2020-02-29,-0.09778322468639353,-0.022851227241255476,0.8105746171503263,HEALTHY_SYSTEMATIC,0.718641581394402,-0.06889845447343246,2020-09-29
CRM,2020-09-30,F02,PASS,2020-08-31,0.11209765924672892,0.1577069581420011,,EXCLUDED_UNKNOWN_OR_MIDDLE,-0.12971509191466735,-0.1829938668504597,2021-04-01
CRM,2024-04-30,F04,PASS,2024-03-31,0.001381972625399252,-0.06761080166572868,0.0,HEALTHY_FIRM_SPECIFIC,0.11484064231654023,-0.1893731108225689,2024-10-29
CRM,2025-02-28,F04,PASS,2025-01-31,-0.012298425574959415,-0.11629569073813187,0.09563754491703286,HEALTHY_FIRM_SPECIFIC,-0.13694941364335944,-0.21976858384315257,2025-08-29
CVX,2018-02-28,F01,PASS,2018-01-31,0.005221266397730025,-0.027580654272556307,0.0,HEALTHY_FIRM_SPECIFIC,0.09063903014609798,-0.0025020292135775613,2018-08-28
CVX,2018-10-31,F01,PASS,2018-09-30,-0.10827505929610234,0.014841140605768716,1.0,HEALTHY_SYSTEMATIC,0.08158515737178695,-0.08663657319300111,2019-05-06
CVX,2020-01-31,F02,PASS,2019-12-31,-0.032908664037072675,-0.03983856005159816,0.4523700312875258,EXCLUDED_UNKNOWN_OR_MIDDLE,-0.1957458592408925,-0.48801827776667683,2020-07-31
CVX,2022-06-30,F03,PASS,2022-05-31,-0.04953769047693721,-0.07590431637200074,0.3949051176819292,EXCLUDED_UNKNOWN_OR_MIDDLE,0.2524670524499364,-0.06105818144709918,2022-12-29
CVX,2023-02-28,F03,PASS,2023-01-31,-0.07262670848897512,-0.051901172633663326,0.5832164478688139,EXCLUDED_UNKNOWN_OR_MIDDLE,0.01436062388474979,-0.05395945318330286,2023-08-29
CVX,2024-12-31,F04,VETO,2024-11-30,-0.035642842348635816,0.012788329252316015,1.0,DAMAGED_SYSTEMATIC,0.04149544633032698,-0.06646450538927395,2025-07-07
DIS,2018-03-29,F01,PASS,2018-02-28,,,,EXCLUDED_UNKNOWN_OR_MIDDLE,0.1646032355383258,-0.017721985976917987,2018-09-27
DIS,2020-03-31,F02,PASS,2020-02-29,-0.2233309283326217,-0.1743052017587136,0.5616464687988074,EXCLUDED_UNKNOWN_OR_MIDDLE,0.2981368957593704,-0.028157220925583037,2020-09-29
DIS,2020-10-30,F02,UNKNOWN,2020-09-30,0.0040911207264896846,0.0371606084073862,,EXCLUDED_UNKNOWN_OR_MIDDLE,0.5195875537103796,-0.009237081072683728,2021-05-04
DIS,2021-05-28,F02,UNKNOWN,2021-04-30,0.07638133182859361,-0.16384988700218017,0.0,EXCLUDED_UNKNOWN_OR_MIDDLE,-0.17094862882674755,-0.17094862882674755,2021-11-26
DIS,2024-05-31,F04,UNKNOWN,2024-04-30,0.02460722482045294,-0.09913428223364869,0.0,EXCLUDED_UNKNOWN_OR_MIDDLE,0.13571302995777468,-0.17240974017878452,2024-11-29
DIS,2025-03-31,F04,UNKNOWN,2025-02-28,-0.02447991655312217,-0.10683275228299528,0.18642463648099267,EXCLUDED_UNKNOWN_OR_MIDDLE,0.1650281542832044,-0.17203642186545043,2025-09-30
DUK,2018-01-31,F01,PASS,2017-12-31,-0.07485578821310827,-0.030757515443657207,0.7087723385340109,HEALTHY_SYSTEMATIC,0.05717917691186902,-0.05930003274928919,2018-08-01
DUK,2020-02-28,F02,PASS,2020-01-31,-0.005248864230867317,0.053861994732704664,1.0,HEALTHY_SYSTEMATIC,-0.11220858089028185,-0.3004360412658975,2020-08-27
DUK,2021-02-26,F02,VETO,2021-01-31,-0.0968636320873347,-0.010268357291222892,0.9041522765442261,DAMAGED_SYSTEMATIC,0.2482939260969168,0.010164663564701915,2021-08-26
DUK,2022-09-30,F03,PASS,2022-08-31,-0.07811129300335509,-0.07692078295050081,0.5038395604442807,EXCLUDED_UNKNOWN_OR_MIDDLE,0.043416267379440265,-0.07579010369674,2023-04-03
EOG,2018-02-28,F01,PASS,2018-01-31,-0.009776638897797795,0.027131104244233064,1.0,HEALTHY_SYSTEMATIC,0.16685680775461753,-0.029086599752617626,2018-08-28
EOG,2018-10-31,F01,PASS,2018-09-30,-0.13442337271212074,-0.0423130384627361,0.7605867507354042,HEALTHY_SYSTEMATIC,-0.13009803615689985,-0.2134042989253161,2019-05-06
EOG,2022-06-30,F03,PASS,2022-05-31,-0.0682478653185946,-0.004120770726686665,0.9430586100295122,HEALTHY_SYSTEMATIC,0.20933050898113148,-0.13216917202693423,2022-12-29
EOG,2022-12-30,F03,PASS,2022-11-30,0.2372640999011825,-0.07176884800167155,0.0,HEALTHY_FIRM_SPECIFIC,-0.09767827107117655,-0.20421753679243837,2023-07-05
EOG,2024-12-31,F04,PASS,2024-11-30,-0.04839331569822362,0.02045578685148426,1.0,HEALTHY_SYSTEMATIC,-0.008292227688626697,-0.14052786345025348,2025-07-07
FCX,2018-06-29,F01,PASS,2018-05-31,0.0601124198485878,-0.05035053570542766,0.0,HEALTHY_FIRM_SPECIFIC,-0.39867224946412605,-0.42958428655508807,2018-12-31
FCX,2020-01-31,F02,VETO,2019-12-31,0.008283423393065335,0.08686290330793353,,EXCLUDED_UNKNOWN_OR_MIDDLE,0.1639636993708491,-0.5216217654284931,2020-07-31
FCX,2021-01-29,F02,PASS,2020-12-31,0.21069704365774822,0.2562638944575828,,EXCLUDED_UNKNOWN_OR_MIDDLE,0.42197086257855854,0.04570788756414168,2021-07-30
FCX,2022-01-31,F03,PASS,2021-12-31,0.0013276094637438424,-0.0113443510297878,0.0,HEALTHY_FIRM_SPECIFIC,-0.2050020287683766,-0.31992849413223834,2022-08-02
FCX,2022-08-31,F03,PASS,2022-07-31,-0.2339161868144265,-0.05245876163824806,0.8168179098008036,HEALTHY_SYSTEMATIC,0.49002064447498506,-0.10472977139758799,2023-03-03
FCX,2023-03-31,F03,VETO,2023-02-28,0.028852757878105505,0.040126071764159624,,EXCLUDED_UNKNOWN_OR_MIDDLE,-0.09777295728001967,-0.1852460265963245,2023-10-02
FCX,2024-06-28,F04,PASS,2024-05-31,-0.08114653990419804,0.11715775389495539,1.0,HEALTHY_SYSTEMATIC,-0.19559631032435543,-0.20843035342486393,2024-12-27
GE,2020-03-31,F02,PASS,2020-02-29,-0.4091676933556062,0.0769317270917605,1.0,HEALTHY_SYSTEMATIC,-0.2267874247232181,-0.30856410633508535,2020-09-29
GE,2024-10-31,F04,PASS,2024-09-30,0.11917242060886139,-0.048400140622409764,0.0,HEALTHY_FIRM_SPECIFIC,0.21858531113403035,-0.06886717035912149,2025-05-06
GOOGL,2018-03-29,F01,PASS,2018-02-28,,,,EXCLUDED_UNKNOWN_OR_MIDDLE,0.1641245105908451,-0.026216369797611883,2018-09-27
GOOGL,2018-10-31,F01,PASS,2018-09-30,,,,EXCLUDED_UNKNOWN_OR_MIDDLE,0.09433508569415916,-0.09711330040601673,2019-05-06
GOOGL,2019-05-31,F01,PASS,2019-04-30,0.0168473423786274,-0.05411963724249205,0.0,HEALTHY_FIRM_SPECIFIC,0.1858379920172215,-0.0612380174605881,2019-11-27
GOOGL,2020-02-28,F02,PASS,2020-01-31,-0.022361262631853843,0.04215654255796747,1.0,HEALTHY_SYSTEMATIC,0.21599394566255103,-0.21289535675500926,2020-08-27
GOOGL,2020-09-30,F02,VETO,2020-08-31,0.07633909523977167,-0.06010537368373749,0.0,DAMAGED_FIRM_SPECIFIC,0.4531793169644085,-0.0099482843663794,2021-04-01
GOOGL,2022-04-29,F03,PASS,2022-03-31,-0.1675661033567646,0.011739990663015794,1.0,HEALTHY_SYSTEMATIC,-0.1561613437030731,-0.19182895420359158,2022-10-28
GOOGL,2024-07-31,F04,PASS,2024-06-30,0.11966174208181397,-0.06609805808337693,0.0,HEALTHY_FIRM_SPECIFIC,0.19228687585619664,-0.13222990571489435,2025-01-31
GOOGL,2025-02-28,F04,PASS,2025-01-31,0.07018068194067437,-0.05346935598061375,0.0,HEALTHY_FIRM_SPECIFIC,0.2533077099598102,-0.14924461463535454,2025-08-29
GS,2018-04-30,F01,UNKNOWN,2018-03-31,-0.09911936538510412,-0.03198655644989605,0.7560250826034245,EXCLUDED_UNKNOWN_OR_MIDDLE,-0.1028541976788736,-0.1162887580776113,2018-10-26
GS,2020-02-28,F02,UNKNOWN,2020-01-31,-0.14083129675019238,0.050006896864269325,1.0,EXCLUDED_UNKNOWN_OR_MIDDLE,0.05326305905051565,-0.3277383765672961,2020-08-27
GS,2021-01-29,F02,UNKNOWN,2020-12-31,0.22109303549326248,0.14127616864722,,EXCLUDED_UNKNOWN_OR_MIDDLE,0.3925708596439794,0.013128373028740592,2021-07-30
GS,2022-12-30,F03,UNKNOWN,2022-11-30,0.13241068187498295,0.03262027402576558,,EXCLUDED_UNKNOWN_OR_MIDDLE,-0.054120578697029686,-0.1096935826343659,2023-07-05
GS,2025-03-31,F04,UNKNOWN,2025-02-28,-0.005252338604410902,-0.05179781273083058,0.0920652878472977,EXCLUDED_UNKNOWN_OR_MIDDLE,0.47285086146463073,-0.15389253975299644,2025-09-30
HD,2018-02-28,F01,PASS,2018-01-31,0.0880250495093473,-0.037456710420925785,0.0,HEALTHY_FIRM_SPECIFIC,0.12063986090327083,-0.05206722177338485,2018-08-28
HD,2018-10-31,F01,PASS,2018-09-30,-0.047421050576924965,-0.054042372112799004,0.46737089406040394,EXCLUDED_UNKNOWN_OR_MIDDLE,0.1503267321399515,-0.09548590572300697,2019-05-06
HD,2020-02-28,F02,PASS,2020-01-31,-0.043016444198032425,0.03607644305409753,1.0,HEALTHY_SYSTEMATIC,0.34179262694879076,-0.29687867202867335,2020-08-27
HD,2021-02-26,F02,PASS,2021-01-31,0.03147374877736353,-0.08236626280943925,0.0,HEALTHY_FIRM_SPECIFIC,0.2587708808366247,-0.0286829188343265,2021-08-26
HD,2022-01-31,F03,PASS,2021-12-31,-0.037137340432132626,0.028377034639540846,1.0,HEALTHY_SYSTEMATIC,-0.17043088217118985,-0.25796432347857445,2022-08-02
HD,2023-02-28,F03,PASS,2023-01-31,-0.0013744034279118112,-0.08847428854072785,0.01529686629596707,HEALTHY_FIRM_SPECIFIC,0.1268419487170791,-0.04615380783810741,2023-08-29
HD,2024-05-31,F04,VETO,2024-04-30,0.004076951122439953,-0.12925757117987763,0.0,DAMAGED_FIRM_SPECIFIC,0.2960552305920514,-0.023411975955235698,2024-11-29
HD,2025-03-31,F04,PASS,2025-02-28,-0.0929830717328676,0.024040158981391595,1.0,HEALTHY_SYSTEMATIC,0.11877855161655848,-0.08526837122977327,2025-09-30
HON,2018-03-29,F01,PASS,2018-02-28,-0.012709864086810284,-0.04572151479662069,0.21751778461648355,HEALTHY_FIRM_SPECIFIC,0.15570860675095943,-0.01439335610076209,2018-09-27
HON,2018-10-31,F01,PASS,2018-09-30,-0.06417627074727035,0.037767404382597014,1.0,HEALTHY_SYSTEMATIC,0.2049471033387229,-0.13321580233272334,2019-05-06
HON,2020-02-28,F02,PASS,2020-01-31,-0.09651834994720428,0.0058611867047072,1.0,HEALTHY_SYSTEMATIC,0.03693186871147924,-0.3595608713379056,2020-08-27
HON,2023-02-28,F03,PASS,2023-01-31,0.0031492892602213896,-0.13693795702086192,0.0,HEALTHY_FIRM_SPECIFIC,0.000401942776480535,-0.03572171921546141,2023-08-29
HON,2025-04-30,F04,PASS,2025-03-31,-0.043928034332147314,0.000362390130595594,1.0,HEALTHY_SYSTEMATIC,0.02181305127540001,-0.03568762054760466,2025-10-29
JNJ,2018-02-28,F01,PASS,2018-01-31,0.02600141310717352,-0.08098591700622591,0.0,HEALTHY_FIRM_SPECIFIC,0.04879905427076747,-0.07387162329387198,2018-08-28
JNJ,2018-12-31,F01,PASS,2018-11-30,-0.050470907304925844,-0.011466216785935639,0.8148732774690225,HEALTHY_SYSTEMATIC,0.09975384361359207,-0.025803986427177517,2019-07-02
JNJ,2020-03-31,F02,PASS,2020-02-29,-0.09732937962535254,0.0010745740842520203,1.0,HEALTHY_SYSTEMATIC,0.136772444361428,-0.01769251329353272,2020-09-29
JNJ,2020-10-30,F02,PASS,2020-09-30,-0.050247756915305496,-0.015145773012955149,0.7683903433631634,HEALTHY_SYSTEMATIC,0.23980171024657282,0.010137954288808926,2021-05-04
JNJ,2022-08-31,F03,PASS,2022-07-31,-0.026246265612123055,-0.06369643293757743,0.2918109644844591,HEALTHY_FIRM_SPECIFIC,-0.03229767712638232,-0.04216193635633192,2023-03-03
JNJ,2023-03-31,F03,PASS,2023-02-28,-0.05883380984110632,-0.06988294903767198,0.457079640239499,EXCLUDED_UNKNOWN_OR_MIDDLE,0.01584232598255264,0.0033196881476114104,2023-10-02
JNJ,2024-12-31,F04,PASS,2024-11-30,-0.1087424292947802,0.0033090771757621536,1.0,HEALTHY_SYSTEMATIC,0.09151335455783793,-0.017701530276435395,2025-07-07
JPM,2018-06-29,F01,UNKNOWN,2018-05-31,-0.026059696281450728,-0.003310971931322495,0.8872694380891695,EXCLUDED_UNKNOWN_OR_MIDDLE,-0.0514606345805253,-0.10470785614366263,2018-12-31
JPM,2018-12-31,F01,UNKNOWN,2018-11-30,-0.14052944715186738,0.002619340433157269,1.0,EXCLUDED_UNKNOWN_OR_MIDDLE,0.1842044297949852,0.002854349185921423,2019-07-02
JPM,2020-02-28,F02,UNKNOWN,2020-01-31,-0.14592825792664066,0.026566995013517766,1.0,EXCLUDED_UNKNOWN_OR_MIDDLE,-0.10066955632170838,-0.3193523143331777,2020-08-27
JPM,2022-01-31,F03,UNKNOWN,2021-12-31,-0.026004466625152257,-0.10191222633550452,0.2032922054446047,EXCLUDED_UNKNOWN_OR_MIDDLE,-0.23105464158967015,-0.2613530150599661,2022-08-02
JPM,2025-03-31,F04,UNKNOWN,2025-02-28,0.03836824605586481,-0.024372258662473337,0.0,EXCLUDED_UNKNOWN_OR_MIDDLE,0.3000482745996236,-0.13748381984446845,2025-09-30
KO,2018-02-28,F01,UNKNOWN,2018-01-31,-0.013787624535858519,-0.03820869826177404,0.26516537697327863,EXCLUDED_UNKNOWN_OR_MIDDLE,0.06844350238051145,-0.030153136721924878,2018-08-28
KO,2019-02-28,F01,VETO,2019-01-31,-0.004749181361721813,-0.062348408366023456,0.07078020806696723,DAMAGED_FIRM_SPECIFIC,0.23566527469834497,-0.011027968439156655,2019-08-28
KO,2020-02-28,F02,PASS,2020-01-31,-0.057059527849894126,0.0568660747906992,1.0,HEALTHY_SYSTEMATIC,-0.08216530641283293,-0.29165433769476534,2020-08-27
KO,2021-01-29,F02,VETO,2020-12-31,0.06451560895127127,-0.052751549901444594,0.0,DAMAGED_FIRM_SPECIFIC,0.20328098656988058,0.006853383388031764,2021-07-30
KO,2022-09-30,F03,PASS,2022-08-31,-0.08707091724328714,-0.044758988506898564,0.660479249740831,EXCLUDED_UNKNOWN_OR_MIDDLE,0.13039256100873642,-0.0290967512993886,2023-04-03
KO,2024-11-29,F04,VETO,2024-10-31,0.001886000204028185,-0.11053809669564396,0.0,DAMAGED_FIRM_SPECIFIC,0.1219831361424557,-0.05102995358139284,2025-06-04
LIN,2018-03-29,F01,UNKNOWN,2018-02-28,-0.06196027454302153,0.001085076691908918,1.0,EXCLUDED_UNKNOWN_OR_MIDDLE,0.13651657082652457,-0.015245856654154788,2018-09-27
LIN,2020-02-28,F02,PASS,2020-01-31,-0.12716243486261886,0.06004770538525046,1.0,HEALTHY_SYSTEMATIC,0.32610790971132975,-0.21100417084478384,2020-08-27
LIN,2020-10-30,F02,VETO,2020-09-30,0.03524373101115647,-0.1347549530253951,0.0,DAMAGED_FIRM_SPECIFIC,0.2947177985895546,0.03739678763553855,2021-05-04
LIN,2022-02-28,F03,PASS,2022-01-31,-0.03380336356855443,-0.051970289557560195,0.3940996137689589,EXCLUDED_UNKNOWN_OR_MIDDLE,-0.011989580844537495,-0.07587665449143177,2022-08-29
LIN,2024-12-31,F04,PASS,2024-11-30,-0.09162324235810687,-0.03162220427426848,0.7434209121851513,HEALTHY_SYSTEMATIC,0.12895395892287875,-0.013757818494812835,2025-07-07
LLY,2018-02-28,F01,PASS,2018-01-31,0.02692263478464586,-0.11585564999805321,0.0,HEALTHY_FIRM_SPECIFIC,0.38263402827728377,-0.029343452213839383,2018-08-28
LLY,2019-04-30,F01,PASS,2019-03-31,-0.04129913773449428,0.05813342012248306,1.0,HEALTHY_SYSTEMATIC,-0.023745418445956568,-0.0824583709433816,2019-10-28
LLY,2020-02-28,F02,PASS,2020-01-31,-0.05227838552916945,0.13181839032123815,1.0,HEALTHY_SYSTEMATIC,0.19242778469711497,-0.0561323941069749,2020-08-27
LLY,2020-08-31,F02,PASS,2020-07-31,0.02400197750879575,-0.055338450746208155,0.0,HEALTHY_FIRM_SPECIFIC,0.3739862974022583,-0.12083015280944698,2021-03-03
LLY,2021-03-31,F02,PASS,2021-02-28,0.020985555270228332,0.09785169341365148,,EXCLUDED_UNKNOWN_OR_MIDDLE,0.24250657366041728,-0.03356165020483581,2021-09-29
LLY,2023-02-28,F03,PASS,2023-01-31,-0.10240418584955342,-0.054447669463471945,0.6528720087192333,EXCLUDED_UNKNOWN_OR_MIDDLE,0.7882245068003602,-0.0018957288700347519,2023-08-29
LLY,2024-07-31,F04,PASS,2024-06-30,0.09011474952662804,-0.05917990762838424,0.0,HEALTHY_FIRM_SPECIFIC,0.011548936094177398,-0.09490894488710644,2025-01-31
LLY,2025-01-31,F04,PASS,2024-12-31,0.0004176368837543864,-0.10676080161317814,0.0,HEALTHY_FIRM_SPECIFIC,-0.0483006588861562,-0.11672638944639702,2025-08-04
MA,2018-10-31,F01,PASS,2018-09-30,-0.040606441754474386,0.020045424624601925,1.0,HEALTHY_SYSTEMATIC,0.2617881533580313,-0.1164567119663632,2019-05-06
MA,2020-02-28,F02,PASS,2020-01-31,-0.03447574855497426,0.03881105465200929,1.0,HEALTHY_SYSTEMATIC,0.23006574261814006,-0.29956915386512006,2020-08-27
MA,2020-10-30,F02,VETO,2020-09-30,-0.0036029872512340893,-0.07494535501934985,0.045869679067477846,DAMAGED_FIRM_SPECIFIC,0.30554767049479215,0.004607820756150849,2021-05-04
MA,2022-06-30,F03,PASS,2022-05-31,-0.23924877264812353,0.10242398315877695,1.0,HEALTHY_SYSTEMATIC,0.10722179139801136,-0.09892133912495293,2022-12-29
MCD,2018-02-28,F01,VETO,2018-01-31,0.03399177228634247,-0.0904554132005308,0.0,DAMAGED_FIRM_SPECIFIC,0.031233217681395198,-0.060035779406489076,2018-08-28
MCD,2020-05-29,F02,PASS,2020-04-30,0.07354958213229579,-0.10817261042088311,0.0,HEALTHY_FIRM_SPECIFIC,0.1841090159798393,-0.0353156174177186,2020-11-25
MCD,2022-09-30,F03,VETO,2022-08-31,-0.04630713531582541,-0.04017371279268768,0.5354611608077764,EXCLUDED_UNKNOWN_OR_MIDDLE,0.2367479053733481,0.010617912961046194,2023-04-03
MCD,2024-05-31,F04,PASS,2024-04-30,0.016224850754290955,-0.13221663070823875,0.0,HEALTHY_FIRM_SPECIFIC,0.15750122314377601,-0.04432004569753545,2024-11-29
META,2018-03-29,F01,PASS,2018-02-28,,,,EXCLUDED_UNKNOWN_OR_MIDDLE,0.05663685869899826,-0.029350909023182492,2018-09-27
META,2018-09-28,F01,PASS,2018-08-31,,,,EXCLUDED_UNKNOWN_OR_MIDDLE,0.05922431866985445,-0.24565246905509397,2019-04-02
META,2020-03-31,F02,PASS,2020-02-29,-0.19613755057299834,-0.007194603510739098,0.9646164988358104,HEALTHY_SYSTEMATIC,0.5694839737989899,-0.07565977426548642,2020-09-29
META,2020-09-30,F02,PASS,2020-08-31,0.07802307269681358,0.019561481709742985,,EXCLUDED_UNKNOWN_OR_MIDDLE,0.1403587981242027,-0.06208487531801843,2021-04-01
META,2024-04-30,F04,PASS,2024-03-31,-0.010158940743785379,0.08378531144785362,1.0,HEALTHY_SYSTEMATIC,0.3818621210675339,0.02096843354275424,2024-10-29
META,2025-03-31,F04,PASS,2025-02-28,-0.027930920986912203,-0.016944767815640784,0.6224065130187642,EXCLUDED_UNKNOWN_OR_MIDDLE,0.27600987021531065,-0.15910196467175963,2025-09-30
MRK,2020-02-28,F02,PASS,2020-01-31,-0.04656896876826404,-0.07833130384425989,0.3728492163722828,EXCLUDED_UNKNOWN_OR_MIDDLE,0.13919535112632397,-0.1255415634911996,2020-08-27
MRK,2020-10-30,F02,PASS,2020-09-30,-0.04920814936600508,-0.03654403420974267,0.5738413567339412,EXCLUDED_UNKNOWN_OR_MIDDLE,0.027297515703693875,-0.03284234162398558,2021-05-04
MRK,2022-08-31,F03,PASS,2022-07-31,-0.027578985943543945,-0.029789480600169366,0.480734236159676,EXCLUDED_UNKNOWN_OR_MIDDLE,0.27056585569592273,-0.001740225589335509,2023-03-03
MRK,2024-07-31,F04,PASS,2024-06-30,0.04689854752172078,-0.17391274200288967,0.0,HEALTHY_FIRM_SPECIFIC,-0.11360848006519086,-0.1429827825680242,2025-01-31
MSFT,2018-12-31,F01,PASS,2018-11-30,-0.21252703783704524,0.09814746238116634,1.0,HEALTHY_SYSTEMATIC,0.35542972716358556,-0.041055789938788445,2019-07-02
MSFT,2020-02-28,F02,PASS,2020-01-31,0.014037235812079944,0.05227014346292534,,EXCLUDED_UNKNOWN_OR_MIDDLE,0.4058411403578739,-0.1641254187140866,2020-08-27
MSFT,2020-10-30,F02,PASS,2020-09-30,-0.023914388336418912,-0.04085466999858465,0.3692255059928007,EXCLUDED_UNKNOWN_OR_MIDDLE,0.22986562316540504,-0.0006913103484359473,2021-05-04
MSFT,2022-02-28,F03,PASS,2022-01-31,-0.0691856829229726,-0.027130113585088413,0.7183212456451232,HEALTHY_SYSTEMATIC,-0.10836353173121915,-0.18730795410301082,2022-08-29
MSFT,2024-07-31,F04,PASS,2024-06-30,0.09324750058672812,-0.019554413801787573,0.0,HEALTHY_FIRM_SPECIFIC,-0.004086427360529332,-0.05545595702728112,2025-01-31
NEE,2020-03-31,F02,PASS,2020-02-29,-0.14092083544569217,0.1433490654776742,1.0,HEALTHY_SYSTEMATIC,0.18907481513838786,-0.09305142669860367,2020-09-29
NEE,2021-02-26,F02,PASS,2021-01-31,-0.07876129616910092,0.06846526170524483,1.0,HEALTHY_SYSTEMATIC,0.1518575397921631,-0.03783373702182369,2021-08-26
NEE,2022-01-31,F03,VETO,2021-12-31,0.04543398377131176,-0.12929428362363832,0.0,DAMAGED_FIRM_SPECIFIC,0.10900077802076624,-0.11815861309264852,2022-08-02
NEE,2022-09-30,F03,PASS,2022-08-31,-0.10041073029057149,0.0781981523387219,1.0,HEALTHY_SYSTEMATIC,-0.010877085867073033,-0.09909477397926236,2023-04-03
NEE,2024-06-28,F04,PASS,2024-05-31,0.0609203711976716,0.04806046053207824,,EXCLUDED_UNKNOWN_OR_MIDDLE,0.03182405852783643,-0.012851239843415074,2024-12-27
NEE,2024-12-31,F04,PASS,2024-11-30,-0.08857384152599646,-0.07821797922388486,0.5310442749996749,EXCLUDED_UNKNOWN_OR_MIDDLE,0.05978161308875074,-0.09836450185870693,2025-07-07
NEM,2018-07-31,F01,PASS,2018-06-30,0.02509476440037912,-0.08841177690840181,0.0,HEALTHY_FIRM_SPECIFIC,-0.0617630101790847,-0.19220281699741604,2019-01-31
NEM,2019-04-30,F01,PASS,2019-03-31,-0.026557405710760023,-0.02156421211914508,0.5518809821530141,EXCLUDED_UNKNOWN_OR_MIDDLE,0.2605474966968391,-0.03638084974894662,2019-10-28
NEM,2020-02-28,F02,PASS,2020-01-31,-0.036464846152459214,0.19716869399115214,1.0,HEALTHY_SYSTEMATIC,0.4613872995012409,-0.1124464077411721,2020-08-27
NEM,2020-10-30,F02,PASS,2020-09-30,0.04088429646454697,-0.11819518800308042,0.0,HEALTHY_FIRM_SPECIFIC,0.03564562459188947,-0.12881792909765621,2021-05-04
NEM,2021-06-30,F02,PASS,2021-05-31,0.047376593603376094,0.010402728936429514,,EXCLUDED_UNKNOWN_OR_MIDDLE,-0.024924251040134404,-0.15150663523079178,2021-12-29
NEM,2022-04-29,F03,VETO,2022-03-31,0.07901922448216582,0.12448673267467845,,EXCLUDED_UNKNOWN_OR_MIDDLE,-0.3989338745395026,-0.4352558722825023,2022-10-28
NEM,2023-02-28,F03,VETO,2023-01-31,0.005603619300959053,-0.04395128664739837,0.0,DAMAGED_FIRM_SPECIFIC,-0.0760275745404384,-0.10688904015225342,2023-08-29
NEM,2024-10-31,F04,PASS,2024-09-30,0.03585179710922135,-0.09637320015738074,0.0,HEALTHY_FIRM_SPECIFIC,0.21613566891501068,-0.18089248536095415,2025-05-06
NFLX,2018-03-29,F01,PASS,2018-02-28,,,,EXCLUDED_UNKNOWN_OR_MIDDLE,0.2890130131488726,-0.05099036829688686,2018-09-27
NFLX,2018-09-28,F01,PASS,2018-08-31,,,,EXCLUDED_UNKNOWN_OR_MIDDLE,-0.0171330519028009,-0.3748696545255761,2019-04-02
NFLX,2019-05-31,F01,PASS,2019-04-30,0.009428168135020079,-0.04951344855340057,0.0,HEALTHY_FIRM_SPECIFIC,-0.07967253469204605,-0.25836051357320133,2019-11-27
NFLX,2020-07-31,F02,PASS,2020-06-30,0.14863574881954958,0.01455240034497017,,EXCLUDED_UNKNOWN_OR_MIDDLE,0.10260184073239031,-0.04489853702339475,2021-02-01
NFLX,2021-03-31,F02,PASS,2021-02-28,0.08459093667555279,-0.10209209899373146,0.0,HEALTHY_FIRM_SPECIFIC,0.14837246108772373,-0.07031398313046466,2021-09-29
NFLX,2023-02-28,F03,PASS,2023-01-31,0.1335083416494196,-0.012935266197659414,0.0,HEALTHY_FIRM_SPECIFIC,0.3348337280432696,-0.09117443473231157,2023-08-29
NFLX,2024-04-30,F04,PASS,2024-03-31,0.014713430932447293,-0.036645367869905084,0.0,HEALTHY_FIRM_SPECIFIC,0.3791951433048817,0.0019432342654628343,2024-10-29
NFLX,2025-03-31,F04,PASS,2025-02-28,-0.06986934971541735,0.07890706348945208,1.0,HEALTHY_SYSTEMATIC,0.2856637365161996,-0.08221719350217538,2025-09-30
NKE,2018-10-31,F01,PASS,2018-09-30,-0.05197145227429403,0.007445712866252436,1.0,HEALTHY_SYSTEMATIC,0.1198515599886969,-0.0974090493784584,2019-05-06
NKE,2019-05-31,F01,PASS,2019-04-30,-0.0038064365777840496,-0.11553784036807765,0.03189458828855923,HEALTHY_FIRM_SPECIFIC,0.22353092363836646,0.01062982842407445,2019-11-27
NKE,2020-02-28,F02,PASS,2020-01-31,-0.05916095477638621,0.02129241010356514,1.0,HEALTHY_SYSTEMATIC,0.24319210037413508,-0.29738171721336504,2020-08-27
NKE,2022-03-31,F03,PASS,2022-02-28,-0.07127196743509638,-0.14536215952090134,0.32899695184947936,HEALTHY_FIRM_SPECIFIC,-0.3789737931874375,-0.3789737931874375,2022-09-30
NKE,2023-05-31,F03,VETO,2023-04-30,0.07195334012558258,-0.18826034725071145,0.0,DAMAGED_FIRM_SPECIFIC,0.05552639430575956,-0.1448295074932432,2023-11-29
NVDA,2018-10-31,F01,PASS,2018-09-30,-0.06431448444307174,-0.10802458359539863,0.37318575048064634,EXCLUDED_UNKNOWN_OR_MIDDLE,-0.14520923809520436,-0.39663628135852036,2019-05-06
NVDA,2020-02-28,F02,PASS,2020-01-31,0.04084162633534487,0.17927753636256782,,EXCLUDED_UNKNOWN_OR_MIDDLE,0.8712209387690735,-0.2727811623360038,2020-08-27
NVDA,2020-10-30,F02,PASS,2020-09-30,-0.030959592380711595,0.16087682874187492,1.0,HEALTHY_SYSTEMATIC,0.14571910818576161,-0.07478257773813946,2021-05-04
NVDA,2024-07-31,F04,PASS,2024-06-30,0.16916438726883926,0.13425167353439466,,EXCLUDED_UNKNOWN_OR_MIDDLE,0.02622249569070423,-0.15475987907991318,2025-01-31
ORCL,2018-12-31,F01,PASS,2018-11-30,-0.144756897187282,0.016018978480787892,1.0,HEALTHY_SYSTEMATIC,0.3057431700182005,-0.00819490123363864,2019-07-02
ORCL,2024-04-30,F04,PASS,2024-03-31,-0.0393449575675173,0.03896902357449923,1.0,HEALTHY_SYSTEMATIC,0.5324019696482456,0.007736139573218503,2024-10-29
ORCL,2024-12-31,F04,PASS,2024-11-30,0.048136993424050506,-0.04900682533285879,0.0,HEALTHY_FIRM_SPECIFIC,0.40222786839488633,-0.2584963335931456,2025-07-07
PEP,2018-04-30,F01,PASS,2018-03-31,-0.12490768913337026,-0.03794053019103314,0.7670190662910883,HEALTHY_SYSTEMATIC,0.11341183753250172,-0.04735492895161586,2018-10-26
PEP,2020-02-28,F02,PASS,2020-01-31,-0.05559441819899593,0.0351569432972111,1.0,HEALTHY_SYSTEMATIC,0.06351590184812594,-0.20751528451986379,2020-08-27
PEP,2021-02-26,F02,PASS,2021-01-31,-0.05502044953333323,-0.046617949336859095,0.5413352644762016,EXCLUDED_UNKNOWN_OR_MIDDLE,0.21529049320350135,-0.0003872841871437327,2021-08-26
PEP,2024-12-31,F04,PASS,2024-11-30,-0.05892955296130853,-0.052199748966535106,0.5302791607525038,EXCLUDED_UNKNOWN_OR_MIDDLE,-0.09820456783857012,-0.147799044742558,2025-07-07
PG,2018-02-28,F01,VETO,2018-01-31,-0.019768776704959794,-0.097469883806789,0.1686199468560007,DAMAGED_FIRM_SPECIFIC,0.08274476642871598,-0.08817577569845203,2018-08-28
PG,2020-02-28,F02,PASS,2020-01-31,-0.06565567131047005,-0.005149462342659405,0.927272754432096,HEALTHY_SYSTEMATIC,0.2365072876220604,-0.1371544943213675,2020-08-27
PG,2021-01-29,F02,PASS,2020-12-31,0.010770891224906862,-0.07587472952294731,0.0,HEALTHY_FIRM_SPECIFIC,0.1234712753200169,-0.04726617485985585,2021-07-30
PG,2022-06-30,F03,PASS,2022-05-31,-0.021694906442971056,-0.04383856063113931,0.3310507960525995,HEALTHY_FIRM_SPECIFIC,0.07566951729900251,-0.13371285561557378,2022-12-29
PG,2023-02-28,F03,VETO,2023-01-31,-0.059034786096425464,0.0008246198941754043,1.0,DAMAGED_SYSTEMATIC,0.13266113019002268,-0.007197004201318302,2023-08-29
PLD,2018-12-31,F01,UNKNOWN,2018-11-30,-0.06352016185523682,-0.07268031489009094,0.4663725368157775,EXCLUDED_UNKNOWN_OR_MIDDLE,0.40919924663864093,-0.03661452566060519,2019-07-02
PLD,2020-02-28,F02,UNKNOWN,2020-01-31,-0.03279961149891433,-0.05233598694927551,0.38526318128690756,EXCLUDED_UNKNOWN_OR_MIDDLE,0.22667281290340058,-0.24841589919999174,2020-08-27
PLD,2022-02-28,F03,UNKNOWN,2022-01-31,-0.0062245071900079284,-0.017063732620304993,0.26728113591699953,EXCLUDED_UNKNOWN_OR_MIDDLE,-0.1164628824252778,-0.25274572638797466,2022-08-29
PLD,2022-08-31,F03,UNKNOWN,2022-07-31,-0.016067328839098796,0.012447796972877047,1.0,EXCLUDED_UNKNOWN_OR_MIDDLE,0.0329585957098133,-0.2006375771464548,2023-03-03
PLD,2024-04-30,F04,UNKNOWN,2024-03-31,0.06888801793179213,-0.27653524399671503,0.0,EXCLUDED_UNKNOWN_OR_MIDDLE,0.14815980780510518,-0.0016659464148810477,2024-10-29
PLD,2024-10-31,F04,UNKNOWN,2024-09-30,0.1002408440444121,-0.18609124030807903,0.0,EXCLUDED_UNKNOWN_OR_MIDDLE,-0.058356590079696624,-0.19117793603239497,2025-05-06
PLD,2025-05-30,F04,UNKNOWN,2025-04-30,0.01206747646699208,-0.13516744469684736,0.0,EXCLUDED_UNKNOWN_OR_MIDDLE,0.205469421926604,-0.03247246770947987,2025-11-28
SHW,2018-04-30,F01,PASS,2018-03-31,-0.09264495440601238,-0.040172235804428996,0.6975373764436792,HEALTHY_SYSTEMATIC,0.011824039514732432,0.005159169971820976,2018-10-26
SHW,2018-10-31,F01,PASS,2018-09-30,-0.09085232816196065,-0.015243350804324138,0.8563244898110489,HEALTHY_SYSTEMATIC,0.1551268071431544,-0.06981819104750464,2019-05-06
SHW,2020-02-28,F02,PASS,2020-01-31,-0.10698360501756357,-0.01823485277125511,0.8543756799655826,HEALTHY_SYSTEMATIC,0.3057717986580488,-0.2323172513199787,2020-08-27
SHW,2022-01-31,F03,PASS,2021-12-31,-0.008098408935131531,-0.09014691479954967,0.08243047737317133,HEALTHY_FIRM_SPECIFIC,-0.14578427960781548,-0.23225444852085952,2022-08-02
SHW,2024-05-31,F04,PASS,2024-04-30,0.04351609008430486,-0.13970090311019512,0.0,HEALTHY_FIRM_SPECIFIC,0.31314347418956356,-0.03900580833158118,2024-11-29
SHW,2024-12-31,F04,PASS,2024-11-30,-0.1067282079824023,-0.004386348654519777,0.9605240862468398,HEALTHY_SYSTEMATIC,0.023172519463052987,-0.07570615556866966,2025-07-07
SLB,2018-02-28,F01,PASS,2018-01-31,-0.012690742402456821,0.09492018047444696,1.0,HEALTHY_SYSTEMATIC,-0.016801042958965784,-0.044116126030680824,2018-08-28
SLB,2020-01-31,F02,PASS,2019-12-31,-0.08580605760739976,0.11196343547172397,1.0,HEALTHY_SYSTEMATIC,-0.44692169208863686,-0.6350941975339217,2020-07-31
SLB,2022-04-29,F03,PASS,2022-03-31,0.19902930536122343,-0.21294994093494873,0.0,HEALTHY_FIRM_SPECIFIC,0.30396399364758064,-0.1939465803392212,2022-10-28
SLB,2023-03-31,F03,PASS,2023-02-28,-0.058487324593186375,-0.011525904982970282,0.8353753275952936,HEALTHY_SYSTEMATIC,0.19141267471456702,-0.12769853312543356,2023-10-02
SO,2018-01-31,F01,VETO,2017-12-31,-0.08222590278334277,-0.05041355467447569,0.6199203793448262,EXCLUDED_UNKNOWN_OR_MIDDLE,0.09495641379106745,-0.03923749605104654,2018-08-01
SO,2018-09-28,F01,PASS,2018-08-31,0.014454909014748931,-0.06204348335475978,0.0,HEALTHY_FIRM_SPECIFIC,0.21447048449681128,-0.018578187866371443,2019-04-02
SO,2020-02-28,F02,PASS,2020-01-31,-0.002927017736851119,-0.018949201169069178,0.13379906963990879,HEALTHY_FIRM_SPECIFIC,-0.11465993651020112,-0.28379720528244656,2020-08-27
SO,2021-02-26,F02,VETO,2021-01-31,-0.11355898803945122,0.04819895956885771,1.0,DAMAGED_SYSTEMATIC,0.18985576986458463,0.01216513362185756,2021-08-26
SO,2022-09-30,F03,PASS,2022-08-31,-0.08116769512196222,0.017067492228412414,1.0,HEALTHY_SYSTEMATIC,0.03569468284476818,-0.09558821738446321,2023-04-03
SO,2024-12-31,F04,PASS,2024-11-30,-0.06694500303707109,-0.02375877795099643,0.7380618790949629,HEALTHY_SYSTEMATIC,0.13235261487643757,-0.016520972365894115,2025-07-07
TMUS,2018-05-31,F01,PASS,2018-04-30,,,,EXCLUDED_UNKNOWN_OR_MIDDLE,0.23734247310324763,0.02100527725679413,2018-11-28
TMUS,2020-02-28,F02,PASS,2020-01-31,-0.034310610286244596,0.1734350179593948,1.0,HEALTHY_SYSTEMATIC,0.2781719921267025,-0.1756876718095458,2020-08-27
TMUS,2021-02-26,F02,PASS,2021-01-31,0.08145252661639817,-0.14670966961231366,0.0,HEALTHY_FIRM_SPECIFIC,0.1467868571289319,-0.01133603685201301,2021-08-26
TMUS,2024-12-31,F04,PASS,2024-11-30,0.018207555208551725,0.05397071318168729,,EXCLUDED_UNKNOWN_OR_MIDDLE,0.08414924964879233,-0.04272183921345918,2025-07-07
TSLA,2020-02-28,F02,VETO,2020-01-31,-0.08522792980660676,0.7936865640586683,1.0,DAMAGED_SYSTEMATIC,2.351472434046601,-0.45924338853713675,2020-08-27
TSLA,2020-09-30,F02,PASS,2020-08-31,0.2061786121439158,0.4439859508291303,,EXCLUDED_UNKNOWN_OR_MIDDLE,0.5425048756068658,-0.0954989114155318,2021-04-01
TSLA,2021-04-30,F02,PASS,2021-03-31,0.18166545232264095,-0.29368092756284414,0.0,HEALTHY_FIRM_SPECIFIC,0.5181552043642905,-0.20576788432341808,2021-10-28
TSLA,2024-12-31,F04,PASS,2024-11-30,0.39645348116885665,0.05152821091725668,,EXCLUDED_UNKNOWN_OR_MIDDLE,-0.27213746757851776,-0.45062400298957206,2025-07-07
UNH,2018-03-29,F01,PASS,2018-02-28,-0.016857668925488022,-0.009395386131251213,0.6421221792684508,EXCLUDED_UNKNOWN_OR_MIDDLE,0.24524441014005194,0.014953173651754303,2018-09-27
UNH,2018-12-31,F01,PASS,2018-11-30,-0.11043736660645632,0.047915779465472194,1.0,HEALTHY_SYSTEMATIC,-0.012581468642106297,-0.1262539001397318,2019-07-02
UNH,2020-02-28,F02,PASS,2020-01-31,-0.07354834895820156,-0.021285126505373994,0.7755526052237812,HEALTHY_SYSTEMATIC,0.23300989869498978,-0.23241289763432726,2020-08-27
UNH,2023-02-28,F03,PASS,2023-01-31,-0.08895081196142852,-0.02983125220421357,0.7488572671829161,HEALTHY_SYSTEMATIC,0.04344141093853682,-0.05200391397438253,2023-08-29
UNH,2024-02-29,F04,PASS,2024-01-31,0.09071745024083377,-0.17813658771837484,0.0,HEALTHY_FIRM_SPECIFIC,0.20830940621683913,-0.10670310333556121,2024-08-29
UNH,2024-12-31,F04,PASS,2024-11-30,-0.17453405143963552,0.03592052432289475,1.0,HEALTHY_SYSTEMATIC,-0.3927704484307617,-0.4553384630458954,2025-07-07
UNP,2018-10-31,F01,PASS,2018-09-30,-0.07917062730439539,0.05936615657910048,1.0,HEALTHY_SYSTEMATIC,0.22434291554031316,-0.1185304312038975,2019-05-06
UNP,2020-02-28,F02,PASS,2020-01-31,-0.1287475094821761,0.03177499954779864,1.0,HEALTHY_SYSTEMATIC,0.2235217663381699,-0.2864025139162446,2020-08-27
UNP,2020-10-30,F02,VETO,2020-09-30,0.048156600883666745,-0.013775786678551356,0.0,DAMAGED_FIRM_SPECIFIC,0.28549895299091377,0.011569360948723073,2021-05-04
UNP,2022-04-29,F03,PASS,2022-03-31,-0.0312568363925677,-0.012344244889238258,0.716882138553997,HEALTHY_SYSTEMATIC,-0.14231124511333182,-0.1949859233632666,2022-10-28
UNP,2024-06-28,F04,PASS,2024-05-31,-0.05567437118148477,-0.022000808817951217,0.7167588305799746,HEALTHY_SYSTEMATIC,0.027521888787244375,-0.019800157953836495,2024-12-27
UNP,2024-12-31,F04,PASS,2024-11-30,-0.045272946217378915,-0.022953021656943053,0.6635735282022752,EXCLUDED_UNKNOWN_OR_MIDDLE,0.04401722759306814,-0.08167403847693855,2025-07-07
V,2018-12-31,F01,PASS,2018-11-30,-0.1844551042586466,0.05736108405352675,1.0,HEALTHY_SYSTEMATIC,0.3328483977977763,-0.02887691045219165,2019-07-02
V,2020-02-28,F02,VETO,2020-01-31,-0.03251904176328594,0.029629153449199072,1.0,DAMAGED_SYSTEMATIC,0.16473882495298908,-0.25319118987536693,2020-08-27
V,2020-10-30,F02,VETO,2020-09-30,-0.003329544841385741,-0.04339681141554448,0.07125624825265332,DAMAGED_FIRM_SPECIFIC,0.280834311311545,0.016674915613241303,2021-05-04
WMT,2018-02-28,F01,PASS,2018-01-31,-0.030169845326195512,-0.03543871271896801,0.45984618813642025,EXCLUDED_UNKNOWN_OR_MIDDLE,0.08672905252832108,-0.07328656366478448,2018-08-28
WMT,2018-12-31,F01,VETO,2018-11-30,-0.07542406047386549,0.07274051551186174,1.0,DAMAGED_SYSTEMATIC,0.21091278577153294,-0.003113439480329827,2019-07-02
WMT,2020-02-28,F02,PASS,2020-01-31,-0.047689905839653365,-0.0493895522935628,0.49124610660899487,EXCLUDED_UNKNOWN_OR_MIDDLE,0.2853353053888146,-0.03371067671909844,2020-08-27
WMT,2021-02-26,F02,PASS,2021-01-31,-0.07989848750007209,-0.06919474558456587,0.5358961359078915,EXCLUDED_UNKNOWN_OR_MIDDLE,0.14757480911400034,-0.018396140457895394,2021-08-26
WMT,2022-02-28,F03,PASS,2022-01-31,0.040319989582987964,-0.10588630957926322,0.0,HEALTHY_FIRM_SPECIFIC,-0.0051650728356078535,-0.1182362125171933,2022-08-29
WMT,2022-08-31,F03,VETO,2022-07-31,0.0058891679292758506,0.05350932761367289,,EXCLUDED_UNKNOWN_OR_MIDDLE,0.06526061836746,-0.030101860715428086,2023-03-03
WMT,2025-03-31,F04,PASS,2025-02-28,0.007381072685927555,-0.060029988920620586,0.0,HEALTHY_FIRM_SPECIFIC,0.1795245717465903,-0.06834489371742192,2025-09-30
XOM,2018-02-28,F01,UNKNOWN,2018-01-31,0.007931985105430969,-0.06625813979166154,0.0,EXCLUDED_UNKNOWN_OR_MIDDLE,0.08172899452401983,-0.03868496685264866,2018-08-28
XOM,2018-12-31,F01,PASS,2018-11-30,-0.2313663032953432,0.020863670318591744,1.0,HEALTHY_SYSTEMATIC,0.13562457583433019,0.006306261408600022,2019-07-02
XOM,2022-06-30,F03,PASS,2022-05-31,-0.04263984031185075,0.07478921256615056,1.0,HEALTHY_SYSTEMATIC,0.29785890435816764,-0.02919197025050213,2022-12-29
XOM,2023-05-31,F03,PASS,2023-04-30,-0.09470047958159636,0.0215377300008363,1.0,HEALTHY_SYSTEMATIC,0.019009814776866474,-0.012331217047747423,2023-11-29
XOM,2024-12-31,F04,VETO,2024-11-30,-0.04770045950994332,-0.05288237749926191,0.47424054568651536,EXCLUDED_UNKNOWN_OR_MIDDLE,0.05174625667056887,-0.06271410203867878,2025-07-07
