ticker,cik,gics_sector,sector_etf,verified_removal_date,sp_source_url,sp_source_sha256,identity_basis,sector_basis,selected_without_price_or_earnings_outcomes,price_rows,price_start,price_end,selection_role
AAP,0001158449,Consumer Discretionary,XLY,2023-08-25,https://press.spglobal.com/2023-08-21-Kenvue-Set-to-Join-S-P-500-Advance-Auto-Parts-to-Join-S-P-SmallCap-600,b680c006b7f897a44b4e88861f00ececca9ed674feb86ae7783e7c2752b78dfe,VERIFIED_S&P_REMOVAL_EVENT_CIK,OFFICIAL_S&P_RELEASE_TABLE_ROW,True,3665,2012-01-03,2026-07-31,FORMER_CONSTITUENT_TICKER_DISJOINT_FALSIFICATION
BWA,0000908255,Consumer Discretionary,XLY,2025-03-24,"https://press.spglobal.com/2025-03-07-DoorDash,-TKO-Group-Holdings,-Williams-Sonoma-and-Expand-Energy-Set-to-Join-S-P-500-Others-to-Join-S-P-100,-S-P-MidCap-400-and-S-P-SmallCap-600",bb9a0876ab42a19b9e018ed48bd59c10e1c26281f7774cd42ba5d1b96ce65c58,VERIFIED_S&P_REMOVAL_EVENT_CIK,OFFICIAL_S&P_RELEASE_TABLE_ROW,True,3665,2012-01-03,2026-07-31,FORMER_CONSTITUENT_TICKER_DISJOINT_FALSIFICATION
ETSY,0001370637,Consumer Discretionary,XLY,2024-09-23,"https://press.spglobal.com/2024-09-06-Palantir-Technologies,-Dell-Technologies,-and-Erie-Indemnity-Set-to-Join-S-P-500-Others-to-Join-S-P-MidCap-400-and-S-P-SmallCap-600",a39d0eaffbb42698eb8450bcec1755b87f738c1c2b5aa5eef73b1ece645612b4,VERIFIED_S&P_REMOVAL_EVENT_CIK,OFFICIAL_S&P_RELEASE_TABLE_ROW,True,2840,2015-04-16,2026-07-31,FORMER_CONSTITUENT_TICKER_DISJOINT_FALSIFICATION
FLS,0000030625,Industrials,XLI,2021-03-22,https://press.spglobal.com/2021-03-12-NXP-Semiconductors-Penn-National-Gaming-Generac-Holdings-and-Caesars-Entertainment-Set-to-Join-S-P-500-Others-to-Join-S-P-MidCap-400-S-P-SmallCap-600-and-S-P-100,ee50eb88429bb7951bc134f1d804f3ddeb093814e5f37d6271b574e2b8d1b58e,VERIFIED_S&P_REMOVAL_EVENT_CIK,OFFICIAL_S&P_RELEASE_TABLE_ROW,True,3665,2012-01-03,2026-07-31,FORMER_CONSTITUENT_TICKER_DISJOINT_FALSIFICATION
FMC,0000037785,Materials,XLB,2025-03-24,"https://press.spglobal.com/2025-03-07-DoorDash,-TKO-Group-Holdings,-Williams-Sonoma-and-Expand-Energy-Set-to-Join-S-P-500-Others-to-Join-S-P-100,-S-P-MidCap-400-and-S-P-SmallCap-600",bb9a0876ab42a19b9e018ed48bd59c10e1c26281f7774cd42ba5d1b96ce65c58,VERIFIED_S&P_REMOVAL_EVENT_CIK,OFFICIAL_S&P_RELEASE_TABLE_ROW,True,3665,2012-01-03,2026-07-31,FORMER_CONSTITUENT_TICKER_DISJOINT_FALSIFICATION
HRB,0000012659,Consumer Discretionary,XLY,2020-09-21,https://press.spglobal.com/2020-09-04-Etsy-Teradyne-and-Catalent-Set-to-Join-S-P-500-Others-to-Join-S-P-MidCap-400-and-S-P-SmallCap-600,0291b7e22bf05d86a1d6369423540f281a55e6cb41bb93c7a76dec8c49776ee8,VERIFIED_S&P_REMOVAL_EVENT_CIK,OFFICIAL_S&P_RELEASE_TABLE_ROW,True,3665,2012-01-03,2026-07-31,FORMER_CONSTITUENT_TICKER_DISJOINT_FALSIFICATION
IPGP,0001111928,Information Technology,XLK,2022-06-21,"https://press.spglobal.com/2022-06-03-Keurig-Dr-Pepper,-VICI-Properties-and-ON-Semiconductor-Set-to-Join-S-P-500-Others-to-Join-S-P-MidCap-400,-and-S-P-SmallCap-600",81bd96012c6518f10f51661fcd459780e203af2f055c3e378255715eb9c69dec,VERIFIED_S&P_REMOVAL_EVENT_CIK,OFFICIAL_S&P_RELEASE_TABLE_ROW,True,3665,2012-01-03,2026-07-31,FORMER_CONSTITUENT_TICKER_DISJOINT_FALSIFICATION
LNC,0000059558,Financials,XLF,2023-09-18,"https://press.spglobal.com/2023-09-01-Blackstone-and-Airbnb-Set-to-Join-S-P-500-Others-to-Join-S-P-100,-S-P-MidCap-400-and-S-P-SmallCap-600",790578f797338a421f6d7b8fe1fbff0df820c7d66c0b732b53977cd0d0808a49,VERIFIED_S&P_REMOVAL_EVENT_CIK,OFFICIAL_S&P_RELEASE_TABLE_ROW,True,3665,2012-01-03,2026-07-31,FORMER_CONSTITUENT_TICKER_DISJOINT_FALSIFICATION
LUMN,0000018926,Communication Services,XLC,2023-03-20,https://press.spglobal.com/2023-03-03-Fair-Isaac-Co-Set-to-Join-S-P-500-Others-to-Join-S-P-MidCap-400-and-S-P-SmallCap-600,4d400d7f53ef251609cf879f9e623de189d38b1075319bcaf8ccf9140fb78273,VERIFIED_S&P_REMOVAL_EVENT_CIK,OFFICIAL_S&P_RELEASE_TABLE_ROW,True,3665,2012-01-03,2026-07-31,FORMER_CONSTITUENT_TICKER_DISJOINT_FALSIFICATION
NOV,0001021860,Energy,XLE,2021-09-20,"https://press.spglobal.com/2021-09-03-Match-Group,-Ceridian-HCM-and-Brown-Brown-Set-to-Join-S-P-500-Others-to-Join-S-P-MidCap-400-and-S-P-SmallCap-600",3c128e659839199da44102b814e2ffc0862f1722d853c7585953ab6c0d68de97,VERIFIED_S&P_REMOVAL_EVENT_CIK,OFFICIAL_S&P_RELEASE_TABLE_ROW,True,3665,2012-01-03,2026-07-31,FORMER_CONSTITUENT_TICKER_DISJOINT_FALSIFICATION
NWL,0000814453,Consumer Discretionary,XLY,2023-09-18,"https://press.spglobal.com/2023-09-01-Blackstone-and-Airbnb-Set-to-Join-S-P-500-Others-to-Join-S-P-100,-S-P-MidCap-400-and-S-P-SmallCap-600",790578f797338a421f6d7b8fe1fbff0df820c7d66c0b732b53977cd0d0808a49,VERIFIED_S&P_REMOVAL_EVENT_CIK,OFFICIAL_S&P_RELEASE_TABLE_ROW,True,3665,2012-01-03,2026-07-31,FORMER_CONSTITUENT_TICKER_DISJOINT_FALSIFICATION
OGN,0001821825,Health Care,XLV,2023-10-18,https://press.spglobal.com/2023-10-13-Lululemon-Athletica-Hubbell-Set-to-Join-S-P-500-Others-to-Join-S-P-MidCap-400-and-S-P-SmallCap-600,5c0fbc95c99d34edf6cf241d6fc2ed4b7e9487f84f36c8d38734ba77522cd00e,VERIFIED_S&P_REMOVAL_EVENT_CIK,OFFICIAL_S&P_RELEASE_TABLE_ROW,True,1309,2021-05-14,2026-07-31,FORMER_CONSTITUENT_TICKER_DISJOINT_FALSIFICATION
QRVO,0001604778,Information Technology,XLK,2024-12-23,https://press.spglobal.com/2024-12-06-Apollo-Global-Management-and-Workday-Set-to-Join-S-P-500-Others-to-Join-S-P-MidCap-400-and-S-P-SmallCap-600,8bd26a8d349ad2d3919635a4826ffe670abe4e89ca7f76e088f3fa4583984159,VERIFIED_S&P_REMOVAL_EVENT_CIK,OFFICIAL_S&P_RELEASE_TABLE_ROW,True,2911,2015-01-02,2026-07-31,FORMER_CONSTITUENT_TICKER_DISJOINT_FALSIFICATION
RHI,0000315213,Industrials,XLI,2024-06-24,"https://press.spglobal.com/2024-06-07-KKR,-CrowdStrike-Holdings-and-GoDaddy-Set-to-Join-S-P-500-Others-to-Join-S-P-MidCap-400-and-S-P-SmallCap-600",6c3f12485e374e1d027c20a2287cca676406e0262ee3204be14c8aa79648ded9,VERIFIED_S&P_REMOVAL_EVENT_CIK,OFFICIAL_S&P_RELEASE_TABLE_ROW,True,3665,2012-01-03,2026-07-31,FORMER_CONSTITUENT_TICKER_DISJOINT_FALSIFICATION
SEDG,0001419612,Information Technology,XLK,2023-12-18,"https://press.spglobal.com/2023-12-01-Uber-Technologies,-Jabil-and-Builders-FirstSource-Set-to-Join-S-P-500-Others-to-Join-S-P-MidCap-400-and-S-P-SmallCap-600",798834f9a57c81868ead8abfa07fe210b7ab995d611bccba2224f5c66b06bccd,VERIFIED_S&P_REMOVAL_EVENT_CIK,OFFICIAL_S&P_RELEASE_TABLE_ROW,True,2854,2015-03-26,2026-07-31,FORMER_CONSTITUENT_TICKER_DISJOINT_FALSIFICATION
UNM,0000005513,Financials,XLF,2021-09-20,"https://press.spglobal.com/2021-09-03-Match-Group,-Ceridian-HCM-and-Brown-Brown-Set-to-Join-S-P-500-Others-to-Join-S-P-MidCap-400-and-S-P-SmallCap-600",3c128e659839199da44102b814e2ffc0862f1722d853c7585953ab6c0d68de97,VERIFIED_S&P_REMOVAL_EVENT_CIK,OFFICIAL_S&P_RELEASE_TABLE_ROW,True,3665,2012-01-03,2026-07-31,FORMER_CONSTITUENT_TICKER_DISJOINT_FALSIFICATION
VFC,0000103379,Consumer Discretionary,XLY,2024-04-03,https://press.spglobal.com/2024-03-27-GE-Vernova-and-Solventum-Set-to-Join-S-P-500-Dentsply-Sirona-to-Join-S-P-MidCap-400-Others-to-Join-S-P-SmallCap-600,2f411ed0d90709633a90cd5bf45f580ab116473621b863c6a5b229d9431633a4,VERIFIED_S&P_REMOVAL_EVENT_CIK,OFFICIAL_S&P_RELEASE_TABLE_ROW,True,3665,2012-01-03,2026-07-31,FORMER_CONSTITUENT_TICKER_DISJOINT_FALSIFICATION
VNO,0000899689,Real Estate,XLRE,2023-01-05,https://press.spglobal.com/2022-12-28-GE-HealthCare-Technologies-Set-to-Join-S-P-500-Vornado-Realty-Trust-to-Join-S-P-MidCap-400-RXO-to-Join-S-P-SmallCap-600,ca8c3905a242eff0df6f55bcb50157aa6224fdf15c8b304b3f8c31e4e0325434,VERIFIED_S&P_REMOVAL_EVENT_CIK,OFFICIAL_S&P_RELEASE_TABLE_ROW,True,3665,2012-01-03,2026-07-31,FORMER_CONSTITUENT_TICKER_DISJOINT_FALSIFICATION
WHR,0000106640,Consumer Discretionary,XLY,2024-03-18,"https://press.spglobal.com/2024-03-01-Super-Micro-Computer-and-Deckers-Outdoor-Set-to-Join-S-P-500-Others-to-Join-S-P-100,-S-P-MidCap-400-and-S-P-SmallCap-600",97400ade6f4b827935d0267ca9259e251524e6dae4dc599e3b2f4decf1972151,SEC_PRIMARY_COVER_TAGGED_SYMBOL_CONTINUITY,OFFICIAL_S&P_RELEASE_TABLE_ROW,True,3665,2012-01-03,2026-07-31,FORMER_CONSTITUENT_TICKER_DISJOINT_FALSIFICATION
XRAY,0000818479,Health Care,XLV,2024-04-03,https://press.spglobal.com/2024-03-27-GE-Vernova-and-Solventum-Set-to-Join-S-P-500-Dentsply-Sirona-to-Join-S-P-MidCap-400-Others-to-Join-S-P-SmallCap-600,2f411ed0d90709633a90cd5bf45f580ab116473621b863c6a5b229d9431633a4,VERIFIED_S&P_REMOVAL_EVENT_CIK,OFFICIAL_S&P_RELEASE_TABLE_ROW,True,3665,2012-01-03,2026-07-31,FORMER_CONSTITUENT_TICKER_DISJOINT_FALSIFICATION
ZION,0000109380,Financials,XLF,2024-03-18,"https://press.spglobal.com/2024-03-01-Super-Micro-Computer-and-Deckers-Outdoor-Set-to-Join-S-P-500-Others-to-Join-S-P-100,-S-P-MidCap-400-and-S-P-SmallCap-600",97400ade6f4b827935d0267ca9259e251524e6dae4dc599e3b2f4decf1972151,SEC_PRIMARY_COVER_TAGGED_SYMBOL_CONTINUITY,OFFICIAL_S&P_RELEASE_TABLE_ROW,True,3665,2012-01-03,2026-07-31,FORMER_CONSTITUENT_TICKER_DISJOINT_FALSIFICATION
